// Generated by scripts/Python/extract_exe_icon.py -- do not edit.
//
// Source: moon.jpg, background keyed at luma 24 (262741 px cleared), 1024x1024 -> 128x128 area
// Credit: SPD-HUBBLE-STScI-1999-14d, NASA/STScI, public domain
// Regenerate: scripts/Python/extract_exe_icon.py --out annotations/nocedit.exe/pseudocode/shims/core/window_icon_moon.h --fallback moon.jpg --key-background 24 --size 128 --credit 'SPD-HUBBLE-STScI-1999-14d, NASA/STScI, public domain'
#pragma once

#define NOCTURNE_ICON_WIDTH  128
#define NOCTURNE_ICON_HEIGHT 128

// RGBA8888, top-down, 65536 bytes.
static const unsigned char NOCTURNE_ICON_RGBA[65536] = {
    0x00,0x00,0x00,0x00,0x00,0x00,0x00,0x00,0x00,0x00,0x00,0x00,0x00,0x00,0x00,0x00,
    0x00,0x00,0x00,0x00,0x00,0x00,0x00,0x00,0x00,0x00,0x00,0x00,0x00,0x00,0x00,0x00,
    0x00,0x00,0x00,0x00,0x00,0x00,0x00,0x00,0x00,0x00,0x00,0x00,0x00,0x00,0x00,0x00,
    0x00,0x00,0x00,0x00,0x00,0x00,0x00,0x00,0x00,0x00,0x00,0x00,0x00,0x00,0x00,0x00,
    0x00,0x00,0x00,0x00,0x00,0x00,0x00,0x00,0x00,0x00,0x00,0x00,0x00,0x00,0x00,0x00,
    0x00,0x00,0x00,0x00,0x00,0x00,0x00,0x00,0x00,0x00,0x00,0x00,0x00,0x00,0x00,0x00,
    0x00,0x00,0x00,0x00,0x00,0x00,0x00,0x00,0x00,0x00,0x00,0x00,0x00,0x00,0x00,0x00,
    0x00,0x00,0x00,0x00,0x00,0x00,0x00,0x00,0x00,0x00,0x00,0x00,0x00,0x00,0x00,0x00,
    0x00,0x00,0x00,0x00,0x00,0x00,0x00,0x00,0x00,0x00,0x00,0x00,0x00,0x00,0x00,0x00,
    0x00,0x00,0x00,0x00,0x00,0x00,0x00,0x00,0x00,0x00,0x00,0x00,0x00,0x00,0x00,0x00,
    0x00,0x00,0x00,0x00,0x00,0x00,0x00,0x00,0x00,0x00,0x00,0x00,0x00,0x00,0x00,0x00,
    0x00,0x00,0x00,0x00,0x00,0x00,0x00,0x00,0x00,0x00,0x00,0x00,0x00,0x00,0x00,0x00,
    0x00,0x00,0x00,0x00,0x00,0x00,0x00,0x00,0x00,0x00,0x00,0x00,0x00,0x00,0x00,0x00,
    0x00,0x00,0x00,0x00,0x00,0x00,0x00,0x00,0x00,0x00,0x00,0x00,0x00,0x00,0x00,0x00,
    0x00,0x00,0x00,0x00,0x00,0x00,0x00,0x00,0x00,0x00,0x00,0x00,0x00,0x00,0x00,0x00,
    0x00,0x00,0x00,0x00,0x00,0x00,0x00,0x00,0x00,0x00,0x00,0x00,0x00,0x00,0x00,0x00,
    0x00,0x00,0x00,0x00,0x00,0x00,0x00,0x00,0x00,0x00,0x00,0x00,0x00,0x00,0x00,0x00,
    0x00,0x00,0x00,0x00,0x00,0x00,0x00,0x00,0x00,0x00,0x00,0x00,0x00,0x00,0x00,0x00,
    0x00,0x00,0x00,0x00,0x00,0x00,0x00,0x00,0x00,0x00,0x00,0x00,0x00,0x00,0x00,0x00,
    0x00,0x00,0x00,0x00,0x00,0x00,0x00,0x00,0x00,0x00,0x00,0x00,0x00,0x00,0x00,0x00,
    0x00,0x00,0x00,0x00,0x00,0x00,0x00,0x00,0x00,0x00,0x00,0x00,0x00,0x00,0x00,0x00,
    0x00,0x00,0x00,0x00,0x00,0x00,0x00,0x00,0x00,0x00,0x00,0x00,0x00,0x00,0x00,0x00,
    0x00,0x00,0x00,0x00,0x00,0x00,0x00,0x00,0x00,0x00,0x00,0x00,0x00,0x00,0x00,0x00,
    0x00,0x00,0x00,0x00,0x00,0x00,0x00,0x00,0x00,0x00,0x00,0x00,0x00,0x00,0x00,0x00,
    0x00,0x00,0x00,0x00,0x00,0x00,0x00,0x00,0x00,0x00,0x00,0x00,0x00,0x00,0x00,0x00,
    0x00,0x00,0x00,0x00,0x00,0x00,0x00,0x00,0x00,0x00,0x00,0x00,0x00,0x00,0x00,0x00,
    0x00,0x00,0x00,0x00,0x00,0x00,0x00,0x00,0x00,0x00,0x00,0x00,0x00,0x00,0x00,0x00,
    0x00,0x00,0x00,0x00,0x00,0x00,0x00,0x00,0x00,0x00,0x00,0x00,0x00,0x00,0x00,0x00,
    0x00,0x00,0x00,0x00,0x00,0x00,0x00,0x00,0x00,0x00,0x00,0x00,0x00,0x00,0x00,0x00,
    0x00,0x00,0x00,0x00,0x00,0x00,0x00,0x00,0x00,0x00,0x00,0x00,0x00,0x00,0x00,0x00,
    0x00,0x00,0x00,0x00,0x00,0x00,0x00,0x00,0x00,0x00,0x00,0x00,0x00,0x00,0x00,0x00,
    0x00,0x00,0x00,0x00,0x00,0x00,0x00,0x00,0x00,0x00,0x00,0x00,0x00,0x00,0x00,0x00,
    0x00,0x00,0x00,0x00,0x00,0x00,0x00,0x00,0x00,0x00,0x00,0x00,0x00,0x00,0x00,0x00,
    0x00,0x00,0x00,0x00,0x00,0x00,0x00,0x00,0x00,0x00,0x00,0x00,0x00,0x00,0x00,0x00,
    0x00,0x00,0x00,0x00,0x00,0x00,0x00,0x00,0x00,0x00,0x00,0x00,0x00,0x00,0x00,0x00,
    0x00,0x00,0x00,0x00,0x00,0x00,0x00,0x00,0x00,0x00,0x00,0x00,0x00,0x00,0x00,0x00,
    0x00,0x00,0x00,0x00,0x00,0x00,0x00,0x00,0x00,0x00,0x00,0x00,0x00,0x00,0x00,0x00,
    0x00,0x00,0x00,0x00,0x00,0x00,0x00,0x00,0x00,0x00,0x00,0x00,0x00,0x00,0x00,0x00,
    0x00,0x00,0x00,0x00,0x00,0x00,0x00,0x00,0x00,0x00,0x00,0x00,0x00,0x00,0x00,0x00,
    0x00,0x00,0x00,0x00,0x00,0x00,0x00,0x00,0x00,0x00,0x00,0x00,0x00,0x00,0x00,0x00,
    0x00,0x00,0x00,0x00,0x00,0x00,0x00,0x00,0x00,0x00,0x00,0x00,0x00,0x00,0x00,0x00,
    0x00,0x00,0x00,0x00,0x00,0x00,0x00,0x00,0x00,0x00,0x00,0x00,0x00,0x00,0x00,0x00,
    0x00,0x00,0x00,0x00,0x00,0x00,0x00,0x00,0x00,0x00,0x00,0x00,0x00,0x00,0x00,0x00,
    0x00,0x00,0x00,0x00,0x00,0x00,0x00,0x00,0x00,0x00,0x00,0x00,0x00,0x00,0x00,0x00,
    0x00,0x00,0x00,0x00,0x00,0x00,0x00,0x00,0x00,0x00,0x00,0x00,0x00,0x00,0x00,0x00,
    0x00,0x00,0x00,0x00,0x00,0x00,0x00,0x00,0x1d,0x1d,0x1d,0x1b,0x38,0x38,0x38,0x1f,
    0x4d,0x4d,0x4d,0x4b,0x7e,0x7e,0x7e,0x57,0x96,0x96,0x96,0x77,0xac,0xac,0xac,0x8f,
    0xa8,0xa8,0xa8,0x97,0xa6,0xa6,0xa6,0xab,0xb7,0xb7,0xb7,0xab,0xac,0xac,0xac,0xbf,
    0xb1,0xb1,0xb1,0xb3,0xb3,0xb3,0xb3,0xaf,0xae,0xae,0xae,0xa7,0xab,0xab,0xab,0x9b,
    0xb7,0xb7,0xb7,0x83,0x82,0x82,0x82,0x87,0x87,0x87,0x87,0x5b,0x65,0x65,0x65,0x43,
    0x33,0x33,0x33,0x3b,0x20,0x20,0x20,0x17,0x00,0x00,0x00,0x00,0x00,0x00,0x00,0x00,
    0x00,0x00,0x00,0x00,0x00,0x00,0x00,0x00,0x00,0x00,0x00,0x00,0x00,0x00,0x00,0x00,
    0x00,0x00,0x00,0x00,0x00,0x00,0x00,0x00,0x00,0x00,0x00,0x00,0x00,0x00,0x00,0x00,
    0x00,0x00,0x00,0x00,0x00,0x00,0x00,0x00,0x00,0x00,0x00,0x00,0x00,0x00,0x00,0x00,
    0x00,0x00,0x00,0x00,0x00,0x00,0x00,0x00,0x00,0x00,0x00,0x00,0x00,0x00,0x00,0x00,
    0x00,0x00,0x00,0x00,0x00,0x00,0x00,0x00,0x00,0x00,0x00,0x00,0x00,0x00,0x00,0x00,
    0x00,0x00,0x00,0x00,0x00,0x00,0x00,0x00,0x00,0x00,0x00,0x00,0x00,0x00,0x00,0x00,
    0x00,0x00,0x00,0x00,0x00,0x00,0x00,0x00,0x00,0x00,0x00,0x00,0x00,0x00,0x00,0x00,
    0x00,0x00,0x00,0x00,0x00,0x00,0x00,0x00,0x00,0x00,0x00,0x00,0x00,0x00,0x00,0x00,
    0x00,0x00,0x00,0x00,0x00,0x00,0x00,0x00,0x00,0x00,0x00,0x00,0x00,0x00,0x00,0x00,
    0x00,0x00,0x00,0x00,0x00,0x00,0x00,0x00,0x00,0x00,0x00,0x00,0x00,0x00,0x00,0x00,
    0x00,0x00,0x00,0x00,0x00,0x00,0x00,0x00,0x00,0x00,0x00,0x00,0x00,0x00,0x00,0x00,
    0x00,0x00,0x00,0x00,0x00,0x00,0x00,0x00,0x00,0x00,0x00,0x00,0x00,0x00,0x00,0x00,
    0x00,0x00,0x00,0x00,0x00,0x00,0x00,0x00,0x00,0x00,0x00,0x00,0x00,0x00,0x00,0x00,
    0x00,0x00,0x00,0x00,0x00,0x00,0x00,0x00,0x00,0x00,0x00,0x00,0x00,0x00,0x00,0x00,
    0x00,0x00,0x00,0x00,0x00,0x00,0x00,0x00,0x00,0x00,0x00,0x00,0x00,0x00,0x00,0x00,
    0x00,0x00,0x00,0x00,0x00,0x00,0x00,0x00,0x00,0x00,0x00,0x00,0x00,0x00,0x00,0x00,
    0x00,0x00,0x00,0x00,0x00,0x00,0x00,0x00,0x00,0x00,0x00,0x00,0x00,0x00,0x00,0x00,
    0x00,0x00,0x00,0x00,0x00,0x00,0x00,0x00,0x00,0x00,0x00,0x00,0x00,0x00,0x00,0x00,
    0x00,0x00,0x00,0x00,0x00,0x00,0x00,0x00,0x00,0x00,0x00,0x00,0x00,0x00,0x00,0x00,
    0x00,0x00,0x00,0x00,0x00,0x00,0x00,0x00,0x00,0x00,0x00,0x00,0x00,0x00,0x00,0x00,
    0x00,0x00,0x00,0x00,0x00,0x00,0x00,0x00,0x00,0x00,0x00,0x00,0x00,0x00,0x00,0x00,
    0x00,0x00,0x00,0x00,0x00,0x00,0x00,0x00,0x00,0x00,0x00,0x00,0x00,0x00,0x00,0x00,
    0x00,0x00,0x00,0x00,0x00,0x00,0x00,0x00,0x00,0x00,0x00,0x00,0x00,0x00,0x00,0x00,
    0x00,0x00,0x00,0x00,0x00,0x00,0x00,0x00,0x00,0x00,0x00,0x00,0x00,0x00,0x00,0x00,
    0x00,0x00,0x00,0x00,0x00,0x00,0x00,0x00,0x00,0x00,0x00,0x00,0x00,0x00,0x00,0x00,
    0x00,0x00,0x00,0x00,0x00,0x00,0x00,0x00,0x4b,0x4b,0x4b,0x33,0x6e,0x6e,0x6e,0x77,
    0x90,0x90,0x90,0xa7,0xa5,0xa5,0xa5,0xc3,0xb4,0xb4,0xb4,0xf7,0xda,0xda,0xda,0xff,
    0xe6,0xe6,0xe6,0xff,0xde,0xde,0xde,0xff,0xd7,0xd7,0xd7,0xff,0xe1,0xe1,0xe1,0xff,
    0xdc,0xdc,0xdc,0xff,0xd2,0xd2,0xd2,0xff,0xd7,0xd7,0xd7,0xff,0xdf,0xdf,0xdf,0xff,
    0xdb,0xdb,0xdb,0xff,0xd7,0xd7,0xd7,0xff,0xe1,0xe1,0xe1,0xff,0xec,0xec,0xec,0xff,
    0xee,0xee,0xee,0xff,0xf0,0xf0,0xf0,0xff,0xf1,0xf1,0xf1,0xff,0xf0,0xf0,0xf0,0xff,
    0xec,0xec,0xec,0xff,0xd6,0xd6,0xd6,0xff,0xce,0xce,0xce,0xdb,0xb2,0xb2,0xb2,0xbf,
    0xa0,0xa0,0xa0,0x8f,0x68,0x68,0x68,0x57,0x1d,0x1d,0x1d,0x13,0x00,0x00,0x00,0x00,
    0x00,0x00,0x00,0x00,0x00,0x00,0x00,0x00,0x00,0x00,0x00,0x00,0x00,0x00,0x00,0x00,
    0x00,0x00,0x00,0x00,0x00,0x00,0x00,0x00,0x00,0x00,0x00,0x00,0x00,0x00,0x00,0x00,
    0x00,0x00,0x00,0x00,0x00,0x00,0x00,0x00,0x00,0x00,0x00,0x00,0x00,0x00,0x00,0x00,
    0x00,0x00,0x00,0x00,0x00,0x00,0x00,0x00,0x00,0x00,0x00,0x00,0x00,0x00,0x00,0x00,
    0x00,0x00,0x00,0x00,0x00,0x00,0x00,0x00,0x00,0x00,0x00,0x00,0x00,0x00,0x00,0x00,
    0x00,0x00,0x00,0x00,0x00,0x00,0x00,0x00,0x00,0x00,0x00,0x00,0x00,0x00,0x00,0x00,
    0x00,0x00,0x00,0x00,0x00,0x00,0x00,0x00,0x00,0x00,0x00,0x00,0x00,0x00,0x00,0x00,
    0x00,0x00,0x00,0x00,0x00,0x00,0x00,0x00,0x00,0x00,0x00,0x00,0x00,0x00,0x00,0x00,
    0x00,0x00,0x00,0x00,0x00,0x00,0x00,0x00,0x00,0x00,0x00,0x00,0x00,0x00,0x00,0x00,
    0x00,0x00,0x00,0x00,0x00,0x00,0x00,0x00,0x00,0x00,0x00,0x00,0x00,0x00,0x00,0x00,
    0x00,0x00,0x00,0x00,0x00,0x00,0x00,0x00,0x00,0x00,0x00,0x00,0x00,0x00,0x00,0x00,
    0x00,0x00,0x00,0x00,0x00,0x00,0x00,0x00,0x00,0x00,0x00,0x00,0x00,0x00,0x00,0x00,
    0x00,0x00,0x00,0x00,0x00,0x00,0x00,0x00,0x00,0x00,0x00,0x00,0x00,0x00,0x00,0x00,
    0x00,0x00,0x00,0x00,0x00,0x00,0x00,0x00,0x00,0x00,0x00,0x00,0x00,0x00,0x00,0x00,
    0x00,0x00,0x00,0x00,0x00,0x00,0x00,0x00,0x00,0x00,0x00,0x00,0x00,0x00,0x00,0x00,
    0x00,0x00,0x00,0x00,0x00,0x00,0x00,0x00,0x00,0x00,0x00,0x00,0x00,0x00,0x00,0x00,
    0x00,0x00,0x00,0x00,0x00,0x00,0x00,0x00,0x00,0x00,0x00,0x00,0x00,0x00,0x00,0x00,
    0x00,0x00,0x00,0x00,0x00,0x00,0x00,0x00,0x00,0x00,0x00,0x00,0x00,0x00,0x00,0x00,
    0x00,0x00,0x00,0x00,0x00,0x00,0x00,0x00,0x00,0x00,0x00,0x00,0x00,0x00,0x00,0x00,
    0x00,0x00,0x00,0x00,0x00,0x00,0x00,0x00,0x00,0x00,0x00,0x00,0x00,0x00,0x00,0x00,
    0x00,0x00,0x00,0x00,0x00,0x00,0x00,0x00,0x00,0x00,0x00,0x00,0x00,0x00,0x00,0x00,
    0x00,0x00,0x00,0x00,0x00,0x00,0x00,0x00,0x00,0x00,0x00,0x00,0x00,0x00,0x00,0x00,
    0x00,0x00,0x00,0x00,0x00,0x00,0x00,0x00,0x00,0x00,0x00,0x00,0x00,0x00,0x00,0x00,
    0x00,0x00,0x00,0x00,0x00,0x00,0x00,0x00,0x48,0x48,0x48,0x1f,0x64,0x64,0x64,0x77,
    0x9a,0x9a,0x9a,0x9b,0xa1,0xa1,0xa1,0xdb,0xb2,0xb2,0xb2,0xff,0xb8,0xb8,0xb8,0xff,
    0xc4,0xc4,0xc4,0xff,0xca,0xca,0xca,0xff,0xd9,0xd9,0xd9,0xff,0xd7,0xd7,0xd7,0xff,
    0xd7,0xd7,0xd7,0xff,0xd7,0xd7,0xd7,0xff,0xd1,0xd1,0xd1,0xff,0xd4,0xd4,0xd4,0xff,
    0xce,0xce,0xce,0xff,0xd2,0xd2,0xd2,0xff,0xd7,0xd7,0xd7,0xff,0xdf,0xdf,0xdf,0xff,
    0xe1,0xe1,0xe1,0xff,0xe6,0xe6,0xe6,0xff,0xe7,0xe7,0xe7,0xff,0xe9,0xe9,0xe9,0xff,
    0xe8,0xe8,0xe8,0xff,0xe8,0xe8,0xe8,0xff,0xe1,0xe1,0xe1,0xff,0xdf,0xdf,0xdf,0xff,
    0xde,0xde,0xde,0xff,0xde,0xde,0xde,0xff,0xe1,0xe1,0xe1,0xff,0xdf,0xdf,0xdf,0xff,
    0xdc,0xdc,0xdc,0xff,0xe3,0xe3,0xe3,0xff,0xd6,0xd6,0xd6,0xef,0xc5,0xc5,0xc5,0xc7,
    0x9c,0x9c,0x9c,0x93,0x7f,0x7f,0x7f,0x57,0x2e,0x2e,0x2e,0x27,0x00,0x00,0x00,0x00,
    0x00,0x00,0x00,0x00,0x00,0x00,0x00,0x00,0x00,0x00,0x00,0x00,0x00,0x00,0x00,0x00,
    0x00,0x00,0x00,0x00,0x00,0x00,0x00,0x00,0x00,0x00,0x00,0x00,0x00,0x00,0x00,0x00,
    0x00,0x00,0x00,0x00,0x00,0x00,0x00,0x00,0x00,0x00,0x00,0x00,0x00,0x00,0x00,0x00,
    0x00,0x00,0x00,0x00,0x00,0x00,0x00,0x00,0x00,0x00,0x00,0x00,0x00,0x00,0x00,0x00,
    0x00,0x00,0x00,0x00,0x00,0x00,0x00,0x00,0x00,0x00,0x00,0x00,0x00,0x00,0x00,0x00,
    0x00,0x00,0x00,0x00,0x00,0x00,0x00,0x00,0x00,0x00,0x00,0x00,0x00,0x00,0x00,0x00,
    0x00,0x00,0x00,0x00,0x00,0x00,0x00,0x00,0x00,0x00,0x00,0x00,0x00,0x00,0x00,0x00,
    0x00,0x00,0x00,0x00,0x00,0x00,0x00,0x00,0x00,0x00,0x00,0x00,0x00,0x00,0x00,0x00,
    0x00,0x00,0x00,0x00,0x00,0x00,0x00,0x00,0x00,0x00,0x00,0x00,0x00,0x00,0x00,0x00,
    0x00,0x00,0x00,0x00,0x00,0x00,0x00,0x00,0x00,0x00,0x00,0x00,0x00,0x00,0x00,0x00,
    0x00,0x00,0x00,0x00,0x00,0x00,0x00,0x00,0x00,0x00,0x00,0x00,0x00,0x00,0x00,0x00,
    0x00,0x00,0x00,0x00,0x00,0x00,0x00,0x00,0x00,0x00,0x00,0x00,0x00,0x00,0x00,0x00,
    0x00,0x00,0x00,0x00,0x00,0x00,0x00,0x00,0x00,0x00,0x00,0x00,0x00,0x00,0x00,0x00,
    0x00,0x00,0x00,0x00,0x00,0x00,0x00,0x00,0x00,0x00,0x00,0x00,0x00,0x00,0x00,0x00,
    0x00,0x00,0x00,0x00,0x00,0x00,0x00,0x00,0x00,0x00,0x00,0x00,0x00,0x00,0x00,0x00,
    0x00,0x00,0x00,0x00,0x00,0x00,0x00,0x00,0x00,0x00,0x00,0x00,0x00,0x00,0x00,0x00,
    0x00,0x00,0x00,0x00,0x00,0x00,0x00,0x00,0x00,0x00,0x00,0x00,0x00,0x00,0x00,0x00,
    0x00,0x00,0x00,0x00,0x00,0x00,0x00,0x00,0x00,0x00,0x00,0x00,0x00,0x00,0x00,0x00,
    0x00,0x00,0x00,0x00,0x00,0x00,0x00,0x00,0x00,0x00,0x00,0x00,0x00,0x00,0x00,0x00,
    0x00,0x00,0x00,0x00,0x00,0x00,0x00,0x00,0x00,0x00,0x00,0x00,0x00,0x00,0x00,0x00,
    0x00,0x00,0x00,0x00,0x00,0x00,0x00,0x00,0x00,0x00,0x00,0x00,0x00,0x00,0x00,0x00,
    0x00,0x00,0x00,0x00,0x00,0x00,0x00,0x00,0x00,0x00,0x00,0x00,0x43,0x43,0x43,0x43,
    0x74,0x74,0x74,0x7b,0x80,0x80,0x80,0xcb,0xa2,0xa2,0xa2,0xff,0xc4,0xc4,0xc4,0xff,
    0xd7,0xd7,0xd7,0xff,0xc1,0xc1,0xc1,0xff,0xb5,0xb5,0xb5,0xff,0xb2,0xb2,0xb2,0xff,
    0xb5,0xb5,0xb5,0xff,0xaa,0xaa,0xaa,0xff,0x90,0x90,0x90,0xff,0xa0,0xa0,0xa0,0xff,
    0xba,0xba,0xba,0xff,0xb4,0xb4,0xb4,0xff,0xaf,0xaf,0xaf,0xff,0xbd,0xbd,0xbd,0xff,
    0xbc,0xbc,0xbc,0xff,0xc4,0xc4,0xc4,0xff,0xc0,0xc0,0xc0,0xff,0xc9,0xc9,0xc9,0xff,
    0xde,0xde,0xde,0xff,0xe1,0xe1,0xe1,0xff,0xe6,0xe6,0xe6,0xff,0xe9,0xe9,0xe9,0xff,
    0xe4,0xe4,0xe4,0xff,0xde,0xde,0xde,0xff,0xd9,0xd9,0xd9,0xff,0xcc,0xcc,0xcc,0xff,
    0xbd,0xbd,0xbd,0xff,0xc1,0xc1,0xc1,0xff,0xbf,0xbf,0xbf,0xff,0xc1,0xc1,0xc1,0xff,
    0xbf,0xbf,0xbf,0xff,0xc1,0xc1,0xc1,0xff,0xca,0xca,0xca,0xff,0xd7,0xd7,0xd7,0xff,
    0xdf,0xdf,0xdf,0xff,0xe6,0xe6,0xe6,0xff,0xdb,0xdb,0xdb,0xf3,0xb0,0xb0,0xb0,0xb7,
    0x82,0x82,0x82,0x6b,0x00,0x00,0x00,0x00,0x00,0x00,0x00,0x00,0x00,0x00,0x00,0x00,
    0x00,0x00,0x00,0x00,0x00,0x00,0x00,0x00,0x00,0x00,0x00,0x00,0x00,0x00,0x00,0x00,
    0x00,0x00,0x00,0x00,0x00,0x00,0x00,0x00,0x00,0x00,0x00,0x00,0x00,0x00,0x00,0x00,
    0x00,0x00,0x00,0x00,0x00,0x00,0x00,0x00,0x00,0x00,0x00,0x00,0x00,0x00,0x00,0x00,
    0x00,0x00,0x00,0x00,0x00,0x00,0x00,0x00,0x00,0x00,0x00,0x00,0x00,0x00,0x00,0x00,
    0x00,0x00,0x00,0x00,0x00,0x00,0x00,0x00,0x00,0x00,0x00,0x00,0x00,0x00,0x00,0x00,
    0x00,0x00,0x00,0x00,0x00,0x00,0x00,0x00,0x00,0x00,0x00,0x00,0x00,0x00,0x00,0x00,
    0x00,0x00,0x00,0x00,0x00,0x00,0x00,0x00,0x00,0x00,0x00,0x00,0x00,0x00,0x00,0x00,
    0x00,0x00,0x00,0x00,0x00,0x00,0x00,0x00,0x00,0x00,0x00,0x00,0x00,0x00,0x00,0x00,
    0x00,0x00,0x00,0x00,0x00,0x00,0x00,0x00,0x00,0x00,0x00,0x00,0x00,0x00,0x00,0x00,
    0x00,0x00,0x00,0x00,0x00,0x00,0x00,0x00,0x00,0x00,0x00,0x00,0x00,0x00,0x00,0x00,
    0x00,0x00,0x00,0x00,0x00,0x00,0x00,0x00,0x00,0x00,0x00,0x00,0x00,0x00,0x00,0x00,
    0x00,0x00,0x00,0x00,0x00,0x00,0x00,0x00,0x00,0x00,0x00,0x00,0x00,0x00,0x00,0x00,
    0x00,0x00,0x00,0x00,0x00,0x00,0x00,0x00,0x00,0x00,0x00,0x00,0x00,0x00,0x00,0x00,
    0x00,0x00,0x00,0x00,0x00,0x00,0x00,0x00,0x00,0x00,0x00,0x00,0x00,0x00,0x00,0x00,
    0x00,0x00,0x00,0x00,0x00,0x00,0x00,0x00,0x00,0x00,0x00,0x00,0x00,0x00,0x00,0x00,
    0x00,0x00,0x00,0x00,0x00,0x00,0x00,0x00,0x00,0x00,0x00,0x00,0x00,0x00,0x00,0x00,
    0x00,0x00,0x00,0x00,0x00,0x00,0x00,0x00,0x00,0x00,0x00,0x00,0x00,0x00,0x00,0x00,
    0x00,0x00,0x00,0x00,0x00,0x00,0x00,0x00,0x00,0x00,0x00,0x00,0x00,0x00,0x00,0x00,
    0x00,0x00,0x00,0x00,0x00,0x00,0x00,0x00,0x00,0x00,0x00,0x00,0x00,0x00,0x00,0x00,
    0x00,0x00,0x00,0x00,0x00,0x00,0x00,0x00,0x00,0x00,0x00,0x00,0x00,0x00,0x00,0x00,
    0x3c,0x3c,0x3c,0x23,0x6b,0x6b,0x6b,0x97,0x87,0x87,0x87,0xe3,0x9d,0x9d,0x9d,0xff,
    0xb5,0xb5,0xb5,0xff,0xcc,0xcc,0xcc,0xff,0xd4,0xd4,0xd4,0xff,0xd1,0xd1,0xd1,0xff,
    0xcc,0xcc,0xcc,0xff,0xbf,0xbf,0xbf,0xff,0xb4,0xb4,0xb4,0xff,0xaa,0xaa,0xaa,0xff,
    0xab,0xab,0xab,0xff,0xa5,0xa5,0xa5,0xff,0xa0,0xa0,0xa0,0xff,0xa5,0xa5,0xa5,0xff,
    0xad,0xad,0xad,0xff,0xb0,0xb0,0xb0,0xff,0xbf,0xbf,0xbf,0xff,0xb8,0xb8,0xb8,0xff,
    0xba,0xba,0xba,0xff,0xbd,0xbd,0xbd,0xff,0xc1,0xc1,0xc1,0xff,0xb3,0xb3,0xb3,0xff,
    0xc4,0xc4,0xc4,0xff,0xc9,0xc9,0xc9,0xff,0xcc,0xcc,0xcc,0xff,0xcf,0xcf,0xcf,0xff,
    0xcc,0xcc,0xcc,0xff,0xc7,0xc7,0xc7,0xff,0xb4,0xb4,0xb4,0xff,0xba,0xba,0xba,0xff,
    0xad,0xad,0xad,0xff,0xa8,0xa8,0xa8,0xff,0xb7,0xb7,0xb7,0xff,0xbc,0xbc,0xbc,0xff,
    0xb7,0xb7,0xb7,0xff,0xa8,0xa8,0xa8,0xff,0xa6,0xa6,0xa6,0xff,0xb2,0xb2,0xb2,0xff,
    0xc0,0xc0,0xc0,0xff,0xca,0xca,0xca,0xff,0xd7,0xd7,0xd7,0xff,0xe4,0xe4,0xe4,0xff,
    0xeb,0xeb,0xeb,0xff,0xdc,0xdc,0xdc,0xf7,0xc9,0xc9,0xc9,0xaf,0x7b,0x7b,0x7b,0x6b,
    0x00,0x00,0x00,0x00,0x00,0x00,0x00,0x00,0x00,0x00,0x00,0x00,0x00,0x00,0x00,0x00,
    0x00,0x00,0x00,0x00,0x00,0x00,0x00,0x00,0x00,0x00,0x00,0x00,0x00,0x00,0x00,0x00,
    0x00,0x00,0x00,0x00,0x00,0x00,0x00,0x00,0x00,0x00,0x00,0x00,0x00,0x00,0x00,0x00,
    0x00,0x00,0x00,0x00,0x00,0x00,0x00,0x00,0x00,0x00,0x00,0x00,0x00,0x00,0x00,0x00,
    0x00,0x00,0x00,0x00,0x00,0x00,0x00,0x00,0x00,0x00,0x00,0x00,0x00,0x00,0x00,0x00,
    0x00,0x00,0x00,0x00,0x00,0x00,0x00,0x00,0x00,0x00,0x00,0x00,0x00,0x00,0x00,0x00,
    0x00,0x00,0x00,0x00,0x00,0x00,0x00,0x00,0x00,0x00,0x00,0x00,0x00,0x00,0x00,0x00,
    0x00,0x00,0x00,0x00,0x00,0x00,0x00,0x00,0x00,0x00,0x00,0x00,0x00,0x00,0x00,0x00,
    0x00,0x00,0x00,0x00,0x00,0x00,0x00,0x00,0x00,0x00,0x00,0x00,0x00,0x00,0x00,0x00,
    0x00,0x00,0x00,0x00,0x00,0x00,0x00,0x00,0x00,0x00,0x00,0x00,0x00,0x00,0x00,0x00,
    0x00,0x00,0x00,0x00,0x00,0x00,0x00,0x00,0x00,0x00,0x00,0x00,0x00,0x00,0x00,0x00,
    0x00,0x00,0x00,0x00,0x00,0x00,0x00,0x00,0x00,0x00,0x00,0x00,0x00,0x00,0x00,0x00,
    0x00,0x00,0x00,0x00,0x00,0x00,0x00,0x00,0x00,0x00,0x00,0x00,0x00,0x00,0x00,0x00,
    0x00,0x00,0x00,0x00,0x00,0x00,0x00,0x00,0x00,0x00,0x00,0x00,0x00,0x00,0x00,0x00,
    0x00,0x00,0x00,0x00,0x00,0x00,0x00,0x00,0x00,0x00,0x00,0x00,0x00,0x00,0x00,0x00,
    0x00,0x00,0x00,0x00,0x00,0x00,0x00,0x00,0x00,0x00,0x00,0x00,0x00,0x00,0x00,0x00,
    0x00,0x00,0x00,0x00,0x00,0x00,0x00,0x00,0x00,0x00,0x00,0x00,0x00,0x00,0x00,0x00,
    0x00,0x00,0x00,0x00,0x00,0x00,0x00,0x00,0x00,0x00,0x00,0x00,0x00,0x00,0x00,0x00,
    0x00,0x00,0x00,0x00,0x00,0x00,0x00,0x00,0x00,0x00,0x00,0x00,0x00,0x00,0x00,0x00,
    0x00,0x00,0x00,0x00,0x32,0x32,0x32,0x0b,0x56,0x56,0x56,0x63,0x84,0x84,0x84,0xcb,
    0x9b,0x9b,0x9b,0xff,0xa3,0xa3,0xa3,0xff,0xa8,0xa8,0xa8,0xff,0xb3,0xb3,0xb3,0xff,
    0xbd,0xbd,0xbd,0xff,0xc2,0xc2,0xc2,0xff,0xce,0xce,0xce,0xff,0xbd,0xbd,0xbd,0xff,
    0xb4,0xb4,0xb4,0xff,0xaf,0xaf,0xaf,0xff,0xb7,0xb7,0xb7,0xff,0xaf,0xaf,0xaf,0xff,
    0xab,0xab,0xab,0xff,0xa5,0xa5,0xa5,0xff,0xad,0xad,0xad,0xff,0xb0,0xb0,0xb0,0xff,
    0xb4,0xb4,0xb4,0xff,0x9e,0x9e,0x9e,0xff,0xa3,0xa3,0xa3,0xff,0xb3,0xb3,0xb3,0xff,
    0xa7,0xa7,0xa7,0xff,0xaf,0xaf,0xaf,0xff,0x9b,0x9b,0x9b,0xff,0x96,0x96,0x96,0xff,
    0x9d,0x9d,0x9d,0xff,0xaa,0xaa,0xaa,0xff,0xbc,0xbc,0xbc,0xff,0xca,0xca,0xca,0xff,
    0xb7,0xb7,0xb7,0xff,0xa2,0xa2,0xa2,0xff,0xa5,0xa5,0xa5,0xff,0xa6,0xa6,0xa6,0xff,
    0x88,0x88,0x88,0xff,0x89,0x89,0x89,0xff,0x98,0x98,0x98,0xff,0x9e,0x9e,0x9e,0xff,
    0x8d,0x8d,0x8d,0xff,0x95,0x95,0x95,0xff,0x9d,0x9d,0x9d,0xff,0xb5,0xb5,0xb5,0xff,
    0xaf,0xaf,0xaf,0xff,0x9d,0x9d,0x9d,0xff,0xaa,0xaa,0xaa,0xff,0xb5,0xb5,0xb5,0xff,
    0xcf,0xcf,0xcf,0xff,0xe3,0xe3,0xe3,0xff,0xe4,0xe4,0xe4,0xff,0xf1,0xf1,0xf1,0xff,
    0xd6,0xd6,0xd6,0xe7,0xb4,0xb4,0xb4,0x8f,0x39,0x39,0x39,0x1f,0x00,0x00,0x00,0x00,
    0x00,0x00,0x00,0x00,0x00,0x00,0x00,0x00,0x00,0x00,0x00,0x00,0x00,0x00,0x00,0x00,
    0x00,0x00,0x00,0x00,0x00,0x00,0x00,0x00,0x00,0x00,0x00,0x00,0x00,0x00,0x00,0x00,
    0x00,0x00,0x00,0x00,0x00,0x00,0x00,0x00,0x00,0x00,0x00,0x00,0x00,0x00,0x00,0x00,
    0x00,0x00,0x00,0x00,0x00,0x00,0x00,0x00,0x00,0x00,0x00,0x00,0x00,0x00,0x00,0x00,
    0x00,0x00,0x00,0x00,0x00,0x00,0x00,0x00,0x00,0x00,0x00,0x00,0x00,0x00,0x00,0x00,
    0x00,0x00,0x00,0x00,0x00,0x00,0x00,0x00,0x00,0x00,0x00,0x00,0x00,0x00,0x00,0x00,
    0x00,0x00,0x00,0x00,0x00,0x00,0x00,0x00,0x00,0x00,0x00,0x00,0x00,0x00,0x00,0x00,
    0x00,0x00,0x00,0x00,0x00,0x00,0x00,0x00,0x00,0x00,0x00,0x00,0x00,0x00,0x00,0x00,
    0x00,0x00,0x00,0x00,0x00,0x00,0x00,0x00,0x00,0x00,0x00,0x00,0x00,0x00,0x00,0x00,
    0x00,0x00,0x00,0x00,0x00,0x00,0x00,0x00,0x00,0x00,0x00,0x00,0x00,0x00,0x00,0x00,
    0x00,0x00,0x00,0x00,0x00,0x00,0x00,0x00,0x00,0x00,0x00,0x00,0x00,0x00,0x00,0x00,
    0x00,0x00,0x00,0x00,0x00,0x00,0x00,0x00,0x00,0x00,0x00,0x00,0x00,0x00,0x00,0x00,
    0x00,0x00,0x00,0x00,0x00,0x00,0x00,0x00,0x00,0x00,0x00,0x00,0x00,0x00,0x00,0x00,
    0x00,0x00,0x00,0x00,0x00,0x00,0x00,0x00,0x00,0x00,0x00,0x00,0x00,0x00,0x00,0x00,
    0x00,0x00,0x00,0x00,0x00,0x00,0x00,0x00,0x00,0x00,0x00,0x00,0x00,0x00,0x00,0x00,
    0x00,0x00,0x00,0x00,0x00,0x00,0x00,0x00,0x00,0x00,0x00,0x00,0x00,0x00,0x00,0x00,
    0x00,0x00,0x00,0x00,0x00,0x00,0x00,0x00,0x00,0x00,0x00,0x00,0x00,0x00,0x00,0x00,
    0x00,0x00,0x00,0x00,0x00,0x00,0x00,0x00,0x00,0x00,0x00,0x00,0x30,0x30,0x30,0x27,
    0x70,0x70,0x70,0x8f,0xa3,0xa3,0xa3,0xe7,0xbd,0xbd,0xbd,0xff,0xb7,0xb7,0xb7,0xff,
    0xb8,0xb8,0xb8,0xff,0xc4,0xc4,0xc4,0xff,0xb2,0xb2,0xb2,0xff,0xbc,0xbc,0xbc,0xff,
    0xbf,0xbf,0xbf,0xff,0xc9,0xc9,0xc9,0xff,0xbc,0xbc,0xbc,0xff,0xa6,0xa6,0xa6,0xff,
    0xaa,0xaa,0xaa,0xff,0xab,0xab,0xab,0xff,0x9e,0x9e,0x9e,0xff,0x9d,0x9d,0x9d,0xff,
    0xa5,0xa5,0xa5,0xff,0xa5,0xa5,0xa5,0xff,0xa8,0xa8,0xa8,0xff,0xb8,0xb8,0xb8,0xff,
    0xb2,0xb2,0xb2,0xff,0xad,0xad,0xad,0xff,0xaf,0xaf,0xaf,0xff,0x7c,0x7c,0x7c,0xff,
    0x80,0x80,0x80,0xff,0x8d,0x8d,0x8d,0xff,0x83,0x83,0x83,0xff,0x83,0x83,0x83,0xff,
    0x98,0x98,0x98,0xff,0x9e,0x9e,0x9e,0xff,0xa3,0xa3,0xa3,0xff,0xa8,0xa8,0xa8,0xff,
    0xa2,0xa2,0xa2,0xff,0x90,0x90,0x90,0xff,0x8b,0x8b,0x8b,0xff,0x86,0x86,0x86,0xff,
    0x81,0x81,0x81,0xff,0x77,0x77,0x77,0xff,0x8b,0x8b,0x8b,0xff,0x91,0x91,0x91,0xff,
    0x8c,0x8c,0x8c,0xff,0x81,0x81,0x81,0xff,0x89,0x89,0x89,0xff,0x83,0x83,0x83,0xff,
    0xa0,0xa0,0xa0,0xff,0x83,0x83,0x83,0xff,0x81,0x81,0x81,0xff,0x8e,0x8e,0x8e,0xff,
    0xaa,0xaa,0xaa,0xff,0xca,0xca,0xca,0xff,0xcc,0xcc,0xcc,0xff,0xd7,0xd7,0xd7,0xff,
    0xee,0xee,0xee,0xff,0xf5,0xf5,0xf5,0xff,0xde,0xde,0xde,0xf3,0xb0,0xb0,0xb0,0xaf,
    0x51,0x51,0x51,0x37,0x00,0x00,0x00,0x00,0x00,0x00,0x00,0x00,0x00,0x00,0x00,0x00,
    0x00,0x00,0x00,0x00,0x00,0x00,0x00,0x00,0x00,0x00,0x00,0x00,0x00,0x00,0x00,0x00,
    0x00,0x00,0x00,0x00,0x00,0x00,0x00,0x00,0x00,0x00,0x00,0x00,0x00,0x00,0x00,0x00,
    0x00,0x00,0x00,0x00,0x00,0x00,0x00,0x00,0x00,0x00,0x00,0x00,0x00,0x00,0x00,0x00,
    0x00,0x00,0x00,0x00,0x00,0x00,0x00,0x00,0x00,0x00,0x00,0x00,0x00,0x00,0x00,0x00,
    0x00,0x00,0x00,0x00,0x00,0x00,0x00,0x00,0x00,0x00,0x00,0x00,0x00,0x00,0x00,0x00,
    0x00,0x00,0x00,0x00,0x00,0x00,0x00,0x00,0x00,0x00,0x00,0x00,0x00,0x00,0x00,0x00,
    0x00,0x00,0x00,0x00,0x00,0x00,0x00,0x00,0x00,0x00,0x00,0x00,0x00,0x00,0x00,0x00,
    0x00,0x00,0x00,0x00,0x00,0x00,0x00,0x00,0x00,0x00,0x00,0x00,0x00,0x00,0x00,0x00,
    0x00,0x00,0x00,0x00,0x00,0x00,0x00,0x00,0x00,0x00,0x00,0x00,0x00,0x00,0x00,0x00,
    0x00,0x00,0x00,0x00,0x00,0x00,0x00,0x00,0x00,0x00,0x00,0x00,0x00,0x00,0x00,0x00,
    0x00,0x00,0x00,0x00,0x00,0x00,0x00,0x00,0x00,0x00,0x00,0x00,0x00,0x00,0x00,0x00,
    0x00,0x00,0x00,0x00,0x00,0x00,0x00,0x00,0x00,0x00,0x00,0x00,0x00,0x00,0x00,0x00,
    0x00,0x00,0x00,0x00,0x00,0x00,0x00,0x00,0x00,0x00,0x00,0x00,0x00,0x00,0x00,0x00,
    0x00,0x00,0x00,0x00,0x00,0x00,0x00,0x00,0x00,0x00,0x00,0x00,0x00,0x00,0x00,0x00,
    0x00,0x00,0x00,0x00,0x00,0x00,0x00,0x00,0x00,0x00,0x00,0x00,0x00,0x00,0x00,0x00,
    0x00,0x00,0x00,0x00,0x00,0x00,0x00,0x00,0x00,0x00,0x00,0x00,0x00,0x00,0x00,0x00,
    0x00,0x00,0x00,0x00,0x31,0x31,0x31,0x27,0x74,0x74,0x74,0x87,0x9c,0x9c,0x9c,0xf3,
    0xb8,0xb8,0xb8,0xff,0xcc,0xcc,0xcc,0xff,0xc2,0xc2,0xc2,0xff,0xb2,0xb2,0xb2,0xff,
    0xbc,0xbc,0xbc,0xff,0xbd,0xbd,0xbd,0xff,0xc4,0xc4,0xc4,0xff,0xc5,0xc5,0xc5,0xff,
    0xbf,0xbf,0xbf,0xff,0xb2,0xb2,0xb2,0xff,0xa3,0xa3,0xa3,0xff,0xa3,0xa3,0xa3,0xff,
    0xaa,0xaa,0xaa,0xff,0x7c,0x7c,0x7c,0xff,0x95,0x95,0x95,0xff,0x98,0x98,0x98,0xff,
    0x7c,0x7c,0x7c,0xff,0x88,0x88,0x88,0xff,0x81,0x81,0x81,0xff,0x93,0x93,0x93,0xff,
    0x86,0x86,0x86,0xff,0x79,0x79,0x79,0xff,0x79,0x79,0x79,0xff,0x5c,0x5c,0x5c,0xff,
    0x57,0x57,0x57,0xff,0x5c,0x5c,0x5c,0xff,0x9e,0x9e,0x9e,0xff,0x84,0x84,0x84,0xff,
    0x99,0x99,0x99,0xff,0x89,0x89,0x89,0xff,0x86,0x86,0x86,0xff,0x96,0x96,0x96,0xff,
    0x8e,0x8e,0x8e,0xff,0x90,0x90,0x90,0xff,0x84,0x84,0x84,0xff,0x7e,0x7e,0x7e,0xff,
    0xa3,0xa3,0xa3,0xff,0x84,0x84,0x84,0xff,0x90,0x90,0x90,0xff,0xb0,0xb0,0xb0,0xff,
    0x95,0x95,0x95,0xff,0x77,0x77,0x77,0xff,0x74,0x74,0x74,0xff,0x72,0x72,0x72,0xff,
    0x7f,0x7f,0x7f,0xff,0x7e,0x7e,0x7e,0xff,0x89,0x89,0x89,0xff,0x91,0x91,0x91,0xff,
    0x96,0x96,0x96,0xff,0xa3,0xa3,0xa3,0xff,0xb3,0xb3,0xb3,0xff,0xb0,0xb0,0xb0,0xff,
    0xda,0xda,0xda,0xff,0xf0,0xf0,0xf0,0xff,0xee,0xee,0xee,0xff,0xf1,0xf1,0xf1,0xff,
    0xe4,0xe4,0xe4,0xfb,0xb4,0xb4,0xb4,0x97,0x40,0x40,0x40,0x23,0x00,0x00,0x00,0x00,
    0x00,0x00,0x00,0x00,0x00,0x00,0x00,0x00,0x00,0x00,0x00,0x00,0x00,0x00,0x00,0x00,
    0x00,0x00,0x00,0x00,0x00,0x00,0x00,0x00,0x00,0x00,0x00,0x00,0x00,0x00,0x00,0x00,
    0x00,0x00,0x00,0x00,0x00,0x00,0x00,0x00,0x00,0x00,0x00,0x00,0x00,0x00,0x00,0x00,
    0x00,0x00,0x00,0x00,0x00,0x00,0x00,0x00,0x00,0x00,0x00,0x00,0x00,0x00,0x00,0x00,
    0x00,0x00,0x00,0x00,0x00,0x00,0x00,0x00,0x00,0x00,0x00,0x00,0x00,0x00,0x00,0x00,
    0x00,0x00,0x00,0x00,0x00,0x00,0x00,0x00,0x00,0x00,0x00,0x00,0x00,0x00,0x00,0x00,
    0x00,0x00,0x00,0x00,0x00,0x00,0x00,0x00,0x00,0x00,0x00,0x00,0x00,0x00,0x00,0x00,
    0x00,0x00,0x00,0x00,0x00,0x00,0x00,0x00,0x00,0x00,0x00,0x00,0x00,0x00,0x00,0x00,
    0x00,0x00,0x00,0x00,0x00,0x00,0x00,0x00,0x00,0x00,0x00,0x00,0x00,0x00,0x00,0x00,
    0x00,0x00,0x00,0x00,0x00,0x00,0x00,0x00,0x00,0x00,0x00,0x00,0x00,0x00,0x00,0x00,
    0x00,0x00,0x00,0x00,0x00,0x00,0x00,0x00,0x00,0x00,0x00,0x00,0x00,0x00,0x00,0x00,
    0x00,0x00,0x00,0x00,0x00,0x00,0x00,0x00,0x00,0x00,0x00,0x00,0x00,0x00,0x00,0x00,
    0x00,0x00,0x00,0x00,0x00,0x00,0x00,0x00,0x00,0x00,0x00,0x00,0x00,0x00,0x00,0x00,
    0x00,0x00,0x00,0x00,0x00,0x00,0x00,0x00,0x00,0x00,0x00,0x00,0x00,0x00,0x00,0x00,
    0x00,0x00,0x00,0x00,0x00,0x00,0x00,0x00,0x00,0x00,0x00,0x00,0x00,0x00,0x00,0x00,
    0x00,0x00,0x00,0x00,0x00,0x00,0x00,0x00,0x00,0x00,0x00,0x00,0x1f,0x1f,0x1f,0x17,
    0x5e,0x5e,0x5e,0x7f,0x76,0x76,0x76,0xeb,0xad,0xad,0xad,0xff,0xbc,0xbc,0xbc,0xff,
    0xca,0xca,0xca,0xff,0xdb,0xdb,0xdb,0xff,0xc4,0xc4,0xc4,0xff,0xc1,0xc1,0xc1,0xff,
    0xbf,0xbf,0xbf,0xff,0xbf,0xbf,0xbf,0xff,0xb2,0xb2,0xb2,0xff,0xba,0xba,0xba,0xff,
    0xb2,0xb2,0xb2,0xff,0xaa,0xaa,0xaa,0xff,0xa2,0xa2,0xa2,0xff,0x9e,0x9e,0x9e,0xff,
    0x88,0x88,0x88,0xff,0x77,0x77,0x77,0xff,0x6a,0x6a,0x6a,0xff,0x62,0x62,0x62,0xff,
    0x52,0x52,0x52,0xff,0x5a,0x5a,0x5a,0xff,0x45,0x45,0x45,0xff,0x3b,0x3b,0x3b,0xff,
    0x42,0x42,0x42,0xff,0x43,0x43,0x43,0xff,0x45,0x45,0x45,0xff,0x54,0x54,0x54,0xff,
    0x48,0x48,0x48,0xff,0x4f,0x4f,0x4f,0xff,0x4f,0x4f,0x4f,0xff,0x77,0x77,0x77,0xff,
    0x6e,0x6e,0x6e,0xff,0x4f,0x4f,0x4f,0xff,0x4c,0x4c,0x4c,0xff,0x57,0x57,0x57,0xff,
    0x64,0x64,0x64,0xff,0x64,0x64,0x64,0xff,0x80,0x80,0x80,0xff,0x84,0x84,0x84,0xff,
    0x6e,0x6e,0x6e,0xff,0x74,0x74,0x74,0xff,0x6a,0x6a,0x6a,0xff,0x7b,0x7b,0x7b,0xff,
    0x89,0x89,0x89,0xff,0x7b,0x7b,0x7b,0xff,0x71,0x71,0x71,0xff,0x74,0x74,0x74,0xff,
    0x7c,0x7c,0x7c,0xff,0x86,0x86,0x86,0xff,0x86,0x86,0x86,0xff,0xaa,0xaa,0xaa,0xff,
    0xab,0xab,0xab,0xff,0xa6,0xa6,0xa6,0xff,0xbc,0xbc,0xbc,0xff,0xd4,0xd4,0xd4,0xff,
    0xde,0xde,0xde,0xff,0xe1,0xe1,0xe1,0xff,0xd6,0xd6,0xd6,0xff,0xe8,0xe8,0xe8,0xff,
    0xe6,0xe6,0xe6,0xff,0xe9,0xe9,0xe9,0xff,0xda,0xda,0xda,0xe7,0x8d,0x8d,0x8d,0x83,
    0x00,0x00,0x00,0x00,0x00,0x00,0x00,0x00,0x00,0x00,0x00,0x00,0x00,0x00,0x00,0x00,
    0x00,0x00,0x00,0x00,0x00,0x00,0x00,0x00,0x00,0x00,0x00,0x00,0x00,0x00,0x00,0x00,
    0x00,0x00,0x00,0x00,0x00,0x00,0x00,0x00,0x00,0x00,0x00,0x00,0x00,0x00,0x00,0x00,
    0x00,0x00,0x00,0x00,0x00,0x00,0x00,0x00,0x00,0x00,0x00,0x00,0x00,0x00,0x00,0x00,
    0x00,0x00,0x00,0x00,0x00,0x00,0x00,0x00,0x00,0x00,0x00,0x00,0x00,0x00,0x00,0x00,
    0x00,0x00,0x00,0x00,0x00,0x00,0x00,0x00,0x00,0x00,0x00,0x00,0x00,0x00,0x00,0x00,
    0x00,0x00,0x00,0x00,0x00,0x00,0x00,0x00,0x00,0x00,0x00,0x00,0x00,0x00,0x00,0x00,
    0x00,0x00,0x00,0x00,0x00,0x00,0x00,0x00,0x00,0x00,0x00,0x00,0x00,0x00,0x00,0x00,
    0x00,0x00,0x00,0x00,0x00,0x00,0x00,0x00,0x00,0x00,0x00,0x00,0x00,0x00,0x00,0x00,
    0x00,0x00,0x00,0x00,0x00,0x00,0x00,0x00,0x00,0x00,0x00,0x00,0x00,0x00,0x00,0x00,
    0x00,0x00,0x00,0x00,0x00,0x00,0x00,0x00,0x00,0x00,0x00,0x00,0x00,0x00,0x00,0x00,
    0x00,0x00,0x00,0x00,0x00,0x00,0x00,0x00,0x00,0x00,0x00,0x00,0x00,0x00,0x00,0x00,
    0x00,0x00,0x00,0x00,0x00,0x00,0x00,0x00,0x00,0x00,0x00,0x00,0x00,0x00,0x00,0x00,
    0x00,0x00,0x00,0x00,0x00,0x00,0x00,0x00,0x00,0x00,0x00,0x00,0x00,0x00,0x00,0x00,
    0x00,0x00,0x00,0x00,0x00,0x00,0x00,0x00,0x00,0x00,0x00,0x00,0x00,0x00,0x00,0x00,
    0x00,0x00,0x00,0x00,0x00,0x00,0x00,0x00,0x37,0x37,0x37,0x2f,0x74,0x74,0x74,0xcf,
    0x8b,0x8b,0x8b,0xff,0xa3,0xa3,0xa3,0xff,0xb7,0xb7,0xb7,0xff,0xc9,0xc9,0xc9,0xff,
    0xcc,0xcc,0xcc,0xff,0xd1,0xd1,0xd1,0xff,0xbf,0xbf,0xbf,0xff,0xad,0xad,0xad,0xff,
    0xad,0xad,0xad,0xff,0xad,0xad,0xad,0xff,0x98,0x98,0x98,0xff,0xa2,0xa2,0xa2,0xff,
    0x91,0x91,0x91,0xff,0x8e,0x8e,0x8e,0xff,0x8b,0x8b,0x8b,0xff,0x73,0x73,0x73,0xff,
    0x91,0x91,0x91,0xff,0x6a,0x6a,0x6a,0xff,0x88,0x88,0x88,0xff,0x59,0x59,0x59,0xff,
    0x45,0x45,0x45,0xff,0x42,0x42,0x42,0xff,0x3f,0x3f,0x3f,0xff,0x3b,0x3b,0x3b,0xff,
    0x40,0x40,0x40,0xff,0x42,0x42,0x42,0xff,0x3f,0x3f,0x3f,0xff,0x4c,0x4c,0x4c,0xff,
    0x47,0x47,0x47,0xff,0x40,0x40,0x40,0xff,0x43,0x43,0x43,0xff,0x42,0x42,0x42,0xff,
    0x38,0x38,0x38,0xff,0x2e,0x2e,0x2e,0xff,0x35,0x35,0x35,0xff,0x40,0x40,0x40,0xff,
    0x4f,0x4f,0x4f,0xff,0x61,0x61,0x61,0xff,0x77,0x77,0x77,0xff,0x95,0x95,0x95,0xff,
    0x7c,0x7c,0x7c,0xff,0x6f,0x6f,0x6f,0xff,0x6c,0x6c,0x6c,0xff,0x7b,0x7b,0x7b,0xff,
    0x7b,0x7b,0x7b,0xff,0x90,0x90,0x90,0xff,0x86,0x86,0x86,0xff,0x81,0x81,0x81,0xff,
    0x98,0x98,0x98,0xff,0x8d,0x8d,0x8d,0xff,0x8e,0x8e,0x8e,0xff,0x96,0x96,0x96,0xff,
    0x9e,0x9e,0x9e,0xff,0x93,0x93,0x93,0xff,0x95,0x95,0x95,0xff,0xab,0xab,0xab,0xff,
    0xbf,0xbf,0xbf,0xff,0xd6,0xd6,0xd6,0xff,0xe4,0xe4,0xe4,0xff,0xd6,0xd6,0xd6,0xff,
    0xd7,0xd7,0xd7,0xff,0xdf,0xdf,0xdf,0xff,0xdb,0xdb,0xdb,0xff,0xe1,0xe1,0xe1,0xff,
    0xc7,0xc7,0xc7,0xc3,0x56,0x56,0x56,0x3f,0x00,0x00,0x00,0x00,0x00,0x00,0x00,0x00,
    0x00,0x00,0x00,0x00,0x00,0x00,0x00,0x00,0x00,0x00,0x00,0x00,0x00,0x00,0x00,0x00,
    0x00,0x00,0x00,0x00,0x00,0x00,0x00,0x00,0x00,0x00,0x00,0x00,0x00,0x00,0x00,0x00,
    0x00,0x00,0x00,0x00,0x00,0x00,0x00,0x00,0x00,0x00,0x00,0x00,0x00,0x00,0x00,0x00,
    0x00,0x00,0x00,0x00,0x00,0x00,0x00,0x00,0x00,0x00,0x00,0x00,0x00,0x00,0x00,0x00,
    0x00,0x00,0x00,0x00,0x00,0x00,0x00,0x00,0x00,0x00,0x00,0x00,0x00,0x00,0x00,0x00,
    0x00,0x00,0x00,0x00,0x00,0x00,0x00,0x00,0x00,0x00,0x00,0x00,0x00,0x00,0x00,0x00,
    0x00,0x00,0x00,0x00,0x00,0x00,0x00,0x00,0x00,0x00,0x00,0x00,0x00,0x00,0x00,0x00,
    0x00,0x00,0x00,0x00,0x00,0x00,0x00,0x00,0x00,0x00,0x00,0x00,0x00,0x00,0x00,0x00,
    0x00,0x00,0x00,0x00,0x00,0x00,0x00,0x00,0x00,0x00,0x00,0x00,0x00,0x00,0x00,0x00,
    0x00,0x00,0x00,0x00,0x00,0x00,0x00,0x00,0x00,0x00,0x00,0x00,0x00,0x00,0x00,0x00,
    0x00,0x00,0x00,0x00,0x00,0x00,0x00,0x00,0x00,0x00,0x00,0x00,0x00,0x00,0x00,0x00,
    0x00,0x00,0x00,0x00,0x00,0x00,0x00,0x00,0x00,0x00,0x00,0x00,0x00,0x00,0x00,0x00,
    0x00,0x00,0x00,0x00,0x00,0x00,0x00,0x00,0x00,0x00,0x00,0x00,0x00,0x00,0x00,0x00,
    0x00,0x00,0x00,0x00,0x00,0x00,0x00,0x00,0x00,0x00,0x00,0x00,0x00,0x00,0x00,0x00,
    0x29,0x29,0x29,0x0f,0x66,0x66,0x66,0x9b,0x8e,0x8e,0x8e,0xfb,0x91,0x91,0x91,0xff,
    0x79,0x79,0x79,0xff,0x81,0x81,0x81,0xff,0xa7,0xa7,0xa7,0xff,0xc0,0xc0,0xc0,0xff,
    0xb8,0xb8,0xb8,0xff,0xad,0xad,0xad,0xff,0xa6,0xa6,0xa6,0xff,0xa5,0xa5,0xa5,0xff,
    0x96,0x96,0x96,0xff,0x7b,0x7b,0x7b,0xff,0x61,0x61,0x61,0xff,0x50,0x50,0x50,0xff,
    0x40,0x40,0x40,0xff,0x43,0x43,0x43,0xff,0x47,0x47,0x47,0xff,0x48,0x48,0x48,0xff,
    0x65,0x65,0x65,0xff,0x77,0x77,0x77,0xff,0x8b,0x8b,0x8b,0xff,0x61,0x61,0x61,0xff,
    0x58,0x58,0x58,0xff,0x5d,0x5d,0x5d,0xff,0x3a,0x3a,0x3a,0xff,0x33,0x33,0x33,0xff,
    0x40,0x40,0x40,0xff,0x42,0x42,0x42,0xff,0x36,0x36,0x36,0xff,0x40,0x40,0x40,0xff,
    0x3f,0x3f,0x3f,0xff,0x3d,0x3d,0x3d,0xff,0x5c,0x5c,0x5c,0xff,0x55,0x55,0x55,0xff,
    0x3b,0x3b,0x3b,0xff,0x32,0x32,0x32,0xff,0x35,0x35,0x35,0xff,0x4a,0x4a,0x4a,0xff,
    0x5a,0x5a,0x5a,0xff,0x4a,0x4a,0x4a,0xff,0x4a,0x4a,0x4a,0xff,0x54,0x54,0x54,0xff,
    0x6c,0x6c,0x6c,0xff,0x79,0x79,0x79,0xff,0x7f,0x7f,0x7f,0xff,0x59,0x59,0x59,0xff,
    0x52,0x52,0x52,0xff,0x69,0x69,0x69,0xff,0x77,0x77,0x77,0xff,0x62,0x62,0x62,0xff,
    0x6c,0x6c,0x6c,0xff,0x6c,0x6c,0x6c,0xff,0x57,0x57,0x57,0xff,0x61,0x61,0x61,0xff,
    0x6c,0x6c,0x6c,0xff,0x71,0x71,0x71,0xff,0x74,0x74,0x74,0xff,0x7f,0x7f,0x7f,0xff,
    0x98,0x98,0x98,0xff,0xc4,0xc4,0xc4,0xff,0xce,0xce,0xce,0xff,0xe3,0xe3,0xe3,0xff,
    0xe4,0xe4,0xe4,0xff,0xd9,0xd9,0xd9,0xff,0xdf,0xdf,0xdf,0xff,0xde,0xde,0xde,0xff,
    0xda,0xda,0xda,0xff,0xd0,0xd0,0xd0,0xf7,0x84,0x84,0x84,0x8f,0x1b,0x1b,0x1b,0x0b,
    0x00,0x00,0x00,0x00,0x00,0x00,0x00,0x00,0x00,0x00,0x00,0x00,0x00,0x00,0x00,0x00,
    0x00,0x00,0x00,0x00,0x00,0x00,0x00,0x00,0x00,0x00,0x00,0x00,0x00,0x00,0x00,0x00,
    0x00,0x00,0x00,0x00,0x00,0x00,0x00,0x00,0x00,0x00,0x00,0x00,0x00,0x00,0x00,0x00,
    0x00,0x00,0x00,0x00,0x00,0x00,0x00,0x00,0x00,0x00,0x00,0x00,0x00,0x00,0x00,0x00,
    0x00,0x00,0x00,0x00,0x00,0x00,0x00,0x00,0x00,0x00,0x00,0x00,0x00,0x00,0x00,0x00,
    0x00,0x00,0x00,0x00,0x00,0x00,0x00,0x00,0x00,0x00,0x00,0x00,0x00,0x00,0x00,0x00,
    0x00,0x00,0x00,0x00,0x00,0x00,0x00,0x00,0x00,0x00,0x00,0x00,0x00,0x00,0x00,0x00,
    0x00,0x00,0x00,0x00,0x00,0x00,0x00,0x00,0x00,0x00,0x00,0x00,0x00,0x00,0x00,0x00,
    0x00,0x00,0x00,0x00,0x00,0x00,0x00,0x00,0x00,0x00,0x00,0x00,0x00,0x00,0x00,0x00,
    0x00,0x00,0x00,0x00,0x00,0x00,0x00,0x00,0x00,0x00,0x00,0x00,0x00,0x00,0x00,0x00,
    0x00,0x00,0x00,0x00,0x00,0x00,0x00,0x00,0x00,0x00,0x00,0x00,0x00,0x00,0x00,0x00,
    0x00,0x00,0x00,0x00,0x00,0x00,0x00,0x00,0x00,0x00,0x00,0x00,0x00,0x00,0x00,0x00,
    0x00,0x00,0x00,0x00,0x00,0x00,0x00,0x00,0x00,0x00,0x00,0x00,0x00,0x00,0x00,0x00,
    0x00,0x00,0x00,0x00,0x00,0x00,0x00,0x00,0x00,0x00,0x00,0x00,0x4b,0x4b,0x4b,0x47,
    0x85,0x85,0x85,0xe7,0x9d,0x9d,0x9d,0xff,0x91,0x91,0x91,0xff,0x52,0x52,0x52,0xff,
    0x69,0x69,0x69,0xff,0xa6,0xa6,0xa6,0xff,0xba,0xba,0xba,0xff,0xb8,0xb8,0xb8,0xff,
    0x9e,0x9e,0x9e,0xff,0x96,0x96,0x96,0xff,0x73,0x73,0x73,0xff,0x5f,0x5f,0x5f,0xff,
    0x55,0x55,0x55,0xff,0x4c,0x4c,0x4c,0xff,0x4d,0x4d,0x4d,0xff,0x47,0x47,0x47,0xff,
    0x45,0x45,0x45,0xff,0x4c,0x4c,0x4c,0xff,0x48,0x48,0x48,0xff,0x43,0x43,0x43,0xff,
    0x6c,0x6c,0x6c,0xff,0xa8,0xa8,0xa8,0xff,0x90,0x90,0x90,0xff,0x6e,0x6e,0x6e,0xff,
    0x62,0x62,0x62,0xff,0x64,0x64,0x64,0xff,0x5d,0x5d,0x5d,0xff,0x69,0x69,0x69,0xff,
    0x5f,0x5f,0x5f,0xff,0x3d,0x3d,0x3d,0xff,0x40,0x40,0x40,0xff,0x55,0x55,0x55,0xff,
    0x83,0x83,0x83,0xff,0x98,0x98,0x98,0xff,0x95,0x95,0x95,0xff,0xa5,0xa5,0xa5,0xff,
    0x91,0x91,0x91,0xff,0x83,0x83,0x83,0xff,0x67,0x67,0x67,0xff,0x62,0x62,0x62,0xff,
    0x67,0x67,0x67,0xff,0x5a,0x5a,0x5a,0xff,0x52,0x52,0x52,0xff,0x57,0x57,0x57,0xff,
    0x5c,0x5c,0x5c,0xff,0x6e,0x6e,0x6e,0xff,0x8e,0x8e,0x8e,0xff,0x80,0x80,0x80,0xff,
    0x61,0x61,0x61,0xff,0x5c,0x5c,0x5c,0xff,0x6a,0x6a,0x6a,0xff,0x47,0x47,0x47,0xff,
    0x40,0x40,0x40,0xff,0x5a,0x5a,0x5a,0xff,0x4d,0x4d,0x4d,0xff,0x3d,0x3d,0x3d,0xff,
    0x38,0x38,0x38,0xff,0x37,0x37,0x37,0xff,0x43,0x43,0x43,0xff,0x5f,0x5f,0x5f,0xff,
    0x84,0x84,0x84,0xff,0x93,0x93,0x93,0xff,0xbf,0xbf,0xbf,0xff,0xd4,0xd4,0xd4,0xff,
    0xdc,0xdc,0xdc,0xff,0xde,0xde,0xde,0xff,0xd9,0xd9,0xd9,0xff,0xd4,0xd4,0xd4,0xff,
    0xd4,0xd4,0xd4,0xff,0xda,0xda,0xda,0xff,0xd4,0xd4,0xd4,0xff,0x96,0x96,0x96,0xbf,
    0x4e,0x4e,0x4e,0x1f,0x00,0x00,0x00,0x00,0x00,0x00,0x00,0x00,0x00,0x00,0x00,0x00,
    0x00,0x00,0x00,0x00,0x00,0x00,0x00,0x00,0x00,0x00,0x00,0x00,0x00,0x00,0x00,0x00,
    0x00,0x00,0x00,0x00,0x00,0x00,0x00,0x00,0x00,0x00,0x00,0x00,0x00,0x00,0x00,0x00,
    0x00,0x00,0x00,0x00,0x00,0x00,0x00,0x00,0x00,0x00,0x00,0x00,0x00,0x00,0x00,0x00,
    0x00,0x00,0x00,0x00,0x00,0x00,0x00,0x00,0x00,0x00,0x00,0x00,0x00,0x00,0x00,0x00,
    0x00,0x00,0x00,0x00,0x00,0x00,0x00,0x00,0x00,0x00,0x00,0x00,0x00,0x00,0x00,0x00,
    0x00,0x00,0x00,0x00,0x00,0x00,0x00,0x00,0x00,0x00,0x00,0x00,0x00,0x00,0x00,0x00,
    0x00,0x00,0x00,0x00,0x00,0x00,0x00,0x00,0x00,0x00,0x00,0x00,0x00,0x00,0x00,0x00,
    0x00,0x00,0x00,0x00,0x00,0x00,0x00,0x00,0x00,0x00,0x00,0x00,0x00,0x00,0x00,0x00,
    0x00,0x00,0x00,0x00,0x00,0x00,0x00,0x00,0x00,0x00,0x00,0x00,0x00,0x00,0x00,0x00,
    0x00,0x00,0x00,0x00,0x00,0x00,0x00,0x00,0x00,0x00,0x00,0x00,0x00,0x00,0x00,0x00,
    0x00,0x00,0x00,0x00,0x00,0x00,0x00,0x00,0x00,0x00,0x00,0x00,0x00,0x00,0x00,0x00,
    0x00,0x00,0x00,0x00,0x00,0x00,0x00,0x00,0x00,0x00,0x00,0x00,0x00,0x00,0x00,0x00,
    0x00,0x00,0x00,0x00,0x00,0x00,0x00,0x00,0x86,0x86,0x86,0x8b,0xb2,0xb2,0xb2,0xf7,
    0xaa,0xaa,0xaa,0xff,0x7b,0x7b,0x7b,0xff,0x4f,0x4f,0x4f,0xff,0x64,0x64,0x64,0xff,
    0x88,0x88,0x88,0xff,0xa2,0xa2,0xa2,0xff,0x91,0x91,0x91,0xff,0x7f,0x7f,0x7f,0xff,
    0x64,0x64,0x64,0xff,0x77,0x77,0x77,0xff,0x47,0x47,0x47,0xff,0x4c,0x4c,0x4c,0xff,
    0x62,0x62,0x62,0xff,0x93,0x93,0x93,0xff,0x81,0x81,0x81,0xff,0x76,0x76,0x76,0xff,
    0x72,0x72,0x72,0xff,0x79,0x79,0x79,0xff,0x9b,0x9b,0x9b,0xff,0xaa,0xaa,0xaa,0xff,
    0xaa,0xaa,0xaa,0xff,0xaa,0xaa,0xaa,0xff,0x91,0x91,0x91,0xff,0x8b,0x8b,0x8b,0xff,
    0x88,0x88,0x88,0xff,0x8b,0x8b,0x8b,0xff,0x55,0x55,0x55,0xff,0x84,0x84,0x84,0xff,
    0xb2,0xb2,0xb2,0xff,0xad,0xad,0xad,0xff,0x98,0x98,0x98,0xff,0xb2,0xb2,0xb2,0xff,
    0x96,0x96,0x96,0xff,0x91,0x91,0x91,0xff,0x98,0x98,0x98,0xff,0x90,0x90,0x90,0xff,
    0x89,0x89,0x89,0xff,0x8e,0x8e,0x8e,0xff,0x93,0x93,0x93,0xff,0x9d,0x9d,0x9d,0xff,
    0x9d,0x9d,0x9d,0xff,0x6a,0x6a,0x6a,0xff,0x4d,0x4d,0x4d,0xff,0x4d,0x4d,0x4d,0xff,
    0x5f,0x5f,0x5f,0xff,0x65,0x65,0x65,0xff,0x6f,0x6f,0x6f,0xff,0x66,0x66,0x66,0xff,
    0x6f,0x6f,0x6f,0xff,0x5f,0x5f,0x5f,0xff,0x62,0x62,0x62,0xff,0x55,0x55,0x55,0xff,
    0x4f,0x4f,0x4f,0xff,0x4a,0x4a,0x4a,0xff,0x4d,0x4d,0x4d,0xff,0x40,0x40,0x40,0xff,
    0x3d,0x3d,0x3d,0xff,0x3d,0x3d,0x3d,0xff,0x38,0x38,0x38,0xff,0x38,0x38,0x38,0xff,
    0x38,0x38,0x38,0xff,0x74,0x74,0x74,0xff,0x76,0x76,0x76,0xff,0xab,0xab,0xab,0xff,
    0xbf,0xbf,0xbf,0xff,0xd7,0xd7,0xd7,0xff,0xdf,0xdf,0xdf,0xff,0xde,0xde,0xde,0xff,
    0xcf,0xcf,0xcf,0xff,0xc5,0xc5,0xc5,0xff,0xda,0xda,0xda,0xff,0xdc,0xdc,0xdc,0xff,
    0xb6,0xb6,0xb6,0xfb,0x8c,0x8c,0x8c,0x7f,0x1f,0x1f,0x1f,0x1b,0x00,0x00,0x00,0x00,
    0x00,0x00,0x00,0x00,0x00,0x00,0x00,0x00,0x00,0x00,0x00,0x00,0x00,0x00,0x00,0x00,
    0x00,0x00,0x00,0x00,0x00,0x00,0x00,0x00,0x00,0x00,0x00,0x00,0x00,0x00,0x00,0x00,
    0x00,0x00,0x00,0x00,0x00,0x00,0x00,0x00,0x00,0x00,0x00,0x00,0x00,0x00,0x00,0x00,
    0x00,0x00,0x00,0x00,0x00,0x00,0x00,0x00,0x00,0x00,0x00,0x00,0x00,0x00,0x00,0x00,
    0x00,0x00,0x00,0x00,0x00,0x00,0x00,0x00,0x00,0x00,0x00,0x00,0x00,0x00,0x00,0x00,
    0x00,0x00,0x00,0x00,0x00,0x00,0x00,0x00,0x00,0x00,0x00,0x00,0x00,0x00,0x00,0x00,
    0x00,0x00,0x00,0x00,0x00,0x00,0x00,0x00,0x00,0x00,0x00,0x00,0x00,0x00,0x00,0x00,
    0x00,0x00,0x00,0x00,0x00,0x00,0x00,0x00,0x00,0x00,0x00,0x00,0x00,0x00,0x00,0x00,
    0x00,0x00,0x00,0x00,0x00,0x00,0x00,0x00,0x00,0x00,0x00,0x00,0x00,0x00,0x00,0x00,
    0x00,0x00,0x00,0x00,0x00,0x00,0x00,0x00,0x00,0x00,0x00,0x00,0x00,0x00,0x00,0x00,
    0x00,0x00,0x00,0x00,0x00,0x00,0x00,0x00,0x00,0x00,0x00,0x00,0x00,0x00,0x00,0x00,
    0x00,0x00,0x00,0x00,0x00,0x00,0x00,0x00,0x00,0x00,0x00,0x00,0x00,0x00,0x00,0x00,
    0x3f,0x3f,0x3f,0x37,0x91,0x91,0x91,0xb3,0xb5,0xb5,0xb5,0xff,0xa3,0xa3,0xa3,0xff,
    0x90,0x90,0x90,0xff,0x6c,0x6c,0x6c,0xff,0x76,0x76,0x76,0xff,0x79,0x79,0x79,0xff,
    0x6a,0x6a,0x6a,0xff,0x6f,0x6f,0x6f,0xff,0x5a,0x5a,0x5a,0xff,0x42,0x42,0x42,0xff,
    0x40,0x40,0x40,0xff,0x4a,0x4a,0x4a,0xff,0x42,0x42,0x42,0xff,0x5a,0x5a,0x5a,0xff,
    0x76,0x76,0x76,0xff,0x8b,0x8b,0x8b,0xff,0x84,0x84,0x84,0xff,0x88,0x88,0x88,0xff,
    0xad,0xad,0xad,0xff,0xc7,0xc7,0xc7,0xff,0xad,0xad,0xad,0xff,0xa6,0xa6,0xa6,0xff,
    0xa7,0xa7,0xa7,0xff,0xa2,0xa2,0xa2,0xff,0xa0,0xa0,0xa0,0xff,0x9d,0x9d,0x9d,0xff,
    0x83,0x83,0x83,0xff,0x7e,0x7e,0x7e,0xff,0x88,0x88,0x88,0xff,0x8b,0x8b,0x8b,0xff,
    0x84,0x84,0x84,0xff,0x9d,0x9d,0x9d,0xff,0xbf,0xbf,0xbf,0xff,0xa8,0xa8,0xa8,0xff,
    0x99,0x99,0x99,0xff,0x59,0x59,0x59,0xff,0x48,0x48,0x48,0xff,0x6c,0x6c,0x6c,0xff,
    0x80,0x80,0x80,0xff,0x83,0x83,0x83,0xff,0x8d,0x8d,0x8d,0xff,0xba,0xba,0xba,0xff,
    0xc2,0xc2,0xc2,0xff,0x7c,0x7c,0x7c,0xff,0x45,0x45,0x45,0xff,0x69,0x69,0x69,0xff,
    0x83,0x83,0x83,0xff,0x62,0x62,0x62,0xff,0x5c,0x5c,0x5c,0xff,0x61,0x61,0x61,0xff,
    0x6e,0x6e,0x6e,0xff,0x69,0x69,0x69,0xff,0x54,0x54,0x54,0xff,0x5f,0x5f,0x5f,0xff,
    0x5d,0x5d,0x5d,0xff,0x61,0x61,0x61,0xff,0x5c,0x5c,0x5c,0xff,0x57,0x57,0x57,0xff,
    0x55,0x55,0x55,0xff,0x48,0x48,0x48,0xff,0x42,0x42,0x42,0xff,0x45,0x45,0x45,0xff,
    0x3e,0x3e,0x3e,0xff,0x40,0x40,0x40,0xff,0x58,0x58,0x58,0xff,0x89,0x89,0x89,0xff,
    0xb8,0xb8,0xb8,0xff,0xaf,0xaf,0xaf,0xff,0xc0,0xc0,0xc0,0xff,0xc9,0xc9,0xc9,0xff,
    0xd1,0xd1,0xd1,0xff,0x95,0x95,0x95,0xff,0xa2,0xa2,0xa2,0xff,0xdc,0xdc,0xdc,0xff,
    0xdc,0xdc,0xdc,0xff,0xdb,0xdb,0xdb,0xff,0xca,0xca,0xca,0xcf,0x55,0x55,0x55,0x47,
    0x00,0x00,0x00,0x00,0x00,0x00,0x00,0x00,0x00,0x00,0x00,0x00,0x00,0x00,0x00,0x00,
    0x00,0x00,0x00,0x00,0x00,0x00,0x00,0x00,0x00,0x00,0x00,0x00,0x00,0x00,0x00,0x00,
    0x00,0x00,0x00,0x00,0x00,0x00,0x00,0x00,0x00,0x00,0x00,0x00,0x00,0x00,0x00,0x00,
    0x00,0x00,0x00,0x00,0x00,0x00,0x00,0x00,0x00,0x00,0x00,0x00,0x00,0x00,0x00,0x00,
    0x00,0x00,0x00,0x00,0x00,0x00,0x00,0x00,0x00,0x00,0x00,0x00,0x00,0x00,0x00,0x00,
    0x00,0x00,0x00,0x00,0x00,0x00,0x00,0x00,0x00,0x00,0x00,0x00,0x00,0x00,0x00,0x00,
    0x00,0x00,0x00,0x00,0x00,0x00,0x00,0x00,0x00,0x00,0x00,0x00,0x00,0x00,0x00,0x00,
    0x00,0x00,0x00,0x00,0x00,0x00,0x00,0x00,0x00,0x00,0x00,0x00,0x00,0x00,0x00,0x00,
    0x00,0x00,0x00,0x00,0x00,0x00,0x00,0x00,0x00,0x00,0x00,0x00,0x00,0x00,0x00,0x00,
    0x00,0x00,0x00,0x00,0x00,0x00,0x00,0x00,0x00,0x00,0x00,0x00,0x00,0x00,0x00,0x00,
    0x00,0x00,0x00,0x00,0x00,0x00,0x00,0x00,0x00,0x00,0x00,0x00,0x00,0x00,0x00,0x00,
    0x00,0x00,0x00,0x00,0x00,0x00,0x00,0x00,0x00,0x00,0x00,0x00,0x4c,0x4c,0x4c,0x43,
    0xa5,0xa5,0xa5,0xe7,0xa5,0xa5,0xa5,0xff,0x89,0x89,0x89,0xff,0x71,0x71,0x71,0xff,
    0x7b,0x7b,0x7b,0xff,0x71,0x71,0x71,0xff,0x7f,0x7f,0x7f,0xff,0x79,0x79,0x79,0xff,
    0x6f,0x6f,0x6f,0xff,0x6c,0x6c,0x6c,0xff,0x45,0x45,0x45,0xff,0x3f,0x3f,0x3f,0xff,
    0x40,0x40,0x40,0xff,0x43,0x43,0x43,0xff,0x55,0x55,0x55,0xff,0x64,0x64,0x64,0xff,
    0x81,0x81,0x81,0xff,0xb3,0xb3,0xb3,0xff,0xb8,0xb8,0xb8,0xff,0xab,0xab,0xab,0xff,
    0xb3,0xb3,0xb3,0xff,0xc0,0xc0,0xc0,0xff,0xa7,0xa7,0xa7,0xff,0x98,0x98,0x98,0xff,
    0x9a,0x9a,0x9a,0xff,0x9b,0x9b,0x9b,0xff,0x9a,0x9a,0x9a,0xff,0xaa,0xaa,0xaa,0xff,
    0x8b,0x8b,0x8b,0xff,0x8e,0x8e,0x8e,0xff,0x84,0x84,0x84,0xff,0x57,0x57,0x57,0xff,
    0x36,0x36,0x36,0xff,0x40,0x40,0x40,0xff,0x6e,0x6e,0x6e,0xff,0x8b,0x8b,0x8b,0xff,
    0x93,0x93,0x93,0xff,0x2e,0x2e,0x2e,0xff,0x26,0x26,0x26,0xff,0x64,0x64,0x64,0xff,
    0x7f,0x7f,0x7f,0xff,0x9b,0x9b,0x9b,0xff,0x9d,0x9d,0x9d,0xff,0xad,0xad,0xad,0xff,
    0xb8,0xb8,0xb8,0xff,0xb4,0xb4,0xb4,0xff,0x9d,0x9d,0x9d,0xff,0x9b,0x9b,0x9b,0xff,
    0x89,0x89,0x89,0xff,0x57,0x57,0x57,0xff,0x6f,0x6f,0x6f,0xff,0x9b,0x9b,0x9b,0xff,
    0x67,0x67,0x67,0xff,0x5f,0x5f,0x5f,0xff,0x64,0x64,0x64,0xff,0x89,0x89,0x89,0xff,
    0x96,0x96,0x96,0xff,0x80,0x80,0x80,0xff,0x88,0x88,0x88,0xff,0x7c,0x7c,0x7c,0xff,
    0x6c,0x6c,0x6c,0xff,0x4d,0x4d,0x4d,0xff,0x50,0x50,0x50,0xff,0x4f,0x4f,0x4f,0xff,
    0x48,0x48,0x48,0xff,0x45,0x45,0x45,0xff,0x6e,0x6e,0x6e,0xff,0x9d,0x9d,0x9d,0xff,
    0xaf,0xaf,0xaf,0xff,0xbf,0xbf,0xbf,0xff,0xba,0xba,0xba,0xff,0xbf,0xbf,0xbf,0xff,
    0xbf,0xbf,0xbf,0xff,0xc7,0xc7,0xc7,0xff,0xbc,0xbc,0xbc,0xff,0xde,0xde,0xde,0xff,
    0xcf,0xcf,0xcf,0xff,0xd6,0xd6,0xd6,0xff,0xdb,0xdb,0xdb,0xff,0xdb,0xdb,0xdb,0xef,
    0x7b,0x7b,0x7b,0x57,0x00,0x00,0x00,0x00,0x00,0x00,0x00,0x00,0x00,0x00,0x00,0x00,
    0x00,0x00,0x00,0x00,0x00,0x00,0x00,0x00,0x00,0x00,0x00,0x00,0x00,0x00,0x00,0x00,
    0x00,0x00,0x00,0x00,0x00,0x00,0x00,0x00,0x00,0x00,0x00,0x00,0x00,0x00,0x00,0x00,
    0x00,0x00,0x00,0x00,0x00,0x00,0x00,0x00,0x00,0x00,0x00,0x00,0x00,0x00,0x00,0x00,
    0x00,0x00,0x00,0x00,0x00,0x00,0x00,0x00,0x00,0x00,0x00,0x00,0x00,0x00,0x00,0x00,
    0x00,0x00,0x00,0x00,0x00,0x00,0x00,0x00,0x00,0x00,0x00,0x00,0x00,0x00,0x00,0x00,
    0x00,0x00,0x00,0x00,0x00,0x00,0x00,0x00,0x00,0x00,0x00,0x00,0x00,0x00,0x00,0x00,
    0x00,0x00,0x00,0x00,0x00,0x00,0x00,0x00,0x00,0x00,0x00,0x00,0x00,0x00,0x00,0x00,
    0x00,0x00,0x00,0x00,0x00,0x00,0x00,0x00,0x00,0x00,0x00,0x00,0x00,0x00,0x00,0x00,
    0x00,0x00,0x00,0x00,0x00,0x00,0x00,0x00,0x00,0x00,0x00,0x00,0x00,0x00,0x00,0x00,
    0x00,0x00,0x00,0x00,0x00,0x00,0x00,0x00,0x00,0x00,0x00,0x00,0x00,0x00,0x00,0x00,
    0x00,0x00,0x00,0x00,0x00,0x00,0x00,0x00,0x5a,0x5a,0x5a,0x67,0x95,0x95,0x95,0xf3,
    0xaa,0xaa,0xaa,0xff,0x7e,0x7e,0x7e,0xff,0x6a,0x6a,0x6a,0xff,0x76,0x76,0x76,0xff,
    0x6a,0x6a,0x6a,0xff,0x7b,0x7b,0x7b,0xff,0x77,0x77,0x77,0xff,0x76,0x76,0x76,0xff,
    0x71,0x71,0x71,0xff,0x6c,0x6c,0x6c,0xff,0x48,0x48,0x48,0xff,0x4d,0x4d,0x4d,0xff,
    0x4a,0x4a,0x4a,0xff,0x57,0x57,0x57,0xff,0x62,0x62,0x62,0xff,0x8e,0x8e,0x8e,0xff,
    0xa3,0xa3,0xa3,0xff,0xb8,0xb8,0xb8,0xff,0xb8,0xb8,0xb8,0xff,0xab,0xab,0xab,0xff,
    0xd1,0xd1,0xd1,0xff,0xbf,0xbf,0xbf,0xff,0x9e,0x9e,0x9e,0xff,0x98,0x98,0x98,0xff,
    0x95,0x95,0x95,0xff,0x99,0x99,0x99,0xff,0xad,0xad,0xad,0xff,0x9e,0x9e,0x9e,0xff,
    0x62,0x62,0x62,0xff,0x52,0x52,0x52,0xff,0x40,0x40,0x40,0xff,0x38,0x38,0x38,0xff,
    0x33,0x33,0x33,0xff,0x4c,0x4c,0x4c,0xff,0x6e,0x6e,0x6e,0xff,0x57,0x57,0x57,0xff,
    0x5a,0x5a,0x5a,0xff,0x6e,0x6e,0x6e,0xff,0x67,0x67,0x67,0xff,0x96,0x96,0x96,0xff,
    0x7e,0x7e,0x7e,0xff,0x79,0x79,0x79,0xff,0x81,0x81,0x81,0xff,0xa3,0xa3,0xa3,0xff,
    0xc1,0xc1,0xc1,0xff,0xca,0xca,0xca,0xff,0xa8,0xa8,0xa8,0xff,0xa5,0xa5,0xa5,0xff,
    0x9e,0x9e,0x9e,0xff,0x84,0x84,0x84,0xff,0x5d,0x5d,0x5d,0xff,0x71,0x71,0x71,0xff,
    0x6a,0x6a,0x6a,0xff,0x71,0x71,0x71,0xff,0x77,0x77,0x77,0xff,0xb5,0xb5,0xb5,0xff,
    0xb2,0xb2,0xb2,0xff,0xb8,0xb8,0xb8,0xff,0x96,0x96,0x96,0xff,0x80,0x80,0x80,0xff,
    0x6c,0x6c,0x6c,0xff,0x6e,0x6e,0x6e,0xff,0x61,0x61,0x61,0xff,0x80,0x80,0x80,0xff,
    0x96,0x96,0x96,0xff,0x86,0x86,0x86,0xff,0x6e,0x6e,0x6e,0xff,0xaa,0xaa,0xaa,0xff,
    0xb5,0xb5,0xb5,0xff,0xba,0xba,0xba,0xff,0xc2,0xc2,0xc2,0xff,0xbf,0xbf,0xbf,0xff,
    0xba,0xba,0xba,0xff,0xa7,0xa7,0xa7,0xff,0xb8,0xb8,0xb8,0xff,0xb5,0xb5,0xb5,0xff,
    0xc7,0xc7,0xc7,0xff,0xb0,0xb0,0xb0,0xff,0xd4,0xd4,0xd4,0xff,0xdb,0xdb,0xdb,0xff,
    0xd9,0xd9,0xd9,0xf7,0x94,0x94,0x94,0x8b,0x00,0x00,0x00,0x00,0x00,0x00,0x00,0x00,
    0x00,0x00,0x00,0x00,0x00,0x00,0x00,0x00,0x00,0x00,0x00,0x00,0x00,0x00,0x00,0x00,
    0x00,0x00,0x00,0x00,0x00,0x00,0x00,0x00,0x00,0x00,0x00,0x00,0x00,0x00,0x00,0x00,
    0x00,0x00,0x00,0x00,0x00,0x00,0x00,0x00,0x00,0x00,0x00,0x00,0x00,0x00,0x00,0x00,
    0x00,0x00,0x00,0x00,0x00,0x00,0x00,0x00,0x00,0x00,0x00,0x00,0x00,0x00,0x00,0x00,
    0x00,0x00,0x00,0x00,0x00,0x00,0x00,0x00,0x00,0x00,0x00,0x00,0x00,0x00,0x00,0x00,
    0x00,0x00,0x00,0x00,0x00,0x00,0x00,0x00,0x00,0x00,0x00,0x00,0x00,0x00,0x00,0x00,
    0x00,0x00,0x00,0x00,0x00,0x00,0x00,0x00,0x00,0x00,0x00,0x00,0x00,0x00,0x00,0x00,
    0x00,0x00,0x00,0x00,0x00,0x00,0x00,0x00,0x00,0x00,0x00,0x00,0x00,0x00,0x00,0x00,
    0x00,0x00,0x00,0x00,0x00,0x00,0x00,0x00,0x00,0x00,0x00,0x00,0x00,0x00,0x00,0x00,
    0x00,0x00,0x00,0x00,0x00,0x00,0x00,0x00,0x00,0x00,0x00,0x00,0x00,0x00,0x00,0x00,
    0x00,0x00,0x00,0x00,0x6a,0x6a,0x6a,0x7b,0x8d,0x8d,0x8d,0xfb,0x83,0x83,0x83,0xff,
    0x5f,0x5f,0x5f,0xff,0x5f,0x5f,0x5f,0xff,0x6e,0x6e,0x6e,0xff,0x6a,0x6a,0x6a,0xff,
    0x72,0x72,0x72,0xff,0x6f,0x6f,0x6f,0xff,0x77,0x77,0x77,0xff,0x6f,0x6f,0x6f,0xff,
    0x77,0x77,0x77,0xff,0x6e,0x6e,0x6e,0xff,0x4f,0x4f,0x4f,0xff,0xa2,0xa2,0xa2,0xff,
    0x8b,0x8b,0x8b,0xff,0xa5,0xa5,0xa5,0xff,0xb3,0xb3,0xb3,0xff,0xbb,0xbb,0xbb,0xff,
    0xb8,0xb8,0xb8,0xff,0xc2,0xc2,0xc2,0xff,0xb7,0xb7,0xb7,0xff,0xa8,0xa8,0xa8,0xff,
    0x8c,0x8c,0x8c,0xff,0x79,0x79,0x79,0xff,0x69,0x69,0x69,0xff,0x64,0x64,0x64,0xff,
    0x91,0x91,0x91,0xff,0x9e,0x9e,0x9e,0xff,0x96,0x96,0x96,0xff,0x55,0x55,0x55,0xff,
    0x42,0x42,0x42,0xff,0x5d,0x5d,0x5d,0xff,0x69,0x69,0x69,0xff,0x62,0x62,0x62,0xff,
    0x38,0x38,0x38,0xff,0x4a,0x4a,0x4a,0xff,0x6e,0x6e,0x6e,0xff,0x7b,0x7b,0x7b,0xff,
    0x61,0x61,0x61,0xff,0x54,0x54,0x54,0xff,0x43,0x43,0x43,0xff,0x43,0x43,0x43,0xff,
    0x59,0x59,0x59,0xff,0x6f,0x6f,0x6f,0xff,0xad,0xad,0xad,0xff,0x9d,0x9d,0x9d,0xff,
    0xaa,0xaa,0xaa,0xff,0xa8,0xa8,0xa8,0xff,0x9b,0x9b,0x9b,0xff,0xb7,0xb7,0xb7,0xff,
    0xa0,0xa0,0xa0,0xff,0x90,0x90,0x90,0xff,0x77,0x77,0x77,0xff,0x54,0x54,0x54,0xff,
    0x55,0x55,0x55,0xff,0x6f,0x6f,0x6f,0xff,0x76,0x76,0x76,0xff,0x91,0x91,0x91,0xff,
    0xa6,0xa6,0xa6,0xff,0x91,0x91,0x91,0xff,0x9a,0x9a,0x9a,0xff,0x89,0x89,0x89,0xff,
    0x7c,0x7c,0x7c,0xff,0x99,0x99,0x99,0xff,0x98,0x98,0x98,0xff,0x93,0x93,0x93,0xff,
    0x99,0x99,0x99,0xff,0x7c,0x7c,0x7c,0xff,0x79,0x79,0x79,0xff,0xad,0xad,0xad,0xff,
    0xb7,0xb7,0xb7,0xff,0xb5,0xb5,0xb5,0xff,0xbf,0xbf,0xbf,0xff,0xbf,0xbf,0xbf,0xff,
    0xb4,0xb4,0xb4,0xff,0xb5,0xb5,0xb5,0xff,0xbd,0xbd,0xbd,0xff,0xb0,0xb0,0xb0,0xff,
    0xa8,0xa8,0xa8,0xff,0xad,0xad,0xad,0xff,0xb2,0xb2,0xb2,0xff,0xd6,0xd6,0xd6,0xff,
    0xcf,0xcf,0xcf,0xff,0xd7,0xd7,0xd7,0xff,0xa8,0xa8,0xa8,0x97,0x00,0x00,0x00,0x00,
    0x00,0x00,0x00,0x00,0x00,0x00,0x00,0x00,0x00,0x00,0x00,0x00,0x00,0x00,0x00,0x00,
    0x00,0x00,0x00,0x00,0x00,0x00,0x00,0x00,0x00,0x00,0x00,0x00,0x00,0x00,0x00,0x00,
    0x00,0x00,0x00,0x00,0x00,0x00,0x00,0x00,0x00,0x00,0x00,0x00,0x00,0x00,0x00,0x00,
    0x00,0x00,0x00,0x00,0x00,0x00,0x00,0x00,0x00,0x00,0x00,0x00,0x00,0x00,0x00,0x00,
    0x00,0x00,0x00,0x00,0x00,0x00,0x00,0x00,0x00,0x00,0x00,0x00,0x00,0x00,0x00,0x00,
    0x00,0x00,0x00,0x00,0x00,0x00,0x00,0x00,0x00,0x00,0x00,0x00,0x00,0x00,0x00,0x00,
    0x00,0x00,0x00,0x00,0x00,0x00,0x00,0x00,0x00,0x00,0x00,0x00,0x00,0x00,0x00,0x00,
    0x00,0x00,0x00,0x00,0x00,0x00,0x00,0x00,0x00,0x00,0x00,0x00,0x00,0x00,0x00,0x00,
    0x00,0x00,0x00,0x00,0x00,0x00,0x00,0x00,0x00,0x00,0x00,0x00,0x00,0x00,0x00,0x00,
    0x00,0x00,0x00,0x00,0x00,0x00,0x00,0x00,0x00,0x00,0x00,0x00,0x00,0x00,0x00,0x00,
    0x6e,0x6e,0x6e,0x7f,0x89,0x89,0x89,0xff,0x7e,0x7e,0x7e,0xff,0x4d,0x4d,0x4d,0xff,
    0x54,0x54,0x54,0xff,0x5f,0x5f,0x5f,0xff,0x66,0x66,0x66,0xff,0x6c,0x6c,0x6c,0xff,
    0x64,0x64,0x64,0xff,0x6f,0x6f,0x6f,0xff,0x71,0x71,0x71,0xff,0x6f,0x6f,0x6f,0xff,
    0x81,0x81,0x81,0xff,0x5f,0x5f,0x5f,0xff,0x86,0x86,0x86,0xff,0xad,0xad,0xad,0xff,
    0xaa,0xaa,0xaa,0xff,0xb5,0xb5,0xb5,0xff,0xaa,0xaa,0xaa,0xff,0xaf,0xaf,0xaf,0xff,
    0xa5,0xa5,0xa5,0xff,0xc5,0xc5,0xc5,0xff,0x86,0x86,0x86,0xff,0x47,0x47,0x47,0xff,
    0x45,0x45,0x45,0xff,0x4b,0x4b,0x4b,0xff,0x55,0x55,0x55,0xff,0x4a,0x4a,0x4a,0xff,
    0x4f,0x4f,0x4f,0xff,0x7b,0x7b,0x7b,0xff,0x54,0x54,0x54,0xff,0x3d,0x3d,0x3d,0xff,
    0x3e,0x3e,0x3e,0xff,0x3d,0x3d,0x3d,0xff,0x42,0x42,0x42,0xff,0x40,0x40,0x40,0xff,
    0x3a,0x3a,0x3a,0xff,0x43,0x43,0x43,0xff,0x4f,0x4f,0x4f,0xff,0x7c,0x7c,0x7c,0xff,
    0x4d,0x4d,0x4d,0xff,0x48,0x48,0x48,0xff,0x47,0x47,0x47,0xff,0x3d,0x3d,0x3d,0xff,
    0x43,0x43,0x43,0xff,0x4c,0x4c,0x4c,0xff,0x6a,0x6a,0x6a,0xff,0x83,0x83,0x83,0xff,
    0xa5,0xa5,0xa5,0xff,0xa2,0xa2,0xa2,0xff,0x9e,0x9e,0x9e,0xff,0xa7,0xa7,0xa7,0xff,
    0xad,0xad,0xad,0xff,0xa0,0xa0,0xa0,0xff,0x7e,0x7e,0x7e,0xff,0x67,0x67,0x67,0xff,
    0x76,0x76,0x76,0xff,0x91,0x91,0x91,0xff,0x76,0x76,0x76,0xff,0x7b,0x7b,0x7b,0xff,
    0x77,0x77,0x77,0xff,0x90,0x90,0x90,0xff,0x96,0x96,0x96,0xff,0x9a,0x9a,0x9a,0xff,
    0xaf,0xaf,0xaf,0xff,0xa3,0xa3,0xa3,0xff,0xab,0xab,0xab,0xff,0xaa,0xaa,0xaa,0xff,
    0x91,0x91,0x91,0xff,0x81,0x81,0x81,0xff,0x81,0x81,0x81,0xff,0xb4,0xb4,0xb4,0xff,
    0xbf,0xbf,0xbf,0xff,0xaf,0xaf,0xaf,0xff,0xc1,0xc1,0xc1,0xff,0xba,0xba,0xba,0xff,
    0xc1,0xc1,0xc1,0xff,0xbc,0xbc,0xbc,0xff,0xc5,0xc5,0xc5,0xff,0xc4,0xc4,0xc4,0xff,
    0xb5,0xb5,0xb5,0xff,0x71,0x71,0x71,0xff,0x96,0x96,0x96,0xff,0xb4,0xb4,0xb4,0xff,
    0xca,0xca,0xca,0xff,0xd2,0xd2,0xd2,0xff,0xe1,0xe1,0xe1,0xff,0xca,0xca,0xca,0xb7,
    0x32,0x32,0x32,0x23,0x00,0x00,0x00,0x00,0x00,0x00,0x00,0x00,0x00,0x00,0x00,0x00,
    0x00,0x00,0x00,0x00,0x00,0x00,0x00,0x00,0x00,0x00,0x00,0x00,0x00,0x00,0x00,0x00,
    0x00,0x00,0x00,0x00,0x00,0x00,0x00,0x00,0x00,0x00,0x00,0x00,0x00,0x00,0x00,0x00,
    0x00,0x00,0x00,0x00,0x00,0x00,0x00,0x00,0x00,0x00,0x00,0x00,0x00,0x00,0x00,0x00,
    0x00,0x00,0x00,0x00,0x00,0x00,0x00,0x00,0x00,0x00,0x00,0x00,0x00,0x00,0x00,0x00,
    0x00,0x00,0x00,0x00,0x00,0x00,0x00,0x00,0x00,0x00,0x00,0x00,0x00,0x00,0x00,0x00,
    0x00,0x00,0x00,0x00,0x00,0x00,0x00,0x00,0x00,0x00,0x00,0x00,0x00,0x00,0x00,0x00,
    0x00,0x00,0x00,0x00,0x00,0x00,0x00,0x00,0x00,0x00,0x00,0x00,0x00,0x00,0x00,0x00,
    0x00,0x00,0x00,0x00,0x00,0x00,0x00,0x00,0x00,0x00,0x00,0x00,0x00,0x00,0x00,0x00,
    0x00,0x00,0x00,0x00,0x00,0x00,0x00,0x00,0x00,0x00,0x00,0x00,0x5b,0x5b,0x5b,0x77,
    0x88,0x88,0x88,0xff,0x6c,0x6c,0x6c,0xff,0x4c,0x4c,0x4c,0xff,0x5d,0x5d,0x5d,0xff,
    0x55,0x55,0x55,0xff,0x61,0x61,0x61,0xff,0x62,0x62,0x62,0xff,0x61,0x61,0x61,0xff,
    0x64,0x64,0x64,0xff,0x79,0x79,0x79,0xff,0x66,0x66,0x66,0xff,0x55,0x55,0x55,0xff,
    0x4d,0x4d,0x4d,0xff,0x43,0x43,0x43,0xff,0x8b,0x8b,0x8b,0xff,0xa8,0xa8,0xa8,0xff,
    0xad,0xad,0xad,0xff,0xb2,0xb2,0xb2,0xff,0xb2,0xb2,0xb2,0xff,0x9b,0x9b,0x9b,0xff,
    0xb2,0xb2,0xb2,0xff,0xbc,0xbc,0xbc,0xff,0x5c,0x5c,0x5c,0xff,0x42,0x42,0x42,0xff,
    0x43,0x43,0x43,0xff,0x4c,0x4c,0x4c,0xff,0x5c,0x5c,0x5c,0xff,0x4a,0x4a,0x4a,0xff,
    0x43,0x43,0x43,0xff,0x40,0x40,0x40,0xff,0x3a,0x3a,0x3a,0xff,0x38,0x38,0x38,0xff,
    0x35,0x35,0x35,0xff,0x42,0x42,0x42,0xff,0x45,0x45,0x45,0xff,0x45,0x45,0x45,0xff,
    0x43,0x43,0x43,0xff,0x52,0x52,0x52,0xff,0x4b,0x4b,0x4b,0xff,0x59,0x59,0x59,0xff,
    0x4a,0x4a,0x4a,0xff,0x71,0x71,0x71,0xff,0x65,0x65,0x65,0xff,0x48,0x48,0x48,0xff,
    0x43,0x43,0x43,0xff,0x45,0x45,0x45,0xff,0x47,0x47,0x47,0xff,0x3b,0x3b,0x3b,0xff,
    0x79,0x79,0x79,0xff,0x93,0x93,0x93,0xff,0x89,0x89,0x89,0xff,0xa0,0xa0,0xa0,0xff,
    0xb5,0xb5,0xb5,0xff,0x9d,0x9d,0x9d,0xff,0xa0,0xa0,0xa0,0xff,0x8d,0x8d,0x8d,0xff,
    0x71,0x71,0x71,0xff,0x99,0x99,0x99,0xff,0x98,0x98,0x98,0xff,0x72,0x72,0x72,0xff,
    0x81,0x81,0x81,0xff,0x88,0x88,0x88,0xff,0x95,0x95,0x95,0xff,0xb7,0xb7,0xb7,0xff,
    0xa8,0xa8,0xa8,0xff,0xa3,0xa3,0xa3,0xff,0x81,0x81,0x81,0xff,0x80,0x80,0x80,0xff,
    0x7c,0x7c,0x7c,0xff,0x80,0x80,0x80,0xff,0x7b,0x7b,0x7b,0xff,0xbd,0xbd,0xbd,0xff,
    0xaf,0xaf,0xaf,0xff,0x98,0x98,0x98,0xff,0xab,0xab,0xab,0xff,0xc9,0xc9,0xc9,0xff,
    0xb7,0xb7,0xb7,0xff,0xb7,0xb7,0xb7,0xff,0xbf,0xbf,0xbf,0xff,0xc2,0xc2,0xc2,0xff,
    0xdc,0xdc,0xdc,0xff,0xa8,0xa8,0xa8,0xff,0x89,0x89,0x89,0xff,0x8b,0x8b,0x8b,0xff,
    0xaf,0xaf,0xaf,0xff,0xd1,0xd1,0xd1,0xff,0xd7,0xd7,0xd7,0xff,0xe1,0xe1,0xe1,0xff,
    0xc1,0xc1,0xc1,0xcb,0x39,0x39,0x39,0x23,0x00,0x00,0x00,0x00,0x00,0x00,0x00,0x00,
    0x00,0x00,0x00,0x00,0x00,0x00,0x00,0x00,0x00,0x00,0x00,0x00,0x00,0x00,0x00,0x00,
    0x00,0x00,0x00,0x00,0x00,0x00,0x00,0x00,0x00,0x00,0x00,0x00,0x00,0x00,0x00,0x00,
    0x00,0x00,0x00,0x00,0x00,0x00,0x00,0x00,0x00,0x00,0x00,0x00,0x00,0x00,0x00,0x00,
    0x00,0x00,0x00,0x00,0x00,0x00,0x00,0x00,0x00,0x00,0x00,0x00,0x00,0x00,0x00,0x00,
    0x00,0x00,0x00,0x00,0x00,0x00,0x00,0x00,0x00,0x00,0x00,0x00,0x00,0x00,0x00,0x00,
    0x00,0x00,0x00,0x00,0x00,0x00,0x00,0x00,0x00,0x00,0x00,0x00,0x00,0x00,0x00,0x00,
    0x00,0x00,0x00,0x00,0x00,0x00,0x00,0x00,0x00,0x00,0x00,0x00,0x00,0x00,0x00,0x00,
    0x00,0x00,0x00,0x00,0x00,0x00,0x00,0x00,0x00,0x00,0x00,0x00,0x00,0x00,0x00,0x00,
    0x00,0x00,0x00,0x00,0x00,0x00,0x00,0x00,0x46,0x46,0x46,0x6f,0x86,0x86,0x86,0xff,
    0x79,0x79,0x79,0xff,0x54,0x54,0x54,0xff,0x4f,0x4f,0x4f,0xff,0x4f,0x4f,0x4f,0xff,
    0x5a,0x5a,0x5a,0xff,0x55,0x55,0x55,0xff,0x61,0x61,0x61,0xff,0x5d,0x5d,0x5d,0xff,
    0x6c,0x6c,0x6c,0xff,0x62,0x62,0x62,0xff,0x4d,0x4d,0x4d,0xff,0x48,0x48,0x48,0xff,
    0x43,0x43,0x43,0xff,0x48,0x48,0x48,0xff,0x77,0x77,0x77,0xff,0x98,0x98,0x98,0xff,
    0x99,0x99,0x99,0xff,0xa0,0xa0,0xa0,0xff,0x9b,0x9b,0x9b,0xff,0x98,0x98,0x98,0xff,
    0xaf,0xaf,0xaf,0xff,0x86,0x86,0x86,0xff,0x50,0x50,0x50,0xff,0x3e,0x3e,0x3e,0xff,
    0x42,0x42,0x42,0xff,0x4b,0x4b,0x4b,0xff,0x5d,0x5d,0x5d,0xff,0x4f,0x4f,0x4f,0xff,
    0x43,0x43,0x43,0xff,0x3a,0x3a,0x3a,0xff,0x36,0x36,0x36,0xff,0x38,0x38,0x38,0xff,
    0x36,0x36,0x36,0xff,0x3a,0x3a,0x3a,0xff,0x42,0x42,0x42,0xff,0x48,0x48,0x48,0xff,
    0x55,0x55,0x55,0xff,0x40,0x40,0x40,0xff,0x40,0x40,0x40,0xff,0x4c,0x4c,0x4c,0xff,
    0x43,0x43,0x43,0xff,0x4a,0x4a,0x4a,0xff,0x3b,0x3b,0x3b,0xff,0x42,0x42,0x42,0xff,
    0x3f,0x3f,0x3f,0xff,0x45,0x45,0x45,0xff,0x4a,0x4a,0x4a,0xff,0x40,0x40,0x40,0xff,
    0x6f,0x6f,0x6f,0xff,0x9b,0x9b,0x9b,0xff,0x79,0x79,0x79,0xff,0xa2,0xa2,0xa2,0xff,
    0xaf,0xaf,0xaf,0xff,0xad,0xad,0xad,0xff,0x93,0x93,0x93,0xff,0x9e,0x9e,0x9e,0xff,
    0x98,0x98,0x98,0xff,0x84,0x84,0x84,0xff,0xa0,0xa0,0xa0,0xff,0x9a,0x9a,0x9a,0xff,
    0xc4,0xc4,0xc4,0xff,0xbd,0xbd,0xbd,0xff,0xa0,0xa0,0xa0,0xff,0xab,0xab,0xab,0xff,
    0xb2,0xb2,0xb2,0xff,0xaa,0xaa,0xaa,0xff,0x86,0x86,0x86,0xff,0x7b,0x7b,0x7b,0xff,
    0x93,0x93,0x93,0xff,0xb4,0xb4,0xb4,0xff,0x8b,0x8b,0x8b,0xff,0xb3,0xb3,0xb3,0xff,
    0x9b,0x9b,0x9b,0xff,0x8d,0x8d,0x8d,0xff,0x96,0x96,0x96,0xff,0xa6,0xa6,0xa6,0xff,
    0x98,0x98,0x98,0xff,0xa8,0xa8,0xa8,0xff,0xb2,0xb2,0xb2,0xff,0xb5,0xb5,0xb5,0xff,
    0xc9,0xc9,0xc9,0xff,0xbf,0xbf,0xbf,0xff,0x96,0x96,0x96,0xff,0x90,0x90,0x90,0xff,
    0x66,0x66,0x66,0xff,0x95,0x95,0x95,0xff,0xd1,0xd1,0xd1,0xff,0xc9,0xc9,0xc9,0xff,
    0xe3,0xe3,0xe3,0xff,0xc6,0xc6,0xc6,0xd3,0x2d,0x2d,0x2d,0x3b,0x00,0x00,0x00,0x00,
    0x00,0x00,0x00,0x00,0x00,0x00,0x00,0x00,0x00,0x00,0x00,0x00,0x00,0x00,0x00,0x00,
    0x00,0x00,0x00,0x00,0x00,0x00,0x00,0x00,0x00,0x00,0x00,0x00,0x00,0x00,0x00,0x00,
    0x00,0x00,0x00,0x00,0x00,0x00,0x00,0x00,0x00,0x00,0x00,0x00,0x00,0x00,0x00,0x00,
    0x00,0x00,0x00,0x00,0x00,0x00,0x00,0x00,0x00,0x00,0x00,0x00,0x00,0x00,0x00,0x00,
    0x00,0x00,0x00,0x00,0x00,0x00,0x00,0x00,0x00,0x00,0x00,0x00,0x00,0x00,0x00,0x00,
    0x00,0x00,0x00,0x00,0x00,0x00,0x00,0x00,0x00,0x00,0x00,0x00,0x00,0x00,0x00,0x00,
    0x00,0x00,0x00,0x00,0x00,0x00,0x00,0x00,0x00,0x00,0x00,0x00,0x00,0x00,0x00,0x00,
    0x00,0x00,0x00,0x00,0x00,0x00,0x00,0x00,0x00,0x00,0x00,0x00,0x00,0x00,0x00,0x00,
    0x00,0x00,0x00,0x00,0x4b,0x4b,0x4b,0x73,0x7b,0x7b,0x7b,0xff,0x88,0x88,0x88,0xff,
    0x81,0x81,0x81,0xff,0x47,0x47,0x47,0xff,0x47,0x47,0x47,0xff,0x54,0x54,0x54,0xff,
    0x55,0x55,0x55,0xff,0x55,0x55,0x55,0xff,0x57,0x57,0x57,0xff,0x66,0x66,0x66,0xff,
    0x5d,0x5d,0x5d,0xff,0x58,0x58,0x58,0xff,0x54,0x54,0x54,0xff,0x4d,0x4d,0x4d,0xff,
    0x47,0x47,0x47,0xff,0x7c,0x7c,0x7c,0xff,0x98,0x98,0x98,0xff,0x9e,0x9e,0x9e,0xff,
    0x93,0x93,0x93,0xff,0x99,0x99,0x99,0xff,0x8d,0x8d,0x8d,0xff,0xa7,0xa7,0xa7,0xff,
    0xb4,0xb4,0xb4,0xff,0x67,0x67,0x67,0xff,0x47,0x47,0x47,0xff,0x40,0x40,0x40,0xff,
    0x3b,0x3b,0x3b,0xff,0x3f,0x3f,0x3f,0xff,0x43,0x43,0x43,0xff,0x43,0x43,0x43,0xff,
    0x3b,0x3b,0x3b,0xff,0x38,0x38,0x38,0xff,0x3a,0x3a,0x3a,0xff,0x38,0x38,0x38,0xff,
    0x3b,0x3b,0x3b,0xff,0x3a,0x3a,0x3a,0xff,0x3d,0x3d,0x3d,0xff,0x45,0x45,0x45,0xff,
    0x47,0x47,0x47,0xff,0x47,0x47,0x47,0xff,0x40,0x40,0x40,0xff,0x55,0x55,0x55,0xff,
    0x57,0x57,0x57,0xff,0x4a,0x4a,0x4a,0xff,0x62,0x62,0x62,0xff,0x40,0x40,0x40,0xff,
    0x40,0x40,0x40,0xff,0x3d,0x3d,0x3d,0xff,0x47,0x47,0x47,0xff,0x42,0x42,0x42,0xff,
    0x3f,0x3f,0x3f,0xff,0x6f,0x6f,0x6f,0xff,0xa0,0xa0,0xa0,0xff,0x9b,0x9b,0x9b,0xff,
    0x91,0x91,0x91,0xff,0xa6,0xa6,0xa6,0xff,0xad,0xad,0xad,0xff,0x9d,0x9d,0x9d,0xff,
    0x89,0x89,0x89,0xff,0x98,0x98,0x98,0xff,0xa5,0xa5,0xa5,0xff,0xad,0xad,0xad,0xff,
    0xb8,0xb8,0xb8,0xff,0xbd,0xbd,0xbd,0xff,0xaf,0xaf,0xaf,0xff,0x9d,0x9d,0x9d,0xff,
    0xa8,0xa8,0xa8,0xff,0x99,0x99,0x99,0xff,0x8c,0x8c,0x8c,0xff,0x76,0x76,0x76,0xff,
    0x72,0x72,0x72,0xff,0x6f,0x6f,0x6f,0xff,0x8b,0x8b,0x8b,0xff,0xb8,0xb8,0xb8,0xff,
    0x9b,0x9b,0x9b,0xff,0x99,0x99,0x99,0xff,0x89,0x89,0x89,0xff,0x8e,0x8e,0x8e,0xff,
    0x8c,0x8c,0x8c,0xff,0x99,0x99,0x99,0xff,0x98,0x98,0x98,0xff,0xb2,0xb2,0xb2,0xff,
    0xcc,0xcc,0xcc,0xff,0xba,0xba,0xba,0xff,0x9e,0x9e,0x9e,0xff,0x93,0x93,0x93,0xff,
    0x91,0x91,0x91,0xff,0x77,0x77,0x77,0xff,0xaf,0xaf,0xaf,0xff,0x8c,0x8c,0x8c,0xff,
    0xbd,0xbd,0xbd,0xff,0xe3,0xe3,0xe3,0xff,0xcb,0xcb,0xcb,0xb3,0x22,0x22,0x22,0x3b,
    0x00,0x00,0x00,0x00,0x00,0x00,0x00,0x00,0x00,0x00,0x00,0x00,0x00,0x00,0x00,0x00,
    0x00,0x00,0x00,0x00,0x00,0x00,0x00,0x00,0x00,0x00,0x00,0x00,0x00,0x00,0x00,0x00,
    0x00,0x00,0x00,0x00,0x00,0x00,0x00,0x00,0x00,0x00,0x00,0x00,0x00,0x00,0x00,0x00,
    0x00,0x00,0x00,0x00,0x00,0x00,0x00,0x00,0x00,0x00,0x00,0x00,0x00,0x00,0x00,0x00,
    0x00,0x00,0x00,0x00,0x00,0x00,0x00,0x00,0x00,0x00,0x00,0x00,0x00,0x00,0x00,0x00,
    0x00,0x00,0x00,0x00,0x00,0x00,0x00,0x00,0x00,0x00,0x00,0x00,0x00,0x00,0x00,0x00,
    0x00,0x00,0x00,0x00,0x00,0x00,0x00,0x00,0x00,0x00,0x00,0x00,0x00,0x00,0x00,0x00,
    0x00,0x00,0x00,0x00,0x00,0x00,0x00,0x00,0x00,0x00,0x00,0x00,0x00,0x00,0x00,0x00,
    0x50,0x50,0x50,0x57,0x77,0x77,0x77,0xff,0x7c,0x7c,0x7c,0xff,0x96,0x96,0x96,0xff,
    0x4c,0x4c,0x4c,0xff,0x43,0x43,0x43,0xff,0x4d,0x4d,0x4d,0xff,0x54,0x54,0x54,0xff,
    0x54,0x54,0x54,0xff,0x50,0x50,0x50,0xff,0x5d,0x5d,0x5d,0xff,0x5a,0x5a,0x5a,0xff,
    0x59,0x59,0x59,0xff,0x5c,0x5c,0x5c,0xff,0x54,0x54,0x54,0xff,0x4a,0x4a,0x4a,0xff,
    0x50,0x50,0x50,0xff,0x98,0x98,0x98,0xff,0x9e,0x9e,0x9e,0xff,0x9e,0x9e,0x9e,0xff,
    0x9b,0x9b,0x9b,0xff,0x90,0x90,0x90,0xff,0x9a,0x9a,0x9a,0xff,0x9b,0x9b,0x9b,0xff,
    0x8b,0x8b,0x8b,0xff,0x76,0x76,0x76,0xff,0x4f,0x4f,0x4f,0xff,0x3f,0x3f,0x3f,0xff,
    0x3b,0x3b,0x3b,0xff,0x38,0x38,0x38,0xff,0x38,0x38,0x38,0xff,0x3a,0x3a,0x3a,0xff,
    0x3b,0x3b,0x3b,0xff,0x3d,0x3d,0x3d,0xff,0x3a,0x3a,0x3a,0xff,0x36,0x36,0x36,0xff,
    0x3a,0x3a,0x3a,0xff,0x3a,0x3a,0x3a,0xff,0x3a,0x3a,0x3a,0xff,0x3f,0x3f,0x3f,0xff,
    0x45,0x45,0x45,0xff,0x4a,0x4a,0x4a,0xff,0x52,0x52,0x52,0xff,0x50,0x50,0x50,0xff,
    0x45,0x45,0x45,0xff,0x43,0x43,0x43,0xff,0x3f,0x3f,0x3f,0xff,0x3e,0x3e,0x3e,0xff,
    0x42,0x42,0x42,0xff,0x4f,0x4f,0x4f,0xff,0x57,0x57,0x57,0xff,0x4f,0x4f,0x4f,0xff,
    0x55,0x55,0x55,0xff,0x50,0x50,0x50,0xff,0x91,0x91,0x91,0xff,0x86,0x86,0x86,0xff,
    0x77,0x77,0x77,0xff,0x95,0x95,0x95,0xff,0x9e,0x9e,0x9e,0xff,0xb2,0xb2,0xb2,0xff,
    0x8c,0x8c,0x8c,0xff,0x87,0x87,0x87,0xff,0x9e,0x9e,0x9e,0xff,0xad,0xad,0xad,0xff,
    0xa3,0xa3,0xa3,0xff,0x9d,0x9d,0x9d,0xff,0x9b,0x9b,0x9b,0xff,0xa0,0xa0,0xa0,0xff,
    0xa5,0xa5,0xa5,0xff,0x93,0x93,0x93,0xff,0x96,0x96,0x96,0xff,0x9e,0x9e,0x9e,0xff,
    0x7e,0x7e,0x7e,0xff,0x9e,0x9e,0x9e,0xff,0xa5,0xa5,0xa5,0xff,0xc0,0xc0,0xc0,0xff,
    0xb4,0xb4,0xb4,0xff,0xa5,0xa5,0xa5,0xff,0xaa,0xaa,0xaa,0xff,0xa0,0xa0,0xa0,0xff,
    0xa2,0xa2,0xa2,0xff,0x96,0x96,0x96,0xff,0x89,0x89,0x89,0xff,0x9e,0x9e,0x9e,0xff,
    0xa8,0xa8,0xa8,0xff,0xb5,0xb5,0xb5,0xff,0xb3,0xb3,0xb3,0xff,0x98,0x98,0x98,0xff,
    0xaa,0xaa,0xaa,0xff,0xaf,0xaf,0xaf,0xff,0x7c,0x7c,0x7c,0xff,0x9b,0x9b,0x9b,0xff,
    0x86,0x86,0x86,0xff,0xd4,0xd4,0xd4,0xff,0xec,0xec,0xec,0xff,0xc0,0xc0,0xc0,0xaf,
    0x00,0x00,0x00,0x00,0x00,0x00,0x00,0x00,0x00,0x00,0x00,0x00,0x00,0x00,0x00,0x00,
    0x00,0x00,0x00,0x00,0x00,0x00,0x00,0x00,0x00,0x00,0x00,0x00,0x00,0x00,0x00,0x00,
    0x00,0x00,0x00,0x00,0x00,0x00,0x00,0x00,0x00,0x00,0x00,0x00,0x00,0x00,0x00,0x00,
    0x00,0x00,0x00,0x00,0x00,0x00,0x00,0x00,0x00,0x00,0x00,0x00,0x00,0x00,0x00,0x00,
    0x00,0x00,0x00,0x00,0x00,0x00,0x00,0x00,0x00,0x00,0x00,0x00,0x00,0x00,0x00,0x00,
    0x00,0x00,0x00,0x00,0x00,0x00,0x00,0x00,0x00,0x00,0x00,0x00,0x00,0x00,0x00,0x00,
    0x00,0x00,0x00,0x00,0x00,0x00,0x00,0x00,0x00,0x00,0x00,0x00,0x00,0x00,0x00,0x00,
    0x00,0x00,0x00,0x00,0x00,0x00,0x00,0x00,0x00,0x00,0x00,0x00,0x50,0x50,0x50,0x37,
    0x6f,0x6f,0x6f,0xf7,0x69,0x69,0x69,0xff,0x45,0x45,0x45,0xff,0x47,0x47,0x47,0xff,
    0x43,0x43,0x43,0xff,0x45,0x45,0x45,0xff,0x4f,0x4f,0x4f,0xff,0x50,0x50,0x50,0xff,
    0x52,0x52,0x52,0xff,0x5a,0x5a,0x5a,0xff,0x66,0x66,0x66,0xff,0x54,0x54,0x54,0xff,
    0x5a,0x5a,0x5a,0xff,0x57,0x57,0x57,0xff,0x55,0x55,0x55,0xff,0x4c,0x4c,0x4c,0xff,
    0x65,0x65,0x65,0xff,0x9b,0x9b,0x9b,0xff,0xa5,0xa5,0xa5,0xff,0x9d,0x9d,0x9d,0xff,
    0xa6,0xa6,0xa6,0xff,0x84,0x84,0x84,0xff,0x89,0x89,0x89,0xff,0x67,0x67,0x67,0xff,
    0x4a,0x4a,0x4a,0xff,0x4a,0x4a,0x4a,0xff,0x42,0x42,0x42,0xff,0x3a,0x3a,0x3a,0xff,
    0x36,0x36,0x36,0xff,0x3a,0x3a,0x3a,0xff,0x3a,0x3a,0x3a,0xff,0x36,0x36,0x36,0xff,
    0x38,0x38,0x38,0xff,0x40,0x40,0x40,0xff,0x3d,0x3d,0x3d,0xff,0x3e,0x3e,0x3e,0xff,
    0x40,0x40,0x40,0xff,0x3a,0x3a,0x3a,0xff,0x3a,0x3a,0x3a,0xff,0x40,0x40,0x40,0xff,
    0x40,0x40,0x40,0xff,0x45,0x45,0x45,0xff,0x4f,0x4f,0x4f,0xff,0x4f,0x4f,0x4f,0xff,
    0x42,0x42,0x42,0xff,0x47,0x47,0x47,0xff,0x40,0x40,0x40,0xff,0x45,0x45,0x45,0xff,
    0x40,0x40,0x40,0xff,0x4a,0x4a,0x4a,0xff,0x55,0x55,0x55,0xff,0x50,0x50,0x50,0xff,
    0x79,0x79,0x79,0xff,0x59,0x59,0x59,0xff,0x5f,0x5f,0x5f,0xff,0x71,0x71,0x71,0xff,
    0x8c,0x8c,0x8c,0xff,0xa5,0xa5,0xa5,0xff,0x7b,0x7b,0x7b,0xff,0x93,0x93,0x93,0xff,
    0x9e,0x9e,0x9e,0xff,0xab,0xab,0xab,0xff,0xb4,0xb4,0xb4,0xff,0xaf,0xaf,0xaf,0xff,
    0x9d,0x9d,0x9d,0xff,0xa3,0xa3,0xa3,0xff,0xad,0xad,0xad,0xff,0xa5,0xa5,0xa5,0xff,
    0xa2,0xa2,0xa2,0xff,0x8b,0x8b,0x8b,0xff,0x61,0x61,0x61,0xff,0x71,0x71,0x71,0xff,
    0x61,0x61,0x61,0xff,0x76,0x76,0x76,0xff,0xa0,0xa0,0xa0,0xff,0xad,0xad,0xad,0xff,
    0xa3,0xa3,0xa3,0xff,0xa2,0xa2,0xa2,0xff,0x9e,0x9e,0x9e,0xff,0x98,0x98,0x98,0xff,
    0x99,0x99,0x99,0xff,0x93,0x93,0x93,0xff,0xa3,0xa3,0xa3,0xff,0xb2,0xb2,0xb2,0xff,
    0xa5,0xa5,0xa5,0xff,0xb4,0xb4,0xb4,0xff,0xc7,0xc7,0xc7,0xff,0xa5,0xa5,0xa5,0xff,
    0x8b,0x8b,0x8b,0xff,0xb7,0xb7,0xb7,0xff,0xba,0xba,0xba,0xff,0xa2,0xa2,0xa2,0xff,
    0xb5,0xb5,0xb5,0xff,0xb5,0xb5,0xb5,0xff,0xdf,0xdf,0xdf,0xff,0xf0,0xf0,0xf0,0xff,
    0x99,0x99,0x99,0xab,0x00,0x00,0x00,0x00,0x00,0x00,0x00,0x00,0x00,0x00,0x00,0x00,
    0x00,0x00,0x00,0x00,0x00,0x00,0x00,0x00,0x00,0x00,0x00,0x00,0x00,0x00,0x00,0x00,
    0x00,0x00,0x00,0x00,0x00,0x00,0x00,0x00,0x00,0x00,0x00,0x00,0x00,0x00,0x00,0x00,
    0x00,0x00,0x00,0x00,0x00,0x00,0x00,0x00,0x00,0x00,0x00,0x00,0x00,0x00,0x00,0x00,
    0x00,0x00,0x00,0x00,0x00,0x00,0x00,0x00,0x00,0x00,0x00,0x00,0x00,0x00,0x00,0x00,
    0x00,0x00,0x00,0x00,0x00,0x00,0x00,0x00,0x00,0x00,0x00,0x00,0x00,0x00,0x00,0x00,
    0x00,0x00,0x00,0x00,0x00,0x00,0x00,0x00,0x00,0x00,0x00,0x00,0x00,0x00,0x00,0x00,
    0x00,0x00,0x00,0x00,0x00,0x00,0x00,0x00,0x3a,0x3a,0x3a,0x13,0x74,0x74,0x74,0xd3,
    0x6a,0x6a,0x6a,0xff,0x47,0x47,0x47,0xff,0x54,0x54,0x54,0xff,0x43,0x43,0x43,0xff,
    0x47,0x47,0x47,0xff,0x4c,0x4c,0x4c,0xff,0x4d,0x4d,0x4d,0xff,0x57,0x57,0x57,0xff,
    0x5d,0x5d,0x5d,0xff,0x62,0x62,0x62,0xff,0x5f,0x5f,0x5f,0xff,0x55,0x55,0x55,0xff,
    0x5a,0x5a,0x5a,0xff,0x69,0x69,0x69,0xff,0x64,0x64,0x64,0xff,0x57,0x57,0x57,0xff,
    0x95,0x95,0x95,0xff,0x8d,0x8d,0x8d,0xff,0x7f,0x7f,0x7f,0xff,0x80,0x80,0x80,0xff,
    0x83,0x83,0x83,0xff,0xb8,0xb8,0xb8,0xff,0x71,0x71,0x71,0xff,0x43,0x43,0x43,0xff,
    0x38,0x38,0x38,0xff,0x3d,0x3d,0x3d,0xff,0x42,0x42,0x42,0xff,0x43,0x43,0x43,0xff,
    0x43,0x43,0x43,0xff,0x3f,0x3f,0x3f,0xff,0x38,0x38,0x38,0xff,0x38,0x38,0x38,0xff,
    0x38,0x38,0x38,0xff,0x3a,0x3a,0x3a,0xff,0x36,0x36,0x36,0xff,0x38,0x38,0x38,0xff,
    0x38,0x38,0x38,0xff,0x38,0x38,0x38,0xff,0x3a,0x3a,0x3a,0xff,0x3a,0x3a,0x3a,0xff,
    0x40,0x40,0x40,0xff,0x48,0x48,0x48,0xff,0x59,0x59,0x59,0xff,0x57,0x57,0x57,0xff,
    0x45,0x45,0x45,0xff,0x42,0x42,0x42,0xff,0x42,0x42,0x42,0xff,0x4b,0x4b,0x4b,0xff,
    0x59,0x59,0x59,0xff,0x5d,0x5d,0x5d,0xff,0x5f,0x5f,0x5f,0xff,0x6e,0x6e,0x6e,0xff,
    0x69,0x69,0x69,0xff,0x61,0x61,0x61,0xff,0x67,0x67,0x67,0xff,0x6e,0x6e,0x6e,0xff,
    0x73,0x73,0x73,0xff,0x9b,0x9b,0x9b,0xff,0x7b,0x7b,0x7b,0xff,0x71,0x71,0x71,0xff,
    0x96,0x96,0x96,0xff,0xb2,0xb2,0xb2,0xff,0xc2,0xc2,0xc2,0xff,0xa5,0xa5,0xa5,0xff,
    0x71,0x71,0x71,0xff,0x9b,0x9b,0x9b,0xff,0xb3,0xb3,0xb3,0xff,0xaf,0xaf,0xaf,0xff,
    0xa2,0xa2,0xa2,0xff,0x9b,0x9b,0x9b,0xff,0x83,0x83,0x83,0xff,0x54,0x54,0x54,0xff,
    0x5a,0x5a,0x5a,0xff,0x5f,0x5f,0x5f,0xff,0x7f,0x7f,0x7f,0xff,0x7b,0x7b,0x7b,0xff,
    0x79,0x79,0x79,0xff,0x90,0x90,0x90,0xff,0xb0,0xb0,0xb0,0xff,0x88,0x88,0x88,0xff,
    0x8e,0x8e,0x8e,0xff,0x90,0x90,0x90,0xff,0xab,0xab,0xab,0xff,0xc2,0xc2,0xc2,0xff,
    0xbc,0xbc,0xbc,0xff,0xb5,0xb5,0xb5,0xff,0xbd,0xbd,0xbd,0xff,0xc2,0xc2,0xc2,0xff,
    0x89,0x89,0x89,0xff,0x83,0x83,0x83,0xff,0xbd,0xbd,0xbd,0xff,0xab,0xab,0xab,0xff,
    0x98,0x98,0x98,0xff,0xbc,0xbc,0xbc,0xff,0xc4,0xc4,0xc4,0xff,0xdb,0xdb,0xdb,0xff,
    0xea,0xea,0xea,0xff,0x7b,0x7b,0x7b,0x73,0x00,0x00,0x00,0x00,0x00,0x00,0x00,0x00,
    0x00,0x00,0x00,0x00,0x00,0x00,0x00,0x00,0x00,0x00,0x00,0x00,0x00,0x00,0x00,0x00,
    0x00,0x00,0x00,0x00,0x00,0x00,0x00,0x00,0x00,0x00,0x00,0x00,0x00,0x00,0x00,0x00,
    0x00,0x00,0x00,0x00,0x00,0x00,0x00,0x00,0x00,0x00,0x00,0x00,0x00,0x00,0x00,0x00,
    0x00,0x00,0x00,0x00,0x00,0x00,0x00,0x00,0x00,0x00,0x00,0x00,0x00,0x00,0x00,0x00,
    0x00,0x00,0x00,0x00,0x00,0x00,0x00,0x00,0x00,0x00,0x00,0x00,0x00,0x00,0x00,0x00,
    0x00,0x00,0x00,0x00,0x00,0x00,0x00,0x00,0x00,0x00,0x00,0x00,0x00,0x00,0x00,0x00,
    0x00,0x00,0x00,0x00,0x00,0x00,0x00,0x00,0x70,0x70,0x70,0xb3,0x74,0x74,0x74,0xff,
    0x48,0x48,0x48,0xff,0x48,0x48,0x48,0xff,0x57,0x57,0x57,0xff,0x4c,0x4c,0x4c,0xff,
    0x4f,0x4f,0x4f,0xff,0x57,0x57,0x57,0xff,0x59,0x59,0x59,0xff,0x5a,0x5a,0x5a,0xff,
    0x59,0x59,0x59,0xff,0x5c,0x5c,0x5c,0xff,0x54,0x54,0x54,0xff,0x57,0x57,0x57,0xff,
    0x69,0x69,0x69,0xff,0x6f,0x6f,0x6f,0xff,0x5f,0x5f,0x5f,0xff,0x61,0x61,0x61,0xff,
    0x91,0x91,0x91,0xff,0x83,0x83,0x83,0xff,0x81,0x81,0x81,0xff,0x89,0x89,0x89,0xff,
    0x6a,0x6a,0x6a,0xff,0x74,0x74,0x74,0xff,0x58,0x58,0x58,0xff,0x40,0x40,0x40,0xff,
    0x3e,0x3e,0x3e,0xff,0x42,0x42,0x42,0xff,0x40,0x40,0x40,0xff,0x43,0x43,0x43,0xff,
    0x42,0x42,0x42,0xff,0x3d,0x3d,0x3d,0xff,0x3b,0x3b,0x3b,0xff,0x3b,0x3b,0x3b,0xff,
    0x3a,0x3a,0x3a,0xff,0x3b,0x3b,0x3b,0xff,0x3e,0x3e,0x3e,0xff,0x3b,0x3b,0x3b,0xff,
    0x38,0x38,0x38,0xff,0x40,0x40,0x40,0xff,0x40,0x40,0x40,0xff,0x3d,0x3d,0x3d,0xff,
    0x47,0x47,0x47,0xff,0x4d,0x4d,0x4d,0xff,0x59,0x59,0x59,0xff,0x55,0x55,0x55,0xff,
    0x4a,0x4a,0x4a,0xff,0x47,0x47,0x47,0xff,0x4f,0x4f,0x4f,0xff,0x5a,0x5a,0x5a,0xff,
    0x57,0x57,0x57,0xff,0x62,0x62,0x62,0xff,0x6e,0x6e,0x6e,0xff,0x89,0x89,0x89,0xff,
    0x83,0x83,0x83,0xff,0x6c,0x6c,0x6c,0xff,0x6a,0x6a,0x6a,0xff,0x66,0x66,0x66,0xff,
    0x50,0x50,0x50,0xff,0x69,0x69,0x69,0xff,0x69,0x69,0x69,0xff,0x79,0x79,0x79,0xff,
    0xc2,0xc2,0xc2,0xff,0xaa,0xaa,0xaa,0xff,0xb8,0xb8,0xb8,0xff,0xb2,0xb2,0xb2,0xff,
    0xaf,0xaf,0xaf,0xff,0xa5,0xa5,0xa5,0xff,0xb5,0xb5,0xb5,0xff,0xab,0xab,0xab,0xff,
    0xab,0xab,0xab,0xff,0xab,0xab,0xab,0xff,0xa5,0xa5,0xa5,0xff,0x77,0x77,0x77,0xff,
    0x55,0x55,0x55,0xff,0x61,0x61,0x61,0xff,0x69,0x69,0x69,0xff,0x71,0x71,0x71,0xff,
    0x69,0x69,0x69,0xff,0xa5,0xa5,0xa5,0xff,0x9d,0x9d,0x9d,0xff,0x7e,0x7e,0x7e,0xff,
    0x4b,0x4b,0x4b,0xff,0x66,0x66,0x66,0xff,0x64,0x64,0x64,0xff,0xbd,0xbd,0xbd,0xff,
    0xa8,0xa8,0xa8,0xff,0xad,0xad,0xad,0xff,0xb4,0xb4,0xb4,0xff,0xb3,0xb3,0xb3,0xff,
    0x9e,0x9e,0x9e,0xff,0xa2,0xa2,0xa2,0xff,0x9e,0x9e,0x9e,0xff,0xb5,0xb5,0xb5,0xff,
    0xab,0xab,0xab,0xff,0xc4,0xc4,0xc4,0xff,0xc2,0xc2,0xc2,0xff,0xbc,0xbc,0xbc,0xff,
    0xe3,0xe3,0xe3,0xff,0xe3,0xe3,0xe3,0xf3,0x52,0x52,0x52,0x53,0x00,0x00,0x00,0x00,
    0x00,0x00,0x00,0x00,0x00,0x00,0x00,0x00,0x00,0x00,0x00,0x00,0x00,0x00,0x00,0x00,
    0x00,0x00,0x00,0x00,0x00,0x00,0x00,0x00,0x00,0x00,0x00,0x00,0x00,0x00,0x00,0x00,
    0x00,0x00,0x00,0x00,0x00,0x00,0x00,0x00,0x00,0x00,0x00,0x00,0x00,0x00,0x00,0x00,
    0x00,0x00,0x00,0x00,0x00,0x00,0x00,0x00,0x00,0x00,0x00,0x00,0x00,0x00,0x00,0x00,
    0x00,0x00,0x00,0x00,0x00,0x00,0x00,0x00,0x00,0x00,0x00,0x00,0x00,0x00,0x00,0x00,
    0x00,0x00,0x00,0x00,0x00,0x00,0x00,0x00,0x00,0x00,0x00,0x00,0x00,0x00,0x00,0x00,
    0x00,0x00,0x00,0x00,0x58,0x58,0x58,0x87,0x89,0x89,0x89,0xff,0x6e,0x6e,0x6e,0xff,
    0x48,0x48,0x48,0xff,0x4a,0x4a,0x4a,0xff,0x50,0x50,0x50,0xff,0x52,0x52,0x52,0xff,
    0x54,0x54,0x54,0xff,0x5d,0x5d,0x5d,0xff,0x65,0x65,0x65,0xff,0x5a,0x5a,0x5a,0xff,
    0x50,0x50,0x50,0xff,0x54,0x54,0x54,0xff,0x59,0x59,0x59,0xff,0x5d,0x5d,0x5d,0xff,
    0x64,0x64,0x64,0xff,0x66,0x66,0x66,0xff,0x5d,0x5d,0x5d,0xff,0x66,0x66,0x66,0xff,
    0x73,0x73,0x73,0xff,0x7e,0x7e,0x7e,0xff,0x77,0x77,0x77,0xff,0x8d,0x8d,0x8d,0xff,
    0x79,0x79,0x79,0xff,0x64,0x64,0x64,0xff,0x40,0x40,0x40,0xff,0x3d,0x3d,0x3d,0xff,
    0x3f,0x3f,0x3f,0xff,0x3e,0x3e,0x3e,0xff,0x3f,0x3f,0x3f,0xff,0x3e,0x3e,0x3e,0xff,
    0x3f,0x3f,0x3f,0xff,0x3d,0x3d,0x3d,0xff,0x3d,0x3d,0x3d,0xff,0x3e,0x3e,0x3e,0xff,
    0x3b,0x3b,0x3b,0xff,0x3a,0x3a,0x3a,0xff,0x38,0x38,0x38,0xff,0x3d,0x3d,0x3d,0xff,
    0x40,0x40,0x40,0xff,0x45,0x45,0x45,0xff,0x3b,0x3b,0x3b,0xff,0x3e,0x3e,0x3e,0xff,
    0x45,0x45,0x45,0xff,0x58,0x58,0x58,0xff,0x57,0x57,0x57,0xff,0x5d,0x5d,0x5d,0xff,
    0x4f,0x4f,0x4f,0xff,0x43,0x43,0x43,0xff,0x43,0x43,0x43,0xff,0x4b,0x4b,0x4b,0xff,
    0x62,0x62,0x62,0xff,0x57,0x57,0x57,0xff,0x73,0x73,0x73,0xff,0x6f,0x6f,0x6f,0xff,
    0x6c,0x6c,0x6c,0xff,0x5d,0x5d,0x5d,0xff,0x5f,0x5f,0x5f,0xff,0x4d,0x4d,0x4d,0xff,
    0x55,0x55,0x55,0xff,0x73,0x73,0x73,0xff,0x9e,0x9e,0x9e,0xff,0x86,0x86,0x86,0xff,
    0xb3,0xb3,0xb3,0xff,0xa8,0xa8,0xa8,0xff,0xb0,0xb0,0xb0,0xff,0x9d,0x9d,0x9d,0xff,
    0x61,0x61,0x61,0xff,0x4a,0x4a,0x4a,0xff,0x76,0x76,0x76,0xff,0x9a,0x9a,0x9a,0xff,
    0xa8,0xa8,0xa8,0xff,0xaa,0xaa,0xaa,0xff,0xa2,0xa2,0xa2,0xff,0x89,0x89,0x89,0xff,
    0x4a,0x4a,0x4a,0xff,0x4a,0x4a,0x4a,0xff,0x66,0x66,0x66,0xff,0x71,0x71,0x71,0xff,
    0x74,0x74,0x74,0xff,0x80,0x80,0x80,0xff,0x81,0x81,0x81,0xff,0x91,0x91,0x91,0xff,
    0x57,0x57,0x57,0xff,0x45,0x45,0x45,0xff,0x59,0x59,0x59,0xff,0xb0,0xb0,0xb0,0xff,
    0xba,0xba,0xba,0xff,0xc2,0xc2,0xc2,0xff,0xa5,0xa5,0xa5,0xff,0xa8,0xa8,0xa8,0xff,
    0x9d,0x9d,0x9d,0xff,0xa7,0xa7,0xa7,0xff,0xa6,0xa6,0xa6,0xff,0xbd,0xbd,0xbd,0xff,
    0xb7,0xb7,0xb7,0xff,0xd4,0xd4,0xd4,0xff,0xbf,0xbf,0xbf,0xff,0xba,0xba,0xba,0xff,
    0xc4,0xc4,0xc4,0xff,0xd9,0xd9,0xd9,0xff,0xd6,0xd6,0xd6,0xd3,0x26,0x26,0x26,0x23,
    0x00,0x00,0x00,0x00,0x00,0x00,0x00,0x00,0x00,0x00,0x00,0x00,0x00,0x00,0x00,0x00,
    0x00,0x00,0x00,0x00,0x00,0x00,0x00,0x00,0x00,0x00,0x00,0x00,0x00,0x00,0x00,0x00,
    0x00,0x00,0x00,0x00,0x00,0x00,0x00,0x00,0x00,0x00,0x00,0x00,0x00,0x00,0x00,0x00,
    0x00,0x00,0x00,0x00,0x00,0x00,0x00,0x00,0x00,0x00,0x00,0x00,0x00,0x00,0x00,0x00,
    0x00,0x00,0x00,0x00,0x00,0x00,0x00,0x00,0x00,0x00,0x00,0x00,0x00,0x00,0x00,0x00,
    0x00,0x00,0x00,0x00,0x00,0x00,0x00,0x00,0x00,0x00,0x00,0x00,0x00,0x00,0x00,0x00,
    0x3f,0x3f,0x3f,0x5b,0x77,0x77,0x77,0xfb,0x5d,0x5d,0x5d,0xff,0x4b,0x4b,0x4b,0xff,
    0x48,0x48,0x48,0xff,0x61,0x61,0x61,0xff,0x61,0x61,0x61,0xff,0x5a,0x5a,0x5a,0xff,
    0x5d,0x5d,0x5d,0xff,0x61,0x61,0x61,0xff,0x55,0x55,0x55,0xff,0x52,0x52,0x52,0xff,
    0x54,0x54,0x54,0xff,0x54,0x54,0x54,0xff,0x57,0x57,0x57,0xff,0x5d,0x5d,0x5d,0xff,
    0x66,0x66,0x66,0xff,0x61,0x61,0x61,0xff,0x5c,0x5c,0x5c,0xff,0x5f,0x5f,0x5f,0xff,
    0x59,0x59,0x59,0xff,0x58,0x58,0x58,0xff,0x52,0x52,0x52,0xff,0x72,0x72,0x72,0xff,
    0x5c,0x5c,0x5c,0xff,0x45,0x45,0x45,0xff,0x40,0x40,0x40,0xff,0x3f,0x3f,0x3f,0xff,
    0x3e,0x3e,0x3e,0xff,0x47,0x47,0x47,0xff,0x4b,0x4b,0x4b,0xff,0x4a,0x4a,0x4a,0xff,
    0x48,0x48,0x48,0xff,0x45,0x45,0x45,0xff,0x43,0x43,0x43,0xff,0x43,0x43,0x43,0xff,
    0x40,0x40,0x40,0xff,0x3b,0x3b,0x3b,0xff,0x3d,0x3d,0x3d,0xff,0x3e,0x3e,0x3e,0xff,
    0x42,0x42,0x42,0xff,0x42,0x42,0x42,0xff,0x40,0x40,0x40,0xff,0x47,0x47,0x47,0xff,
    0x47,0x47,0x47,0xff,0x50,0x50,0x50,0xff,0x50,0x50,0x50,0xff,0x4d,0x4d,0x4d,0xff,
    0x47,0x47,0x47,0xff,0x43,0x43,0x43,0xff,0x3d,0x3d,0x3d,0xff,0x48,0x48,0x48,0xff,
    0x61,0x61,0x61,0xff,0x52,0x52,0x52,0xff,0x57,0x57,0x57,0xff,0x64,0x64,0x64,0xff,
    0x59,0x59,0x59,0xff,0x4a,0x4a,0x4a,0xff,0x57,0x57,0x57,0xff,0x3a,0x3a,0x3a,0xff,
    0x50,0x50,0x50,0xff,0x4f,0x4f,0x4f,0xff,0x67,0x67,0x67,0xff,0x80,0x80,0x80,0xff,
    0xa2,0xa2,0xa2,0xff,0xa5,0xa5,0xa5,0xff,0x90,0x90,0x90,0xff,0x61,0x61,0x61,0xff,
    0x3a,0x3a,0x3a,0xff,0x2d,0x2d,0x2d,0xff,0x35,0x35,0x35,0xff,0x38,0x38,0x38,0xff,
    0x50,0x50,0x50,0xff,0x7b,0x7b,0x7b,0xff,0x8b,0x8b,0x8b,0xff,0x91,0x91,0x91,0xff,
    0x96,0x96,0x96,0xff,0x79,0x79,0x79,0xff,0x71,0x71,0x71,0xff,0x73,0x73,0x73,0xff,
    0x55,0x55,0x55,0xff,0x67,0x67,0x67,0xff,0x6f,0x6f,0x6f,0xff,0x52,0x52,0x52,0xff,
    0x4f,0x4f,0x4f,0xff,0x43,0x43,0x43,0xff,0x52,0x52,0x52,0xff,0x98,0x98,0x98,0xff,
    0xc7,0xc7,0xc7,0xff,0xb5,0xb5,0xb5,0xff,0x96,0x96,0x96,0xff,0xa3,0xa3,0xa3,0xff,
    0xa7,0xa7,0xa7,0xff,0xc4,0xc4,0xc4,0xff,0xad,0xad,0xad,0xff,0xb7,0xb7,0xb7,0xff,
    0xbf,0xbf,0xbf,0xff,0xc2,0xc2,0xc2,0xff,0xda,0xda,0xda,0xff,0xb7,0xb7,0xb7,0xff,
    0xc4,0xc4,0xc4,0xff,0xb4,0xb4,0xb4,0xff,0xd1,0xd1,0xd1,0xff,0xb7,0xb7,0xb7,0xc3,
    0x00,0x00,0x00,0x00,0x00,0x00,0x00,0x00,0x00,0x00,0x00,0x00,0x00,0x00,0x00,0x00,
    0x00,0x00,0x00,0x00,0x00,0x00,0x00,0x00,0x00,0x00,0x00,0x00,0x00,0x00,0x00,0x00,
    0x00,0x00,0x00,0x00,0x00,0x00,0x00,0x00,0x00,0x00,0x00,0x00,0x00,0x00,0x00,0x00,
    0x00,0x00,0x00,0x00,0x00,0x00,0x00,0x00,0x00,0x00,0x00,0x00,0x00,0x00,0x00,0x00,
    0x00,0x00,0x00,0x00,0x00,0x00,0x00,0x00,0x00,0x00,0x00,0x00,0x00,0x00,0x00,0x00,
    0x00,0x00,0x00,0x00,0x00,0x00,0x00,0x00,0x00,0x00,0x00,0x00,0x23,0x23,0x23,0x0f,
    0x61,0x61,0x61,0xe3,0x4a,0x4a,0x4a,0xff,0x3f,0x3f,0x3f,0xff,0x4a,0x4a,0x4a,0xff,
    0x5d,0x5d,0x5d,0xff,0x7c,0x7c,0x7c,0xff,0x76,0x76,0x76,0xff,0x62,0x62,0x62,0xff,
    0x62,0x62,0x62,0xff,0x5a,0x5a,0x5a,0xff,0x55,0x55,0x55,0xff,0x55,0x55,0x55,0xff,
    0x54,0x54,0x54,0xff,0x50,0x50,0x50,0xff,0x5a,0x5a,0x5a,0xff,0x65,0x65,0x65,0xff,
    0x6f,0x6f,0x6f,0xff,0x5d,0x5d,0x5d,0xff,0x5c,0x5c,0x5c,0xff,0x59,0x59,0x59,0xff,
    0x55,0x55,0x55,0xff,0x54,0x54,0x54,0xff,0x5d,0x5d,0x5d,0xff,0x5a,0x5a,0x5a,0xff,
    0x4a,0x4a,0x4a,0xff,0x40,0x40,0x40,0xff,0x42,0x42,0x42,0xff,0x43,0x43,0x43,0xff,
    0x4f,0x4f,0x4f,0xff,0x52,0x52,0x52,0xff,0x4a,0x4a,0x4a,0xff,0x43,0x43,0x43,0xff,
    0x42,0x42,0x42,0xff,0x42,0x42,0x42,0xff,0x42,0x42,0x42,0xff,0x44,0x44,0x44,0xff,
    0x3d,0x3d,0x3d,0xff,0x3f,0x3f,0x3f,0xff,0x3f,0x3f,0x3f,0xff,0x3d,0x3d,0x3d,0xff,
    0x42,0x42,0x42,0xff,0x48,0x48,0x48,0xff,0x45,0x45,0x45,0xff,0x47,0x47,0x47,0xff,
    0x47,0x47,0x47,0xff,0x47,0x47,0x47,0xff,0x50,0x50,0x50,0xff,0x52,0x52,0x52,0xff,
    0x47,0x47,0x47,0xff,0x3b,0x3b,0x3b,0xff,0x3b,0x3b,0x3b,0xff,0x42,0x42,0x42,0xff,
    0x76,0x76,0x76,0xff,0x42,0x42,0x42,0xff,0x55,0x55,0x55,0xff,0x62,0x62,0x62,0xff,
    0x5f,0x5f,0x5f,0xff,0x67,0x67,0x67,0xff,0x9b,0x9b,0x9b,0xff,0x4a,0x4a,0x4a,0xff,
    0x40,0x40,0x40,0xff,0x3f,0x3f,0x3f,0xff,0x4f,0x4f,0x4f,0xff,0x71,0x71,0x71,0xff,
    0xb8,0xb8,0xb8,0xff,0xc0,0xc0,0xc0,0xff,0x6e,0x6e,0x6e,0xff,0x30,0x30,0x30,0xff,
    0x32,0x32,0x32,0xff,0x30,0x30,0x30,0xff,0x38,0x38,0x38,0xff,0x38,0x38,0x38,0xff,
    0x3d,0x3d,0x3d,0xff,0x4f,0x4f,0x4f,0xff,0x6c,0x6c,0x6c,0xff,0x77,0x77,0x77,0xff,
    0x96,0x96,0x96,0xff,0x9b,0x9b,0x9b,0xff,0x5d,0x5d,0x5d,0xff,0x3b,0x3b,0x3b,0xff,
    0x40,0x40,0x40,0xff,0x65,0x65,0x65,0xff,0x7e,0x7e,0x7e,0xff,0x88,0x88,0x88,0xff,
    0x57,0x57,0x57,0xff,0x47,0x47,0x47,0xff,0x48,0x48,0x48,0xff,0x5c,0x5c,0x5c,0xff,
    0x93,0x93,0x93,0xff,0xab,0xab,0xab,0xff,0xbf,0xbf,0xbf,0xff,0xd1,0xd1,0xd1,0xff,
    0xc7,0xc7,0xc7,0xff,0xc5,0xc5,0xc5,0xff,0xb2,0xb2,0xb2,0xff,0xad,0xad,0xad,0xff,
    0xbd,0xbd,0xbd,0xff,0xb8,0xb8,0xb8,0xff,0xdc,0xdc,0xdc,0xff,0xc5,0xc5,0xc5,0xff,
    0xc5,0xc5,0xc5,0xff,0xbd,0xbd,0xbd,0xff,0xca,0xca,0xca,0xff,0xe1,0xe1,0xe1,0xff,
    0x78,0x78,0x78,0x6b,0x00,0x00,0x00,0x00,0x00,0x00,0x00,0x00,0x00,0x00,0x00,0x00,
    0x00,0x00,0x00,0x00,0x00,0x00,0x00,0x00,0x00,0x00,0x00,0x00,0x00,0x00,0x00,0x00,
    0x00,0x00,0x00,0x00,0x00,0x00,0x00,0x00,0x00,0x00,0x00,0x00,0x00,0x00,0x00,0x00,
    0x00,0x00,0x00,0x00,0x00,0x00,0x00,0x00,0x00,0x00,0x00,0x00,0x00,0x00,0x00,0x00,
    0x00,0x00,0x00,0x00,0x00,0x00,0x00,0x00,0x00,0x00,0x00,0x00,0x00,0x00,0x00,0x00,
    0x00,0x00,0x00,0x00,0x00,0x00,0x00,0x00,0x00,0x00,0x00,0x00,0x4f,0x4f,0x4f,0x93,
    0x77,0x77,0x77,0xff,0x40,0x40,0x40,0xff,0x43,0x43,0x43,0xff,0x55,0x55,0x55,0xff,
    0x74,0x74,0x74,0xff,0x89,0x89,0x89,0xff,0x5a,0x5a,0x5a,0xff,0x57,0x57,0x57,0xff,
    0x55,0x55,0x55,0xff,0x57,0x57,0x57,0xff,0x5a,0x5a,0x5a,0xff,0x58,0x58,0x58,0xff,
    0x57,0x57,0x57,0xff,0x5d,0x5d,0x5d,0xff,0x6c,0x6c,0x6c,0xff,0x71,0x71,0x71,0xff,
    0x67,0x67,0x67,0xff,0x5f,0x5f,0x5f,0xff,0x62,0x62,0x62,0xff,0x55,0x55,0x55,0xff,
    0x57,0x57,0x57,0xff,0x59,0x59,0x59,0xff,0x5d,0x5d,0x5d,0xff,0x5a,0x5a,0x5a,0xff,
    0x43,0x43,0x43,0xff,0x43,0x43,0x43,0xff,0x4c,0x4c,0x4c,0xff,0x50,0x50,0x50,0xff,
    0x57,0x57,0x57,0xff,0x4a,0x4a,0x4a,0xff,0x45,0x45,0x45,0xff,0x40,0x40,0x40,0xff,
    0x3f,0x3f,0x3f,0xff,0x3e,0x3e,0x3e,0xff,0x40,0x40,0x40,0xff,0x42,0x42,0x42,0xff,
    0x3f,0x3f,0x3f,0xff,0x40,0x40,0x40,0xff,0x3e,0x3e,0x3e,0xff,0x3d,0x3d,0x3d,0xff,
    0x3d,0x3d,0x3d,0xff,0x47,0x47,0x47,0xff,0x52,0x52,0x52,0xff,0x42,0x42,0x42,0xff,
    0x40,0x40,0x40,0xff,0x3f,0x3f,0x3f,0xff,0x42,0x42,0x42,0xff,0x48,0x48,0x48,0xff,
    0x47,0x47,0x47,0xff,0x40,0x40,0x40,0xff,0x38,0x38,0x38,0xff,0x3b,0x3b,0x3b,0xff,
    0x5f,0x5f,0x5f,0xff,0x45,0x45,0x45,0xff,0x55,0x55,0x55,0xff,0x5c,0x5c,0x5c,0xff,
    0x69,0x69,0x69,0xff,0x7c,0x7c,0x7c,0xff,0x80,0x80,0x80,0xff,0x84,0x84,0x84,0xff,
    0x43,0x43,0x43,0xff,0x3b,0x3b,0x3b,0xff,0x3e,0x3e,0x3e,0xff,0x59,0x59,0x59,0xff,
    0x77,0x77,0x77,0xff,0xaf,0xaf,0xaf,0xff,0x61,0x61,0x61,0xff,0x35,0x35,0x35,0xff,
    0x40,0x40,0x40,0xff,0x48,0x48,0x48,0xff,0x42,0x42,0x42,0xff,0x3e,0x3e,0x3e,0xff,
    0x42,0x42,0x42,0xff,0x4a,0x4a,0x4a,0xff,0x55,0x55,0x55,0xff,0x65,0x65,0x65,0xff,
    0x5d,0x5d,0x5d,0xff,0x4a,0x4a,0x4a,0xff,0x52,0x52,0x52,0xff,0x3b,0x3b,0x3b,0xff,
    0x45,0x45,0x45,0xff,0x45,0x45,0x45,0xff,0x90,0x90,0x90,0xff,0x7f,0x7f,0x7f,0xff,
    0x62,0x62,0x62,0xff,0x48,0x48,0x48,0xff,0x4f,0x4f,0x4f,0xff,0x8b,0x8b,0x8b,0xff,
    0x7c,0x7c,0x7c,0xff,0x5d,0x5d,0x5d,0xff,0xb2,0xb2,0xb2,0xff,0xc5,0xc5,0xc5,0xff,
    0xc4,0xc4,0xc4,0xff,0xb3,0xb3,0xb3,0xff,0xc0,0xc0,0xc0,0xff,0x9d,0x9d,0x9d,0xff,
    0xb5,0xb5,0xb5,0xff,0xad,0xad,0xad,0xff,0xe4,0xe4,0xe4,0xff,0xdf,0xdf,0xdf,0xff,
    0xca,0xca,0xca,0xff,0xc0,0xc0,0xc0,0xff,0xcc,0xcc,0xcc,0xff,0xd6,0xd6,0xd6,0xff,
    0xd4,0xd4,0xd4,0xeb,0x38,0x38,0x38,0x2b,0x00,0x00,0x00,0x00,0x00,0x00,0x00,0x00,
    0x00,0x00,0x00,0x00,0x00,0x00,0x00,0x00,0x00,0x00,0x00,0x00,0x00,0x00,0x00,0x00,
    0x00,0x00,0x00,0x00,0x00,0x00,0x00,0x00,0x00,0x00,0x00,0x00,0x00,0x00,0x00,0x00,
    0x00,0x00,0x00,0x00,0x00,0x00,0x00,0x00,0x00,0x00,0x00,0x00,0x00,0x00,0x00,0x00,
    0x00,0x00,0x00,0x00,0x00,0x00,0x00,0x00,0x00,0x00,0x00,0x00,0x00,0x00,0x00,0x00,
    0x00,0x00,0x00,0x00,0x00,0x00,0x00,0x00,0x2d,0x2d,0x2d,0x5f,0x6c,0x6c,0x6c,0xfb,
    0x57,0x57,0x57,0xff,0x42,0x42,0x42,0xff,0x52,0x52,0x52,0xff,0x55,0x55,0x55,0xff,
    0x5d,0x5d,0x5d,0xff,0x5a,0x5a,0x5a,0xff,0x58,0x58,0x58,0xff,0x59,0x59,0x59,0xff,
    0x5c,0x5c,0x5c,0xff,0x62,0x62,0x62,0xff,0x6a,0x6a,0x6a,0xff,0x6a,0x6a,0x6a,0xff,
    0x69,0x69,0x69,0xff,0x74,0x74,0x74,0xff,0x6a,0x6a,0x6a,0xff,0x65,0x65,0x65,0xff,
    0x6e,0x6e,0x6e,0xff,0x73,0x73,0x73,0xff,0x65,0x65,0x65,0xff,0x62,0x62,0x62,0xff,
    0x67,0x67,0x67,0xff,0x69,0x69,0x69,0xff,0x69,0x69,0x69,0xff,0x61,0x61,0x61,0xff,
    0x4f,0x4f,0x4f,0xff,0x50,0x50,0x50,0xff,0x52,0x52,0x52,0xff,0x50,0x50,0x50,0xff,
    0x57,0x57,0x57,0xff,0x48,0x48,0x48,0xff,0x42,0x42,0x42,0xff,0x3d,0x3d,0x3d,0xff,
    0x3f,0x3f,0x3f,0xff,0x3b,0x3b,0x3b,0xff,0x3e,0x3e,0x3e,0xff,0x3d,0x3d,0x3d,0xff,
    0x3d,0x3d,0x3d,0xff,0x40,0x40,0x40,0xff,0x40,0x40,0x40,0xff,0x3b,0x3b,0x3b,0xff,
    0x3b,0x3b,0x3b,0xff,0x47,0x47,0x47,0xff,0x48,0x48,0x48,0xff,0x40,0x40,0x40,0xff,
    0x42,0x42,0x42,0xff,0x42,0x42,0x42,0xff,0x47,0x47,0x47,0xff,0x48,0x48,0x48,0xff,
    0x40,0x40,0x40,0xff,0x42,0x42,0x42,0xff,0x3d,0x3d,0x3d,0xff,0x3b,0x3b,0x3b,0xff,
    0x3d,0x3d,0x3d,0xff,0x3f,0x3f,0x3f,0xff,0x5a,0x5a,0x5a,0xff,0x58,0x58,0x58,0xff,
    0x50,0x50,0x50,0xff,0x61,0x61,0x61,0xff,0x7b,0x7b,0x7b,0xff,0x5f,0x5f,0x5f,0xff,
    0x3b,0x3b,0x3b,0xff,0x3d,0x3d,0x3d,0xff,0x4a,0x4a,0x4a,0xff,0x66,0x66,0x66,0xff,
    0x7c,0x7c,0x7c,0xff,0x83,0x83,0x83,0xff,0x45,0x45,0x45,0xff,0x35,0x35,0x35,0xff,
    0x32,0x32,0x32,0xff,0x3d,0x3d,0x3d,0xff,0x3f,0x3f,0x3f,0xff,0x48,0x48,0x48,0xff,
    0x43,0x43,0x43,0xff,0x43,0x43,0x43,0xff,0x4a,0x4a,0x4a,0xff,0x4c,0x4c,0x4c,0xff,
    0x43,0x43,0x43,0xff,0x4a,0x4a,0x4a,0xff,0x5d,0x5d,0x5d,0xff,0x40,0x40,0x40,0xff,
    0x48,0x48,0x48,0xff,0x5a,0x5a,0x5a,0xff,0x86,0x86,0x86,0xff,0xb7,0xb7,0xb7,0xff,
    0x95,0x95,0x95,0xff,0x6a,0x6a,0x6a,0xff,0x5a,0x5a,0x5a,0xff,0x74,0x74,0x74,0xff,
    0x9a,0x9a,0x9a,0xff,0x83,0x83,0x83,0xff,0x9a,0x9a,0x9a,0xff,0xd1,0xd1,0xd1,0xff,
    0xc2,0xc2,0xc2,0xff,0xc1,0xc1,0xc1,0xff,0xc5,0xc5,0xc5,0xff,0xbd,0xbd,0xbd,0xff,
    0xb5,0xb5,0xb5,0xff,0xba,0xba,0xba,0xff,0xc2,0xc2,0xc2,0xff,0xe4,0xe4,0xe4,0xff,
    0xd4,0xd4,0xd4,0xff,0xbd,0xbd,0xbd,0xff,0xca,0xca,0xca,0xff,0xcf,0xcf,0xcf,0xff,
    0xe3,0xe3,0xe3,0xff,0xb8,0xb8,0xb8,0xa3,0x00,0x00,0x00,0x00,0x00,0x00,0x00,0x00,
    0x00,0x00,0x00,0x00,0x00,0x00,0x00,0x00,0x00,0x00,0x00,0x00,0x00,0x00,0x00,0x00,
    0x00,0x00,0x00,0x00,0x00,0x00,0x00,0x00,0x00,0x00,0x00,0x00,0x00,0x00,0x00,0x00,
    0x00,0x00,0x00,0x00,0x00,0x00,0x00,0x00,0x00,0x00,0x00,0x00,0x00,0x00,0x00,0x00,
    0x00,0x00,0x00,0x00,0x00,0x00,0x00,0x00,0x00,0x00,0x00,0x00,0x00,0x00,0x00,0x00,
    0x00,0x00,0x00,0x00,0x00,0x00,0x00,0x00,0x51,0x51,0x51,0xd3,0x48,0x48,0x48,0xff,
    0x4a,0x4a,0x4a,0xff,0x5f,0x5f,0x5f,0xff,0x69,0x69,0x69,0xff,0x5d,0x5d,0x5d,0xff,
    0x5f,0x5f,0x5f,0xff,0x5d,0x5d,0x5d,0xff,0x5c,0x5c,0x5c,0xff,0x5d,0x5d,0x5d,0xff,
    0x5c,0x5c,0x5c,0xff,0x5f,0x5f,0x5f,0xff,0x64,0x64,0x64,0xff,0x6f,0x6f,0x6f,0xff,
    0x6f,0x6f,0x6f,0xff,0x6c,0x6c,0x6c,0xff,0x79,0x79,0x79,0xff,0x73,0x73,0x73,0xff,
    0x7c,0x7c,0x7c,0xff,0x74,0x74,0x74,0xff,0x6c,0x6c,0x6c,0xff,0x67,0x67,0x67,0xff,
    0x6a,0x6a,0x6a,0xff,0x6e,0x6e,0x6e,0xff,0x6e,0x6e,0x6e,0xff,0x77,0x77,0x77,0xff,
    0x54,0x54,0x54,0xff,0x5f,0x5f,0x5f,0xff,0x58,0x58,0x58,0xff,0x4f,0x4f,0x4f,0xff,
    0x4b,0x4b,0x4b,0xff,0x45,0x45,0x45,0xff,0x48,0x48,0x48,0xff,0x42,0x42,0x42,0xff,
    0x42,0x42,0x42,0xff,0x3b,0x3b,0x3b,0xff,0x3b,0x3b,0x3b,0xff,0x40,0x40,0x40,0xff,
    0x3f,0x3f,0x3f,0xff,0x47,0x47,0x47,0xff,0x43,0x43,0x43,0xff,0x42,0x42,0x42,0xff,
    0x43,0x43,0x43,0xff,0x42,0x42,0x42,0xff,0x40,0x40,0x40,0xff,0x42,0x42,0x42,0xff,
    0x45,0x45,0x45,0xff,0x48,0x48,0x48,0xff,0x4d,0x4d,0x4d,0xff,0x45,0x45,0x45,0xff,
    0x42,0x42,0x42,0xff,0x40,0x40,0x40,0xff,0x3d,0x3d,0x3d,0xff,0x3e,0x3e,0x3e,0xff,
    0x43,0x43,0x43,0xff,0x5c,0x5c,0x5c,0xff,0x61,0x61,0x61,0xff,0x58,0x58,0x58,0xff,
    0x67,0x67,0x67,0xff,0x74,0x74,0x74,0xff,0x76,0x76,0x76,0xff,0x6f,0x6f,0x6f,0xff,
    0x66,0x66,0x66,0xff,0x54,0x54,0x54,0xff,0x4f,0x4f,0x4f,0xff,0x6c,0x6c,0x6c,0xff,
    0x8b,0x8b,0x8b,0xff,0x5d,0x5d,0x5d,0xff,0x4a,0x4a,0x4a,0xff,0x35,0x35,0x35,0xff,
    0x31,0x31,0x31,0xff,0x33,0x33,0x33,0xff,0x38,0x38,0x38,0xff,0x3f,0x3f,0x3f,0xff,
    0x43,0x43,0x43,0xff,0x42,0x42,0x42,0xff,0x3e,0x3e,0x3e,0xff,0x3f,0x3f,0x3f,0xff,
    0x3e,0x3e,0x3e,0xff,0x52,0x52,0x52,0xff,0x52,0x52,0x52,0xff,0x3e,0x3e,0x3e,0xff,
    0x3a,0x3a,0x3a,0xff,0x50,0x50,0x50,0xff,0x91,0x91,0x91,0xff,0xb7,0xb7,0xb7,0xff,
    0xc9,0xc9,0xc9,0xff,0x8d,0x8d,0x8d,0xff,0x7b,0x7b,0x7b,0xff,0xb5,0xb5,0xb5,0xff,
    0xbf,0xbf,0xbf,0xff,0xb8,0xb8,0xb8,0xff,0xbc,0xbc,0xbc,0xff,0xc0,0xc0,0xc0,0xff,
    0xb4,0xb4,0xb4,0xff,0xaf,0xaf,0xaf,0xff,0xd9,0xd9,0xd9,0xff,0xbc,0xbc,0xbc,0xff,
    0xba,0xba,0xba,0xff,0xbc,0xbc,0xbc,0xff,0xcd,0xcd,0xcd,0xff,0xcf,0xcf,0xcf,0xff,
    0xcc,0xcc,0xcc,0xff,0xb8,0xb8,0xb8,0xff,0xad,0xad,0xad,0xff,0xcc,0xcc,0xcc,0xff,
    0xeb,0xeb,0xeb,0xff,0xe8,0xe8,0xe8,0xfb,0x68,0x68,0x68,0x53,0x00,0x00,0x00,0x00,
    0x00,0x00,0x00,0x00,0x00,0x00,0x00,0x00,0x00,0x00,0x00,0x00,0x00,0x00,0x00,0x00,
    0x00,0x00,0x00,0x00,0x00,0x00,0x00,0x00,0x00,0x00,0x00,0x00,0x00,0x00,0x00,0x00,
    0x00,0x00,0x00,0x00,0x00,0x00,0x00,0x00,0x00,0x00,0x00,0x00,0x00,0x00,0x00,0x00,
    0x00,0x00,0x00,0x00,0x00,0x00,0x00,0x00,0x00,0x00,0x00,0x00,0x00,0x00,0x00,0x00,
    0x00,0x00,0x00,0x00,0x42,0x42,0x42,0x6f,0x4f,0x4f,0x4f,0xff,0x42,0x42,0x42,0xff,
    0x7b,0x7b,0x7b,0xff,0x69,0x69,0x69,0xff,0x7f,0x7f,0x7f,0xff,0x5f,0x5f,0x5f,0xff,
    0x62,0x62,0x62,0xff,0x61,0x61,0x61,0xff,0x5a,0x5a,0x5a,0xff,0x5a,0x5a,0x5a,0xff,
    0x58,0x58,0x58,0xff,0x61,0x61,0x61,0xff,0x74,0x74,0x74,0xff,0x81,0x81,0x81,0xff,
    0x61,0x61,0x61,0xff,0x66,0x66,0x66,0xff,0x7c,0x7c,0x7c,0xff,0x83,0x83,0x83,0xff,
    0x7f,0x7f,0x7f,0xff,0x79,0x79,0x79,0xff,0x6c,0x6c,0x6c,0xff,0x6c,0x6c,0x6c,0xff,
    0x62,0x62,0x62,0xff,0x5c,0x5c,0x5c,0xff,0x5a,0x5a,0x5a,0xff,0x5c,0x5c,0x5c,0xff,
    0x58,0x58,0x58,0xff,0x6e,0x6e,0x6e,0xff,0x57,0x57,0x57,0xff,0x57,0x57,0x57,0xff,
    0x4b,0x4b,0x4b,0xff,0x43,0x43,0x43,0xff,0x4d,0x4d,0x4d,0xff,0x4a,0x4a,0x4a,0xff,
    0x45,0x45,0x45,0xff,0x43,0x43,0x43,0xff,0x48,0x48,0x48,0xff,0x48,0x48,0x48,0xff,
    0x4d,0x4d,0x4d,0xff,0x50,0x50,0x50,0xff,0x40,0x40,0x40,0xff,0x3d,0x3d,0x3d,0xff,
    0x45,0x45,0x45,0xff,0x52,0x52,0x52,0xff,0x40,0x40,0x40,0xff,0x3d,0x3d,0x3d,0xff,
    0x42,0x42,0x42,0xff,0x47,0x47,0x47,0xff,0x45,0x45,0x45,0xff,0x42,0x42,0x42,0xff,
    0x42,0x42,0x42,0xff,0x40,0x40,0x40,0xff,0x4f,0x4f,0x4f,0xff,0x4a,0x4a,0x4a,0xff,
    0x74,0x74,0x74,0xff,0x5f,0x5f,0x5f,0xff,0x74,0x74,0x74,0xff,0x77,0x77,0x77,0xff,
    0x7e,0x7e,0x7e,0xff,0x79,0x79,0x79,0xff,0x8b,0x8b,0x8b,0xff,0x84,0x84,0x84,0xff,
    0x76,0x76,0x76,0xff,0x5a,0x5a,0x5a,0xff,0x3e,0x3e,0x3e,0xff,0x5f,0x5f,0x5f,0xff,
    0x50,0x50,0x50,0xff,0x45,0x45,0x45,0xff,0x3e,0x3e,0x3e,0xff,0x3b,0x3b,0x3b,0xff,
    0x30,0x30,0x30,0xff,0x2e,0x2e,0x2e,0xff,0x40,0x40,0x40,0xff,0x42,0x42,0x42,0xff,
    0x40,0x40,0x40,0xff,0x3f,0x3f,0x3f,0xff,0x3d,0x3d,0x3d,0xff,0x40,0x40,0x40,0xff,
    0x42,0x42,0x42,0xff,0x5c,0x5c,0x5c,0xff,0x4d,0x4d,0x4d,0xff,0x3d,0x3d,0x3d,0xff,
    0x38,0x38,0x38,0xff,0x3b,0x3b,0x3b,0xff,0x8b,0x8b,0x8b,0xff,0xb3,0xb3,0xb3,0xff,
    0xcf,0xcf,0xcf,0xff,0xaf,0xaf,0xaf,0xff,0x9e,0x9e,0x9e,0xff,0x8e,0x8e,0x8e,0xff,
    0xbf,0xbf,0xbf,0xff,0xc2,0xc2,0xc2,0xff,0xb8,0xb8,0xb8,0xff,0xc1,0xc1,0xc1,0xff,
    0xbf,0xbf,0xbf,0xff,0xb0,0xb0,0xb0,0xff,0xcc,0xcc,0xcc,0xff,0xd7,0xd7,0xd7,0xff,
    0xb8,0xb8,0xb8,0xff,0xb0,0xb0,0xb0,0xff,0xc5,0xc5,0xc5,0xff,0xcc,0xcc,0xcc,0xff,
    0xcf,0xcf,0xcf,0xff,0xb5,0xb5,0xb5,0xff,0xa6,0xa6,0xa6,0xff,0xaf,0xaf,0xaf,0xff,
    0xd9,0xd9,0xd9,0xff,0xdf,0xdf,0xdf,0xff,0xcb,0xcb,0xcb,0xd3,0x00,0x00,0x00,0x00,
    0x00,0x00,0x00,0x00,0x00,0x00,0x00,0x00,0x00,0x00,0x00,0x00,0x00,0x00,0x00,0x00,
    0x00,0x00,0x00,0x00,0x00,0x00,0x00,0x00,0x00,0x00,0x00,0x00,0x00,0x00,0x00,0x00,
    0x00,0x00,0x00,0x00,0x00,0x00,0x00,0x00,0x00,0x00,0x00,0x00,0x00,0x00,0x00,0x00,
    0x00,0x00,0x00,0x00,0x00,0x00,0x00,0x00,0x00,0x00,0x00,0x00,0x00,0x00,0x00,0x00,
    0x25,0x25,0x25,0x17,0x5c,0x5c,0x5c,0xe7,0x3b,0x3b,0x3b,0xff,0x54,0x54,0x54,0xff,
    0x5d,0x5d,0x5d,0xff,0x65,0x65,0x65,0xff,0x6a,0x6a,0x6a,0xff,0x57,0x57,0x57,0xff,
    0x55,0x55,0x55,0xff,0x5c,0x5c,0x5c,0xff,0x59,0x59,0x59,0xff,0x5a,0x5a,0x5a,0xff,
    0x62,0x62,0x62,0xff,0x6e,0x6e,0x6e,0xff,0x72,0x72,0x72,0xff,0x69,0x69,0x69,0xff,
    0x67,0x67,0x67,0xff,0x71,0x71,0x71,0xff,0x83,0x83,0x83,0xff,0x84,0x84,0x84,0xff,
    0x88,0x88,0x88,0xff,0x72,0x72,0x72,0xff,0x71,0x71,0x71,0xff,0x73,0x73,0x73,0xff,
    0x5a,0x5a,0x5a,0xff,0x5c,0x5c,0x5c,0xff,0x57,0x57,0x57,0xff,0x5f,0x5f,0x5f,0xff,
    0x64,0x64,0x64,0xff,0x73,0x73,0x73,0xff,0x5d,0x5d,0x5d,0xff,0x64,0x64,0x64,0xff,
    0x45,0x45,0x45,0xff,0x40,0x40,0x40,0xff,0x4a,0x4a,0x4a,0xff,0x4a,0x4a,0x4a,0xff,
    0x40,0x40,0x40,0xff,0x4a,0x4a,0x4a,0xff,0x4b,0x4b,0x4b,0xff,0x45,0x45,0x45,0xff,
    0x4c,0x4c,0x4c,0xff,0x4f,0x4f,0x4f,0xff,0x47,0x47,0x47,0xff,0x45,0x45,0x45,0xff,
    0x57,0x57,0x57,0xff,0x5f,0x5f,0x5f,0xff,0x40,0x40,0x40,0xff,0x3d,0x3d,0x3d,0xff,
    0x43,0x43,0x43,0xff,0x47,0x47,0x47,0xff,0x43,0x43,0x43,0xff,0x40,0x40,0x40,0xff,
    0x3b,0x3b,0x3b,0xff,0x40,0x40,0x40,0xff,0x42,0x42,0x42,0xff,0x5a,0x5a,0x5a,0xff,
    0x77,0x77,0x77,0xff,0x5a,0x5a,0x5a,0xff,0x66,0x66,0x66,0xff,0x77,0x77,0x77,0xff,
    0x71,0x71,0x71,0xff,0x6f,0x6f,0x6f,0xff,0x7c,0x7c,0x7c,0xff,0x73,0x73,0x73,0xff,
    0x7c,0x7c,0x7c,0xff,0x50,0x50,0x50,0xff,0x4c,0x4c,0x4c,0xff,0x40,0x40,0x40,0xff,
    0x3d,0x3d,0x3d,0xff,0x3b,0x3b,0x3b,0xff,0x42,0x42,0x42,0xff,0x3e,0x3e,0x3e,0xff,
    0x38,0x38,0x38,0xff,0x3b,0x3b,0x3b,0xff,0x3e,0x3e,0x3e,0xff,0x3b,0x3b,0x3b,0xff,
    0x3e,0x3e,0x3e,0xff,0x42,0x42,0x42,0xff,0x40,0x40,0x40,0xff,0x40,0x40,0x40,0xff,
    0x4b,0x4b,0x4b,0xff,0x61,0x61,0x61,0xff,0x4c,0x4c,0x4c,0xff,0x47,0x47,0x47,0xff,
    0x38,0x38,0x38,0xff,0x33,0x33,0x33,0xff,0x45,0x45,0x45,0xff,0x7b,0x7b,0x7b,0xff,
    0x9e,0x9e,0x9e,0xff,0xa6,0xa6,0xa6,0xff,0xa7,0xa7,0xa7,0xff,0xb8,0xb8,0xb8,0xff,
    0xbd,0xbd,0xbd,0xff,0xbc,0xbc,0xbc,0xff,0xc7,0xc7,0xc7,0xff,0xc1,0xc1,0xc1,0xff,
    0xbf,0xbf,0xbf,0xff,0xca,0xca,0xca,0xff,0xc1,0xc1,0xc1,0xff,0xe3,0xe3,0xe3,0xff,
    0xa5,0xa5,0xa5,0xff,0xb3,0xb3,0xb3,0xff,0xbf,0xbf,0xbf,0xff,0xbd,0xbd,0xbd,0xff,
    0xd6,0xd6,0xd6,0xff,0xc4,0xc4,0xc4,0xff,0xaf,0xaf,0xaf,0xff,0xb4,0xb4,0xb4,0xff,
    0xc7,0xc7,0xc7,0xff,0xe6,0xe6,0xe6,0xff,0xeb,0xeb,0xeb,0xff,0x9e,0x9e,0x9e,0x67,
    0x00,0x00,0x00,0x00,0x00,0x00,0x00,0x00,0x00,0x00,0x00,0x00,0x00,0x00,0x00,0x00,
    0x00,0x00,0x00,0x00,0x00,0x00,0x00,0x00,0x00,0x00,0x00,0x00,0x00,0x00,0x00,0x00,
    0x00,0x00,0x00,0x00,0x00,0x00,0x00,0x00,0x00,0x00,0x00,0x00,0x00,0x00,0x00,0x00,
    0x00,0x00,0x00,0x00,0x00,0x00,0x00,0x00,0x00,0x00,0x00,0x00,0x00,0x00,0x00,0x00,
    0x57,0x57,0x57,0xa3,0x4f,0x4f,0x4f,0xff,0x4d,0x4d,0x4d,0xff,0x50,0x50,0x50,0xff,
    0x58,0x58,0x58,0xff,0x71,0x71,0x71,0xff,0x67,0x67,0x67,0xff,0x57,0x57,0x57,0xff,
    0x55,0x55,0x55,0xff,0x61,0x61,0x61,0xff,0x5c,0x5c,0x5c,0xff,0x61,0x61,0x61,0xff,
    0x62,0x62,0x62,0xff,0x6f,0x6f,0x6f,0xff,0x64,0x64,0x64,0xff,0x65,0x65,0x65,0xff,
    0x77,0x77,0x77,0xff,0xa0,0xa0,0xa0,0xff,0x8e,0x8e,0x8e,0xff,0x83,0x83,0x83,0xff,
    0x71,0x71,0x71,0xff,0x74,0x74,0x74,0xff,0x77,0x77,0x77,0xff,0x83,0x83,0x83,0xff,
    0x65,0x65,0x65,0xff,0x5d,0x5d,0x5d,0xff,0x62,0x62,0x62,0xff,0x6a,0x6a,0x6a,0xff,
    0x76,0x76,0x76,0xff,0x7e,0x7e,0x7e,0xff,0x62,0x62,0x62,0xff,0x5f,0x5f,0x5f,0xff,
    0x47,0x47,0x47,0xff,0x42,0x42,0x42,0xff,0x4b,0x4b,0x4b,0xff,0x54,0x54,0x54,0xff,
    0x57,0x57,0x57,0xff,0x5c,0x5c,0x5c,0xff,0x50,0x50,0x50,0xff,0x4a,0x4a,0x4a,0xff,
    0x50,0x50,0x50,0xff,0x54,0x54,0x54,0xff,0x45,0x45,0x45,0xff,0x43,0x43,0x43,0xff,
    0x47,0x47,0x47,0xff,0x57,0x57,0x57,0xff,0x47,0x47,0x47,0xff,0x43,0x43,0x43,0xff,
    0x48,0x48,0x48,0xff,0x55,0x55,0x55,0xff,0x50,0x50,0x50,0xff,0x45,0x45,0x45,0xff,
    0x42,0x42,0x42,0xff,0x50,0x50,0x50,0xff,0x6e,0x6e,0x6e,0xff,0x7e,0x7e,0x7e,0xff,
    0x67,0x67,0x67,0xff,0x64,0x64,0x64,0xff,0x6c,0x6c,0x6c,0xff,0x52,0x52,0x52,0xff,
    0x5a,0x5a,0x5a,0xff,0x6e,0x6e,0x6e,0xff,0x86,0x86,0x86,0xff,0x8e,0x8e,0x8e,0xff,
    0x83,0x83,0x83,0xff,0x4b,0x4b,0x4b,0xff,0x71,0x71,0x71,0xff,0x50,0x50,0x50,0xff,
    0x48,0x48,0x48,0xff,0x3a,0x3a,0x3a,0xff,0x43,0x43,0x43,0xff,0x48,0x48,0x48,0xff,
    0x40,0x40,0x40,0xff,0x42,0x42,0x42,0xff,0x3d,0x3d,0x3d,0xff,0x3d,0x3d,0x3d,0xff,
    0x42,0x42,0x42,0xff,0x4b,0x4b,0x4b,0xff,0x4b,0x4b,0x4b,0xff,0x45,0x45,0x45,0xff,
    0x52,0x52,0x52,0xff,0x58,0x58,0x58,0xff,0x4d,0x4d,0x4d,0xff,0x43,0x43,0x43,0xff,
    0x42,0x42,0x42,0xff,0x3a,0x3a,0x3a,0xff,0x3a,0x3a,0x3a,0xff,0x40,0x40,0x40,0xff,
    0x69,0x69,0x69,0xff,0x90,0x90,0x90,0xff,0x9d,0x9d,0x9d,0xff,0xb0,0xb0,0xb0,0xff,
    0xc9,0xc9,0xc9,0xff,0xc5,0xc5,0xc5,0xff,0xbd,0xbd,0xbd,0xff,0xbf,0xbf,0xbf,0xff,
    0xb5,0xb5,0xb5,0xff,0xc9,0xc9,0xc9,0xff,0xca,0xca,0xca,0xff,0xc7,0xc7,0xc7,0xff,
    0xc1,0xc1,0xc1,0xff,0xce,0xce,0xce,0xff,0xb5,0xb5,0xb5,0xff,0xb8,0xb8,0xb8,0xff,
    0xd9,0xd9,0xd9,0xff,0xb5,0xb5,0xb5,0xff,0xbd,0xbd,0xbd,0xff,0xbd,0xbd,0xbd,0xff,
    0xcc,0xcc,0xcc,0xff,0xde,0xde,0xde,0xff,0xeb,0xeb,0xeb,0xff,0xd4,0xd4,0xd4,0xd7,
    0x1f,0x1f,0x1f,0x1f,0x00,0x00,0x00,0x00,0x00,0x00,0x00,0x00,0x00,0x00,0x00,0x00,
    0x00,0x00,0x00,0x00,0x00,0x00,0x00,0x00,0x00,0x00,0x00,0x00,0x00,0x00,0x00,0x00,
    0x00,0x00,0x00,0x00,0x00,0x00,0x00,0x00,0x00,0x00,0x00,0x00,0x00,0x00,0x00,0x00,
    0x00,0x00,0x00,0x00,0x00,0x00,0x00,0x00,0x00,0x00,0x00,0x00,0x2a,0x2a,0x2a,0x2f,
    0x67,0x67,0x67,0xff,0x50,0x50,0x50,0xff,0x4a,0x4a,0x4a,0xff,0x6e,0x6e,0x6e,0xff,
    0x67,0x67,0x67,0xff,0x5d,0x5d,0x5d,0xff,0x57,0x57,0x57,0xff,0x5a,0x5a,0x5a,0xff,
    0x5d,0x5d,0x5d,0xff,0x66,0x66,0x66,0xff,0x62,0x62,0x62,0xff,0x61,0x61,0x61,0xff,
    0x65,0x65,0x65,0xff,0x6c,0x6c,0x6c,0xff,0x71,0x71,0x71,0xff,0x72,0x72,0x72,0xff,
    0x80,0x80,0x80,0xff,0xb8,0xb8,0xb8,0xff,0xb7,0xb7,0xb7,0xff,0x8b,0x8b,0x8b,0xff,
    0x7f,0x7f,0x7f,0xff,0x88,0x88,0x88,0xff,0x91,0x91,0x91,0xff,0x8b,0x8b,0x8b,0xff,
    0x6f,0x6f,0x6f,0xff,0x6a,0x6a,0x6a,0xff,0x6e,0x6e,0x6e,0xff,0x6e,0x6e,0x6e,0xff,
    0x6e,0x6e,0x6e,0xff,0x67,0x67,0x67,0xff,0x5f,0x5f,0x5f,0xff,0x5f,0x5f,0x5f,0xff,
    0x54,0x54,0x54,0xff,0x4c,0x4c,0x4c,0xff,0x4a,0x4a,0x4a,0xff,0x57,0x57,0x57,0xff,
    0x62,0x62,0x62,0xff,0x55,0x55,0x55,0xff,0x55,0x55,0x55,0xff,0x5a,0x5a,0x5a,0xff,
    0x58,0x58,0x58,0xff,0x58,0x58,0x58,0xff,0x4d,0x4d,0x4d,0xff,0x4b,0x4b,0x4b,0xff,
    0x4d,0x4d,0x4d,0xff,0x55,0x55,0x55,0xff,0x48,0x48,0x48,0xff,0x55,0x55,0x55,0xff,
    0x90,0x90,0x90,0xff,0x88,0x88,0x88,0xff,0x6f,0x6f,0x6f,0xff,0x4d,0x4d,0x4d,0xff,
    0x71,0x71,0x71,0xff,0x6f,0x6f,0x6f,0xff,0x7e,0x7e,0x7e,0xff,0x83,0x83,0x83,0xff,
    0x8b,0x8b,0x8b,0xff,0x71,0x71,0x71,0xff,0x74,0x74,0x74,0xff,0x50,0x50,0x50,0xff,
    0x4d,0x4d,0x4d,0xff,0x4d,0x4d,0x4d,0xff,0x54,0x54,0x54,0xff,0x6c,0x6c,0x6c,0xff,
    0x7b,0x7b,0x7b,0xff,0x80,0x80,0x80,0xff,0x9b,0x9b,0x9b,0xff,0x6e,0x6e,0x6e,0xff,
    0x5f,0x5f,0x5f,0xff,0x42,0x42,0x42,0xff,0x42,0x42,0x42,0xff,0x55,0x55,0x55,0xff,
    0x5c,0x5c,0x5c,0xff,0x50,0x50,0x50,0xff,0x42,0x42,0x42,0xff,0x40,0x40,0x40,0xff,
    0x4d,0x4d,0x4d,0xff,0x59,0x59,0x59,0xff,0x4f,0x4f,0x4f,0xff,0x4d,0x4d,0x4d,0xff,
    0x5a,0x5a,0x5a,0xff,0x54,0x54,0x54,0xff,0x5f,0x5f,0x5f,0xff,0x47,0x47,0x47,0xff,
    0x43,0x43,0x43,0xff,0x3b,0x3b,0x3b,0xff,0x3b,0x3b,0x3b,0xff,0x35,0x35,0x35,0xff,
    0x52,0x52,0x52,0xff,0x88,0x88,0x88,0xff,0xab,0xab,0xab,0xff,0xb7,0xb7,0xb7,0xff,
    0xd4,0xd4,0xd4,0xff,0xbf,0xbf,0xbf,0xff,0xc1,0xc1,0xc1,0xff,0xba,0xba,0xba,0xff,
    0xba,0xba,0xba,0xff,0xba,0xba,0xba,0xff,0xb7,0xb7,0xb7,0xff,0xc4,0xc4,0xc4,0xff,
    0xd1,0xd1,0xd1,0xff,0xe1,0xe1,0xe1,0xff,0xb4,0xb4,0xb4,0xff,0xb3,0xb3,0xb3,0xff,
    0xc7,0xc7,0xc7,0xff,0xa2,0xa2,0xa2,0xff,0xbd,0xbd,0xbd,0xff,0xd1,0xd1,0xd1,0xff,
    0xc2,0xc2,0xc2,0xff,0xca,0xca,0xca,0xff,0xde,0xde,0xde,0xff,0xeb,0xeb,0xeb,0xff,
    0xa1,0xa1,0xa1,0x77,0x00,0x00,0x00,0x00,0x00,0x00,0x00,0x00,0x00,0x00,0x00,0x00,
    0x00,0x00,0x00,0x00,0x00,0x00,0x00,0x00,0x00,0x00,0x00,0x00,0x00,0x00,0x00,0x00,
    0x00,0x00,0x00,0x00,0x00,0x00,0x00,0x00,0x00,0x00,0x00,0x00,0x00,0x00,0x00,0x00,
    0x00,0x00,0x00,0x00,0x00,0x00,0x00,0x00,0x00,0x00,0x00,0x00,0x54,0x54,0x54,0xa3,
    0x5c,0x5c,0x5c,0xff,0x48,0x48,0x48,0xff,0x4d,0x4d,0x4d,0xff,0x7e,0x7e,0x7e,0xff,
    0x6f,0x6f,0x6f,0xff,0x55,0x55,0x55,0xff,0x5a,0x5a,0x5a,0xff,0x57,0x57,0x57,0xff,
    0x5f,0x5f,0x5f,0xff,0x5f,0x5f,0x5f,0xff,0x59,0x59,0x59,0xff,0x5a,0x5a,0x5a,0xff,
    0x64,0x64,0x64,0xff,0x6a,0x6a,0x6a,0xff,0x6f,0x6f,0x6f,0xff,0x7b,0x7b,0x7b,0xff,
    0x96,0x96,0x96,0xff,0xa2,0xa2,0xa2,0xff,0x91,0x91,0x91,0xff,0x8c,0x8c,0x8c,0xff,
    0x7c,0x7c,0x7c,0xff,0x89,0x89,0x89,0xff,0x8b,0x8b,0x8b,0xff,0x7c,0x7c,0x7c,0xff,
    0x64,0x64,0x64,0xff,0x66,0x66,0x66,0xff,0x66,0x66,0x66,0xff,0x5d,0x5d,0x5d,0xff,
    0x5a,0x5a,0x5a,0xff,0x57,0x57,0x57,0xff,0x4f,0x4f,0x4f,0xff,0x58,0x58,0x58,0xff,
    0x54,0x54,0x54,0xff,0x47,0x47,0x47,0xff,0x43,0x43,0x43,0xff,0x48,0x48,0x48,0xff,
    0x67,0x67,0x67,0xff,0x5c,0x5c,0x5c,0xff,0x47,0x47,0x47,0xff,0x4c,0x4c,0x4c,0xff,
    0x59,0x59,0x59,0xff,0x58,0x58,0x58,0xff,0x4a,0x4a,0x4a,0xff,0x47,0x47,0x47,0xff,
    0x59,0x59,0x59,0xff,0x54,0x54,0x54,0xff,0x45,0x45,0x45,0xff,0x55,0x55,0x55,0xff,
    0x80,0x80,0x80,0xff,0x7c,0x7c,0x7c,0xff,0x6a,0x6a,0x6a,0xff,0x4a,0x4a,0x4a,0xff,
    0x5f,0x5f,0x5f,0xff,0x88,0x88,0x88,0xff,0x89,0x89,0x89,0xff,0x88,0x88,0x88,0xff,
    0x8b,0x8b,0x8b,0xff,0x8e,0x8e,0x8e,0xff,0x77,0x77,0x77,0xff,0x6a,0x6a,0x6a,0xff,
    0x54,0x54,0x54,0xff,0x48,0x48,0x48,0xff,0x36,0x36,0x36,0xff,0x38,0x38,0x38,0xff,
    0x4d,0x4d,0x4d,0xff,0x89,0x89,0x89,0xff,0x9d,0x9d,0x9d,0xff,0x6e,0x6e,0x6e,0xff,
    0x5d,0x5d,0x5d,0xff,0x47,0x47,0x47,0xff,0x3a,0x3a,0x3a,0xff,0x42,0x42,0x42,0xff,
    0x45,0x45,0x45,0xff,0x45,0x45,0x45,0xff,0x43,0x43,0x43,0xff,0x3d,0x3d,0x3d,0xff,
    0x45,0x45,0x45,0xff,0x54,0x54,0x54,0xff,0x4b,0x4b,0x4b,0xff,0x4d,0x4d,0x4d,0xff,
    0x5c,0x5c,0x5c,0xff,0x4f,0x4f,0x4f,0xff,0x54,0x54,0x54,0xff,0x43,0x43,0x43,0xff,
    0x3d,0x3d,0x3d,0xff,0x40,0x40,0x40,0xff,0x33,0x33,0x33,0xff,0x2e,0x2e,0x2e,0xff,
    0x30,0x30,0x30,0xff,0x47,0x47,0x47,0xff,0xa5,0xa5,0xa5,0xff,0xc0,0xc0,0xc0,0xff,
    0xdc,0xdc,0xdc,0xff,0xdb,0xdb,0xdb,0xff,0xcf,0xcf,0xcf,0xff,0xbd,0xbd,0xbd,0xff,
    0xab,0xab,0xab,0xff,0xb5,0xb5,0xb5,0xff,0xab,0xab,0xab,0xff,0x9e,0x9e,0x9e,0xff,
    0xc2,0xc2,0xc2,0xff,0xc5,0xc5,0xc5,0xff,0xa8,0xa8,0xa8,0xff,0xb5,0xb5,0xb5,0xff,
    0xa8,0xa8,0xa8,0xff,0x8d,0x8d,0x8d,0xff,0xaf,0xaf,0xaf,0xff,0xd2,0xd2,0xd2,0xff,
    0xca,0xca,0xca,0xff,0xd2,0xd2,0xd2,0xff,0xde,0xde,0xde,0xff,0xdb,0xdb,0xdb,0xff,
    0xdc,0xdc,0xdc,0xef,0x35,0x35,0x35,0x27,0x00,0x00,0x00,0x00,0x00,0x00,0x00,0x00,
    0x00,0x00,0x00,0x00,0x00,0x00,0x00,0x00,0x00,0x00,0x00,0x00,0x00,0x00,0x00,0x00,
    0x00,0x00,0x00,0x00,0x00,0x00,0x00,0x00,0x00,0x00,0x00,0x00,0x00,0x00,0x00,0x00,
    0x00,0x00,0x00,0x00,0x00,0x00,0x00,0x00,0x30,0x30,0x30,0x1b,0x78,0x78,0x78,0xeb,
    0x59,0x59,0x59,0xff,0x54,0x54,0x54,0xff,0x7e,0x7e,0x7e,0xff,0x7e,0x7e,0x7e,0xff,
    0x67,0x67,0x67,0xff,0x58,0x58,0x58,0xff,0x59,0x59,0x59,0xff,0x61,0x61,0x61,0xff,
    0x61,0x61,0x61,0xff,0x5c,0x5c,0x5c,0xff,0x5f,0x5f,0x5f,0xff,0x5f,0x5f,0x5f,0xff,
    0x5f,0x5f,0x5f,0xff,0x61,0x61,0x61,0xff,0x6f,0x6f,0x6f,0xff,0x90,0x90,0x90,0xff,
    0xad,0xad,0xad,0xff,0xe4,0xe4,0xe4,0xff,0x86,0x86,0x86,0xff,0x8b,0x8b,0x8b,0xff,
    0x84,0x84,0x84,0xff,0x81,0x81,0x81,0xff,0x88,0x88,0x88,0xff,0x77,0x77,0x77,0xff,
    0x64,0x64,0x64,0xff,0x64,0x64,0x64,0xff,0x6c,0x6c,0x6c,0xff,0x58,0x58,0x58,0xff,
    0x5d,0x5d,0x5d,0xff,0x55,0x55,0x55,0xff,0x4f,0x4f,0x4f,0xff,0x54,0x54,0x54,0xff,
    0x50,0x50,0x50,0xff,0x48,0x48,0x48,0xff,0x45,0x45,0x45,0xff,0x4a,0x4a,0x4a,0xff,
    0x58,0x58,0x58,0xff,0x5a,0x5a,0x5a,0xff,0x55,0x55,0x55,0xff,0x59,0x59,0x59,0xff,
    0x57,0x57,0x57,0xff,0x6a,0x6a,0x6a,0xff,0x48,0x48,0x48,0xff,0x3f,0x3f,0x3f,0xff,
    0x57,0x57,0x57,0xff,0x4c,0x4c,0x4c,0xff,0x42,0x42,0x42,0xff,0x48,0x48,0x48,0xff,
    0x4b,0x4b,0x4b,0xff,0x52,0x52,0x52,0xff,0x54,0x54,0x54,0xff,0x42,0x42,0x42,0xff,
    0x4a,0x4a,0x4a,0xff,0x77,0x77,0x77,0xff,0x8c,0x8c,0x8c,0xff,0x7e,0x7e,0x7e,0xff,
    0x7f,0x7f,0x7f,0xff,0x90,0x90,0x90,0xff,0x8d,0x8d,0x8d,0xff,0x74,0x74,0x74,0xff,
    0x54,0x54,0x54,0xff,0x45,0x45,0x45,0xff,0x38,0x38,0x38,0xff,0x36,0x36,0x36,0xff,
    0x4c,0x4c,0x4c,0xff,0x84,0x84,0x84,0xff,0x6f,0x6f,0x6f,0xff,0x6f,0x6f,0x6f,0xff,
    0x5a,0x5a,0x5a,0xff,0x3b,0x3b,0x3b,0xff,0x3a,0x3a,0x3a,0xff,0x3a,0x3a,0x3a,0xff,
    0x40,0x40,0x40,0xff,0x40,0x40,0x40,0xff,0x40,0x40,0x40,0xff,0x3e,0x3e,0x3e,0xff,
    0x43,0x43,0x43,0xff,0x47,0x47,0x47,0xff,0x47,0x47,0x47,0xff,0x4b,0x4b,0x4b,0xff,
    0x58,0x58,0x58,0xff,0x50,0x50,0x50,0xff,0x4c,0x4c,0x4c,0xff,0x40,0x40,0x40,0xff,
    0x40,0x40,0x40,0xff,0x4a,0x4a,0x4a,0xff,0x38,0x38,0x38,0xff,0x2e,0x2e,0x2e,0xff,
    0x33,0x33,0x33,0xff,0x3d,0x3d,0x3d,0xff,0x7c,0x7c,0x7c,0xff,0xb3,0xb3,0xb3,0xff,
    0xcf,0xcf,0xcf,0xff,0xdc,0xdc,0xdc,0xff,0xe3,0xe3,0xe3,0xff,0xbd,0xbd,0xbd,0xff,
    0xb3,0xb3,0xb3,0xff,0xbc,0xbc,0xbc,0xff,0x9d,0x9d,0x9d,0xff,0xa5,0xa5,0xa5,0xff,
    0xb0,0xb0,0xb0,0xff,0xa5,0xa5,0xa5,0xff,0xa3,0xa3,0xa3,0xff,0xab,0xab,0xab,0xff,
    0xb8,0xb8,0xb8,0xff,0x72,0x72,0x72,0xff,0x9e,0x9e,0x9e,0xff,0x9d,0x9d,0x9d,0xff,
    0xaa,0xaa,0xaa,0xff,0xab,0xab,0xab,0xff,0xd2,0xd2,0xd2,0xff,0xcc,0xcc,0xcc,0xff,
    0xe6,0xe6,0xe6,0xff,0x9c,0x9c,0x9c,0x7b,0x00,0x00,0x00,0x00,0x00,0x00,0x00,0x00,
    0x00,0x00,0x00,0x00,0x00,0x00,0x00,0x00,0x00,0x00,0x00,0x00,0x00,0x00,0x00,0x00,
    0x00,0x00,0x00,0x00,0x00,0x00,0x00,0x00,0x00,0x00,0x00,0x00,0x00,0x00,0x00,0x00,
    0x00,0x00,0x00,0x00,0x00,0x00,0x00,0x00,0x58,0x58,0x58,0x93,0x6f,0x6f,0x6f,0xff,
    0x55,0x55,0x55,0xff,0x65,0x65,0x65,0xff,0x6c,0x6c,0x6c,0xff,0x5a,0x5a,0x5a,0xff,
    0x55,0x55,0x55,0xff,0x55,0x55,0x55,0xff,0x6c,0x6c,0x6c,0xff,0x62,0x62,0x62,0xff,
    0x5d,0x5d,0x5d,0xff,0x62,0x62,0x62,0xff,0x5f,0x5f,0x5f,0xff,0x66,0x66,0x66,0xff,
    0x61,0x61,0x61,0xff,0x69,0x69,0x69,0xff,0x7c,0x7c,0x7c,0xff,0xa8,0xa8,0xa8,0xff,
    0xcd,0xcd,0xcd,0xff,0xcc,0xcc,0xcc,0xff,0x89,0x89,0x89,0xff,0x8d,0x8d,0x8d,0xff,
    0x74,0x74,0x74,0xff,0x7b,0x7b,0x7b,0xff,0x7c,0x7c,0x7c,0xff,0x71,0x71,0x71,0xff,
    0x5c,0x5c,0x5c,0xff,0x58,0x58,0x58,0xff,0x61,0x61,0x61,0xff,0x5a,0x5a,0x5a,0xff,
    0x55,0x55,0x55,0xff,0x5a,0x5a,0x5a,0xff,0x57,0x57,0x57,0xff,0x4f,0x4f,0x4f,0xff,
    0x7c,0x7c,0x7c,0xff,0x62,0x62,0x62,0xff,0x4a,0x4a,0x4a,0xff,0x43,0x43,0x43,0xff,
    0x5a,0x5a,0x5a,0xff,0x54,0x54,0x54,0xff,0x67,0x67,0x67,0xff,0x5c,0x5c,0x5c,0xff,
    0x5c,0x5c,0x5c,0xff,0x61,0x61,0x61,0xff,0x59,0x59,0x59,0xff,0x4c,0x4c,0x4c,0xff,
    0x57,0x57,0x57,0xff,0x4f,0x4f,0x4f,0xff,0x43,0x43,0x43,0xff,0x43,0x43,0x43,0xff,
    0x48,0x48,0x48,0xff,0x4a,0x4a,0x4a,0xff,0x4d,0x4d,0x4d,0xff,0x4a,0x4a,0x4a,0xff,
    0x3e,0x3e,0x3e,0xff,0x5d,0x5d,0x5d,0xff,0x71,0x71,0x71,0xff,0x7e,0x7e,0x7e,0xff,
    0x89,0x89,0x89,0xff,0x80,0x80,0x80,0xff,0x6f,0x6f,0x6f,0xff,0x65,0x65,0x65,0xff,
    0x67,0x67,0x67,0xff,0x5d,0x5d,0x5d,0xff,0x4a,0x4a,0x4a,0xff,0x59,0x59,0x59,0xff,
    0xa2,0xa2,0xa2,0xff,0x93,0x93,0x93,0xff,0x93,0x93,0x93,0xff,0x79,0x79,0x79,0xff,
    0x6e,0x6e,0x6e,0xff,0x35,0x35,0x35,0xff,0x36,0x36,0x36,0xff,0x38,0x38,0x38,0xff,
    0x38,0x38,0x38,0xff,0x36,0x36,0x36,0xff,0x3e,0x3e,0x3e,0xff,0x3e,0x3e,0x3e,0xff,
    0x42,0x42,0x42,0xff,0x42,0x42,0x42,0xff,0x42,0x42,0x42,0xff,0x57,0x57,0x57,0xff,
    0x55,0x55,0x55,0xff,0x5a,0x5a,0x5a,0xff,0x4f,0x4f,0x4f,0xff,0x40,0x40,0x40,0xff,
    0x45,0x45,0x45,0xff,0x4d,0x4d,0x4d,0xff,0x40,0x40,0x40,0xff,0x31,0x31,0x31,0xff,
    0x35,0x35,0x35,0xff,0x5f,0x5f,0x5f,0xff,0x9b,0x9b,0x9b,0xff,0xa2,0xa2,0xa2,0xff,
    0xce,0xce,0xce,0xff,0xc1,0xc1,0xc1,0xff,0xdc,0xdc,0xdc,0xff,0xc5,0xc5,0xc5,0xff,
    0xc0,0xc0,0xc0,0xff,0xc1,0xc1,0xc1,0xff,0xb5,0xb5,0xb5,0xff,0xaa,0xaa,0xaa,0xff,
    0xa3,0xa3,0xa3,0xff,0x8b,0x8b,0x8b,0xff,0x8c,0x8c,0x8c,0xff,0xa5,0xa5,0xa5,0xff,
    0x9b,0x9b,0x9b,0xff,0x96,0x96,0x96,0xff,0xad,0xad,0xad,0xff,0xa0,0xa0,0xa0,0xff,
    0xaa,0xaa,0xaa,0xff,0xa5,0xa5,0xa5,0xff,0xa2,0xa2,0xa2,0xff,0xd1,0xd1,0xd1,0xff,
    0xdc,0xdc,0xdc,0xff,0xd0,0xd0,0xd0,0xd7,0x00,0x00,0x00,0x00,0x00,0x00,0x00,0x00,
    0x00,0x00,0x00,0x00,0x00,0x00,0x00,0x00,0x00,0x00,0x00,0x00,0x00,0x00,0x00,0x00,
    0x00,0x00,0x00,0x00,0x00,0x00,0x00,0x00,0x00,0x00,0x00,0x00,0x00,0x00,0x00,0x00,
    0x00,0x00,0x00,0x00,0x20,0x20,0x20,0x17,0x61,0x61,0x61,0xef,0x79,0x79,0x79,0xff,
    0x55,0x55,0x55,0xff,0x6f,0x6f,0x6f,0xff,0x4a,0x4a,0x4a,0xff,0x55,0x55,0x55,0xff,
    0x67,0x67,0x67,0xff,0x84,0x84,0x84,0xff,0x62,0x62,0x62,0xff,0x5a,0x5a,0x5a,0xff,
    0x5f,0x5f,0x5f,0xff,0x59,0x59,0x59,0xff,0x5c,0x5c,0x5c,0xff,0x61,0x61,0x61,0xff,
    0x69,0x69,0x69,0xff,0x76,0x76,0x76,0xff,0x86,0x86,0x86,0xff,0x8e,0x8e,0x8e,0xff,
    0x77,0x77,0x77,0xff,0x77,0x77,0x77,0xff,0x7c,0x7c,0x7c,0xff,0x88,0x88,0x88,0xff,
    0x81,0x81,0x81,0xff,0x71,0x71,0x71,0xff,0x71,0x71,0x71,0xff,0x6a,0x6a,0x6a,0xff,
    0x5d,0x5d,0x5d,0xff,0x58,0x58,0x58,0xff,0x5f,0x5f,0x5f,0xff,0x5f,0x5f,0x5f,0xff,
    0x5c,0x5c,0x5c,0xff,0x6c,0x6c,0x6c,0xff,0x59,0x59,0x59,0xff,0x59,0x59,0x59,0xff,
    0xa7,0xa7,0xa7,0xff,0x7b,0x7b,0x7b,0xff,0x58,0x58,0x58,0xff,0x4a,0x4a,0x4a,0xff,
    0x5c,0x5c,0x5c,0xff,0x6c,0x6c,0x6c,0xff,0x6e,0x6e,0x6e,0xff,0x59,0x59,0x59,0xff,
    0x57,0x57,0x57,0xff,0x57,0x57,0x57,0xff,0x6e,0x6e,0x6e,0xff,0x55,0x55,0x55,0xff,
    0x64,0x64,0x64,0xff,0x54,0x54,0x54,0xff,0x45,0x45,0x45,0xff,0x45,0x45,0x45,0xff,
    0x4f,0x4f,0x4f,0xff,0x4d,0x4d,0x4d,0xff,0x55,0x55,0x55,0xff,0x45,0x45,0x45,0xff,
    0x3b,0x3b,0x3b,0xff,0x3e,0x3e,0x3e,0xff,0x47,0x47,0x47,0xff,0x77,0x77,0x77,0xff,
    0x8c,0x8c,0x8c,0xff,0x77,0x77,0x77,0xff,0x79,0x79,0x79,0xff,0x80,0x80,0x80,0xff,
    0x8b,0x8b,0x8b,0xff,0x6f,0x6f,0x6f,0xff,0x90,0x90,0x90,0xff,0x9d,0x9d,0x9d,0xff,
    0x84,0x84,0x84,0xff,0x99,0x99,0x99,0xff,0xb5,0xb5,0xb5,0xff,0x6c,0x6c,0x6c,0xff,
    0x54,0x54,0x54,0xff,0x32,0x32,0x32,0xff,0x3a,0x3a,0x3a,0xff,0x3a,0x3a,0x3a,0xff,
    0x3b,0x3b,0x3b,0xff,0x38,0x38,0x38,0xff,0x3d,0x3d,0x3d,0xff,0x43,0x43,0x43,0xff,
    0x47,0x47,0x47,0xff,0x40,0x40,0x40,0xff,0x47,0x47,0x47,0xff,0x6a,0x6a,0x6a,0xff,
    0x55,0x55,0x55,0xff,0x4f,0x4f,0x4f,0xff,0x4f,0x4f,0x4f,0xff,0x3e,0x3e,0x3e,0xff,
    0x42,0x42,0x42,0xff,0x47,0x47,0x47,0xff,0x47,0x47,0x47,0xff,0x35,0x35,0x35,0xff,
    0x33,0x33,0x33,0xff,0x5a,0x5a,0x5a,0xff,0x7c,0x7c,0x7c,0xff,0x81,0x81,0x81,0xff,
    0xad,0xad,0xad,0xff,0xa5,0xa5,0xa5,0xff,0xbf,0xbf,0xbf,0xff,0xaf,0xaf,0xaf,0xff,
    0xc1,0xc1,0xc1,0xff,0xb2,0xb2,0xb2,0xff,0xaa,0xaa,0xaa,0xff,0x9b,0x9b,0x9b,0xff,
    0x61,0x61,0x61,0xff,0x7f,0x7f,0x7f,0xff,0x81,0x81,0x81,0xff,0x7e,0x7e,0x7e,0xff,
    0xad,0xad,0xad,0xff,0x90,0x90,0x90,0xff,0xb0,0xb0,0xb0,0xff,0x95,0x95,0x95,0xff,
    0x7f,0x7f,0x7f,0xff,0x79,0x79,0x79,0xff,0xc6,0xc6,0xc6,0xff,0xb8,0xb8,0xb8,0xff,
    0xd7,0xd7,0xd7,0xff,0xe9,0xe9,0xe9,0xff,0x69,0x69,0x69,0x6f,0x00,0x00,0x00,0x00,
    0x00,0x00,0x00,0x00,0x00,0x00,0x00,0x00,0x00,0x00,0x00,0x00,0x00,0x00,0x00,0x00,
    0x00,0x00,0x00,0x00,0x00,0x00,0x00,0x00,0x00,0x00,0x00,0x00,0x00,0x00,0x00,0x00,
    0x00,0x00,0x00,0x00,0x53,0x53,0x53,0x6b,0x8b,0x8b,0x8b,0xff,0x6e,0x6e,0x6e,0xff,
    0x4f,0x4f,0x4f,0xff,0x54,0x54,0x54,0xff,0x45,0x45,0x45,0xff,0x52,0x52,0x52,0xff,
    0x73,0x73,0x73,0xff,0x71,0x71,0x71,0xff,0x5a,0x5a,0x5a,0xff,0x59,0x59,0x59,0xff,
    0x57,0x57,0x57,0xff,0x5c,0x5c,0x5c,0xff,0x5c,0x5c,0x5c,0xff,0x5f,0x5f,0x5f,0xff,
    0x64,0x64,0x64,0xff,0x6a,0x6a,0x6a,0xff,0x73,0x73,0x73,0xff,0x77,0x77,0x77,0xff,
    0x76,0x76,0x76,0xff,0x73,0x73,0x73,0xff,0x74,0x74,0x74,0xff,0x79,0x79,0x79,0xff,
    0x7c,0x7c,0x7c,0xff,0x79,0x79,0x79,0xff,0x6f,0x6f,0x6f,0xff,0x6a,0x6a,0x6a,0xff,
    0x71,0x71,0x71,0xff,0x74,0x74,0x74,0xff,0x65,0x65,0x65,0xff,0x67,0x67,0x67,0xff,
    0x6c,0x6c,0x6c,0xff,0x6c,0x6c,0x6c,0xff,0x72,0x72,0x72,0xff,0x7e,0x7e,0x7e,0xff,
    0x77,0x77,0x77,0xff,0x88,0x88,0x88,0xff,0x69,0x69,0x69,0xff,0x61,0x61,0x61,0xff,
    0x5f,0x5f,0x5f,0xff,0x5f,0x5f,0x5f,0xff,0x5f,0x5f,0x5f,0xff,0x59,0x59,0x59,0xff,
    0x5a,0x5a,0x5a,0xff,0x59,0x59,0x59,0xff,0x74,0x74,0x74,0xff,0x58,0x58,0x58,0xff,
    0x6c,0x6c,0x6c,0xff,0x5a,0x5a,0x5a,0xff,0x4c,0x4c,0x4c,0xff,0x4d,0x4d,0x4d,0xff,
    0x50,0x50,0x50,0xff,0x50,0x50,0x50,0xff,0x50,0x50,0x50,0xff,0x3f,0x3f,0x3f,0xff,
    0x3d,0x3d,0x3d,0xff,0x40,0x40,0x40,0xff,0x43,0x43,0x43,0xff,0x3a,0x3a,0x3a,0xff,
    0x40,0x40,0x40,0xff,0x40,0x40,0x40,0xff,0x67,0x67,0x67,0xff,0x86,0x86,0x86,0xff,
    0x9a,0x9a,0x9a,0xff,0xa6,0xa6,0xa6,0xff,0xbd,0xbd,0xbd,0xff,0xad,0xad,0xad,0xff,
    0x93,0x93,0x93,0xff,0x86,0x86,0x86,0xff,0x8b,0x8b,0x8b,0xff,0x6f,0x6f,0x6f,0xff,
    0x45,0x45,0x45,0xff,0x32,0x32,0x32,0xff,0x38,0x38,0x38,0xff,0x3a,0x3a,0x3a,0xff,
    0x3b,0x3b,0x3b,0xff,0x3b,0x3b,0x3b,0xff,0x3e,0x3e,0x3e,0xff,0x42,0x42,0x42,0xff,
    0x40,0x40,0x40,0xff,0x3d,0x3d,0x3d,0xff,0x4d,0x4d,0x4d,0xff,0x74,0x74,0x74,0xff,
    0x52,0x52,0x52,0xff,0x4c,0x4c,0x4c,0xff,0x45,0x45,0x45,0xff,0x40,0x40,0x40,0xff,
    0x40,0x40,0x40,0xff,0x45,0x45,0x45,0xff,0x47,0x47,0x47,0xff,0x3e,0x3e,0x3e,0xff,
    0x38,0x38,0x38,0xff,0x47,0x47,0x47,0xff,0x74,0x74,0x74,0xff,0x96,0x96,0x96,0xff,
    0x96,0x96,0x96,0xff,0x9e,0x9e,0x9e,0xff,0xa7,0xa7,0xa7,0xff,0x8e,0x8e,0x8e,0xff,
    0xb5,0xb5,0xb5,0xff,0xad,0xad,0xad,0xff,0xb5,0xb5,0xb5,0xff,0x89,0x89,0x89,0xff,
    0x67,0x67,0x67,0xff,0x95,0x95,0x95,0xff,0x8d,0x8d,0x8d,0xff,0x7b,0x7b,0x7b,0xff,
    0x86,0x86,0x86,0xff,0xa7,0xa7,0xa7,0xff,0xc4,0xc4,0xc4,0xff,0x77,0x77,0x77,0xff,
    0x4a,0x4a,0x4a,0xff,0x62,0x62,0x62,0xff,0xa0,0xa0,0xa0,0xff,0x98,0x98,0x98,0xff,
    0xb5,0xb5,0xb5,0xff,0xdb,0xdb,0xdb,0xff,0xc7,0xc7,0xc7,0xbf,0x00,0x00,0x00,0x00,
    0x00,0x00,0x00,0x00,0x00,0x00,0x00,0x00,0x00,0x00,0x00,0x00,0x00,0x00,0x00,0x00,
    0x00,0x00,0x00,0x00,0x00,0x00,0x00,0x00,0x00,0x00,0x00,0x00,0x00,0x00,0x00,0x00,
    0x00,0x00,0x00,0x00,0x90,0x90,0x90,0xd3,0x95,0x95,0x95,0xff,0x6e,0x6e,0x6e,0xff,
    0x42,0x42,0x42,0xff,0x45,0x45,0x45,0xff,0x45,0x45,0x45,0xff,0x4a,0x4a,0x4a,0xff,
    0x62,0x62,0x62,0xff,0x58,0x58,0x58,0xff,0x57,0x57,0x57,0xff,0x58,0x58,0x58,0xff,
    0x5c,0x5c,0x5c,0xff,0x5d,0x5d,0x5d,0xff,0x61,0x61,0x61,0xff,0x67,0x67,0x67,0xff,
    0x66,0x66,0x66,0xff,0x69,0x69,0x69,0xff,0x6c,0x6c,0x6c,0xff,0x74,0x74,0x74,0xff,
    0x6f,0x6f,0x6f,0xff,0x6f,0x6f,0x6f,0xff,0x6f,0x6f,0x6f,0xff,0x76,0x76,0x76,0xff,
    0x83,0x83,0x83,0xff,0x7f,0x7f,0x7f,0xff,0x6f,0x6f,0x6f,0xff,0x67,0x67,0x67,0xff,
    0x6e,0x6e,0x6e,0xff,0x7e,0x7e,0x7e,0xff,0x5d,0x5d,0x5d,0xff,0x6f,0x6f,0x6f,0xff,
    0x64,0x64,0x64,0xff,0x74,0x74,0x74,0xff,0x73,0x73,0x73,0xff,0x8e,0x8e,0x8e,0xff,
    0x73,0x73,0x73,0xff,0x76,0x76,0x76,0xff,0x6f,0x6f,0x6f,0xff,0x66,0x66,0x66,0xff,
    0x64,0x64,0x64,0xff,0x57,0x57,0x57,0xff,0x4f,0x4f,0x4f,0xff,0x55,0x55,0x55,0xff,
    0xa6,0xa6,0xa6,0xff,0x4f,0x4f,0x4f,0xff,0x64,0x64,0x64,0xff,0x52,0x52,0x52,0xff,
    0x5a,0x5a,0x5a,0xff,0x62,0x62,0x62,0xff,0x4f,0x4f,0x4f,0xff,0x4d,0x4d,0x4d,0xff,
    0x4d,0x4d,0x4d,0xff,0x5c,0x5c,0x5c,0xff,0x54,0x54,0x54,0xff,0x4d,0x4d,0x4d,0xff,
    0x4d,0x4d,0x4d,0xff,0x48,0x48,0x48,0xff,0x3d,0x3d,0x3d,0xff,0x3b,0x3b,0x3b,0xff,
    0x38,0x38,0x38,0xff,0x3a,0x3a,0x3a,0xff,0x62,0x62,0x62,0xff,0x81,0x81,0x81,0xff,
    0x8c,0x8c,0x8c,0xff,0xb8,0xb8,0xb8,0xff,0xb2,0xb2,0xb2,0xff,0xc4,0xc4,0xc4,0xff,
    0x91,0x91,0x91,0xff,0x79,0x79,0x79,0xff,0x76,0x76,0x76,0xff,0x55,0x55,0x55,0xff,
    0x4c,0x4c,0x4c,0xff,0x3a,0x3a,0x3a,0xff,0x36,0x36,0x36,0xff,0x35,0x35,0x35,0xff,
    0x3b,0x3b,0x3b,0xff,0x3b,0x3b,0x3b,0xff,0x3f,0x3f,0x3f,0xff,0x43,0x43,0x43,0xff,
    0x40,0x40,0x40,0xff,0x42,0x42,0x42,0xff,0x5c,0x5c,0x5c,0xff,0x72,0x72,0x72,0xff,
    0x59,0x59,0x59,0xff,0x4f,0x4f,0x4f,0xff,0x43,0x43,0x43,0xff,0x40,0x40,0x40,0xff,
    0x40,0x40,0x40,0xff,0x4c,0x4c,0x4c,0xff,0x4a,0x4a,0x4a,0xff,0x42,0x42,0x42,0xff,
    0x3a,0x3a,0x3a,0xff,0x5d,0x5d,0x5d,0xff,0x6f,0x6f,0x6f,0xff,0x9b,0x9b,0x9b,0xff,
    0xa0,0xa0,0xa0,0xff,0xa0,0xa0,0xa0,0xff,0x90,0x90,0x90,0xff,0x67,0x67,0x67,0xff,
    0x71,0x71,0x71,0xff,0xa5,0xa5,0xa5,0xff,0xb8,0xb8,0xb8,0xff,0x90,0x90,0x90,0xff,
    0x6a,0x6a,0x6a,0xff,0x9d,0x9d,0x9d,0xff,0x98,0x98,0x98,0xff,0x98,0x98,0x98,0xff,
    0x98,0x98,0x98,0xff,0xa7,0xa7,0xa7,0xff,0x6f,0x6f,0x6f,0xff,0x4a,0x4a,0x4a,0xff,
    0x43,0x43,0x43,0xff,0x47,0x47,0x47,0xff,0x6a,0x6a,0x6a,0xff,0x88,0x88,0x88,0xff,
    0x91,0x91,0x91,0xff,0xd2,0xd2,0xd2,0xff,0xe1,0xe1,0xe1,0xff,0x3b,0x3b,0x3b,0x33,
    0x00,0x00,0x00,0x00,0x00,0x00,0x00,0x00,0x00,0x00,0x00,0x00,0x00,0x00,0x00,0x00,
    0x00,0x00,0x00,0x00,0x00,0x00,0x00,0x00,0x00,0x00,0x00,0x00,0x00,0x00,0x00,0x00,
    0x33,0x33,0x33,0x4b,0x7e,0x7e,0x7e,0xff,0x8b,0x8b,0x8b,0xff,0x62,0x62,0x62,0xff,
    0x40,0x40,0x40,0xff,0x47,0x47,0x47,0xff,0x45,0x45,0x45,0xff,0x57,0x57,0x57,0xff,
    0x58,0x58,0x58,0xff,0x52,0x52,0x52,0xff,0x52,0x52,0x52,0xff,0x52,0x52,0x52,0xff,
    0x55,0x55,0x55,0xff,0x59,0x59,0x59,0xff,0x5d,0x5d,0x5d,0xff,0x62,0x62,0x62,0xff,
    0x64,0x64,0x64,0xff,0x6e,0x6e,0x6e,0xff,0x67,0x67,0x67,0xff,0x74,0x74,0x74,0xff,
    0x6a,0x6a,0x6a,0xff,0x6e,0x6e,0x6e,0xff,0x6a,0x6a,0x6a,0xff,0x6f,0x6f,0x6f,0xff,
    0x7b,0x7b,0x7b,0xff,0x90,0x90,0x90,0xff,0x7c,0x7c,0x7c,0xff,0x71,0x71,0x71,0xff,
    0x62,0x62,0x62,0xff,0x62,0x62,0x62,0xff,0x6e,0x6e,0x6e,0xff,0x5f,0x5f,0x5f,0xff,
    0x5f,0x5f,0x5f,0xff,0x5f,0x5f,0x5f,0xff,0x71,0x71,0x71,0xff,0x74,0x74,0x74,0xff,
    0x79,0x79,0x79,0xff,0x64,0x64,0x64,0xff,0x61,0x61,0x61,0xff,0x5f,0x5f,0x5f,0xff,
    0x6e,0x6e,0x6e,0xff,0x77,0x77,0x77,0xff,0x59,0x59,0x59,0xff,0x52,0x52,0x52,0xff,
    0x55,0x55,0x55,0xff,0x59,0x59,0x59,0xff,0x58,0x58,0x58,0xff,0x55,0x55,0x55,0xff,
    0x5a,0x5a,0x5a,0xff,0x5f,0x5f,0x5f,0xff,0x55,0x55,0x55,0xff,0x58,0x58,0x58,0xff,
    0x5a,0x5a,0x5a,0xff,0x58,0x58,0x58,0xff,0x4f,0x4f,0x4f,0xff,0x50,0x50,0x50,0xff,
    0x57,0x57,0x57,0xff,0x4a,0x4a,0x4a,0xff,0x3b,0x3b,0x3b,0xff,0x38,0x38,0x38,0xff,
    0x3a,0x3a,0x3a,0xff,0x3a,0x3a,0x3a,0xff,0x71,0x71,0x71,0xff,0x9b,0x9b,0x9b,0xff,
    0x9a,0x9a,0x9a,0xff,0xa2,0xa2,0xa2,0xff,0x9e,0x9e,0x9e,0xff,0xa6,0xa6,0xa6,0xff,
    0x88,0x88,0x88,0xff,0x7c,0x7c,0x7c,0xff,0x6a,0x6a,0x6a,0xff,0x5f,0x5f,0x5f,0xff,
    0x4f,0x4f,0x4f,0xff,0x3e,0x3e,0x3e,0xff,0x52,0x52,0x52,0xff,0x33,0x33,0x33,0xff,
    0x3e,0x3e,0x3e,0xff,0x40,0x40,0x40,0xff,0x40,0x40,0x40,0xff,0x40,0x40,0x40,0xff,
    0x40,0x40,0x40,0xff,0x42,0x42,0x42,0xff,0x5d,0x5d,0x5d,0xff,0x5d,0x5d,0x5d,0xff,
    0x57,0x57,0x57,0xff,0x4b,0x4b,0x4b,0xff,0x48,0x48,0x48,0xff,0x47,0x47,0x47,0xff,
    0x43,0x43,0x43,0xff,0x4a,0x4a,0x4a,0xff,0x48,0x48,0x48,0xff,0x40,0x40,0x40,0xff,
    0x3e,0x3e,0x3e,0xff,0x30,0x30,0x30,0xff,0x5f,0x5f,0x5f,0xff,0x94,0x94,0x94,0xff,
    0xa5,0xa5,0xa5,0xff,0x9d,0x9d,0x9d,0xff,0x9b,0x9b,0x9b,0xff,0x5f,0x5f,0x5f,0xff,
    0x4d,0x4d,0x4d,0xff,0x8b,0x8b,0x8b,0xff,0xdf,0xdf,0xdf,0xff,0x8e,0x8e,0x8e,0xff,
    0x98,0x98,0x98,0xff,0xb2,0xb2,0xb2,0xff,0x9e,0x9e,0x9e,0xff,0x9a,0x9a,0x9a,0xff,
    0xad,0xad,0xad,0xff,0x8c,0x8c,0x8c,0xff,0x4a,0x4a,0x4a,0xff,0x4d,0x4d,0x4d,0xff,
    0x55,0x55,0x55,0xff,0x50,0x50,0x50,0xff,0x43,0x43,0x43,0xff,0x55,0x55,0x55,0xff,
    0x89,0x89,0x89,0xff,0xb5,0xb5,0xb5,0xff,0xdf,0xdf,0xdf,0xff,0x90,0x90,0x90,0x77,
    0x00,0x00,0x00,0x00,0x00,0x00,0x00,0x00,0x00,0x00,0x00,0x00,0x00,0x00,0x00,0x00,
    0x00,0x00,0x00,0x00,0x00,0x00,0x00,0x00,0x00,0x00,0x00,0x00,0x00,0x00,0x00,0x00,
    0x5d,0x5d,0x5d,0xab,0x83,0x83,0x83,0xff,0x88,0x88,0x88,0xff,0x58,0x58,0x58,0xff,
    0x58,0x58,0x58,0xff,0x4c,0x4c,0x4c,0xff,0x48,0x48,0x48,0xff,0x61,0x61,0x61,0xff,
    0x4f,0x4f,0x4f,0xff,0x4a,0x4a,0x4a,0xff,0x50,0x50,0x50,0xff,0x55,0x55,0x55,0xff,
    0x57,0x57,0x57,0xff,0x5d,0x5d,0x5d,0xff,0x65,0x65,0x65,0xff,0x5f,0x5f,0x5f,0xff,
    0x62,0x62,0x62,0xff,0x5f,0x5f,0x5f,0xff,0x67,0x67,0x67,0xff,0x69,0x69,0x69,0xff,
    0x65,0x65,0x65,0xff,0x64,0x64,0x64,0xff,0x64,0x64,0x64,0xff,0x62,0x62,0x62,0xff,
    0x79,0x79,0x79,0xff,0x89,0x89,0x89,0xff,0x77,0x77,0x77,0xff,0x74,0x74,0x74,0xff,
    0x76,0x76,0x76,0xff,0x6e,0x6e,0x6e,0xff,0x5a,0x5a,0x5a,0xff,0x57,0x57,0x57,0xff,
    0x64,0x64,0x64,0xff,0x6a,0x6a,0x6a,0xff,0x74,0x74,0x74,0xff,0x5f,0x5f,0x5f,0xff,
    0x5d,0x5d,0x5d,0xff,0x62,0x62,0x62,0xff,0x62,0x62,0x62,0xff,0x6f,0x6f,0x6f,0xff,
    0x6a,0x6a,0x6a,0xff,0x6a,0x6a,0x6a,0xff,0x64,0x64,0x64,0xff,0x59,0x59,0x59,0xff,
    0x50,0x50,0x50,0xff,0x69,0x69,0x69,0xff,0x58,0x58,0x58,0xff,0x61,0x61,0x61,0xff,
    0x69,0x69,0x69,0xff,0x66,0x66,0x66,0xff,0x52,0x52,0x52,0xff,0x59,0x59,0x59,0xff,
    0x57,0x57,0x57,0xff,0x57,0x57,0x57,0xff,0x65,0x65,0x65,0xff,0x7b,0x7b,0x7b,0xff,
    0x57,0x57,0x57,0xff,0x3a,0x3a,0x3a,0xff,0x3d,0x3d,0x3d,0xff,0x4c,0x4c,0x4c,0xff,
    0x42,0x42,0x42,0xff,0x64,0x64,0x64,0xff,0x90,0x90,0x90,0xff,0x7f,0x7f,0x7f,0xff,
    0x89,0x89,0x89,0xff,0x98,0x98,0x98,0xff,0x81,0x81,0x81,0xff,0x89,0x89,0x89,0xff,
    0x84,0x84,0x84,0xff,0x62,0x62,0x62,0xff,0x7c,0x7c,0x7c,0xff,0x64,0x64,0x64,0xff,
    0x47,0x47,0x47,0xff,0x40,0x40,0x40,0xff,0x54,0x54,0x54,0xff,0x3f,0x3f,0x3f,0xff,
    0x3e,0x3e,0x3e,0xff,0x5a,0x5a,0x5a,0xff,0x3a,0x3a,0x3a,0xff,0x3b,0x3b,0x3b,0xff,
    0x40,0x40,0x40,0xff,0x45,0x45,0x45,0xff,0x57,0x57,0x57,0xff,0x52,0x52,0x52,0xff,
    0x58,0x58,0x58,0xff,0x4a,0x4a,0x4a,0xff,0x4a,0x4a,0x4a,0xff,0x48,0x48,0x48,0xff,
    0x45,0x45,0x45,0xff,0x57,0x57,0x57,0xff,0x4c,0x4c,0x4c,0xff,0x3f,0x3f,0x3f,0xff,
    0x3b,0x3b,0x3b,0xff,0x45,0x45,0x45,0xff,0x84,0x84,0x84,0xff,0xa5,0xa5,0xa5,0xff,
    0xaf,0xaf,0xaf,0xff,0x91,0x91,0x91,0xff,0x90,0x90,0x90,0xff,0x72,0x72,0x72,0xff,
    0x55,0x55,0x55,0xff,0x96,0x96,0x96,0xff,0xc9,0xc9,0xc9,0xff,0xa3,0xa3,0xa3,0xff,
    0xa5,0xa5,0xa5,0xff,0xb0,0xb0,0xb0,0xff,0xad,0xad,0xad,0xff,0xab,0xab,0xab,0xff,
    0xc1,0xc1,0xc1,0xff,0x88,0x88,0x88,0xff,0x47,0x47,0x47,0xff,0x48,0x48,0x48,0xff,
    0x59,0x59,0x59,0xff,0x4d,0x4d,0x4d,0xff,0x47,0x47,0x47,0xff,0x40,0x40,0x40,0xff,
    0x5f,0x5f,0x5f,0xff,0xbd,0xbd,0xbd,0xff,0xd2,0xd2,0xd2,0xff,0xbc,0xbc,0xbc,0xc7,
    0x00,0x00,0x00,0x00,0x00,0x00,0x00,0x00,0x00,0x00,0x00,0x00,0x00,0x00,0x00,0x00,
    0x00,0x00,0x00,0x00,0x00,0x00,0x00,0x00,0x00,0x00,0x00,0x00,0x00,0x00,0x00,0x00,
    0x61,0x61,0x61,0xdb,0x88,0x88,0x88,0xff,0x80,0x80,0x80,0xff,0x5a,0x5a,0x5a,0xff,
    0x62,0x62,0x62,0xff,0x42,0x42,0x42,0xff,0x54,0x54,0x54,0xff,0x4c,0x4c,0x4c,0xff,
    0x48,0x48,0x48,0xff,0x4a,0x4a,0x4a,0xff,0x52,0x52,0x52,0xff,0x52,0x52,0x52,0xff,
    0x5a,0x5a,0x5a,0xff,0x5d,0x5d,0x5d,0xff,0x61,0x61,0x61,0xff,0x5d,0x5d,0x5d,0xff,
    0x66,0x66,0x66,0xff,0x62,0x62,0x62,0xff,0x65,0x65,0x65,0xff,0x69,0x69,0x69,0xff,
    0x67,0x67,0x67,0xff,0x65,0x65,0x65,0xff,0x65,0x65,0x65,0xff,0x71,0x71,0x71,0xff,
    0x7b,0x7b,0x7b,0xff,0x86,0x86,0x86,0xff,0x8b,0x8b,0x8b,0xff,0x74,0x74,0x74,0xff,
    0x71,0x71,0x71,0xff,0x61,0x61,0x61,0xff,0x6e,0x6e,0x6e,0xff,0x6a,0x6a,0x6a,0xff,
    0x57,0x57,0x57,0xff,0x6a,0x6a,0x6a,0xff,0x79,0x79,0x79,0xff,0x6e,0x6e,0x6e,0xff,
    0x62,0x62,0x62,0xff,0x62,0x62,0x62,0xff,0x76,0x76,0x76,0xff,0x81,0x81,0x81,0xff,
    0x83,0x83,0x83,0xff,0x6e,0x6e,0x6e,0xff,0x5a,0x5a,0x5a,0xff,0x59,0x59,0x59,0xff,
    0x57,0x57,0x57,0xff,0x64,0x64,0x64,0xff,0x59,0x59,0x59,0xff,0x5d,0x5d,0x5d,0xff,
    0x6f,0x6f,0x6f,0xff,0x5c,0x5c,0x5c,0xff,0x5d,0x5d,0x5d,0xff,0x66,0x66,0x66,0xff,
    0x5a,0x5a,0x5a,0xff,0x54,0x54,0x54,0xff,0x69,0x69,0x69,0xff,0x6a,0x6a,0x6a,0xff,
    0x45,0x45,0x45,0xff,0x48,0x48,0x48,0xff,0x59,0x59,0x59,0xff,0x45,0x45,0x45,0xff,
    0x7e,0x7e,0x7e,0xff,0x91,0x91,0x91,0xff,0x84,0x84,0x84,0xff,0x83,0x83,0x83,0xff,
    0x8e,0x8e,0x8e,0xff,0x96,0x96,0x96,0xff,0x81,0x81,0x81,0xff,0x55,0x55,0x55,0xff,
    0x76,0x76,0x76,0xff,0x67,0x67,0x67,0xff,0x42,0x42,0x42,0xff,0x4c,0x4c,0x4c,0xff,
    0x48,0x48,0x48,0xff,0x5d,0x5d,0x5d,0xff,0x5c,0x5c,0x5c,0xff,0x52,0x52,0x52,0xff,
    0x52,0x52,0x52,0xff,0x67,0x67,0x67,0xff,0x48,0x48,0x48,0xff,0x3b,0x3b,0x3b,0xff,
    0x3f,0x3f,0x3f,0xff,0x45,0x45,0x45,0xff,0x4c,0x4c,0x4c,0xff,0x50,0x50,0x50,0xff,
    0x55,0x55,0x55,0xff,0x4f,0x4f,0x4f,0xff,0x45,0x45,0x45,0xff,0x48,0x48,0x48,0xff,
    0x4d,0x4d,0x4d,0xff,0x57,0x57,0x57,0xff,0x4d,0x4d,0x4d,0xff,0x3d,0x3d,0x3d,0xff,
    0x3d,0x3d,0x3d,0xff,0x5c,0x5c,0x5c,0xff,0x86,0x86,0x86,0xff,0x98,0x98,0x98,0xff,
    0xa8,0xa8,0xa8,0xff,0x90,0x90,0x90,0xff,0x57,0x57,0x57,0xff,0x74,0x74,0x74,0xff,
    0x55,0x55,0x55,0xff,0x6a,0x6a,0x6a,0xff,0x84,0x84,0x84,0xff,0x93,0x93,0x93,0xff,
    0xbf,0xbf,0xbf,0xff,0xb4,0xb4,0xb4,0xff,0xba,0xba,0xba,0xff,0xc4,0xc4,0xc4,0xff,
    0xba,0xba,0xba,0xff,0x89,0x89,0x89,0xff,0x50,0x50,0x50,0xff,0x4f,0x4f,0x4f,0xff,
    0x43,0x43,0x43,0xff,0x43,0x43,0x43,0xff,0x42,0x42,0x42,0xff,0x3b,0x3b,0x3b,0xff,
    0x3a,0x3a,0x3a,0xff,0x80,0x80,0x80,0xff,0xbd,0xbd,0xbd,0xff,0xcc,0xcc,0xcc,0xff,
    0x34,0x34,0x34,0x23,0x00,0x00,0x00,0x00,0x00,0x00,0x00,0x00,0x00,0x00,0x00,0x00,
    0x00,0x00,0x00,0x00,0x00,0x00,0x00,0x00,0x00,0x00,0x00,0x00,0x3c,0x3c,0x3c,0x3f,
    0x77,0x77,0x77,0xff,0x91,0x91,0x91,0xff,0x77,0x77,0x77,0xff,0x4f,0x4f,0x4f,0xff,
    0x48,0x48,0x48,0xff,0x4a,0x4a,0x4a,0xff,0x48,0x48,0x48,0xff,0x4c,0x4c,0x4c,0xff,
    0x54,0x54,0x54,0xff,0x57,0x57,0x57,0xff,0x50,0x50,0x50,0xff,0x58,0x58,0x58,0xff,
    0x55,0x55,0x55,0xff,0x58,0x58,0x58,0xff,0x5d,0x5d,0x5d,0xff,0x64,0x64,0x64,0xff,
    0x67,0x67,0x67,0xff,0x64,0x64,0x64,0xff,0x6a,0x6a,0x6a,0xff,0x71,0x71,0x71,0xff,
    0x6c,0x6c,0x6c,0xff,0x67,0x67,0x67,0xff,0x6a,0x6a,0x6a,0xff,0x7b,0x7b,0x7b,0xff,
    0x7b,0x7b,0x7b,0xff,0x86,0x86,0x86,0xff,0x95,0x95,0x95,0xff,0x93,0x93,0x93,0xff,
    0x6f,0x6f,0x6f,0xff,0x59,0x59,0x59,0xff,0x54,0x54,0x54,0xff,0x5c,0x5c,0x5c,0xff,
    0x69,0x69,0x69,0xff,0x65,0x65,0x65,0xff,0x76,0x76,0x76,0xff,0x7e,0x7e,0x7e,0xff,
    0x84,0x84,0x84,0xff,0x74,0x74,0x74,0xff,0x88,0x88,0x88,0xff,0x7c,0x7c,0x7c,0xff,
    0x83,0x83,0x83,0xff,0x73,0x73,0x73,0xff,0x55,0x55,0x55,0xff,0x4f,0x4f,0x4f,0xff,
    0x50,0x50,0x50,0xff,0x73,0x73,0x73,0xff,0x55,0x55,0x55,0xff,0x5a,0x5a,0x5a,0xff,
    0x77,0x77,0x77,0xff,0x67,0x67,0x67,0xff,0x71,0x71,0x71,0xff,0x5d,0x5d,0x5d,0xff,
    0x57,0x57,0x57,0xff,0x66,0x66,0x66,0xff,0x69,0x69,0x69,0xff,0x61,0x61,0x61,0xff,
    0x54,0x54,0x54,0xff,0x4c,0x4c,0x4c,0xff,0x99,0x99,0x99,0xff,0xa5,0xa5,0xa5,0xff,
    0x95,0x95,0x95,0xff,0x7c,0x7c,0x7c,0xff,0x8e,0x8e,0x8e,0xff,0xad,0xad,0xad,0xff,
    0x8b,0x8b,0x8b,0xff,0x81,0x81,0x81,0xff,0x88,0x88,0x88,0xff,0x5c,0x5c,0x5c,0xff,
    0x5f,0x5f,0x5f,0xff,0x86,0x86,0x86,0xff,0x67,0x67,0x67,0xff,0x7b,0x7b,0x7b,0xff,
    0x6e,0x6e,0x6e,0xff,0x52,0x52,0x52,0xff,0x47,0x47,0x47,0xff,0x67,0x67,0x67,0xff,
    0x61,0x61,0x61,0xff,0x6a,0x6a,0x6a,0xff,0x81,0x81,0x81,0xff,0x5f,0x5f,0x5f,0xff,
    0x40,0x40,0x40,0xff,0x42,0x42,0x42,0xff,0x4d,0x4d,0x4d,0xff,0x50,0x50,0x50,0xff,
    0x50,0x50,0x50,0xff,0x4f,0x4f,0x4f,0xff,0x4d,0x4d,0x4d,0xff,0x45,0x45,0x45,0xff,
    0x48,0x48,0x48,0xff,0x42,0x42,0x42,0xff,0x48,0x48,0x48,0xff,0x42,0x42,0x42,0xff,
    0x40,0x40,0x40,0xff,0x48,0x48,0x48,0xff,0x5a,0x5a,0x5a,0xff,0x86,0x86,0x86,0xff,
    0x95,0x95,0x95,0xff,0x91,0x91,0x91,0xff,0x58,0x58,0x58,0xff,0x5a,0x5a,0x5a,0xff,
    0x57,0x57,0x57,0xff,0x40,0x40,0x40,0xff,0x45,0x45,0x45,0xff,0x50,0x50,0x50,0xff,
    0xab,0xab,0xab,0xff,0xd1,0xd1,0xd1,0xff,0xd7,0xd7,0xd7,0xff,0xd4,0xd4,0xd4,0xff,
    0xd9,0xd9,0xd9,0xff,0xb0,0xb0,0xb0,0xff,0x69,0x69,0x69,0xff,0x45,0x45,0x45,0xff,
    0x45,0x45,0x45,0xff,0x40,0x40,0x40,0xff,0x42,0x42,0x42,0xff,0x40,0x40,0x40,0xff,
    0x3a,0x3a,0x3a,0xff,0x62,0x62,0x62,0xff,0xc2,0xc2,0xc2,0xff,0xd1,0xd1,0xd1,0xff,
    0x80,0x80,0x80,0x6f,0x00,0x00,0x00,0x00,0x00,0x00,0x00,0x00,0x00,0x00,0x00,0x00,
    0x00,0x00,0x00,0x00,0x00,0x00,0x00,0x00,0x00,0x00,0x00,0x00,0x58,0x58,0x58,0x7b,
    0x7b,0x7b,0x7b,0xff,0x88,0x88,0x88,0xff,0x6e,0x6e,0x6e,0xff,0x50,0x50,0x50,0xff,
    0x45,0x45,0x45,0xff,0x45,0x45,0x45,0xff,0x47,0x47,0x47,0xff,0x54,0x54,0x54,0xff,
    0x52,0x52,0x52,0xff,0x54,0x54,0x54,0xff,0x54,0x54,0x54,0xff,0x57,0x57,0x57,0xff,
    0x52,0x52,0x52,0xff,0x55,0x55,0x55,0xff,0x5a,0x5a,0x5a,0xff,0x61,0x61,0x61,0xff,
    0x61,0x61,0x61,0xff,0x61,0x61,0x61,0xff,0x6f,0x6f,0x6f,0xff,0x6a,0x6a,0x6a,0xff,
    0x69,0x69,0x69,0xff,0x6a,0x6a,0x6a,0xff,0x6a,0x6a,0x6a,0xff,0x74,0x74,0x74,0xff,
    0x7b,0x7b,0x7b,0xff,0x80,0x80,0x80,0xff,0x89,0x89,0x89,0xff,0x9a,0x9a,0x9a,0xff,
    0x74,0x74,0x74,0xff,0x64,0x64,0x64,0xff,0x58,0x58,0x58,0xff,0x5c,0x5c,0x5c,0xff,
    0x61,0x61,0x61,0xff,0x74,0x74,0x74,0xff,0x8e,0x8e,0x8e,0xff,0xab,0xab,0xab,0xff,
    0xbc,0xbc,0xbc,0xff,0x9d,0x9d,0x9d,0xff,0x98,0x98,0x98,0xff,0x89,0x89,0x89,0xff,
    0x89,0x89,0x89,0xff,0x90,0x90,0x90,0xff,0x74,0x74,0x74,0xff,0x74,0x74,0x74,0xff,
    0x72,0x72,0x72,0xff,0x6e,0x6e,0x6e,0xff,0x69,0x69,0x69,0xff,0x79,0x79,0x79,0xff,
    0x89,0x89,0x89,0xff,0x71,0x71,0x71,0xff,0x6a,0x6a,0x6a,0xff,0x74,0x74,0x74,0xff,
    0x76,0x76,0x76,0xff,0x67,0x67,0x67,0xff,0x80,0x80,0x80,0xff,0x81,0x81,0x81,0xff,
    0x88,0x88,0x88,0xff,0x81,0x81,0x81,0xff,0x96,0x96,0x96,0xff,0x8b,0x8b,0x8b,0xff,
    0x7f,0x7f,0x7f,0xff,0x76,0x76,0x76,0xff,0x80,0x80,0x80,0xff,0x91,0x91,0x91,0xff,
    0x88,0x88,0x88,0xff,0x61,0x61,0x61,0xff,0x65,0x65,0x65,0xff,0x5a,0x5a,0x5a,0xff,
    0x4b,0x4b,0x4b,0xff,0x62,0x62,0x62,0xff,0x59,0x59,0x59,0xff,0x5f,0x5f,0x5f,0xff,
    0x69,0x69,0x69,0xff,0x55,0x55,0x55,0xff,0x54,0x54,0x54,0xff,0x4f,0x4f,0x4f,0xff,
    0x6f,0x6f,0x6f,0xff,0x58,0x58,0x58,0xff,0x50,0x50,0x50,0xff,0x50,0x50,0x50,0xff,
    0x7c,0x7c,0x7c,0xff,0x71,0x71,0x71,0xff,0x6f,0x6f,0x6f,0xff,0x45,0x45,0x45,0xff,
    0x50,0x50,0x50,0xff,0x5c,0x5c,0x5c,0xff,0x43,0x43,0x43,0xff,0x48,0x48,0x48,0xff,
    0x3d,0x3d,0x3d,0xff,0x3f,0x3f,0x3f,0xff,0x50,0x50,0x50,0xff,0x61,0x61,0x61,0xff,
    0x48,0x48,0x48,0xff,0x47,0x47,0x47,0xff,0x45,0x45,0x45,0xff,0x5d,0x5d,0x5d,0xff,
    0x6e,0x6e,0x6e,0xff,0x86,0x86,0x86,0xff,0x69,0x69,0x69,0xff,0x5f,0x5f,0x5f,0xff,
    0x54,0x54,0x54,0xff,0x35,0x35,0x35,0xff,0x43,0x43,0x43,0xff,0x7e,0x7e,0x7e,0xff,
    0x95,0x95,0x95,0xff,0xb5,0xb5,0xb5,0xff,0xe1,0xe1,0xe1,0xff,0xe1,0xe1,0xe1,0xff,
    0xe6,0xe6,0xe6,0xff,0xcf,0xcf,0xcf,0xff,0x6a,0x6a,0x6a,0xff,0x45,0x45,0x45,0xff,
    0x47,0x47,0x47,0xff,0x42,0x42,0x42,0xff,0x43,0x43,0x43,0xff,0x40,0x40,0x40,0xff,
    0x3b,0x3b,0x3b,0xff,0x3f,0x3f,0x3f,0xff,0xaf,0xaf,0xaf,0xff,0xd4,0xd4,0xd4,0xff,
    0x9b,0x9b,0x9b,0x9b,0x00,0x00,0x00,0x00,0x00,0x00,0x00,0x00,0x00,0x00,0x00,0x00,
    0x00,0x00,0x00,0x00,0x00,0x00,0x00,0x00,0x00,0x00,0x00,0x00,0x6e,0x6e,0x6e,0xab,
    0x89,0x89,0x89,0xff,0x86,0x86,0x86,0xff,0x5c,0x5c,0x5c,0xff,0x6a,0x6a,0x6a,0xff,
    0x54,0x54,0x54,0xff,0x45,0x45,0x45,0xff,0x48,0x48,0x48,0xff,0x4f,0x4f,0x4f,0xff,
    0x54,0x54,0x54,0xff,0x55,0x55,0x55,0xff,0x55,0x55,0x55,0xff,0x55,0x55,0x55,0xff,
    0x57,0x57,0x57,0xff,0x50,0x50,0x50,0xff,0x57,0x57,0x57,0xff,0x5d,0x5d,0x5d,0xff,
    0x5a,0x5a,0x5a,0xff,0x5f,0x5f,0x5f,0xff,0x6a,0x6a,0x6a,0xff,0x6a,0x6a,0x6a,0xff,
    0x69,0x69,0x69,0xff,0x6c,0x6c,0x6c,0xff,0x69,0x69,0x69,0xff,0x6c,0x6c,0x6c,0xff,
    0x7b,0x7b,0x7b,0xff,0x7b,0x7b,0x7b,0xff,0x7b,0x7b,0x7b,0xff,0xab,0xab,0xab,0xff,
    0x6e,0x6e,0x6e,0xff,0x5a,0x5a,0x5a,0xff,0x54,0x54,0x54,0xff,0x81,0x81,0x81,0xff,
    0x91,0x91,0x91,0xff,0x6f,0x6f,0x6f,0xff,0x7b,0x7b,0x7b,0xff,0xab,0xab,0xab,0xff,
    0xb2,0xb2,0xb2,0xff,0x8e,0x8e,0x8e,0xff,0x8c,0x8c,0x8c,0xff,0x81,0x81,0x81,0xff,
    0x8c,0x8c,0x8c,0xff,0xab,0xab,0xab,0xff,0x8b,0x8b,0x8b,0xff,0x7f,0x7f,0x7f,0xff,
    0x86,0x86,0x86,0xff,0x81,0x81,0x81,0xff,0x79,0x79,0x79,0xff,0x79,0x79,0x79,0xff,
    0x80,0x80,0x80,0xff,0x81,0x81,0x81,0xff,0x86,0x86,0x86,0xff,0x9e,0x9e,0x9e,0xff,
    0x7c,0x7c,0x7c,0xff,0x86,0x86,0x86,0xff,0x61,0x61,0x61,0xff,0x58,0x58,0x58,0xff,
    0x5a,0x5a,0x5a,0xff,0x55,0x55,0x55,0xff,0x4f,0x4f,0x4f,0xff,0x6f,0x6f,0x6f,0xff,
    0x8d,0x8d,0x8d,0xff,0x79,0x79,0x79,0xff,0x76,0x76,0x76,0xff,0x88,0x88,0x88,0xff,
    0x7e,0x7e,0x7e,0xff,0x4f,0x4f,0x4f,0xff,0x42,0x42,0x42,0xff,0x47,0x47,0x47,0xff,
    0x40,0x40,0x40,0xff,0x40,0x40,0x40,0xff,0x42,0x42,0x42,0xff,0x47,0x47,0x47,0xff,
    0x55,0x55,0x55,0xff,0x6a,0x6a,0x6a,0xff,0x81,0x81,0x81,0xff,0x83,0x83,0x83,0xff,
    0x7c,0x7c,0x7c,0xff,0x84,0x84,0x84,0xff,0x54,0x54,0x54,0xff,0x5f,0x5f,0x5f,0xff,
    0x79,0x79,0x79,0xff,0xe6,0xe6,0xe6,0xff,0xdc,0xdc,0xdc,0xff,0x96,0x96,0x96,0xff,
    0x79,0x79,0x79,0xff,0x86,0x86,0x86,0xff,0x8d,0x8d,0x8d,0xff,0x5a,0x5a,0x5a,0xff,
    0x52,0x52,0x52,0xff,0x5d,0x5d,0x5d,0xff,0x40,0x40,0x40,0xff,0x48,0x48,0x48,0xff,
    0x57,0x57,0x57,0xff,0x47,0x47,0x47,0xff,0x42,0x42,0x42,0xff,0x4c,0x4c,0x4c,0xff,
    0x54,0x54,0x54,0xff,0x74,0x74,0x74,0xff,0x69,0x69,0x69,0xff,0x57,0x57,0x57,0xff,
    0x48,0x48,0x48,0xff,0x38,0x38,0x38,0xff,0x45,0x45,0x45,0xff,0x9a,0x9a,0x9a,0xff,
    0x9e,0x9e,0x9e,0xff,0xa2,0xa2,0xa2,0xff,0xb2,0xb2,0xb2,0xff,0xe7,0xe7,0xe7,0xff,
    0xf5,0xf5,0xf5,0xff,0xd7,0xd7,0xd7,0xff,0xb8,0xb8,0xb8,0xff,0x54,0x54,0x54,0xff,
    0x47,0x47,0x47,0xff,0x42,0x42,0x42,0xff,0x45,0x45,0x45,0xff,0x3f,0x3f,0x3f,0xff,
    0x3a,0x3a,0x3a,0xff,0x40,0x40,0x40,0xff,0x91,0x91,0x91,0xff,0xdb,0xdb,0xdb,0xff,
    0xa0,0xa0,0xa0,0xeb,0x00,0x00,0x00,0x00,0x00,0x00,0x00,0x00,0x00,0x00,0x00,0x00,
    0x00,0x00,0x00,0x00,0x00,0x00,0x00,0x00,0x00,0x00,0x00,0x00,0x58,0x58,0x58,0xff,
    0x8e,0x8e,0x8e,0xff,0x8c,0x8c,0x8c,0xff,0x61,0x61,0x61,0xff,0x69,0x69,0x69,0xff,
    0x4a,0x4a,0x4a,0xff,0x47,0x47,0x47,0xff,0x4a,0x4a,0x4a,0xff,0x50,0x50,0x50,0xff,
    0x50,0x50,0x50,0xff,0x52,0x52,0x52,0xff,0x52,0x52,0x52,0xff,0x54,0x54,0x54,0xff,
    0x55,0x55,0x55,0xff,0x52,0x52,0x52,0xff,0x57,0x57,0x57,0xff,0x5c,0x5c,0x5c,0xff,
    0x59,0x59,0x59,0xff,0x5c,0x5c,0x5c,0xff,0x65,0x65,0x65,0xff,0x6a,0x6a,0x6a,0xff,
    0x6c,0x6c,0x6c,0xff,0x64,0x64,0x64,0xff,0x69,0x69,0x69,0xff,0x6c,0x6c,0x6c,0xff,
    0x7c,0x7c,0x7c,0xff,0x79,0x79,0x79,0xff,0x81,0x81,0x81,0xff,0x81,0x81,0x81,0xff,
    0x71,0x71,0x71,0xff,0x58,0x58,0x58,0xff,0x57,0x57,0x57,0xff,0x73,0x73,0x73,0xff,
    0x6e,0x6e,0x6e,0xff,0x61,0x61,0x61,0xff,0x76,0x76,0x76,0xff,0x8d,0x8d,0x8d,0xff,
    0xa6,0xa6,0xa6,0xff,0x7e,0x7e,0x7e,0xff,0x90,0x90,0x90,0xff,0x71,0x71,0x71,0xff,
    0x84,0x84,0x84,0xff,0x9d,0x9d,0x9d,0xff,0xa2,0xa2,0xa2,0xff,0x96,0x96,0x96,0xff,
    0x96,0x96,0x96,0xff,0x9d,0x9d,0x9d,0xff,0x84,0x84,0x84,0xff,0x83,0x83,0x83,0xff,
    0x77,0x77,0x77,0xff,0x71,0x71,0x71,0xff,0x8b,0x8b,0x8b,0xff,0x8e,0x8e,0x8e,0xff,
    0x6e,0x6e,0x6e,0xff,0x8b,0x8b,0x8b,0xff,0x6f,0x6f,0x6f,0xff,0x4a,0x4a,0x4a,0xff,
    0x48,0x48,0x48,0xff,0x47,0x47,0x47,0xff,0x45,0x45,0x45,0xff,0x67,0x67,0x67,0xff,
    0x72,0x72,0x72,0xff,0x71,0x71,0x71,0xff,0x62,0x62,0x62,0xff,0x76,0x76,0x76,0xff,
    0x64,0x64,0x64,0xff,0x50,0x50,0x50,0xff,0x40,0x40,0x40,0xff,0x4a,0x4a,0x4a,0xff,
    0x43,0x43,0x43,0xff,0x45,0x45,0x45,0xff,0x45,0x45,0x45,0xff,0x4a,0x4a,0x4a,0xff,
    0x4d,0x4d,0x4d,0xff,0x71,0x71,0x71,0xff,0xcc,0xcc,0xcc,0xff,0xde,0xde,0xde,0xff,
    0xb3,0xb3,0xb3,0xff,0x62,0x62,0x62,0xff,0x57,0x57,0x57,0xff,0x50,0x50,0x50,0xff,
    0x55,0x55,0x55,0xff,0xad,0xad,0xad,0xff,0xb8,0xb8,0xb8,0xff,0xb2,0xb2,0xb2,0xff,
    0x89,0x89,0x89,0xff,0x83,0x83,0x83,0xff,0x8b,0x8b,0x8b,0xff,0x48,0x48,0x48,0xff,
    0x67,0x67,0x67,0xff,0xa0,0xa0,0xa0,0xff,0x48,0x48,0x48,0xff,0x42,0x42,0x42,0xff,
    0x45,0x45,0x45,0xff,0x43,0x43,0x43,0xff,0x42,0x42,0x42,0xff,0x40,0x40,0x40,0xff,
    0x45,0x45,0x45,0xff,0x52,0x52,0x52,0xff,0x62,0x62,0x62,0xff,0x48,0x48,0x48,0xff,
    0x40,0x40,0x40,0xff,0x3a,0x3a,0x3a,0xff,0x38,0x38,0x38,0xff,0x69,0x69,0x69,0xff,
    0x99,0x99,0x99,0xff,0xa3,0xa3,0xa3,0xff,0xa3,0xa3,0xa3,0xff,0xad,0xad,0xad,0xff,
    0xee,0xee,0xee,0xff,0xcc,0xcc,0xcc,0xff,0xb0,0xb0,0xb0,0xff,0x4f,0x4f,0x4f,0xff,
    0x3e,0x3e,0x3e,0xff,0x3d,0x3d,0x3d,0xff,0x40,0x40,0x40,0xff,0x3b,0x3b,0x3b,0xff,
    0x3a,0x3a,0x3a,0xff,0x43,0x43,0x43,0xff,0x62,0x62,0x62,0xff,0xd7,0xd7,0xd7,0xff,
    0x96,0x96,0x96,0xff,0x36,0x36,0x36,0x1b,0x00,0x00,0x00,0x00,0x00,0x00,0x00,0x00,
    0x00,0x00,0x00,0x00,0x00,0x00,0x00,0x00,0x2d,0x2d,0x2d,0x27,0x69,0x69,0x69,0xff,
    0x83,0x83,0x83,0xff,0x9e,0x9e,0x9e,0xff,0x77,0x77,0x77,0xff,0x5c,0x5c,0x5c,0xff,
    0x57,0x57,0x57,0xff,0x5d,0x5d,0x5d,0xff,0x4a,0x4a,0x4a,0xff,0x4d,0x4d,0x4d,0xff,
    0x4f,0x4f,0x4f,0xff,0x55,0x55,0x55,0xff,0x57,0x57,0x57,0xff,0x57,0x57,0x57,0xff,
    0x57,0x57,0x57,0xff,0x57,0x57,0x57,0xff,0x61,0x61,0x61,0xff,0x67,0x67,0x67,0xff,
    0x62,0x62,0x62,0xff,0x5d,0x5d,0x5d,0xff,0x5f,0x5f,0x5f,0xff,0x76,0x76,0x76,0xff,
    0x73,0x73,0x73,0xff,0x67,0x67,0x67,0xff,0x73,0x73,0x73,0xff,0x74,0x74,0x74,0xff,
    0x7b,0x7b,0x7b,0xff,0x77,0x77,0x77,0xff,0x7c,0x7c,0x7c,0xff,0x79,0x79,0x79,0xff,
    0x95,0x95,0x95,0xff,0x72,0x72,0x72,0xff,0x62,0x62,0x62,0xff,0x5f,0x5f,0x5f,0xff,
    0x58,0x58,0x58,0xff,0x77,0x77,0x77,0xff,0x96,0x96,0x96,0xff,0xa3,0xa3,0xa3,0xff,
    0x90,0x90,0x90,0xff,0xa2,0xa2,0xa2,0xff,0x9b,0x9b,0x9b,0xff,0x83,0x83,0x83,0xff,
    0x81,0x81,0x81,0xff,0x8b,0x8b,0x8b,0xff,0xa2,0xa2,0xa2,0xff,0xb7,0xb7,0xb7,0xff,
    0x9e,0x9e,0x9e,0xff,0x9e,0x9e,0x9e,0xff,0x90,0x90,0x90,0xff,0x84,0x84,0x84,0xff,
    0x86,0x86,0x86,0xff,0x88,0x88,0x88,0xff,0x9a,0x9a,0x9a,0xff,0x8b,0x8b,0x8b,0xff,
    0x76,0x76,0x76,0xff,0x81,0x81,0x81,0xff,0x72,0x72,0x72,0xff,0x67,0x67,0x67,0xff,
    0x59,0x59,0x59,0xff,0x4f,0x4f,0x4f,0xff,0x47,0x47,0x47,0xff,0x42,0x42,0x42,0xff,
    0x4f,0x4f,0x4f,0xff,0x42,0x42,0x42,0xff,0x4d,0x4d,0x4d,0xff,0x5a,0x5a,0x5a,0xff,
    0x66,0x66,0x66,0xff,0x4f,0x4f,0x4f,0xff,0x50,0x50,0x50,0xff,0x5c,0x5c,0x5c,0xff,
    0x59,0x59,0x59,0xff,0x4f,0x4f,0x4f,0xff,0x45,0x45,0x45,0xff,0x4c,0x4c,0x4c,0xff,
    0x4a,0x4a,0x4a,0xff,0x4f,0x4f,0x4f,0xff,0x96,0x96,0x96,0xff,0xc0,0xc0,0xc0,0xff,
    0xaf,0xaf,0xaf,0xff,0x6c,0x6c,0x6c,0xff,0x43,0x43,0x43,0xff,0x64,0x64,0x64,0xff,
    0x83,0x83,0x83,0xff,0x71,0x71,0x71,0xff,0x77,0x77,0x77,0xff,0x93,0x93,0x93,0xff,
    0x9d,0x9d,0x9d,0xff,0x67,0x67,0x67,0xff,0x55,0x55,0x55,0xff,0x3b,0x3b,0x3b,0xff,
    0x42,0x42,0x42,0xff,0x48,0x48,0x48,0xff,0x3d,0x3d,0x3d,0xff,0x3d,0x3d,0x3d,0xff,
    0x40,0x40,0x40,0xff,0x4d,0x4d,0x4d,0xff,0x43,0x43,0x43,0xff,0x45,0x45,0x45,0xff,
    0x42,0x42,0x42,0xff,0x43,0x43,0x43,0xff,0x4b,0x4b,0x4b,0xff,0x4a,0x4a,0x4a,0xff,
    0x42,0x42,0x42,0xff,0x3b,0x3b,0x3b,0xff,0x35,0x35,0x35,0xff,0x62,0x62,0x62,0xff,
    0x90,0x90,0x90,0xff,0xaf,0xaf,0xaf,0xff,0x9e,0x9e,0x9e,0xff,0xa2,0xa2,0xa2,0xff,
    0xe1,0xe1,0xe1,0xff,0xdc,0xdc,0xdc,0xff,0x9d,0x9d,0x9d,0xff,0x50,0x50,0x50,0xff,
    0x4d,0x4d,0x4d,0xff,0x42,0x42,0x42,0xff,0x43,0x43,0x43,0xff,0x3f,0x3f,0x3f,0xff,
    0x3b,0x3b,0x3b,0xff,0x5c,0x5c,0x5c,0xff,0x8e,0x8e,0x8e,0xff,0xcf,0xcf,0xcf,0xff,
    0xa5,0xa5,0xa5,0xff,0x45,0x45,0x45,0x3b,0x00,0x00,0x00,0x00,0x00,0x00,0x00,0x00,
    0x00,0x00,0x00,0x00,0x00,0x00,0x00,0x00,0x49,0x49,0x49,0x77,0x76,0x76,0x76,0xff,
    0x83,0x83,0x83,0xff,0xa3,0xa3,0xa3,0xff,0x67,0x67,0x67,0xff,0x7b,0x7b,0x7b,0xff,
    0x61,0x61,0x61,0xff,0x54,0x54,0x54,0xff,0x4c,0x4c,0x4c,0xff,0x4d,0x4d,0x4d,0xff,
    0x4c,0x4c,0x4c,0xff,0x52,0x52,0x52,0xff,0x57,0x57,0x57,0xff,0x55,0x55,0x55,0xff,
    0x61,0x61,0x61,0xff,0x59,0x59,0x59,0xff,0x62,0x62,0x62,0xff,0x65,0x65,0x65,0xff,
    0x61,0x61,0x61,0xff,0x5c,0x5c,0x5c,0xff,0x64,0x64,0x64,0xff,0x64,0x64,0x64,0xff,
    0x5f,0x5f,0x5f,0xff,0x67,0x67,0x67,0xff,0x73,0x73,0x73,0xff,0x6a,0x6a,0x6a,0xff,
    0x79,0x79,0x79,0xff,0x90,0x90,0x90,0xff,0x89,0x89,0x89,0xff,0x80,0x80,0x80,0xff,
    0x8b,0x8b,0x8b,0xff,0x76,0x76,0x76,0xff,0x55,0x55,0x55,0xff,0x4d,0x4d,0x4d,0xff,
    0x52,0x52,0x52,0xff,0x5f,0x5f,0x5f,0xff,0x8d,0x8d,0x8d,0xff,0x98,0x98,0x98,0xff,
    0x8c,0x8c,0x8c,0xff,0xab,0xab,0xab,0xff,0xb3,0xb3,0xb3,0xff,0x95,0x95,0x95,0xff,
    0x96,0x96,0x96,0xff,0x7c,0x7c,0x7c,0xff,0x8e,0x8e,0x8e,0xff,0xa2,0xa2,0xa2,0xff,
    0xa6,0xa6,0xa6,0xff,0xa5,0xa5,0xa5,0xff,0x98,0x98,0x98,0xff,0x8e,0x8e,0x8e,0xff,
    0x7e,0x7e,0x7e,0xff,0x83,0x83,0x83,0xff,0x81,0x81,0x81,0xff,0x90,0x90,0x90,0xff,
    0x83,0x83,0x83,0xff,0x80,0x80,0x80,0xff,0x71,0x71,0x71,0xff,0x5f,0x5f,0x5f,0xff,
    0x62,0x62,0x62,0xff,0x48,0x48,0x48,0xff,0x40,0x40,0x40,0xff,0x40,0x40,0x40,0xff,
    0x38,0x38,0x38,0xff,0x33,0x33,0x33,0xff,0x35,0x35,0x35,0xff,0x3f,0x3f,0x3f,0xff,
    0x5f,0x5f,0x5f,0xff,0x47,0x47,0x47,0xff,0x50,0x50,0x50,0xff,0x4b,0x4b,0x4b,0xff,
    0x48,0x48,0x48,0xff,0x4c,0x4c,0x4c,0xff,0x45,0x45,0x45,0xff,0x43,0x43,0x43,0xff,
    0x45,0x45,0x45,0xff,0x4c,0x4c,0x4c,0xff,0x59,0x59,0x59,0xff,0x77,0x77,0x77,0xff,
    0x86,0x86,0x86,0xff,0x7c,0x7c,0x7c,0xff,0x5a,0x5a,0x5a,0xff,0x89,0x89,0x89,0xff,
    0x98,0x98,0x98,0xff,0x9b,0x9b,0x9b,0xff,0xb7,0xb7,0xb7,0xff,0x8b,0x8b,0x8b,0xff,
    0x72,0x72,0x72,0xff,0x5d,0x5d,0x5d,0xff,0x3f,0x3f,0x3f,0xff,0x3d,0x3d,0x3d,0xff,
    0x3b,0x3b,0x3b,0xff,0x40,0x40,0x40,0xff,0x42,0x42,0x42,0xff,0x40,0x40,0x40,0xff,
    0x40,0x40,0x40,0xff,0x48,0x48,0x48,0xff,0x4a,0x4a,0x4a,0xff,0x48,0x48,0x48,0xff,
    0x48,0x48,0x48,0xff,0x40,0x40,0x40,0xff,0x3f,0x3f,0x3f,0xff,0x40,0x40,0x40,0xff,
    0x43,0x43,0x43,0xff,0x3d,0x3d,0x3d,0xff,0x33,0x33,0x33,0xff,0x50,0x50,0x50,0xff,
    0x8e,0x8e,0x8e,0xff,0xab,0xab,0xab,0xff,0xa8,0xa8,0xa8,0xff,0x9e,0x9e,0x9e,0xff,
    0xcf,0xcf,0xcf,0xff,0xe7,0xe7,0xe7,0xff,0xd4,0xd4,0xd4,0xff,0x71,0x71,0x71,0xff,
    0x45,0x45,0x45,0xff,0x3e,0x3e,0x3e,0xff,0x43,0x43,0x43,0xff,0x40,0x40,0x40,0xff,
    0x3a,0x3a,0x3a,0xff,0x57,0x57,0x57,0xff,0xab,0xab,0xab,0xff,0xbd,0xbd,0xbd,0xff,
    0xc2,0xc2,0xc2,0xff,0x64,0x64,0x64,0x8b,0x00,0x00,0x00,0x00,0x00,0x00,0x00,0x00,
    0x00,0x00,0x00,0x00,0x00,0x00,0x00,0x00,0x3e,0x3e,0x3e,0x9b,0x79,0x79,0x79,0xff,
    0x84,0x84,0x84,0xff,0xa2,0xa2,0xa2,0xff,0x90,0x90,0x90,0xff,0x80,0x80,0x80,0xff,
    0x77,0x77,0x77,0xff,0x5f,0x5f,0x5f,0xff,0x48,0x48,0x48,0xff,0x4a,0x4a,0x4a,0xff,
    0x4b,0x4b,0x4b,0xff,0x50,0x50,0x50,0xff,0x55,0x55,0x55,0xff,0x54,0x54,0x54,0xff,
    0x5c,0x5c,0x5c,0xff,0x57,0x57,0x57,0xff,0x5c,0x5c,0x5c,0xff,0x5a,0x5a,0x5a,0xff,
    0x5a,0x5a,0x5a,0xff,0x5f,0x5f,0x5f,0xff,0x5a,0x5a,0x5a,0xff,0x5a,0x5a,0x5a,0xff,
    0x57,0x57,0x57,0xff,0x5c,0x5c,0x5c,0xff,0x6e,0x6e,0x6e,0xff,0x69,0x69,0x69,0xff,
    0x71,0x71,0x71,0xff,0x96,0x96,0x96,0xff,0x95,0x95,0x95,0xff,0x86,0x86,0x86,0xff,
    0x8b,0x8b,0x8b,0xff,0x79,0x79,0x79,0xff,0x54,0x54,0x54,0xff,0x47,0x47,0x47,0xff,
    0x48,0x48,0x48,0xff,0x52,0x52,0x52,0xff,0x71,0x71,0x71,0xff,0xaa,0xaa,0xaa,0xff,
    0x95,0x95,0x95,0xff,0xa3,0xa3,0xa3,0xff,0xa5,0xa5,0xa5,0xff,0x8e,0x8e,0x8e,0xff,
    0x93,0x93,0x93,0xff,0x88,0x88,0x88,0xff,0xa5,0xa5,0xa5,0xff,0xb3,0xb3,0xb3,0xff,
    0xd6,0xd6,0xd6,0xff,0xa2,0xa2,0xa2,0xff,0x83,0x83,0x83,0xff,0x80,0x80,0x80,0xff,
    0x86,0x86,0x86,0xff,0x84,0x84,0x84,0xff,0x7e,0x7e,0x7e,0xff,0x93,0x93,0x93,0xff,
    0x86,0x86,0x86,0xff,0x71,0x71,0x71,0xff,0x5a,0x5a,0x5a,0xff,0x59,0x59,0x59,0xff,
    0x57,0x57,0x57,0xff,0x52,0x52,0x52,0xff,0x47,0x47,0x47,0xff,0x43,0x43,0x43,0xff,
    0x38,0x38,0x38,0xff,0x2e,0x2e,0x2e,0xff,0x33,0x33,0x33,0xff,0x4b,0x4b,0x4b,0xff,
    0x57,0x57,0x57,0xff,0x54,0x54,0x54,0xff,0x4a,0x4a,0x4a,0xff,0x45,0x45,0x45,0xff,
    0x43,0x43,0x43,0xff,0x45,0x45,0x45,0xff,0x4c,0x4c,0x4c,0xff,0x42,0x42,0x42,0xff,
    0x3f,0x3f,0x3f,0xff,0x43,0x43,0x43,0xff,0x5c,0x5c,0x5c,0xff,0x71,0x71,0x71,0xff,
    0x67,0x67,0x67,0xff,0x55,0x55,0x55,0xff,0x62,0x62,0x62,0xff,0x74,0x74,0x74,0xff,
    0x9e,0x9e,0x9e,0xff,0xbc,0xbc,0xbc,0xff,0x7c,0x7c,0x7c,0xff,0x58,0x58,0x58,0xff,
    0x4b,0x4b,0x4b,0xff,0x48,0x48,0x48,0xff,0x3d,0x3d,0x3d,0xff,0x42,0x42,0x42,0xff,
    0x45,0x45,0x45,0xff,0x45,0x45,0x45,0xff,0x40,0x40,0x40,0xff,0x42,0x42,0x42,0xff,
    0x45,0x45,0x45,0xff,0x47,0x47,0x47,0xff,0x54,0x54,0x54,0xff,0x55,0x55,0x55,0xff,
    0x58,0x58,0x58,0xff,0x3f,0x3f,0x3f,0xff,0x3d,0x3d,0x3d,0xff,0x3d,0x3d,0x3d,0xff,
    0x3f,0x3f,0x3f,0xff,0x3d,0x3d,0x3d,0xff,0x3b,0x3b,0x3b,0xff,0x36,0x36,0x36,0xff,
    0x62,0x62,0x62,0xff,0x96,0x96,0x96,0xff,0x9d,0x9d,0x9d,0xff,0x9b,0x9b,0x9b,0xff,
    0xc7,0xc7,0xc7,0xff,0xe4,0xe4,0xe4,0xff,0xe6,0xe6,0xe6,0xff,0xa8,0xa8,0xa8,0xff,
    0x5c,0x5c,0x5c,0xff,0x40,0x40,0x40,0xff,0x42,0x42,0x42,0xff,0x3b,0x3b,0x3b,0xff,
    0x3d,0x3d,0x3d,0xff,0x4a,0x4a,0x4a,0xff,0xb5,0xb5,0xb5,0xff,0xa5,0xa5,0xa5,0xff,
    0xc4,0xc4,0xc4,0xff,0x80,0x80,0x80,0xbf,0x00,0x00,0x00,0x00,0x00,0x00,0x00,0x00,
    0x00,0x00,0x00,0x00,0x00,0x00,0x00,0x00,0x5e,0x5e,0x5e,0xd3,0x81,0x81,0x81,0xff,
    0xb0,0xb0,0xb0,0xff,0xa0,0xa0,0xa0,0xff,0x9e,0x9e,0x9e,0xff,0x98,0x98,0x98,0xff,
    0x7c,0x7c,0x7c,0xff,0x59,0x59,0x59,0xff,0x45,0x45,0x45,0xff,0x4d,0x4d,0x4d,0xff,
    0x4b,0x4b,0x4b,0xff,0x4f,0x4f,0x4f,0xff,0x57,0x57,0x57,0xff,0x57,0x57,0x57,0xff,
    0x5c,0x5c,0x5c,0xff,0x57,0x57,0x57,0xff,0x59,0x59,0x59,0xff,0x57,0x57,0x57,0xff,
    0x5d,0x5d,0x5d,0xff,0x5c,0x5c,0x5c,0xff,0x5a,0x5a,0x5a,0xff,0x58,0x58,0x58,0xff,
    0x5d,0x5d,0x5d,0xff,0x6a,0x6a,0x6a,0xff,0x71,0x71,0x71,0xff,0x7c,0x7c,0x7c,0xff,
    0x84,0x84,0x84,0xff,0xb2,0xb2,0xb2,0xff,0x9d,0x9d,0x9d,0xff,0x93,0x93,0x93,0xff,
    0x86,0x86,0x86,0xff,0x7e,0x7e,0x7e,0xff,0x54,0x54,0x54,0xff,0x48,0x48,0x48,0xff,
    0x55,0x55,0x55,0xff,0x86,0x86,0x86,0xff,0x6e,0x6e,0x6e,0xff,0x8d,0x8d,0x8d,0xff,
    0x95,0x95,0x95,0xff,0x9d,0x9d,0x9d,0xff,0x8b,0x8b,0x8b,0xff,0x98,0x98,0x98,0xff,
    0x96,0x96,0x96,0xff,0xad,0xad,0xad,0xff,0xd6,0xd6,0xd6,0xff,0xca,0xca,0xca,0xff,
    0xde,0xde,0xde,0xff,0xd1,0xd1,0xd1,0xff,0x88,0x88,0x88,0xff,0x80,0x80,0x80,0xff,
    0x7f,0x7f,0x7f,0xff,0x80,0x80,0x80,0xff,0x7e,0x7e,0x7e,0xff,0x81,0x81,0x81,0xff,
    0x8d,0x8d,0x8d,0xff,0x7c,0x7c,0x7c,0xff,0x73,0x73,0x73,0xff,0x67,0x67,0x67,0xff,
    0x55,0x55,0x55,0xff,0x4b,0x4b,0x4b,0xff,0x45,0x45,0x45,0xff,0x42,0x42,0x42,0xff,
    0x35,0x35,0x35,0xff,0x35,0x35,0x35,0xff,0x3a,0x3a,0x3a,0xff,0x45,0x45,0x45,0xff,
    0x5f,0x5f,0x5f,0xff,0x64,0x64,0x64,0xff,0x59,0x59,0x59,0xff,0x57,0x57,0x57,0xff,
    0x42,0x42,0x42,0xff,0x40,0x40,0x40,0xff,0x47,0x47,0x47,0xff,0x3f,0x3f,0x3f,0xff,
    0x3a,0x3a,0x3a,0xff,0x36,0x36,0x36,0xff,0x4d,0x4d,0x4d,0xff,0x64,0x64,0x64,0xff,
    0x47,0x47,0x47,0xff,0x6a,0x6a,0x6a,0xff,0x83,0x83,0x83,0xff,0x88,0x88,0x88,0xff,
    0x88,0x88,0x88,0xff,0xc7,0xc7,0xc7,0xff,0xa2,0xa2,0xa2,0xff,0x55,0x55,0x55,0xff,
    0x4f,0x4f,0x4f,0xff,0x40,0x40,0x40,0xff,0x40,0x40,0x40,0xff,0x50,0x50,0x50,0xff,
    0x4f,0x4f,0x4f,0xff,0x42,0x42,0x42,0xff,0x3e,0x3e,0x3e,0xff,0x4a,0x4a,0x4a,0xff,
    0x5c,0x5c,0x5c,0xff,0x59,0x59,0x59,0xff,0x5f,0x5f,0x5f,0xff,0x50,0x50,0x50,0xff,
    0x42,0x42,0x42,0xff,0x42,0x42,0x42,0xff,0x40,0x40,0x40,0xff,0x3d,0x3d,0x3d,0xff,
    0x3b,0x3b,0x3b,0xff,0x3b,0x3b,0x3b,0xff,0x3a,0x3a,0x3a,0xff,0x36,0x36,0x36,0xff,
    0x42,0x42,0x42,0xff,0x3b,0x3b,0x3b,0xff,0x55,0x55,0x55,0xff,0xa0,0xa0,0xa0,0xff,
    0xa2,0xa2,0xa2,0xff,0xbf,0xbf,0xbf,0xff,0xd4,0xd4,0xd4,0xff,0xbc,0xbc,0xbc,0xff,
    0x9a,0x9a,0x9a,0xff,0x4c,0x4c,0x4c,0xff,0x3d,0x3d,0x3d,0xff,0x3d,0x3d,0x3d,0xff,
    0x3d,0x3d,0x3d,0xff,0x5f,0x5f,0x5f,0xff,0xc9,0xc9,0xc9,0xff,0x9a,0x9a,0x9a,0xff,
    0xab,0xab,0xab,0xff,0xaa,0xaa,0xaa,0xf7,0x00,0x00,0x00,0x00,0x00,0x00,0x00,0x00,
    0x00,0x00,0x00,0x00,0x00,0x00,0x00,0x00,0x64,0x64,0x64,0xdf,0x8d,0x8d,0x8d,0xff,
    0xbf,0xbf,0xbf,0xff,0xab,0xab,0xab,0xff,0xa0,0xa0,0xa0,0xff,0x9d,0x9d,0x9d,0xff,
    0x79,0x79,0x79,0xff,0x64,0x64,0x64,0xff,0x50,0x50,0x50,0xff,0x4a,0x4a,0x4a,0xff,
    0x54,0x54,0x54,0xff,0x58,0x58,0x58,0xff,0x64,0x64,0x64,0xff,0x57,0x57,0x57,0xff,
    0x5c,0x5c,0x5c,0xff,0x57,0x57,0x57,0xff,0x57,0x57,0x57,0xff,0x5c,0x5c,0x5c,0xff,
    0x5c,0x5c,0x5c,0xff,0x5a,0x5a,0x5a,0xff,0x57,0x57,0x57,0xff,0x55,0x55,0x55,0xff,
    0x5a,0x5a,0x5a,0xff,0x6c,0x6c,0x6c,0xff,0x7b,0x7b,0x7b,0xff,0x8e,0x8e,0x8e,0xff,
    0xa2,0xa2,0xa2,0xff,0xa0,0xa0,0xa0,0xff,0xa5,0xa5,0xa5,0xff,0x9e,0x9e,0x9e,0xff,
    0x9a,0x9a,0x9a,0xff,0x84,0x84,0x84,0xff,0x55,0x55,0x55,0xff,0x64,0x64,0x64,0xff,
    0x50,0x50,0x50,0xff,0x5d,0x5d,0x5d,0xff,0x5d,0x5d,0x5d,0xff,0x61,0x61,0x61,0xff,
    0x79,0x79,0x79,0xff,0x8c,0x8c,0x8c,0xff,0x93,0x93,0x93,0xff,0x9d,0x9d,0x9d,0xff,
    0xa2,0xa2,0xa2,0xff,0xc4,0xc4,0xc4,0xff,0xde,0xde,0xde,0xff,0xdf,0xdf,0xdf,0xff,
    0xd4,0xd4,0xd4,0xff,0xce,0xce,0xce,0xff,0x99,0x99,0x99,0xff,0x89,0x89,0x89,0xff,
    0x83,0x83,0x83,0xff,0x79,0x79,0x79,0xff,0x8e,0x8e,0x8e,0xff,0x88,0x88,0x88,0xff,
    0x86,0x86,0x86,0xff,0x79,0x79,0x79,0xff,0x77,0x77,0x77,0xff,0x5d,0x5d,0x5d,0xff,
    0x47,0x47,0x47,0xff,0x40,0x40,0x40,0xff,0x43,0x43,0x43,0xff,0x40,0x40,0x40,0xff,
    0x3f,0x3f,0x3f,0xff,0x4d,0x4d,0x4d,0xff,0x5c,0x5c,0x5c,0xff,0x62,0x62,0x62,0xff,
    0x74,0x74,0x74,0xff,0x88,0x88,0x88,0xff,0x96,0x96,0x96,0xff,0x86,0x86,0x86,0xff,
    0x71,0x71,0x71,0xff,0x4b,0x4b,0x4b,0xff,0x52,0x52,0x52,0xff,0x42,0x42,0x42,0xff,
    0x38,0x38,0x38,0xff,0x38,0x38,0x38,0xff,0x43,0x43,0x43,0xff,0x57,0x57,0x57,0xff,
    0x5f,0x5f,0x5f,0xff,0x6c,0x6c,0x6c,0xff,0xa5,0xa5,0xa5,0xff,0x9a,0x9a,0x9a,0xff,
    0xbf,0xbf,0xbf,0xff,0x96,0x96,0x96,0xff,0x9e,0x9e,0x9e,0xff,0x81,0x81,0x81,0xff,
    0x48,0x48,0x48,0xff,0x3f,0x3f,0x3f,0xff,0x45,0x45,0x45,0xff,0x40,0x40,0x40,0xff,
    0x43,0x43,0x43,0xff,0x40,0x40,0x40,0xff,0x3d,0x3d,0x3d,0xff,0x4f,0x4f,0x4f,0xff,
    0x72,0x72,0x72,0xff,0x5c,0x5c,0x5c,0xff,0x5c,0x5c,0x5c,0xff,0x42,0x42,0x42,0xff,
    0x3f,0x3f,0x3f,0xff,0x42,0x42,0x42,0xff,0x43,0x43,0x43,0xff,0x42,0x42,0x42,0xff,
    0x3f,0x3f,0x3f,0xff,0x3d,0x3d,0x3d,0xff,0x3b,0x3b,0x3b,0xff,0x3a,0x3a,0x3a,0xff,
    0x4a,0x4a,0x4a,0xff,0x3a,0x3a,0x3a,0xff,0x3a,0x3a,0x3a,0xff,0x4a,0x4a,0x4a,0xff,
    0x7f,0x7f,0x7f,0xff,0xad,0xad,0xad,0xff,0xd2,0xd2,0xd2,0xff,0xc1,0xc1,0xc1,0xff,
    0xb0,0xb0,0xb0,0xff,0x76,0x76,0x76,0xff,0x3b,0x3b,0x3b,0xff,0x43,0x43,0x43,0xff,
    0x45,0x45,0x45,0xff,0x95,0x95,0x95,0xff,0xaa,0xaa,0xaa,0xff,0xb0,0xb0,0xb0,0xff,
    0xb2,0xb2,0xb2,0xff,0xb4,0xb4,0xb4,0xff,0x2e,0x2e,0x2e,0x33,0x00,0x00,0x00,0x00,
    0x00,0x00,0x00,0x00,0x1b,0x1b,0x1b,0x1b,0x74,0x74,0x74,0xf7,0xa7,0xa7,0xa7,0xff,
    0xb0,0xb0,0xb0,0xff,0xb2,0xb2,0xb2,0xff,0x90,0x90,0x90,0xff,0x86,0x86,0x86,0xff,
    0x81,0x81,0x81,0xff,0x55,0x55,0x55,0xff,0x4f,0x4f,0x4f,0xff,0x4b,0x4b,0x4b,0xff,
    0x55,0x55,0x55,0xff,0x86,0x86,0x86,0xff,0x73,0x73,0x73,0xff,0x5c,0x5c,0x5c,0xff,
    0x5f,0x5f,0x5f,0xff,0x5c,0x5c,0x5c,0xff,0x62,0x62,0x62,0xff,0x5d,0x5d,0x5d,0xff,
    0x5f,0x5f,0x5f,0xff,0x5a,0x5a,0x5a,0xff,0x5a,0x5a,0x5a,0xff,0x62,0x62,0x62,0xff,
    0x67,0x67,0x67,0xff,0x74,0x74,0x74,0xff,0x76,0x76,0x76,0xff,0x91,0x91,0x91,0xff,
    0xa8,0xa8,0xa8,0xff,0xb5,0xb5,0xb5,0xff,0xba,0xba,0xba,0xff,0xa8,0xa8,0xa8,0xff,
    0xa2,0xa2,0xa2,0xff,0x88,0x88,0x88,0xff,0x69,0x69,0x69,0xff,0x58,0x58,0x58,0xff,
    0x50,0x50,0x50,0xff,0x62,0x62,0x62,0xff,0x69,0x69,0x69,0xff,0x62,0x62,0x62,0xff,
    0x6e,0x6e,0x6e,0xff,0x7c,0x7c,0x7c,0xff,0x88,0x88,0x88,0xff,0x96,0x96,0x96,0xff,
    0x8c,0x8c,0x8c,0xff,0x95,0x95,0x95,0xff,0xa0,0xa0,0xa0,0xff,0xb7,0xb7,0xb7,0xff,
    0xc4,0xc4,0xc4,0xff,0x83,0x83,0x83,0xff,0x7c,0x7c,0x7c,0xff,0x84,0x84,0x84,0xff,
    0x7e,0x7e,0x7e,0xff,0x7b,0x7b,0x7b,0xff,0x74,0x74,0x74,0xff,0x7c,0x7c,0x7c,0xff,
    0x89,0x89,0x89,0xff,0x6f,0x6f,0x6f,0xff,0x69,0x69,0x69,0xff,0x59,0x59,0x59,0xff,
    0x47,0x47,0x47,0xff,0x43,0x43,0x43,0xff,0x5d,0x5d,0x5d,0xff,0x62,0x62,0x62,0xff,
    0x57,0x57,0x57,0xff,0x71,0x71,0x71,0xff,0x8e,0x8e,0x8e,0xff,0x7f,0x7f,0x7f,0xff,
    0x9e,0x9e,0x9e,0xff,0x90,0x90,0x90,0xff,0xa0,0xa0,0xa0,0xff,0x90,0x90,0x90,0xff,
    0x7c,0x7c,0x7c,0xff,0x6a,0x6a,0x6a,0xff,0x4f,0x4f,0x4f,0xff,0x5d,0x5d,0x5d,0xff,
    0x4d,0x4d,0x4d,0xff,0x4a,0x4a,0x4a,0xff,0x50,0x50,0x50,0xff,0x67,0x67,0x67,0xff,
    0x73,0x73,0x73,0xff,0x8e,0x8e,0x8e,0xff,0xc4,0xc4,0xc4,0xff,0xa8,0xa8,0xa8,0xff,
    0xb0,0xb0,0xb0,0xff,0x74,0x74,0x74,0xff,0xa0,0xa0,0xa0,0xff,0x7f,0x7f,0x7f,0xff,
    0x57,0x57,0x57,0xff,0x40,0x40,0x40,0xff,0x3b,0x3b,0x3b,0xff,0x3d,0x3d,0x3d,0xff,
    0x42,0x42,0x42,0xff,0x40,0x40,0x40,0xff,0x42,0x42,0x42,0xff,0x40,0x40,0x40,0xff,
    0x4f,0x4f,0x4f,0xff,0x50,0x50,0x50,0xff,0x4d,0x4d,0x4d,0xff,0x43,0x43,0x43,0xff,
    0x48,0x48,0x48,0xff,0x4a,0x4a,0x4a,0xff,0x45,0x45,0x45,0xff,0x48,0x48,0x48,0xff,
    0x48,0x48,0x48,0xff,0x40,0x40,0x40,0xff,0x47,0x47,0x47,0xff,0x50,0x50,0x50,0xff,
    0x42,0x42,0x42,0xff,0x4a,0x4a,0x4a,0xff,0x6f,0x6f,0x6f,0xff,0x79,0x79,0x79,0xff,
    0x6e,0x6e,0x6e,0xff,0xb7,0xb7,0xb7,0xff,0xd6,0xd6,0xd6,0xff,0xc7,0xc7,0xc7,0xff,
    0xb8,0xb8,0xb8,0xff,0xb2,0xb2,0xb2,0xff,0x81,0x81,0x81,0xff,0x7e,0x7e,0x7e,0xff,
    0x9e,0x9e,0x9e,0xff,0x8b,0x8b,0x8b,0xff,0xa8,0xa8,0xa8,0xff,0xb0,0xb0,0xb0,0xff,
    0x8e,0x8e,0x8e,0xff,0xb4,0xb4,0xb4,0xff,0x4b,0x4b,0x4b,0x67,0x00,0x00,0x00,0x00,
    0x00,0x00,0x00,0x00,0x37,0x37,0x37,0x63,0x7e,0x7e,0x7e,0xff,0xaa,0xaa,0xaa,0xff,
    0xa3,0xa3,0xa3,0xff,0x9e,0x9e,0x9e,0xff,0x95,0x95,0x95,0xff,0x95,0x95,0x95,0xff,
    0x9a,0x9a,0x9a,0xff,0x62,0x62,0x62,0xff,0x52,0x52,0x52,0xff,0x4d,0x4d,0x4d,0xff,
    0x57,0x57,0x57,0xff,0x5d,0x5d,0x5d,0xff,0x5d,0x5d,0x5d,0xff,0x5f,0x5f,0x5f,0xff,
    0x5d,0x5d,0x5d,0xff,0x5c,0x5c,0x5c,0xff,0x5d,0x5d,0x5d,0xff,0x5a,0x5a,0x5a,0xff,
    0x62,0x62,0x62,0xff,0x5f,0x5f,0x5f,0xff,0x5f,0x5f,0x5f,0xff,0x6f,0x6f,0x6f,0xff,
    0x6f,0x6f,0x6f,0xff,0x7e,0x7e,0x7e,0xff,0x7c,0x7c,0x7c,0xff,0x95,0x95,0x95,0xff,
    0xaa,0xaa,0xaa,0xff,0xa5,0xa5,0xa5,0xff,0xb4,0xb4,0xb4,0xff,0xc0,0xc0,0xc0,0xff,
    0xab,0xab,0xab,0xff,0x89,0x89,0x89,0xff,0x6c,0x6c,0x6c,0xff,0x4f,0x4f,0x4f,0xff,
    0x4a,0x4a,0x4a,0xff,0x52,0x52,0x52,0xff,0x50,0x50,0x50,0xff,0x6c,0x6c,0x6c,0xff,
    0x5c,0x5c,0x5c,0xff,0x6c,0x6c,0x6c,0xff,0x7e,0x7e,0x7e,0xff,0x91,0x91,0x91,0xff,
    0x83,0x83,0x83,0xff,0x69,0x69,0x69,0xff,0x79,0x79,0x79,0xff,0x71,0x71,0x71,0xff,
    0x72,0x72,0x72,0xff,0x6f,0x6f,0x6f,0xff,0x76,0x76,0x76,0xff,0x80,0x80,0x80,0xff,
    0x72,0x72,0x72,0xff,0x5d,0x5d,0x5d,0xff,0x4b,0x4b,0x4b,0xff,0x65,0x65,0x65,0xff,
    0x77,0x77,0x77,0xff,0x7b,0x7b,0x7b,0xff,0x73,0x73,0x73,0xff,0x50,0x50,0x50,0xff,
    0x45,0x45,0x45,0xff,0x40,0x40,0x40,0xff,0x4a,0x4a,0x4a,0xff,0x5a,0x5a,0x5a,0xff,
    0x64,0x64,0x64,0xff,0x7c,0x7c,0x7c,0xff,0x95,0x95,0x95,0xff,0x86,0x86,0x86,0xff,
    0x81,0x81,0x81,0xff,0x95,0x95,0x95,0xff,0xb7,0xb7,0xb7,0xff,0xaa,0xaa,0xaa,0xff,
    0x8e,0x8e,0x8e,0xff,0x6f,0x6f,0x6f,0xff,0x74,0x74,0x74,0xff,0x81,0x81,0x81,0xff,
    0x62,0x62,0x62,0xff,0x62,0x62,0x62,0xff,0x64,0x64,0x64,0xff,0x5c,0x5c,0x5c,0xff,
    0x6e,0x6e,0x6e,0xff,0x9d,0x9d,0x9d,0xff,0xbf,0xbf,0xbf,0xff,0xaa,0xaa,0xaa,0xff,
    0xb7,0xb7,0xb7,0xff,0xaa,0xaa,0xaa,0xff,0x8d,0x8d,0x8d,0xff,0x74,0x74,0x74,0xff,
    0x4f,0x4f,0x4f,0xff,0x3d,0x3d,0x3d,0xff,0x3e,0x3e,0x3e,0xff,0x3d,0x3d,0x3d,0xff,
    0x40,0x40,0x40,0xff,0x4c,0x4c,0x4c,0xff,0x57,0x57,0x57,0xff,0x4a,0x4a,0x4a,0xff,
    0x40,0x40,0x40,0xff,0x45,0x45,0x45,0xff,0x48,0x48,0x48,0xff,0x45,0x45,0x45,0xff,
    0x48,0x48,0x48,0xff,0x54,0x54,0x54,0xff,0x48,0x48,0x48,0xff,0x45,0x45,0x45,0xff,
    0x42,0x42,0x42,0xff,0x42,0x42,0x42,0xff,0x43,0x43,0x43,0xff,0x43,0x43,0x43,0xff,
    0x48,0x48,0x48,0xff,0x55,0x55,0x55,0xff,0x9d,0x9d,0x9d,0xff,0x79,0x79,0x79,0xff,
    0x76,0x76,0x76,0xff,0x88,0x88,0x88,0xff,0xc4,0xc4,0xc4,0xff,0xbc,0xbc,0xbc,0xff,
    0xbc,0xbc,0xbc,0xff,0xaf,0xaf,0xaf,0xff,0x98,0x98,0x98,0xff,0xa5,0xa5,0xa5,0xff,
    0xa2,0xa2,0xa2,0xff,0x8e,0x8e,0x8e,0xff,0x98,0x98,0x98,0xff,0x6e,0x6e,0x6e,0xff,
    0x81,0x81,0x81,0xff,0xb5,0xb5,0xb5,0xff,0x6d,0x6d,0x6d,0x67,0x00,0x00,0x00,0x00,
    0x00,0x00,0x00,0x00,0x62,0x62,0x62,0x73,0x7b,0x7b,0x7b,0xff,0xaa,0xaa,0xaa,0xff,
    0x9e,0x9e,0x9e,0xff,0x9b,0x9b,0x9b,0xff,0xa7,0xa7,0xa7,0xff,0xa0,0xa0,0xa0,0xff,
    0xaa,0xaa,0xaa,0xff,0x81,0x81,0x81,0xff,0x61,0x61,0x61,0xff,0x57,0x57,0x57,0xff,
    0x52,0x52,0x52,0xff,0x57,0x57,0x57,0xff,0x5c,0x5c,0x5c,0xff,0x58,0x58,0x58,0xff,
    0x5d,0x5d,0x5d,0xff,0x5f,0x5f,0x5f,0xff,0x5f,0x5f,0x5f,0xff,0x5c,0x5c,0x5c,0xff,
    0x5a,0x5a,0x5a,0xff,0x61,0x61,0x61,0xff,0x61,0x61,0x61,0xff,0x67,0x67,0x67,0xff,
    0x62,0x62,0x62,0xff,0x6e,0x6e,0x6e,0xff,0x74,0x74,0x74,0xff,0x7c,0x7c,0x7c,0xff,
    0x96,0x96,0x96,0xff,0x9d,0x9d,0x9d,0xff,0xa8,0xa8,0xa8,0xff,0xad,0xad,0xad,0xff,
    0x95,0x95,0x95,0xff,0x69,0x69,0x69,0xff,0x69,0x69,0x69,0xff,0x71,0x71,0x71,0xff,
    0x7c,0x7c,0x7c,0xff,0x84,0x84,0x84,0xff,0x7c,0x7c,0x7c,0xff,0xa8,0xa8,0xa8,0xff,
    0x74,0x74,0x74,0xff,0x84,0x84,0x84,0xff,0x93,0x93,0x93,0xff,0x99,0x99,0x99,0xff,
    0x7f,0x7f,0x7f,0xff,0x79,0x79,0x79,0xff,0x81,0x81,0x81,0xff,0x73,0x73,0x73,0xff,
    0x6c,0x6c,0x6c,0xff,0x62,0x62,0x62,0xff,0x71,0x71,0x71,0xff,0x6e,0x6e,0x6e,0xff,
    0x5f,0x5f,0x5f,0xff,0x64,0x64,0x64,0xff,0x66,0x66,0x66,0xff,0x72,0x72,0x72,0xff,
    0x6c,0x6c,0x6c,0xff,0x71,0x71,0x71,0xff,0x55,0x55,0x55,0xff,0x47,0x47,0x47,0xff,
    0x40,0x40,0x40,0xff,0x42,0x42,0x42,0xff,0x45,0x45,0x45,0xff,0x4a,0x4a,0x4a,0xff,
    0x6c,0x6c,0x6c,0xff,0x89,0x89,0x89,0xff,0xba,0xba,0xba,0xff,0xb0,0xb0,0xb0,0xff,
    0x93,0x93,0x93,0xff,0x96,0x96,0x96,0xff,0xb8,0xb8,0xb8,0xff,0xab,0xab,0xab,0xff,
    0x9d,0x9d,0x9d,0xff,0x9b,0x9b,0x9b,0xff,0x93,0x93,0x93,0xff,0x7b,0x7b,0x7b,0xff,
    0x6a,0x6a,0x6a,0xff,0x7f,0x7f,0x7f,0xff,0x8e,0x8e,0x8e,0xff,0x89,0x89,0x89,0xff,
    0x7f,0x7f,0x7f,0xff,0x90,0x90,0x90,0xff,0xab,0xab,0xab,0xff,0xa3,0xa3,0xa3,0xff,
    0xc4,0xc4,0xc4,0xff,0xc4,0xc4,0xc4,0xff,0x99,0x99,0x99,0xff,0x83,0x83,0x83,0xff,
    0x54,0x54,0x54,0xff,0x42,0x42,0x42,0xff,0x42,0x42,0x42,0xff,0x45,0x45,0x45,0xff,
    0x4a,0x4a,0x4a,0xff,0x50,0x50,0x50,0xff,0x5f,0x5f,0x5f,0xff,0x64,0x64,0x64,0xff,
    0x4c,0x4c,0x4c,0xff,0x48,0x48,0x48,0xff,0x48,0x48,0x48,0xff,0x4f,0x4f,0x4f,0xff,
    0x4d,0x4d,0x4d,0xff,0x47,0x47,0x47,0xff,0x48,0x48,0x48,0xff,0x50,0x50,0x50,0xff,
    0x47,0x47,0x47,0xff,0x4a,0x4a,0x4a,0xff,0x43,0x43,0x43,0xff,0x43,0x43,0x43,0xff,
    0x5a,0x5a,0x5a,0xff,0x89,0x89,0x89,0xff,0x89,0x89,0x89,0xff,0x6f,0x6f,0x6f,0xff,
    0x59,0x59,0x59,0xff,0x57,0x57,0x57,0xff,0x76,0x76,0x76,0xff,0xa7,0xa7,0xa7,0xff,
    0xb2,0xb2,0xb2,0xff,0xad,0xad,0xad,0xff,0xa5,0xa5,0xa5,0xff,0x98,0x98,0x98,0xff,
    0x9e,0x9e,0x9e,0xff,0x69,0x69,0x69,0xff,0x84,0x84,0x84,0xff,0x7b,0x7b,0x7b,0xff,
    0x74,0x74,0x74,0xff,0xad,0xad,0xad,0xff,0x80,0x80,0x80,0xa3,0x00,0x00,0x00,0x00,
    0x00,0x00,0x00,0x00,0x5c,0x5c,0x5c,0xa3,0x89,0x89,0x89,0xff,0xa5,0xa5,0xa5,0xff,
    0x7e,0x7e,0x7e,0xff,0xb3,0xb3,0xb3,0xff,0xa0,0xa0,0xa0,0xff,0xaf,0xaf,0xaf,0xff,
    0xa3,0xa3,0xa3,0xff,0x83,0x83,0x83,0xff,0x6c,0x6c,0x6c,0xff,0x5c,0x5c,0x5c,0xff,
    0x5a,0x5a,0x5a,0xff,0x55,0x55,0x55,0xff,0x58,0x58,0x58,0xff,0x5c,0x5c,0x5c,0xff,
    0x5d,0x5d,0x5d,0xff,0x62,0x62,0x62,0xff,0x64,0x64,0x64,0xff,0x62,0x62,0x62,0xff,
    0x5f,0x5f,0x5f,0xff,0x69,0x69,0x69,0xff,0x69,0x69,0x69,0xff,0x6a,0x6a,0x6a,0xff,
    0x6c,0x6c,0x6c,0xff,0x6e,0x6e,0x6e,0xff,0x7b,0x7b,0x7b,0xff,0x7c,0x7c,0x7c,0xff,
    0x84,0x84,0x84,0xff,0x90,0x90,0x90,0xff,0xa2,0xa2,0xa2,0xff,0xa8,0xa8,0xa8,0xff,
    0x86,0x86,0x86,0xff,0x61,0x61,0x61,0xff,0x64,0x64,0x64,0xff,0x6c,0x6c,0x6c,0xff,
    0x71,0x71,0x71,0xff,0x7c,0x7c,0x7c,0xff,0x89,0x89,0x89,0xff,0x86,0x86,0x86,0xff,
    0x86,0x86,0x86,0xff,0x89,0x89,0x89,0xff,0x89,0x89,0x89,0xff,0x90,0x90,0x90,0xff,
    0x7b,0x7b,0x7b,0xff,0x8c,0x8c,0x8c,0xff,0x76,0x76,0x76,0xff,0x83,0x83,0x83,0xff,
    0x6f,0x6f,0x6f,0xff,0x67,0x67,0x67,0xff,0x77,0x77,0x77,0xff,0x5d,0x5d,0x5d,0xff,
    0x48,0x48,0x48,0xff,0x4f,0x4f,0x4f,0xff,0x5d,0x5d,0x5d,0xff,0x62,0x62,0x62,0xff,
    0x69,0x69,0x69,0xff,0x71,0x71,0x71,0xff,0x54,0x54,0x54,0xff,0x40,0x40,0x40,0xff,
    0x3d,0x3d,0x3d,0xff,0x42,0x42,0x42,0xff,0x4d,0x4d,0x4d,0xff,0x62,0x62,0x62,0xff,
    0x71,0x71,0x71,0xff,0xa0,0xa0,0xa0,0xff,0xb8,0xb8,0xb8,0xff,0xb4,0xb4,0xb4,0xff,
    0x93,0x93,0x93,0xff,0x96,0x96,0x96,0xff,0xa3,0xa3,0xa3,0xff,0x90,0x90,0x90,0xff,
    0x91,0x91,0x91,0xff,0xa0,0xa0,0xa0,0xff,0xa7,0xa7,0xa7,0xff,0x8c,0x8c,0x8c,0xff,
    0x77,0x77,0x77,0xff,0x67,0x67,0x67,0xff,0x80,0x80,0x80,0xff,0xa2,0xa2,0xa2,0xff,
    0xa7,0xa7,0xa7,0xff,0xa8,0xa8,0xa8,0xff,0xc5,0xc5,0xc5,0xff,0xb5,0xb5,0xb5,0xff,
    0xca,0xca,0xca,0xff,0xab,0xab,0xab,0xff,0x96,0x96,0x96,0xff,0x86,0x86,0x86,0xff,
    0x66,0x66,0x66,0xff,0x4f,0x4f,0x4f,0xff,0x4b,0x4b,0x4b,0xff,0x61,0x61,0x61,0xff,
    0x5c,0x5c,0x5c,0xff,0x61,0x61,0x61,0xff,0x69,0x69,0x69,0xff,0x61,0x61,0x61,0xff,
    0x52,0x52,0x52,0xff,0x4f,0x4f,0x4f,0xff,0x52,0x52,0x52,0xff,0x5d,0x5d,0x5d,0xff,
    0x62,0x62,0x62,0xff,0x54,0x54,0x54,0xff,0x57,0x57,0x57,0xff,0x50,0x50,0x50,0xff,
    0x4d,0x4d,0x4d,0xff,0x54,0x54,0x54,0xff,0x4b,0x4b,0x4b,0xff,0x48,0x48,0x48,0xff,
    0x67,0x67,0x67,0xff,0x65,0x65,0x65,0xff,0x65,0x65,0x65,0xff,0x6f,0x6f,0x6f,0xff,
    0x6e,0x6e,0x6e,0xff,0x62,0x62,0x62,0xff,0x5f,0x5f,0x5f,0xff,0x93,0x93,0x93,0xff,
    0xab,0xab,0xab,0xff,0xb5,0xb5,0xb5,0xff,0xa3,0xa3,0xa3,0xff,0xa3,0xa3,0xa3,0xff,
    0xa5,0xa5,0xa5,0xff,0xa0,0xa0,0xa0,0xff,0x71,0x71,0x71,0xff,0x52,0x52,0x52,0xff,
    0x5d,0x5d,0x5d,0xff,0x90,0x90,0x90,0xff,0x98,0x98,0x98,0xc7,0x00,0x00,0x00,0x00,
    0x00,0x00,0x00,0x00,0x57,0x57,0x57,0xa7,0x80,0x80,0x80,0xff,0xa6,0xa6,0xa6,0xff,
    0x89,0x89,0x89,0xff,0xaa,0xaa,0xaa,0xff,0xa2,0xa2,0xa2,0xff,0xbd,0xbd,0xbd,0xff,
    0xad,0xad,0xad,0xff,0x8d,0x8d,0x8d,0xff,0x6c,0x6c,0x6c,0xff,0x5f,0x5f,0x5f,0xff,
    0x54,0x54,0x54,0xff,0x55,0x55,0x55,0xff,0x55,0x55,0x55,0xff,0x5a,0x5a,0x5a,0xff,
    0x5a,0x5a,0x5a,0xff,0x5c,0x5c,0x5c,0xff,0x64,0x64,0x64,0xff,0x5c,0x5c,0x5c,0xff,
    0x69,0x69,0x69,0xff,0x6f,0x6f,0x6f,0xff,0x62,0x62,0x62,0xff,0x62,0x62,0x62,0xff,
    0x62,0x62,0x62,0xff,0x64,0x64,0x64,0xff,0x71,0x71,0x71,0xff,0x81,0x81,0x81,0xff,
    0x73,0x73,0x73,0xff,0x6c,0x6c,0x6c,0xff,0x9e,0x9e,0x9e,0xff,0xa2,0xa2,0xa2,0xff,
    0x6e,0x6e,0x6e,0xff,0x5c,0x5c,0x5c,0xff,0x6a,0x6a,0x6a,0xff,0x69,0x69,0x69,0xff,
    0x86,0x86,0x86,0xff,0x6e,0x6e,0x6e,0xff,0x79,0x79,0x79,0xff,0x7e,0x7e,0x7e,0xff,
    0x89,0x89,0x89,0xff,0x88,0x88,0x88,0xff,0x9b,0x9b,0x9b,0xff,0xa6,0xa6,0xa6,0xff,
    0x8e,0x8e,0x8e,0xff,0x89,0x89,0x89,0xff,0x6f,0x6f,0x6f,0xff,0x71,0x71,0x71,0xff,
    0x69,0x69,0x69,0xff,0x74,0x74,0x74,0xff,0x67,0x67,0x67,0xff,0x76,0x76,0x76,0xff,
    0x48,0x48,0x48,0xff,0x4a,0x4a,0x4a,0xff,0x52,0x52,0x52,0xff,0x4d,0x4d,0x4d,0xff,
    0x64,0x64,0x64,0xff,0x77,0x77,0x77,0xff,0x52,0x52,0x52,0xff,0x3a,0x3a,0x3a,0xff,
    0x3d,0x3d,0x3d,0xff,0x48,0x48,0x48,0xff,0x55,0x55,0x55,0xff,0x5d,0x5d,0x5d,0xff,
    0x73,0x73,0x73,0xff,0x86,0x86,0x86,0xff,0xa2,0xa2,0xa2,0xff,0x9e,0x9e,0x9e,0xff,
    0x8e,0x8e,0x8e,0xff,0x83,0x83,0x83,0xff,0xa0,0xa0,0xa0,0xff,0x6c,0x6c,0x6c,0xff,
    0x93,0x93,0x93,0xff,0xbd,0xbd,0xbd,0xff,0xc5,0xc5,0xc5,0xff,0xaf,0xaf,0xaf,0xff,
    0x8b,0x8b,0x8b,0xff,0x96,0x96,0x96,0xff,0xb5,0xb5,0xb5,0xff,0xb7,0xb7,0xb7,0xff,
    0xba,0xba,0xba,0xff,0xc1,0xc1,0xc1,0xff,0xbf,0xbf,0xbf,0xff,0xa5,0xa5,0xa5,0xff,
    0xbf,0xbf,0xbf,0xff,0xb0,0xb0,0xb0,0xff,0x9d,0x9d,0x9d,0xff,0x86,0x86,0x86,0xff,
    0x6e,0x6e,0x6e,0xff,0x4a,0x4a,0x4a,0xff,0x50,0x50,0x50,0xff,0x62,0x62,0x62,0xff,
    0x5d,0x5d,0x5d,0xff,0x5c,0x5c,0x5c,0xff,0x5f,0x5f,0x5f,0xff,0x4c,0x4c,0x4c,0xff,
    0x55,0x55,0x55,0xff,0x4a,0x4a,0x4a,0xff,0x48,0x48,0x48,0xff,0x52,0x52,0x52,0xff,
    0x62,0x62,0x62,0xff,0x57,0x57,0x57,0xff,0x54,0x54,0x54,0xff,0x4f,0x4f,0x4f,0xff,
    0x5a,0x5a,0x5a,0xff,0x5c,0x5c,0x5c,0xff,0x57,0x57,0x57,0xff,0x4a,0x4a,0x4a,0xff,
    0x50,0x50,0x50,0xff,0x4c,0x4c,0x4c,0xff,0x5a,0x5a,0x5a,0xff,0x74,0x74,0x74,0xff,
    0x8b,0x8b,0x8b,0xff,0x9a,0x9a,0x9a,0xff,0x59,0x59,0x59,0xff,0x69,0x69,0x69,0xff,
    0x93,0x93,0x93,0xff,0xb2,0xb2,0xb2,0xff,0xba,0xba,0xba,0xff,0xad,0xad,0xad,0xff,
    0xad,0xad,0xad,0xff,0xb7,0xb7,0xb7,0xff,0x96,0x96,0x96,0xff,0x45,0x45,0x45,0xff,
    0x54,0x54,0x54,0xff,0x99,0x99,0x99,0xff,0xb5,0xb5,0xb5,0xc3,0x00,0x00,0x00,0x00,
    0x00,0x00,0x00,0x00,0x58,0x58,0x58,0xaf,0x80,0x80,0x80,0xff,0x8d,0x8d,0x8d,0xff,
    0xa5,0xa5,0xa5,0xff,0xa8,0xa8,0xa8,0xff,0xa8,0xa8,0xa8,0xff,0xb3,0xb3,0xb3,0xff,
    0xaf,0xaf,0xaf,0xff,0x90,0x90,0x90,0xff,0x5d,0x5d,0x5d,0xff,0x5d,0x5d,0x5d,0xff,
    0x54,0x54,0x54,0xff,0x4a,0x4a,0x4a,0xff,0x52,0x52,0x52,0xff,0x54,0x54,0x54,0xff,
    0x54,0x54,0x54,0xff,0x59,0x59,0x59,0xff,0x62,0x62,0x62,0xff,0x5d,0x5d,0x5d,0xff,
    0x5f,0x5f,0x5f,0xff,0x5d,0x5d,0x5d,0xff,0x57,0x57,0x57,0xff,0x5f,0x5f,0x5f,0xff,
    0x5c,0x5c,0x5c,0xff,0x5a,0x5a,0x5a,0xff,0x71,0x71,0x71,0xff,0x84,0x84,0x84,0xff,
    0x6f,0x6f,0x6f,0xff,0x67,0x67,0x67,0xff,0x79,0x79,0x79,0xff,0x8e,0x8e,0x8e,0xff,
    0x57,0x57,0x57,0xff,0x55,0x55,0x55,0xff,0x6f,0x6f,0x6f,0xff,0x76,0x76,0x76,0xff,
    0x71,0x71,0x71,0xff,0x64,0x64,0x64,0xff,0x5d,0x5d,0x5d,0xff,0x64,0x64,0x64,0xff,
    0x6c,0x6c,0x6c,0xff,0x72,0x72,0x72,0xff,0x8e,0x8e,0x8e,0xff,0x80,0x80,0x80,0xff,
    0x89,0x89,0x89,0xff,0x8b,0x8b,0x8b,0xff,0x90,0x90,0x90,0xff,0x6e,0x6e,0x6e,0xff,
    0x6e,0x6e,0x6e,0xff,0x61,0x61,0x61,0xff,0x64,0x64,0x64,0xff,0x4d,0x4d,0x4d,0xff,
    0x4a,0x4a,0x4a,0xff,0x50,0x50,0x50,0xff,0x55,0x55,0x55,0xff,0x57,0x57,0x57,0xff,
    0x64,0x64,0x64,0xff,0x65,0x65,0x65,0xff,0x4d,0x4d,0x4d,0xff,0x3d,0x3d,0x3d,0xff,
    0x40,0x40,0x40,0xff,0x42,0x42,0x42,0xff,0x52,0x52,0x52,0xff,0x65,0x65,0x65,0xff,
    0x62,0x62,0x62,0xff,0x77,0x77,0x77,0xff,0x95,0x95,0x95,0xff,0x98,0x98,0x98,0xff,
    0xa0,0xa0,0xa0,0xff,0x93,0x93,0x93,0xff,0xb5,0xb5,0xb5,0xff,0x88,0x88,0x88,0xff,
    0x93,0x93,0x93,0xff,0xd1,0xd1,0xd1,0xff,0xc9,0xc9,0xc9,0xff,0xad,0xad,0xad,0xff,
    0x9b,0x9b,0x9b,0xff,0xb5,0xb5,0xb5,0xff,0xbf,0xbf,0xbf,0xff,0xc7,0xc7,0xc7,0xff,
    0xd9,0xd9,0xd9,0xff,0xd2,0xd2,0xd2,0xff,0xba,0xba,0xba,0xff,0xb8,0xb8,0xb8,0xff,
    0xb0,0xb0,0xb0,0xff,0xa7,0xa7,0xa7,0xff,0x9d,0x9d,0x9d,0xff,0x9a,0x9a,0x9a,0xff,
    0x71,0x71,0x71,0xff,0x50,0x50,0x50,0xff,0x57,0x57,0x57,0xff,0x4b,0x4b,0x4b,0xff,
    0x55,0x55,0x55,0xff,0x4a,0x4a,0x4a,0xff,0x45,0x45,0x45,0xff,0x40,0x40,0x40,0xff,
    0x4d,0x4d,0x4d,0xff,0x45,0x45,0x45,0xff,0x42,0x42,0x42,0xff,0x4d,0x4d,0x4d,0xff,
    0x55,0x55,0x55,0xff,0x54,0x54,0x54,0xff,0x5a,0x5a,0x5a,0xff,0x55,0x55,0x55,0xff,
    0x64,0x64,0x64,0xff,0x5f,0x5f,0x5f,0xff,0x5a,0x5a,0x5a,0xff,0x48,0x48,0x48,0xff,
    0x4c,0x4c,0x4c,0xff,0x48,0x48,0x48,0xff,0x61,0x61,0x61,0xff,0x8e,0x8e,0x8e,0xff,
    0xa0,0xa0,0xa0,0xff,0x9e,0x9e,0x9e,0xff,0x5a,0x5a,0x5a,0xff,0x55,0x55,0x55,0xff,
    0x4b,0x4b,0x4b,0xff,0xa2,0xa2,0xa2,0xff,0xb3,0xb3,0xb3,0xff,0xb0,0xb0,0xb0,0xff,
    0xaa,0xaa,0xaa,0xff,0xad,0xad,0xad,0xff,0xa7,0xa7,0xa7,0xff,0x73,0x73,0x73,0xff,
    0x71,0x71,0x71,0xff,0xba,0xba,0xba,0xff,0xb3,0xb3,0xb3,0xd7,0x00,0x00,0x00,0x00,
    0x00,0x00,0x00,0x00,0x63,0x63,0x63,0xc7,0x86,0x86,0x86,0xff,0x84,0x84,0x84,0xff,
    0xb0,0xb0,0xb0,0xff,0xa3,0xa3,0xa3,0xff,0xa0,0xa0,0xa0,0xff,0xab,0xab,0xab,0xff,
    0xaa,0xaa,0xaa,0xff,0x84,0x84,0x84,0xff,0x55,0x55,0x55,0xff,0x58,0x58,0x58,0xff,
    0x52,0x52,0x52,0xff,0x4a,0x4a,0x4a,0xff,0x54,0x54,0x54,0xff,0x55,0x55,0x55,0xff,
    0x54,0x54,0x54,0xff,0x59,0x59,0x59,0xff,0x64,0x64,0x64,0xff,0x62,0x62,0x62,0xff,
    0x5f,0x5f,0x5f,0xff,0x5d,0x5d,0x5d,0xff,0x5c,0x5c,0x5c,0xff,0x5c,0x5c,0x5c,0xff,
    0x5c,0x5c,0x5c,0xff,0x57,0x57,0x57,0xff,0x69,0x69,0x69,0xff,0x7e,0x7e,0x7e,0xff,
    0x7b,0x7b,0x7b,0xff,0x5f,0x5f,0x5f,0xff,0xa6,0xa6,0xa6,0xff,0x79,0x79,0x79,0xff,
    0x57,0x57,0x57,0xff,0x5c,0x5c,0x5c,0xff,0x6e,0x6e,0x6e,0xff,0x71,0x71,0x71,0xff,
    0x71,0x71,0x71,0xff,0x6a,0x6a,0x6a,0xff,0x57,0x57,0x57,0xff,0x67,0x67,0x67,0xff,
    0x6c,0x6c,0x6c,0xff,0x80,0x80,0x80,0xff,0x88,0x88,0x88,0xff,0x81,0x81,0x81,0xff,
    0x77,0x77,0x77,0xff,0x8e,0x8e,0x8e,0xff,0x9b,0x9b,0x9b,0xff,0x84,0x84,0x84,0xff,
    0x65,0x65,0x65,0xff,0x6c,0x6c,0x6c,0xff,0x71,0x71,0x71,0xff,0x4a,0x4a,0x4a,0xff,
    0x4c,0x4c,0x4c,0xff,0x59,0x59,0x59,0xff,0x57,0x57,0x57,0xff,0x62,0x62,0x62,0xff,
    0x65,0x65,0x65,0xff,0x58,0x58,0x58,0xff,0x5a,0x5a,0x5a,0xff,0x59,0x59,0x59,0xff,
    0x45,0x45,0x45,0xff,0x4c,0x4c,0x4c,0xff,0x58,0x58,0x58,0xff,0x4f,0x4f,0x4f,0xff,
    0x4d,0x4d,0x4d,0xff,0x5d,0x5d,0x5d,0xff,0x7b,0x7b,0x7b,0xff,0x69,0x69,0x69,0xff,
    0x81,0x81,0x81,0xff,0x93,0x93,0x93,0xff,0xa0,0xa0,0xa0,0xff,0x95,0x95,0x95,0xff,
    0x95,0x95,0x95,0xff,0xab,0xab,0xab,0xff,0xaa,0xaa,0xaa,0xff,0xa2,0xa2,0xa2,0xff,
    0x90,0x90,0x90,0xff,0xa3,0xa3,0xa3,0xff,0xbc,0xbc,0xbc,0xff,0xd6,0xd6,0xd6,0xff,
    0xe8,0xe8,0xe8,0xff,0xd9,0xd9,0xd9,0xff,0xc4,0xc4,0xc4,0xff,0xb7,0xb7,0xb7,0xff,
    0xa0,0xa0,0xa0,0xff,0xa7,0xa7,0xa7,0xff,0x84,0x84,0x84,0xff,0x88,0x88,0x88,0xff,
    0x61,0x61,0x61,0xff,0x54,0x54,0x54,0xff,0x4a,0x4a,0x4a,0xff,0x43,0x43,0x43,0xff,
    0x47,0x47,0x47,0xff,0x40,0x40,0x40,0xff,0x45,0x45,0x45,0xff,0x43,0x43,0x43,0xff,
    0x4a,0x4a,0x4a,0xff,0x4b,0x4b,0x4b,0xff,0x43,0x43,0x43,0xff,0x48,0x48,0x48,0xff,
    0x52,0x52,0x52,0xff,0x50,0x50,0x50,0xff,0x57,0x57,0x57,0xff,0x4b,0x4b,0x4b,0xff,
    0x6f,0x6f,0x6f,0xff,0x54,0x54,0x54,0xff,0x57,0x57,0x57,0xff,0x4c,0x4c,0x4c,0xff,
    0x5d,0x5d,0x5d,0xff,0x55,0x55,0x55,0xff,0x6e,0x6e,0x6e,0xff,0x84,0x84,0x84,0xff,
    0x80,0x80,0x80,0xff,0x86,0x86,0x86,0xff,0x59,0x59,0x59,0xff,0x48,0x48,0x48,0xff,
    0x42,0x42,0x42,0xff,0x73,0x73,0x73,0xff,0x95,0x95,0x95,0xff,0xab,0xab,0xab,0xff,
    0xb8,0xb8,0xb8,0xff,0x99,0x99,0x99,0xff,0xa3,0xa3,0xa3,0xff,0x61,0x61,0x61,0xff,
    0x8e,0x8e,0x8e,0xff,0xb7,0xb7,0xb7,0xff,0xb0,0xb0,0xb0,0xcb,0x00,0x00,0x00,0x00,
    0x00,0x00,0x00,0x00,0x63,0x63,0x63,0xeb,0x90,0x90,0x90,0xff,0x81,0x81,0x81,0xff,
    0xa3,0xa3,0xa3,0xff,0xaf,0xaf,0xaf,0xff,0xa2,0xa2,0xa2,0xff,0xad,0xad,0xad,0xff,
    0xad,0xad,0xad,0xff,0x6e,0x6e,0x6e,0xff,0x57,0x57,0x57,0xff,0x55,0x55,0x55,0xff,
    0x50,0x50,0x50,0xff,0x4f,0x4f,0x4f,0xff,0x52,0x52,0x52,0xff,0x58,0x58,0x58,0xff,
    0x57,0x57,0x57,0xff,0x5c,0x5c,0x5c,0xff,0x62,0x62,0x62,0xff,0x5f,0x5f,0x5f,0xff,
    0x5d,0x5d,0x5d,0xff,0x5d,0x5d,0x5d,0xff,0x62,0x62,0x62,0xff,0x64,0x64,0x64,0xff,
    0x61,0x61,0x61,0xff,0x57,0x57,0x57,0xff,0x5d,0x5d,0x5d,0xff,0x79,0x79,0x79,0xff,
    0x69,0x69,0x69,0xff,0x7e,0x7e,0x7e,0xff,0x71,0x71,0x71,0xff,0x6a,0x6a,0x6a,0xff,
    0x6c,0x6c,0x6c,0xff,0x64,0x64,0x64,0xff,0x64,0x64,0x64,0xff,0x5a,0x5a,0x5a,0xff,
    0x71,0x71,0x71,0xff,0x76,0x76,0x76,0xff,0x6e,0x6e,0x6e,0xff,0x72,0x72,0x72,0xff,
    0x74,0x74,0x74,0xff,0x73,0x73,0x73,0xff,0x88,0x88,0x88,0xff,0x77,0x77,0x77,0xff,
    0x7c,0x7c,0x7c,0xff,0x98,0x98,0x98,0xff,0x9b,0x9b,0x9b,0xff,0x8b,0x8b,0x8b,0xff,
    0x7b,0x7b,0x7b,0xff,0x71,0x71,0x71,0xff,0x6e,0x6e,0x6e,0xff,0x52,0x52,0x52,0xff,
    0x47,0x47,0x47,0xff,0x45,0x45,0x45,0xff,0x4f,0x4f,0x4f,0xff,0x55,0x55,0x55,0xff,
    0x7c,0x7c,0x7c,0xff,0x50,0x50,0x50,0xff,0x54,0x54,0x54,0xff,0x55,0x55,0x55,0xff,
    0x47,0x47,0x47,0xff,0x67,0x67,0x67,0xff,0x66,0x66,0x66,0xff,0x54,0x54,0x54,0xff,
    0x4f,0x4f,0x4f,0xff,0x57,0x57,0x57,0xff,0x7b,0x7b,0x7b,0xff,0x64,0x64,0x64,0xff,
    0x6c,0x6c,0x6c,0xff,0x6f,0x6f,0x6f,0xff,0x6a,0x6a,0x6a,0xff,0x7e,0x7e,0x7e,0xff,
    0x9e,0x9e,0x9e,0xff,0x9e,0x9e,0x9e,0xff,0xa5,0xa5,0xa5,0xff,0xa8,0xa8,0xa8,0xff,
    0xab,0xab,0xab,0xff,0xa8,0xa8,0xa8,0xff,0xc5,0xc5,0xc5,0xff,0xd7,0xd7,0xd7,0xff,
    0xe3,0xe3,0xe3,0xff,0xdf,0xdf,0xdf,0xff,0xde,0xde,0xde,0xff,0xc2,0xc2,0xc2,0xff,
    0xaf,0xaf,0xaf,0xff,0x9b,0x9b,0x9b,0xff,0x86,0x86,0x86,0xff,0xc5,0xc5,0xc5,0xff,
    0x90,0x90,0x90,0xff,0x7e,0x7e,0x7e,0xff,0x48,0x48,0x48,0xff,0x42,0x42,0x42,0xff,
    0x43,0x43,0x43,0xff,0x40,0x40,0x40,0xff,0x47,0x47,0x47,0xff,0x4b,0x4b,0x4b,0xff,
    0x47,0x47,0x47,0xff,0x47,0x47,0x47,0xff,0x42,0x42,0x42,0xff,0x45,0x45,0x45,0xff,
    0x54,0x54,0x54,0xff,0x59,0x59,0x59,0xff,0x5f,0x5f,0x5f,0xff,0x50,0x50,0x50,0xff,
    0x57,0x57,0x57,0xff,0x55,0x55,0x55,0xff,0x4d,0x4d,0x4d,0xff,0x40,0x40,0x40,0xff,
    0x54,0x54,0x54,0xff,0x5c,0x5c,0x5c,0xff,0x7c,0x7c,0x7c,0xff,0x88,0x88,0x88,0xff,
    0x67,0x67,0x67,0xff,0x67,0x67,0x67,0xff,0x4f,0x4f,0x4f,0xff,0x47,0x47,0x47,0xff,
    0x40,0x40,0x40,0xff,0x47,0x47,0x47,0xff,0x77,0x77,0x77,0xff,0xa2,0xa2,0xa2,0xff,
    0xa0,0xa0,0xa0,0xff,0x90,0x90,0x90,0xff,0xa3,0xa3,0xa3,0xff,0x7f,0x7f,0x7f,0xff,
    0x90,0x90,0x90,0xff,0xa2,0xa2,0xa2,0xff,0x96,0x96,0x96,0xdb,0x00,0x00,0x00,0x00,
    0x00,0x00,0x00,0x00,0x6c,0x6c,0x6c,0xdb,0x89,0x89,0x89,0xff,0x80,0x80,0x80,0xff,
    0xa2,0xa2,0xa2,0xff,0xa6,0xa6,0xa6,0xff,0xba,0xba,0xba,0xff,0xb5,0xb5,0xb5,0xff,
    0xa0,0xa0,0xa0,0xff,0x6a,0x6a,0x6a,0xff,0x65,0x65,0x65,0xff,0x55,0x55,0x55,0xff,
    0x55,0x55,0x55,0xff,0x54,0x54,0x54,0xff,0x58,0x58,0x58,0xff,0x5a,0x5a,0x5a,0xff,
    0x5c,0x5c,0x5c,0xff,0x5f,0x5f,0x5f,0xff,0x64,0x64,0x64,0xff,0x66,0x66,0x66,0xff,
    0x5d,0x5d,0x5d,0xff,0x61,0x61,0x61,0xff,0x62,0x62,0x62,0xff,0x5f,0x5f,0x5f,0xff,
    0x61,0x61,0x61,0xff,0x5d,0x5d,0x5d,0xff,0x58,0x58,0x58,0xff,0x6f,0x6f,0x6f,0xff,
    0x5a,0x5a,0x5a,0xff,0x5f,0x5f,0x5f,0xff,0x67,0x67,0x67,0xff,0x64,0x64,0x64,0xff,
    0x69,0x69,0x69,0xff,0x69,0x69,0x69,0xff,0x62,0x62,0x62,0xff,0x5f,0x5f,0x5f,0xff,
    0x6c,0x6c,0x6c,0xff,0x7f,0x7f,0x7f,0xff,0x80,0x80,0x80,0xff,0x7f,0x7f,0x7f,0xff,
    0x73,0x73,0x73,0xff,0x5f,0x5f,0x5f,0xff,0x7b,0x7b,0x7b,0xff,0x6f,0x6f,0x6f,0xff,
    0x83,0x83,0x83,0xff,0x99,0x99,0x99,0xff,0x7c,0x7c,0x7c,0xff,0x7c,0x7c,0x7c,0xff,
    0xba,0xba,0xba,0xff,0x93,0x93,0x93,0xff,0x79,0x79,0x79,0xff,0x67,0x67,0x67,0xff,
    0x54,0x54,0x54,0xff,0x4a,0x4a,0x4a,0xff,0x47,0x47,0x47,0xff,0x52,0x52,0x52,0xff,
    0x57,0x57,0x57,0xff,0x54,0x54,0x54,0xff,0x4a,0x4a,0x4a,0xff,0x54,0x54,0x54,0xff,
    0x54,0x54,0x54,0xff,0x58,0x58,0x58,0xff,0x76,0x76,0x76,0xff,0x6e,0x6e,0x6e,0xff,
    0x54,0x54,0x54,0xff,0x76,0x76,0x76,0xff,0x67,0x67,0x67,0xff,0x5f,0x5f,0x5f,0xff,
    0x5c,0x5c,0x5c,0xff,0x74,0x74,0x74,0xff,0x6e,0x6e,0x6e,0xff,0x77,0x77,0x77,0xff,
    0x9d,0x9d,0x9d,0xff,0xb0,0xb0,0xb0,0xff,0xaf,0xaf,0xaf,0xff,0xb0,0xb0,0xb0,0xff,
    0xc5,0xc5,0xc5,0xff,0xb8,0xb8,0xb8,0xff,0xc2,0xc2,0xc2,0xff,0xd9,0xd9,0xd9,0xff,
    0xde,0xde,0xde,0xff,0xe3,0xe3,0xe3,0xff,0xd7,0xd7,0xd7,0xff,0xc9,0xc9,0xc9,0xff,
    0xb8,0xb8,0xb8,0xff,0xab,0xab,0xab,0xff,0x99,0x99,0x99,0xff,0xa2,0xa2,0xa2,0xff,
    0x8c,0x8c,0x8c,0xff,0x83,0x83,0x83,0xff,0x69,0x69,0x69,0xff,0x48,0x48,0x48,0xff,
    0x45,0x45,0x45,0xff,0x43,0x43,0x43,0xff,0x4d,0x4d,0x4d,0xff,0x5c,0x5c,0x5c,0xff,
    0x47,0x47,0x47,0xff,0x42,0x42,0x42,0xff,0x43,0x43,0x43,0xff,0x55,0x55,0x55,0xff,
    0x67,0x67,0x67,0xff,0x4b,0x4b,0x4b,0xff,0x77,0x77,0x77,0xff,0x54,0x54,0x54,0xff,
    0x52,0x52,0x52,0xff,0x43,0x43,0x43,0xff,0x43,0x43,0x43,0xff,0x45,0x45,0x45,0xff,
    0x55,0x55,0x55,0xff,0x69,0x69,0x69,0xff,0x91,0x91,0x91,0xff,0x9b,0x9b,0x9b,0xff,
    0x6a,0x6a,0x6a,0xff,0x61,0x61,0x61,0xff,0x4c,0x4c,0x4c,0xff,0x47,0x47,0x47,0xff,
    0x40,0x40,0x40,0xff,0x40,0x40,0x40,0xff,0x43,0x43,0x43,0xff,0x5d,0x5d,0x5d,0xff,
    0x62,0x62,0x62,0xff,0x7b,0x7b,0x7b,0xff,0x9e,0x9e,0x9e,0xff,0x6a,0x6a,0x6a,0xff,
    0x9e,0x9e,0x9e,0xff,0x7b,0x7b,0x7b,0xff,0x91,0x91,0x91,0xd7,0x00,0x00,0x00,0x00,
    0x00,0x00,0x00,0x00,0x76,0x76,0x76,0xdf,0x81,0x81,0x81,0xff,0x7e,0x7e,0x7e,0xff,
    0x88,0x88,0x88,0xff,0x8d,0x8d,0x8d,0xff,0xb7,0xb7,0xb7,0xff,0xba,0xba,0xba,0xff,
    0x8e,0x8e,0x8e,0xff,0x62,0x62,0x62,0xff,0x6f,0x6f,0x6f,0xff,0x52,0x52,0x52,0xff,
    0x57,0x57,0x57,0xff,0x58,0x58,0x58,0xff,0x57,0x57,0x57,0xff,0x55,0x55,0x55,0xff,
    0x57,0x57,0x57,0xff,0x5d,0x5d,0x5d,0xff,0x65,0x65,0x65,0xff,0x62,0x62,0x62,0xff,
    0x5d,0x5d,0x5d,0xff,0x5c,0x5c,0x5c,0xff,0x5d,0x5d,0x5d,0xff,0x5a,0x5a,0x5a,0xff,
    0x58,0x58,0x58,0xff,0x55,0x55,0x55,0xff,0x55,0x55,0x55,0xff,0x5d,0x5d,0x5d,0xff,
    0x52,0x52,0x52,0xff,0x58,0x58,0x58,0xff,0x5a,0x5a,0x5a,0xff,0x5d,0x5d,0x5d,0xff,
    0x61,0x61,0x61,0xff,0x62,0x62,0x62,0xff,0x64,0x64,0x64,0xff,0x67,0x67,0x67,0xff,
    0x62,0x62,0x62,0xff,0x61,0x61,0x61,0xff,0x65,0x65,0x65,0xff,0x8b,0x8b,0x8b,0xff,
    0x90,0x90,0x90,0xff,0x71,0x71,0x71,0xff,0x6a,0x6a,0x6a,0xff,0x6c,0x6c,0x6c,0xff,
    0x80,0x80,0x80,0xff,0x8c,0x8c,0x8c,0xff,0x74,0x74,0x74,0xff,0x66,0x66,0x66,0xff,
    0x90,0x90,0x90,0xff,0x91,0x91,0x91,0xff,0x81,0x81,0x81,0xff,0x6f,0x6f,0x6f,0xff,
    0x54,0x54,0x54,0xff,0x54,0x54,0x54,0xff,0x4f,0x4f,0x4f,0xff,0x4f,0x4f,0x4f,0xff,
    0x50,0x50,0x50,0xff,0x5a,0x5a,0x5a,0xff,0x54,0x54,0x54,0xff,0x57,0x57,0x57,0xff,
    0x61,0x61,0x61,0xff,0x81,0x81,0x81,0xff,0x88,0x88,0x88,0xff,0x88,0x88,0x88,0xff,
    0x74,0x74,0x74,0xff,0x8d,0x8d,0x8d,0xff,0x61,0x61,0x61,0xff,0x57,0x57,0x57,0xff,
    0x57,0x57,0x57,0xff,0x79,0x79,0x79,0xff,0x76,0x76,0x76,0xff,0x83,0x83,0x83,0xff,
    0x8b,0x8b,0x8b,0xff,0xad,0xad,0xad,0xff,0xb8,0xb8,0xb8,0xff,0xbf,0xbf,0xbf,0xff,
    0xca,0xca,0xca,0xff,0xc4,0xc4,0xc4,0xff,0xbc,0xbc,0xbc,0xff,0xc5,0xc5,0xc5,0xff,
    0xde,0xde,0xde,0xff,0xe1,0xe1,0xe1,0xff,0xd4,0xd4,0xd4,0xff,0xbc,0xbc,0xbc,0xff,
    0xba,0xba,0xba,0xff,0xad,0xad,0xad,0xff,0xa0,0xa0,0xa0,0xff,0x96,0x96,0x96,0xff,
    0x95,0x95,0x95,0xff,0x83,0x83,0x83,0xff,0x73,0x73,0x73,0xff,0x55,0x55,0x55,0xff,
    0x3e,0x3e,0x3e,0xff,0x43,0x43,0x43,0xff,0x4a,0x4a,0x4a,0xff,0x58,0x58,0x58,0xff,
    0x48,0x48,0x48,0xff,0x47,0x47,0x47,0xff,0x47,0x47,0x47,0xff,0x47,0x47,0x47,0xff,
    0x47,0x47,0x47,0xff,0x48,0x48,0x48,0xff,0xb4,0xb4,0xb4,0xff,0xaa,0xaa,0xaa,0xff,
    0xa8,0xa8,0xa8,0xff,0x4a,0x4a,0x4a,0xff,0x48,0x48,0x48,0xff,0x4f,0x4f,0x4f,0xff,
    0x65,0x65,0x65,0xff,0x83,0x83,0x83,0xff,0x7c,0x7c,0x7c,0xff,0x67,0x67,0x67,0xff,
    0x57,0x57,0x57,0xff,0x5c,0x5c,0x5c,0xff,0x4a,0x4a,0x4a,0xff,0x47,0x47,0x47,0xff,
    0x40,0x40,0x40,0xff,0x3f,0x3f,0x3f,0xff,0x40,0x40,0x40,0xff,0x43,0x43,0x43,0xff,
    0x4d,0x4d,0x4d,0xff,0x6c,0x6c,0x6c,0xff,0x80,0x80,0x80,0xff,0x5d,0x5d,0x5d,0xff,
    0x9d,0x9d,0x9d,0xff,0x8b,0x8b,0x8b,0xff,0x93,0x93,0x93,0xc3,0x00,0x00,0x00,0x00,
    0x00,0x00,0x00,0x00,0x7a,0x7a,0x7a,0xdf,0x84,0x84,0x84,0xff,0x83,0x83,0x83,0xff,
    0x66,0x66,0x66,0xff,0x69,0x69,0x69,0xff,0xad,0xad,0xad,0xff,0xaa,0xaa,0xaa,0xff,
    0x9d,0x9d,0x9d,0xff,0x83,0x83,0x83,0xff,0x6c,0x6c,0x6c,0xff,0x65,0x65,0x65,0xff,
    0x54,0x54,0x54,0xff,0x57,0x57,0x57,0xff,0x57,0x57,0x57,0xff,0x54,0x54,0x54,0xff,
    0x5a,0x5a,0x5a,0xff,0x5c,0x5c,0x5c,0xff,0x5d,0x5d,0x5d,0xff,0x5d,0x5d,0x5d,0xff,
    0x5d,0x5d,0x5d,0xff,0x5a,0x5a,0x5a,0xff,0x5d,0x5d,0x5d,0xff,0x5f,0x5f,0x5f,0xff,
    0x5d,0x5d,0x5d,0xff,0x52,0x52,0x52,0xff,0x55,0x55,0x55,0xff,0x66,0x66,0x66,0xff,
    0x59,0x59,0x59,0xff,0x59,0x59,0x59,0xff,0x55,0x55,0x55,0xff,0x5c,0x5c,0x5c,0xff,
    0x5d,0x5d,0x5d,0xff,0x6c,0x6c,0x6c,0xff,0x64,0x64,0x64,0xff,0x55,0x55,0x55,0xff,
    0x61,0x61,0x61,0xff,0x67,0x67,0x67,0xff,0x66,0x66,0x66,0xff,0x73,0x73,0x73,0xff,
    0x84,0x84,0x84,0xff,0x79,0x79,0x79,0xff,0x67,0x67,0x67,0xff,0x71,0x71,0x71,0xff,
    0x6e,0x6e,0x6e,0xff,0x77,0x77,0x77,0xff,0x77,0x77,0x77,0xff,0x57,0x57,0x57,0xff,
    0x7b,0x7b,0x7b,0xff,0x93,0x93,0x93,0xff,0x86,0x86,0x86,0xff,0x7c,0x7c,0x7c,0xff,
    0x69,0x69,0x69,0xff,0x58,0x58,0x58,0xff,0x4d,0x4d,0x4d,0xff,0x52,0x52,0x52,0xff,
    0x59,0x59,0x59,0xff,0x5f,0x5f,0x5f,0xff,0x55,0x55,0x55,0xff,0x5f,0x5f,0x5f,0xff,
    0x77,0x77,0x77,0xff,0xaa,0xaa,0xaa,0xff,0xaa,0xaa,0xaa,0xff,0x9e,0x9e,0x9e,0xff,
    0x91,0x91,0x91,0xff,0x7e,0x7e,0x7e,0xff,0x61,0x61,0x61,0xff,0x57,0x57,0x57,0xff,
    0x54,0x54,0x54,0xff,0x64,0x64,0x64,0xff,0x83,0x83,0x83,0xff,0xa5,0xa5,0xa5,0xff,
    0xbf,0xbf,0xbf,0xff,0xba,0xba,0xba,0xff,0xaf,0xaf,0xaf,0xff,0xbf,0xbf,0xbf,0xff,
    0xb4,0xb4,0xb4,0xff,0xc7,0xc7,0xc7,0xff,0xb7,0xb7,0xb7,0xff,0xbc,0xbc,0xbc,0xff,
    0xcf,0xcf,0xcf,0xff,0xc7,0xc7,0xc7,0xff,0xb0,0xb0,0xb0,0xff,0xa8,0xa8,0xa8,0xff,
    0xc0,0xc0,0xc0,0xff,0xba,0xba,0xba,0xff,0xb5,0xb5,0xb5,0xff,0x9e,0x9e,0x9e,0xff,
    0x9b,0x9b,0x9b,0xff,0x54,0x54,0x54,0xff,0x69,0x69,0x69,0xff,0x4d,0x4d,0x4d,0xff,
    0x48,0x48,0x48,0xff,0x54,0x54,0x54,0xff,0x45,0x45,0x45,0xff,0x4f,0x4f,0x4f,0xff,
    0x48,0x48,0x48,0xff,0x48,0x48,0x48,0xff,0x4a,0x4a,0x4a,0xff,0x4c,0x4c,0x4c,0xff,
    0x48,0x48,0x48,0xff,0x67,0x67,0x67,0xff,0xc1,0xc1,0xc1,0xff,0xd4,0xd4,0xd4,0xff,
    0xaa,0xaa,0xaa,0xff,0x84,0x84,0x84,0xff,0x76,0x76,0x76,0xff,0x6e,0x6e,0x6e,0xff,
    0x5d,0x5d,0x5d,0xff,0x88,0x88,0x88,0xff,0x69,0x69,0x69,0xff,0x4f,0x4f,0x4f,0xff,
    0x50,0x50,0x50,0xff,0x59,0x59,0x59,0xff,0x45,0x45,0x45,0xff,0x4d,0x4d,0x4d,0xff,
    0x48,0x48,0x48,0xff,0x40,0x40,0x40,0xff,0x40,0x40,0x40,0xff,0x42,0x42,0x42,0xff,
    0x57,0x57,0x57,0xff,0x69,0x69,0x69,0xff,0x5f,0x5f,0x5f,0xff,0x69,0x69,0x69,0xff,
    0x91,0x91,0x91,0xff,0xa2,0xa2,0xa2,0xff,0x83,0x83,0x83,0xc7,0x00,0x00,0x00,0x00,
    0x00,0x00,0x00,0x00,0x7c,0x7c,0x7c,0xdf,0x7e,0x7e,0x7e,0xff,0x88,0x88,0x88,0xff,
    0x8b,0x8b,0x8b,0xff,0x8d,0x8d,0x8d,0xff,0xba,0xba,0xba,0xff,0x8b,0x8b,0x8b,0xff,
    0x9b,0x9b,0x9b,0xff,0x95,0x95,0x95,0xff,0x88,0x88,0x88,0xff,0x81,0x81,0x81,0xff,
    0x4c,0x4c,0x4c,0xff,0x4d,0x4d,0x4d,0xff,0x55,0x55,0x55,0xff,0x55,0x55,0x55,0xff,
    0x57,0x57,0x57,0xff,0x62,0x62,0x62,0xff,0x7b,0x7b,0x7b,0xff,0x64,0x64,0x64,0xff,
    0x59,0x59,0x59,0xff,0x57,0x57,0x57,0xff,0x61,0x61,0x61,0xff,0x59,0x59,0x59,0xff,
    0x50,0x50,0x50,0xff,0x55,0x55,0x55,0xff,0x64,0x64,0x64,0xff,0x6c,0x6c,0x6c,0xff,
    0x5c,0x5c,0x5c,0xff,0x57,0x57,0x57,0xff,0x54,0x54,0x54,0xff,0x58,0x58,0x58,0xff,
    0x6a,0x6a,0x6a,0xff,0x6c,0x6c,0x6c,0xff,0x69,0x69,0x69,0xff,0x65,0x65,0x65,0xff,
    0x8b,0x8b,0x8b,0xff,0x66,0x66,0x66,0xff,0x6e,0x6e,0x6e,0xff,0x71,0x71,0x71,0xff,
    0x64,0x64,0x64,0xff,0x7e,0x7e,0x7e,0xff,0x6f,0x6f,0x6f,0xff,0x66,0x66,0x66,0xff,
    0x5d,0x5d,0x5d,0xff,0x5f,0x5f,0x5f,0xff,0x61,0x61,0x61,0xff,0x52,0x52,0x52,0xff,
    0x64,0x64,0x64,0xff,0x7e,0x7e,0x7e,0xff,0x7c,0x7c,0x7c,0xff,0x7c,0x7c,0x7c,0xff,
    0x67,0x67,0x67,0xff,0x7e,0x7e,0x7e,0xff,0x7b,0x7b,0x7b,0xff,0x62,0x62,0x62,0xff,
    0x59,0x59,0x59,0xff,0x52,0x52,0x52,0xff,0x5c,0x5c,0x5c,0xff,0x6f,0x6f,0x6f,0xff,
    0x86,0x86,0x86,0xff,0x93,0x93,0x93,0xff,0x9e,0x9e,0x9e,0xff,0xa0,0xa0,0xa0,0xff,
    0x9a,0x9a,0x9a,0xff,0xa3,0xa3,0xa3,0xff,0x89,0x89,0x89,0xff,0x61,0x61,0x61,0xff,
    0x64,0x64,0x64,0xff,0x88,0x88,0x88,0xff,0x96,0x96,0x96,0xff,0x98,0x98,0x98,0xff,
    0xb0,0xb0,0xb0,0xff,0xc5,0xc5,0xc5,0xff,0xb0,0xb0,0xb0,0xff,0xb4,0xb4,0xb4,0xff,
    0xb5,0xb5,0xb5,0xff,0xc1,0xc1,0xc1,0xff,0xbd,0xbd,0xbd,0xff,0xb2,0xb2,0xb2,0xff,
    0xc5,0xc5,0xc5,0xff,0xba,0xba,0xba,0xff,0xbd,0xbd,0xbd,0xff,0xb0,0xb0,0xb0,0xff,
    0xb4,0xb4,0xb4,0xff,0xc5,0xc5,0xc5,0xff,0xb7,0xb7,0xb7,0xff,0xa5,0xa5,0xa5,0xff,
    0xaf,0xaf,0xaf,0xff,0x9b,0x9b,0x9b,0xff,0xb0,0xb0,0xb0,0xff,0xb5,0xb5,0xb5,0xff,
    0x6c,0x6c,0x6c,0xff,0x6a,0x6a,0x6a,0xff,0x55,0x55,0x55,0xff,0x48,0x48,0x48,0xff,
    0x54,0x54,0x54,0xff,0x42,0x42,0x42,0xff,0x55,0x55,0x55,0xff,0x45,0x45,0x45,0xff,
    0x54,0x54,0x54,0xff,0x8c,0x8c,0x8c,0xff,0xf0,0xf0,0xf0,0xff,0xd7,0xd7,0xd7,0xff,
    0xcf,0xcf,0xcf,0xff,0xb0,0xb0,0xb0,0xff,0xaa,0xaa,0xaa,0xff,0xb7,0xb7,0xb7,0xff,
    0x86,0x86,0x86,0xff,0xa5,0xa5,0xa5,0xff,0x52,0x52,0x52,0xff,0x4f,0x4f,0x4f,0xff,
    0x54,0x54,0x54,0xff,0x55,0x55,0x55,0xff,0x47,0x47,0x47,0xff,0x45,0x45,0x45,0xff,
    0x48,0x48,0x48,0xff,0x3f,0x3f,0x3f,0xff,0x42,0x42,0x42,0xff,0x45,0x45,0x45,0xff,
    0x55,0x55,0x55,0xff,0x71,0x71,0x71,0xff,0x81,0x81,0x81,0xff,0x62,0x62,0x62,0xff,
    0x81,0x81,0x81,0xff,0x9b,0x9b,0x9b,0xff,0x83,0x83,0x83,0xc7,0x00,0x00,0x00,0x00,
    0x00,0x00,0x00,0x00,0x7b,0x7b,0x7b,0xd7,0x91,0x91,0x91,0xff,0x81,0x81,0x81,0xff,
    0x8b,0x8b,0x8b,0xff,0x96,0x96,0x96,0xff,0x9b,0x9b,0x9b,0xff,0x52,0x52,0x52,0xff,
    0x71,0x71,0x71,0xff,0xb2,0xb2,0xb2,0xff,0x83,0x83,0x83,0xff,0x7f,0x7f,0x7f,0xff,
    0x43,0x43,0x43,0xff,0x4a,0x4a,0x4a,0xff,0x52,0x52,0x52,0xff,0x54,0x54,0x54,0xff,
    0x54,0x54,0x54,0xff,0x6c,0x6c,0x6c,0xff,0x73,0x73,0x73,0xff,0x66,0x66,0x66,0xff,
    0x59,0x59,0x59,0xff,0x55,0x55,0x55,0xff,0x55,0x55,0x55,0xff,0x55,0x55,0x55,0xff,
    0x4b,0x4b,0x4b,0xff,0x5a,0x5a,0x5a,0xff,0x67,0x67,0x67,0xff,0x61,0x61,0x61,0xff,
    0x5c,0x5c,0x5c,0xff,0x54,0x54,0x54,0xff,0x52,0x52,0x52,0xff,0x55,0x55,0x55,0xff,
    0x70,0x70,0x70,0xff,0x62,0x62,0x62,0xff,0x5f,0x5f,0x5f,0xff,0x6c,0x6c,0x6c,0xff,
    0x95,0x95,0x95,0xff,0x58,0x58,0x58,0xff,0x84,0x84,0x84,0xff,0x88,0x88,0x88,0xff,
    0x79,0x79,0x79,0xff,0x6a,0x6a,0x6a,0xff,0x73,0x73,0x73,0xff,0x5d,0x5d,0x5d,0xff,
    0x58,0x58,0x58,0xff,0x5c,0x5c,0x5c,0xff,0x62,0x62,0x62,0xff,0x5a,0x5a,0x5a,0xff,
    0x6a,0x6a,0x6a,0xff,0x7e,0x7e,0x7e,0xff,0x7f,0x7f,0x7f,0xff,0x8b,0x8b,0x8b,0xff,
    0x71,0x71,0x71,0xff,0x74,0x74,0x74,0xff,0x62,0x62,0x62,0xff,0x83,0x83,0x83,0xff,
    0x71,0x71,0x71,0xff,0x61,0x61,0x61,0xff,0x76,0x76,0x76,0xff,0x81,0x81,0x81,0xff,
    0x77,0x77,0x77,0xff,0x7b,0x7b,0x7b,0xff,0x8d,0x8d,0x8d,0xff,0xaa,0xaa,0xaa,0xff,
    0xa3,0xa3,0xa3,0xff,0xa5,0xa5,0xa5,0xff,0xaa,0xaa,0xaa,0xff,0x96,0x96,0x96,0xff,
    0x8e,0x8e,0x8e,0xff,0x96,0x96,0x96,0xff,0x93,0x93,0x93,0xff,0x99,0x99,0x99,0xff,
    0xa7,0xa7,0xa7,0xff,0xb0,0xb0,0xb0,0xff,0xb8,0xb8,0xb8,0xff,0xb0,0xb0,0xb0,0xff,
    0xbc,0xbc,0xbc,0xff,0xc4,0xc4,0xc4,0xff,0xaf,0xaf,0xaf,0xff,0xaf,0xaf,0xaf,0xff,
    0xad,0xad,0xad,0xff,0xaa,0xaa,0xaa,0xff,0xb2,0xb2,0xb2,0xff,0xb5,0xb5,0xb5,0xff,
    0xbc,0xbc,0xbc,0xff,0xb8,0xb8,0xb8,0xff,0xb5,0xb5,0xb5,0xff,0xb8,0xb8,0xb8,0xff,
    0xca,0xca,0xca,0xff,0xb7,0xb7,0xb7,0xff,0xb8,0xb8,0xb8,0xff,0xb7,0xb7,0xb7,0xff,
    0x9a,0x9a,0x9a,0xff,0xb0,0xb0,0xb0,0xff,0x8c,0x8c,0x8c,0xff,0x81,0x81,0x81,0xff,
    0x61,0x61,0x61,0xff,0x47,0x47,0x47,0xff,0x4d,0x4d,0x4d,0xff,0x47,0x47,0x47,0xff,
    0x7f,0x7f,0x7f,0xff,0xb3,0xb3,0xb3,0xff,0xcd,0xcd,0xcd,0xff,0xab,0xab,0xab,0xff,
    0xbc,0xbc,0xbc,0xff,0xb7,0xb7,0xb7,0xff,0xaf,0xaf,0xaf,0xff,0x9d,0x9d,0x9d,0xff,
    0xaf,0xaf,0xaf,0xff,0x84,0x84,0x84,0xff,0x4d,0x4d,0x4d,0xff,0x57,0x57,0x57,0xff,
    0x54,0x54,0x54,0xff,0x4f,0x4f,0x4f,0xff,0x45,0x45,0x45,0xff,0x43,0x43,0x43,0xff,
    0x43,0x43,0x43,0xff,0x43,0x43,0x43,0xff,0x45,0x45,0x45,0xff,0x48,0x48,0x48,0xff,
    0x54,0x54,0x54,0xff,0x6f,0x6f,0x6f,0xff,0x73,0x73,0x73,0xff,0x93,0x93,0x93,0xff,
    0x93,0x93,0x93,0xff,0x9b,0x9b,0x9b,0xff,0x81,0x81,0x81,0xcf,0x00,0x00,0x00,0x00,
    0x00,0x00,0x00,0x00,0x71,0x71,0x71,0xb3,0x98,0x98,0x98,0xff,0x96,0x96,0x96,0xff,
    0x93,0x93,0x93,0xff,0x9d,0x9d,0x9d,0xff,0x7b,0x7b,0x7b,0xff,0x3d,0x3d,0x3d,0xff,
    0x43,0x43,0x43,0xff,0x91,0x91,0x91,0xff,0x81,0x81,0x81,0xff,0x8b,0x8b,0x8b,0xff,
    0x66,0x66,0x66,0xff,0x54,0x54,0x54,0xff,0x4c,0x4c,0x4c,0xff,0x50,0x50,0x50,0xff,
    0x52,0x52,0x52,0xff,0x57,0x57,0x57,0xff,0x5c,0x5c,0x5c,0xff,0x6e,0x6e,0x6e,0xff,
    0x5d,0x5d,0x5d,0xff,0x4f,0x4f,0x4f,0xff,0x54,0x54,0x54,0xff,0x5f,0x5f,0x5f,0xff,
    0x52,0x52,0x52,0xff,0x57,0x57,0x57,0xff,0x5a,0x5a,0x5a,0xff,0x57,0x57,0x57,0xff,
    0x57,0x57,0x57,0xff,0x4f,0x4f,0x4f,0xff,0x52,0x52,0x52,0xff,0x55,0x55,0x55,0xff,
    0x5a,0x5a,0x5a,0xff,0x5d,0x5d,0x5d,0xff,0x5c,0x5c,0x5c,0xff,0x61,0x61,0x61,0xff,
    0x62,0x62,0x62,0xff,0x57,0x57,0x57,0xff,0x6e,0x6e,0x6e,0xff,0x77,0x77,0x77,0xff,
    0x6f,0x6f,0x6f,0xff,0x5a,0x5a,0x5a,0xff,0x69,0x69,0x69,0xff,0x54,0x54,0x54,0xff,
    0x5a,0x5a,0x5a,0xff,0x64,0x64,0x64,0xff,0x6a,0x6a,0x6a,0xff,0x5f,0x5f,0x5f,0xff,
    0x69,0x69,0x69,0xff,0x89,0x89,0x89,0xff,0x89,0x89,0x89,0xff,0x81,0x81,0x81,0xff,
    0x88,0x88,0x88,0xff,0x73,0x73,0x73,0xff,0x6c,0x6c,0x6c,0xff,0x7b,0x7b,0x7b,0xff,
    0x84,0x84,0x84,0xff,0x8e,0x8e,0x8e,0xff,0x9d,0x9d,0x9d,0xff,0xad,0xad,0xad,0xff,
    0xa2,0xa2,0xa2,0xff,0x9d,0x9d,0x9d,0xff,0xad,0xad,0xad,0xff,0xd9,0xd9,0xd9,0xff,
    0xba,0xba,0xba,0xff,0xa0,0xa0,0xa0,0xff,0xa2,0xa2,0xa2,0xff,0xa0,0xa0,0xa0,0xff,
    0xa5,0xa5,0xa5,0xff,0x9e,0x9e,0x9e,0xff,0x90,0x90,0x90,0xff,0x9d,0x9d,0x9d,0xff,
    0xa7,0xa7,0xa7,0xff,0xaa,0xaa,0xaa,0xff,0xbc,0xbc,0xbc,0xff,0xb0,0xb0,0xb0,0xff,
    0xd1,0xd1,0xd1,0xff,0xcc,0xcc,0xcc,0xff,0xaf,0xaf,0xaf,0xff,0xa3,0xa3,0xa3,0xff,
    0xab,0xab,0xab,0xff,0xaf,0xaf,0xaf,0xff,0xb0,0xb0,0xb0,0xff,0xb8,0xb8,0xb8,0xff,
    0xaf,0xaf,0xaf,0xff,0xb7,0xb7,0xb7,0xff,0xc2,0xc2,0xc2,0xff,0xc4,0xc4,0xc4,0xff,
    0xb5,0xb5,0xb5,0xff,0xc4,0xc4,0xc4,0xff,0xdc,0xdc,0xdc,0xff,0xc9,0xc9,0xc9,0xff,
    0xbc,0xbc,0xbc,0xff,0xc1,0xc1,0xc1,0xff,0xc0,0xc0,0xc0,0xff,0x7c,0x7c,0x7c,0xff,
    0x61,0x61,0x61,0xff,0x45,0x45,0x45,0xff,0x48,0x48,0x48,0xff,0x42,0x42,0x42,0xff,
    0x9b,0x9b,0x9b,0xff,0xbf,0xbf,0xbf,0xff,0xbd,0xbd,0xbd,0xff,0xa8,0xa8,0xa8,0xff,
    0xa0,0xa0,0xa0,0xff,0xb2,0xb2,0xb2,0xff,0xc5,0xc5,0xc5,0xff,0x93,0x93,0x93,0xff,
    0x9b,0x9b,0x9b,0xff,0x5f,0x5f,0x5f,0xff,0x4c,0x4c,0x4c,0xff,0x5c,0x5c,0x5c,0xff,
    0x55,0x55,0x55,0xff,0x58,0x58,0x58,0xff,0x45,0x45,0x45,0xff,0x43,0x43,0x43,0xff,
    0x42,0x42,0x42,0xff,0x43,0x43,0x43,0xff,0x47,0x47,0x47,0xff,0x54,0x54,0x54,0xff,
    0x55,0x55,0x55,0xff,0x67,0x67,0x67,0xff,0x95,0x95,0x95,0xff,0xa2,0xa2,0xa2,0xff,
    0xab,0xab,0xab,0xff,0xa3,0xa3,0xa3,0xff,0x88,0x88,0x88,0xbf,0x00,0x00,0x00,0x00,
    0x00,0x00,0x00,0x00,0x68,0x68,0x68,0x7f,0x95,0x95,0x95,0xff,0x90,0x90,0x90,0xff,
    0x96,0x96,0x96,0xff,0xa2,0xa2,0xa2,0xff,0x7b,0x7b,0x7b,0xff,0x33,0x33,0x33,0xff,
    0x3b,0x3b,0x3b,0xff,0xb8,0xb8,0xb8,0xff,0xa0,0xa0,0xa0,0xff,0x81,0x81,0x81,0xff,
    0x66,0x66,0x66,0xff,0x67,0x67,0x67,0xff,0x45,0x45,0x45,0xff,0x48,0x48,0x48,0xff,
    0x48,0x48,0x48,0xff,0x4c,0x4c,0x4c,0xff,0x59,0x59,0x59,0xff,0x6a,0x6a,0x6a,0xff,
    0x4b,0x4b,0x4b,0xff,0x57,0x57,0x57,0xff,0x67,0x67,0x67,0xff,0x50,0x50,0x50,0xff,
    0x57,0x57,0x57,0xff,0x55,0x55,0x55,0xff,0x5a,0x5a,0x5a,0xff,0x50,0x50,0x50,0xff,
    0x55,0x55,0x55,0xff,0x5f,0x5f,0x5f,0xff,0x54,0x54,0x54,0xff,0x5a,0x5a,0x5a,0xff,
    0x5d,0x5d,0x5d,0xff,0x6f,0x6f,0x6f,0xff,0x5c,0x5c,0x5c,0xff,0x55,0x55,0x55,0xff,
    0x5a,0x5a,0x5a,0xff,0x64,0x64,0x64,0xff,0x81,0x81,0x81,0xff,0x55,0x55,0x55,0xff,
    0x67,0x67,0x67,0xff,0x50,0x50,0x50,0xff,0x64,0x64,0x64,0xff,0x55,0x55,0x55,0xff,
    0x54,0x54,0x54,0xff,0x62,0x62,0x62,0xff,0x95,0x95,0x95,0xff,0x74,0x74,0x74,0xff,
    0x86,0x86,0x86,0xff,0x93,0x93,0x93,0xff,0x93,0x93,0x93,0xff,0x86,0x86,0x86,0xff,
    0x9e,0x9e,0x9e,0xff,0x7c,0x7c,0x7c,0xff,0x6a,0x6a,0x6a,0xff,0x5f,0x5f,0x5f,0xff,
    0x79,0x79,0x79,0xff,0xa2,0xa2,0xa2,0xff,0xbd,0xbd,0xbd,0xff,0xc9,0xc9,0xc9,0xff,
    0xa6,0xa6,0xa6,0xff,0xa2,0xa2,0xa2,0xff,0xad,0xad,0xad,0xff,0xc1,0xc1,0xc1,0xff,
    0xb2,0xb2,0xb2,0xff,0xa5,0xa5,0xa5,0xff,0xb2,0xb2,0xb2,0xff,0xaa,0xaa,0xaa,0xff,
    0xa7,0xa7,0xa7,0xff,0xa7,0xa7,0xa7,0xff,0x9a,0x9a,0x9a,0xff,0xaa,0xaa,0xaa,0xff,
    0xa5,0xa5,0xa5,0xff,0xa5,0xa5,0xa5,0xff,0xbd,0xbd,0xbd,0xff,0xc1,0xc1,0xc1,0xff,
    0xb4,0xb4,0xb4,0xff,0xb8,0xb8,0xb8,0xff,0xa5,0xa5,0xa5,0xff,0xaf,0xaf,0xaf,0xff,
    0xc2,0xc2,0xc2,0xff,0xb0,0xb0,0xb0,0xff,0xc9,0xc9,0xc9,0xff,0xb4,0xb4,0xb4,0xff,
    0xba,0xba,0xba,0xff,0xb0,0xb0,0xb0,0xff,0xb3,0xb3,0xb3,0xff,0xc5,0xc5,0xc5,0xff,
    0xc1,0xc1,0xc1,0xff,0xdc,0xdc,0xdc,0xff,0xe9,0xe9,0xe9,0xff,0xe1,0xe1,0xe1,0xff,
    0xd6,0xd6,0xd6,0xff,0xd1,0xd1,0xd1,0xff,0xc9,0xc9,0xc9,0xff,0x9e,0x9e,0x9e,0xff,
    0x65,0x65,0x65,0xff,0x45,0x45,0x45,0xff,0x43,0x43,0x43,0xff,0x48,0x48,0x48,0xff,
    0x91,0x91,0x91,0xff,0xaf,0xaf,0xaf,0xff,0xb0,0xb0,0xb0,0xff,0xb7,0xb7,0xb7,0xff,
    0xab,0xab,0xab,0xff,0xad,0xad,0xad,0xff,0xaa,0xaa,0xaa,0xff,0xa5,0xa5,0xa5,0xff,
    0x8b,0x8b,0x8b,0xff,0x80,0x80,0x80,0xff,0x4d,0x4d,0x4d,0xff,0x52,0x52,0x52,0xff,
    0x54,0x54,0x54,0xff,0x4d,0x4d,0x4d,0xff,0x43,0x43,0x43,0xff,0x45,0x45,0x45,0xff,
    0x43,0x43,0x43,0xff,0x43,0x43,0x43,0xff,0x43,0x43,0x43,0xff,0x5a,0x5a,0x5a,0xff,
    0x5a,0x5a,0x5a,0xff,0x61,0x61,0x61,0xff,0xa2,0xa2,0xa2,0xff,0x9e,0x9e,0x9e,0xff,
    0xa2,0xa2,0xa2,0xff,0xa0,0xa0,0xa0,0xff,0x82,0x82,0x82,0x9f,0x00,0x00,0x00,0x00,
    0x00,0x00,0x00,0x00,0x64,0x64,0x64,0x7f,0x90,0x90,0x90,0xff,0x9b,0x9b,0x9b,0xff,
    0xab,0xab,0xab,0xff,0xa5,0xa5,0xa5,0xff,0x89,0x89,0x89,0xff,0x30,0x30,0x30,0xff,
    0x40,0x40,0x40,0xff,0xe0,0xe0,0xe0,0xff,0xba,0xba,0xba,0xff,0x86,0x86,0x86,0xff,
    0x67,0x67,0x67,0xff,0x5d,0x5d,0x5d,0xff,0x4a,0x4a,0x4a,0xff,0x4f,0x4f,0x4f,0xff,
    0x48,0x48,0x48,0xff,0x4a,0x4a,0x4a,0xff,0x4f,0x4f,0x4f,0xff,0x74,0x74,0x74,0xff,
    0x52,0x52,0x52,0xff,0x55,0x55,0x55,0xff,0x57,0x57,0x57,0xff,0x52,0x52,0x52,0xff,
    0x59,0x59,0x59,0xff,0x5a,0x5a,0x5a,0xff,0x52,0x52,0x52,0xff,0x61,0x61,0x61,0xff,
    0x6a,0x6a,0x6a,0xff,0x6a,0x6a,0x6a,0xff,0x5c,0x5c,0x5c,0xff,0x5f,0x5f,0x5f,0xff,
    0x5d,0x5d,0x5d,0xff,0x77,0x77,0x77,0xff,0x61,0x61,0x61,0xff,0x4b,0x4b,0x4b,0xff,
    0x64,0x64,0x64,0xff,0x73,0x73,0x73,0xff,0x8e,0x8e,0x8e,0xff,0x7c,0x7c,0x7c,0xff,
    0x89,0x89,0x89,0xff,0x62,0x62,0x62,0xff,0x64,0x64,0x64,0xff,0x65,0x65,0x65,0xff,
    0x55,0x55,0x55,0xff,0x5d,0x5d,0x5d,0xff,0x90,0x90,0x90,0xff,0x73,0x73,0x73,0xff,
    0x83,0x83,0x83,0xff,0x98,0x98,0x98,0xff,0x84,0x84,0x84,0xff,0x7e,0x7e,0x7e,0xff,
    0x84,0x84,0x84,0xff,0x61,0x61,0x61,0xff,0x65,0x65,0x65,0xff,0x50,0x50,0x50,0xff,
    0x61,0x61,0x61,0xff,0x91,0x91,0x91,0xff,0xb8,0xb8,0xb8,0xff,0xc9,0xc9,0xc9,0xff,
    0xc1,0xc1,0xc1,0xff,0xad,0xad,0xad,0xff,0xa3,0xa3,0xa3,0xff,0xa2,0xa2,0xa2,0xff,
    0xa8,0xa8,0xa8,0xff,0xc3,0xc3,0xc3,0xff,0xb7,0xb7,0xb7,0xff,0xb3,0xb3,0xb3,0xff,
    0xaf,0xaf,0xaf,0xff,0xaa,0xaa,0xaa,0xff,0xa7,0xa7,0xa7,0xff,0xb2,0xb2,0xb2,0xff,
    0x9b,0x9b,0x9b,0xff,0xa7,0xa7,0xa7,0xff,0xb3,0xb3,0xb3,0xff,0xb0,0xb0,0xb0,0xff,
    0xad,0xad,0xad,0xff,0xba,0xba,0xba,0xff,0xaa,0xaa,0xaa,0xff,0xb5,0xb5,0xb5,0xff,
    0xb8,0xb8,0xb8,0xff,0xab,0xab,0xab,0xff,0xb4,0xb4,0xb4,0xff,0xad,0xad,0xad,0xff,
    0xbd,0xbd,0xbd,0xff,0xc4,0xc4,0xc4,0xff,0xc2,0xc2,0xc2,0xff,0xbd,0xbd,0xbd,0xff,
    0xe3,0xe3,0xe3,0xff,0xde,0xde,0xde,0xff,0xe1,0xe1,0xe1,0xff,0xe0,0xe0,0xe0,0xff,
    0xcf,0xcf,0xcf,0xff,0xd5,0xd5,0xd5,0xff,0x8e,0x8e,0x8e,0xff,0x86,0x86,0x86,0xff,
    0x59,0x59,0x59,0xff,0x4f,0x4f,0x4f,0xff,0x61,0x61,0x61,0xff,0x7e,0x7e,0x7e,0xff,
    0x96,0x96,0x96,0xff,0xb4,0xb4,0xb4,0xff,0xa8,0xa8,0xa8,0xff,0xb8,0xb8,0xb8,0xff,
    0x9d,0x9d,0x9d,0xff,0x9e,0x9e,0x9e,0xff,0xa8,0xa8,0xa8,0xff,0xab,0xab,0xab,0xff,
    0x9b,0x9b,0x9b,0xff,0xa6,0xa6,0xa6,0xff,0x57,0x57,0x57,0xff,0x55,0x55,0x55,0xff,
    0x55,0x55,0x55,0xff,0x54,0x54,0x54,0xff,0x47,0x47,0x47,0xff,0x4b,0x4b,0x4b,0xff,
    0x40,0x40,0x40,0xff,0x45,0x45,0x45,0xff,0x4d,0x4d,0x4d,0xff,0x5c,0x5c,0x5c,0xff,
    0x61,0x61,0x61,0xff,0x67,0x67,0x67,0xff,0x89,0x89,0x89,0xff,0x98,0x98,0x98,0xff,
    0x9e,0x9e,0x9e,0xff,0xad,0xad,0xad,0xff,0x78,0x78,0x78,0xa3,0x00,0x00,0x00,0x00,
    0x00,0x00,0x00,0x00,0x5f,0x5f,0x5f,0x67,0x8b,0x8b,0x8b,0xff,0xaa,0xaa,0xaa,0xff,
    0xb5,0xb5,0xb5,0xff,0x84,0x84,0x84,0xff,0x9d,0x9d,0x9d,0xff,0x62,0x62,0x62,0xff,
    0x76,0x76,0x76,0xff,0xc1,0xc1,0xc1,0xff,0xa3,0xa3,0xa3,0xff,0x88,0x88,0x88,0xff,
    0x6c,0x6c,0x6c,0xff,0x72,0x72,0x72,0xff,0x50,0x50,0x50,0xff,0x48,0x48,0x48,0xff,
    0x4c,0x4c,0x4c,0xff,0x45,0x45,0x45,0xff,0x47,0x47,0x47,0xff,0x52,0x52,0x52,0xff,
    0x4f,0x4f,0x4f,0xff,0x4b,0x4b,0x4b,0xff,0x48,0x48,0x48,0xff,0x4f,0x4f,0x4f,0xff,
    0x50,0x50,0x50,0xff,0x50,0x50,0x50,0xff,0x5c,0x5c,0x5c,0xff,0x5a,0x5a,0x5a,0xff,
    0x5f,0x5f,0x5f,0xff,0x6c,0x6c,0x6c,0xff,0x54,0x54,0x54,0xff,0x54,0x54,0x54,0xff,
    0x5a,0x5a,0x5a,0xff,0x61,0x61,0x61,0xff,0x62,0x62,0x62,0xff,0x50,0x50,0x50,0xff,
    0x6c,0x6c,0x6c,0xff,0x8d,0x8d,0x8d,0xff,0x9b,0x9b,0x9b,0xff,0x99,0x99,0x99,0xff,
    0x7f,0x7f,0x7f,0xff,0x5a,0x5a,0x5a,0xff,0x54,0x54,0x54,0xff,0x55,0x55,0x55,0xff,
    0x57,0x57,0x57,0xff,0x6a,0x6a,0x6a,0xff,0x6f,0x6f,0x6f,0xff,0x66,0x66,0x66,0xff,
    0x81,0x81,0x81,0xff,0x8e,0x8e,0x8e,0xff,0x89,0x89,0x89,0xff,0x84,0x84,0x84,0xff,
    0x84,0x84,0x84,0xff,0x69,0x69,0x69,0xff,0x64,0x64,0x64,0xff,0x55,0x55,0x55,0xff,
    0x4f,0x4f,0x4f,0xff,0x77,0x77,0x77,0xff,0x9b,0x9b,0x9b,0xff,0xa5,0xa5,0xa5,0xff,
    0xbc,0xbc,0xbc,0xff,0xad,0xad,0xad,0xff,0xa3,0xa3,0xa3,0xff,0xa8,0xa8,0xa8,0xff,
    0xb4,0xb4,0xb4,0xff,0xaa,0xaa,0xaa,0xff,0xd1,0xd1,0xd1,0xff,0xbd,0xbd,0xbd,0xff,
    0xaf,0xaf,0xaf,0xff,0xa5,0xa5,0xa5,0xff,0xaa,0xaa,0xaa,0xff,0xa8,0xa8,0xa8,0xff,
    0x96,0x96,0x96,0xff,0xa5,0xa5,0xa5,0xff,0xbd,0xbd,0xbd,0xff,0xa8,0xa8,0xa8,0xff,
    0xb5,0xb5,0xb5,0xff,0xc9,0xc9,0xc9,0xff,0xb8,0xb8,0xb8,0xff,0xb8,0xb8,0xb8,0xff,
    0xba,0xba,0xba,0xff,0xab,0xab,0xab,0xff,0xb8,0xb8,0xb8,0xff,0xa2,0xa2,0xa2,0xff,
    0xaf,0xaf,0xaf,0xff,0xbc,0xbc,0xbc,0xff,0xc4,0xc4,0xc4,0xff,0xc7,0xc7,0xc7,0xff,
    0xeb,0xeb,0xeb,0xff,0xe9,0xe9,0xe9,0xff,0xe4,0xe4,0xe4,0xff,0xcc,0xcc,0xcc,0xff,
    0xbd,0xbd,0xbd,0xff,0x88,0x88,0x88,0xff,0x6c,0x6c,0x6c,0xff,0x54,0x54,0x54,0xff,
    0x4d,0x4d,0x4d,0xff,0x4d,0x4d,0x4d,0xff,0x6f,0x6f,0x6f,0xff,0x6a,0x6a,0x6a,0xff,
    0x96,0x96,0x96,0xff,0xb5,0xb5,0xb5,0xff,0xb7,0xb7,0xb7,0xff,0x9b,0x9b,0x9b,0xff,
    0xad,0xad,0xad,0xff,0x9d,0x9d,0x9d,0xff,0xa0,0xa0,0xa0,0xff,0x9b,0x9b,0x9b,0xff,
    0x8d,0x8d,0x8d,0xff,0x90,0x90,0x90,0xff,0x86,0x86,0x86,0xff,0x50,0x50,0x50,0xff,
    0x4a,0x4a,0x4a,0xff,0x50,0x50,0x50,0xff,0x47,0x47,0x47,0xff,0x43,0x43,0x43,0xff,
    0x43,0x43,0x43,0xff,0x47,0x47,0x47,0xff,0x4f,0x4f,0x4f,0xff,0x5c,0x5c,0x5c,0xff,
    0x4b,0x4b,0x4b,0xff,0x66,0x66,0x66,0xff,0x93,0x93,0x93,0xff,0x86,0x86,0x86,0xff,
    0x89,0x89,0x89,0xff,0xa0,0xa0,0xa0,0xff,0x74,0x74,0x74,0x5f,0x00,0x00,0x00,0x00,
    0x00,0x00,0x00,0x00,0x7d,0x7d,0x7d,0x57,0x9d,0x9d,0x9d,0xff,0x9d,0x9d,0x9d,0xff,
    0xa3,0xa3,0xa3,0xff,0x8c,0x8c,0x8c,0xff,0x90,0x90,0x90,0xff,0x95,0x95,0x95,0xff,
    0x9e,0x9e,0x9e,0xff,0xab,0xab,0xab,0xff,0x98,0x98,0x98,0xff,0xa3,0xa3,0xa3,0xff,
    0x7e,0x7e,0x7e,0xff,0x7e,0x7e,0x7e,0xff,0x54,0x54,0x54,0xff,0x54,0x54,0x54,0xff,
    0x59,0x59,0x59,0xff,0x47,0x47,0x47,0xff,0x43,0x43,0x43,0xff,0x45,0x45,0x45,0xff,
    0x4d,0x4d,0x4d,0xff,0x54,0x54,0x54,0xff,0x4f,0x4f,0x4f,0xff,0x4f,0x4f,0x4f,0xff,
    0x4f,0x4f,0x4f,0xff,0x5d,0x5d,0x5d,0xff,0x55,0x55,0x55,0xff,0x55,0x55,0x55,0xff,
    0x5a,0x5a,0x5a,0xff,0x76,0x76,0x76,0xff,0x54,0x54,0x54,0xff,0x54,0x54,0x54,0xff,
    0x57,0x57,0x57,0xff,0x55,0x55,0x55,0xff,0x7f,0x7f,0x7f,0xff,0x67,0x67,0x67,0xff,
    0x74,0x74,0x74,0xff,0xc4,0xc4,0xc4,0xff,0xb2,0xb2,0xb2,0xff,0xb2,0xb2,0xb2,0xff,
    0x74,0x74,0x74,0xff,0x52,0x52,0x52,0xff,0x4a,0x4a,0x4a,0xff,0x50,0x50,0x50,0xff,
    0x55,0x55,0x55,0xff,0x6e,0x6e,0x6e,0xff,0x6e,0x6e,0x6e,0xff,0x69,0x69,0x69,0xff,
    0x86,0x86,0x86,0xff,0x89,0x89,0x89,0xff,0x89,0x89,0x89,0xff,0x9a,0x9a,0x9a,0xff,
    0x98,0x98,0x98,0xff,0x7e,0x7e,0x7e,0xff,0x5f,0x5f,0x5f,0xff,0x47,0x47,0x47,0xff,
    0x4f,0x4f,0x4f,0xff,0x74,0x74,0x74,0xff,0x9b,0x9b,0x9b,0xff,0x88,0x88,0x88,0xff,
    0xa5,0xa5,0xa5,0xff,0xa3,0xa3,0xa3,0xff,0x9d,0x9d,0x9d,0xff,0xb2,0xb2,0xb2,0xff,
    0xb5,0xb5,0xb5,0xff,0xaf,0xaf,0xaf,0xff,0xb5,0xb5,0xb5,0xff,0xb5,0xb5,0xb5,0xff,
    0xab,0xab,0xab,0xff,0x9e,0x9e,0x9e,0xff,0xa7,0xa7,0xa7,0xff,0xa8,0xa8,0xa8,0xff,
    0xa7,0xa7,0xa7,0xff,0xaf,0xaf,0xaf,0xff,0xb5,0xb5,0xb5,0xff,0xba,0xba,0xba,0xff,
    0xc4,0xc4,0xc4,0xff,0xde,0xde,0xde,0xff,0xd7,0xd7,0xd7,0xff,0xc7,0xc7,0xc7,0xff,
    0xba,0xba,0xba,0xff,0xbd,0xbd,0xbd,0xff,0xc0,0xc0,0xc0,0xff,0xc1,0xc1,0xc1,0xff,
    0xb7,0xb7,0xb7,0xff,0xa5,0xa5,0xa5,0xff,0xc4,0xc4,0xc4,0xff,0xdc,0xdc,0xdc,0xff,
    0xf0,0xf0,0xf0,0xff,0xec,0xec,0xec,0xff,0xd7,0xd7,0xd7,0xff,0xc5,0xc5,0xc5,0xff,
    0xa7,0xa7,0xa7,0xff,0x9b,0x9b,0x9b,0xff,0x6f,0x6f,0x6f,0xff,0x4a,0x4a,0x4a,0xff,
    0x64,0x64,0x64,0xff,0x64,0x64,0x64,0xff,0x55,0x55,0x55,0xff,0x62,0x62,0x62,0xff,
    0x98,0x98,0x98,0xff,0xa5,0xa5,0xa5,0xff,0xa0,0xa0,0xa0,0xff,0xa5,0xa5,0xa5,0xff,
    0xbf,0xbf,0xbf,0xff,0xb7,0xb7,0xb7,0xff,0xa0,0xa0,0xa0,0xff,0x90,0x90,0x90,0xff,
    0x79,0x79,0x79,0xff,0x62,0x62,0x62,0xff,0x6e,0x6e,0x6e,0xff,0x59,0x59,0x59,0xff,
    0x4a,0x4a,0x4a,0xff,0x50,0x50,0x50,0xff,0x45,0x45,0x45,0xff,0x40,0x40,0x40,0xff,
    0x45,0x45,0x45,0xff,0x43,0x43,0x43,0xff,0x4a,0x4a,0x4a,0xff,0x59,0x59,0x59,0xff,
    0x4f,0x4f,0x4f,0xff,0x71,0x71,0x71,0xff,0x7e,0x7e,0x7e,0xff,0x93,0x93,0x93,0xff,
    0x8d,0x8d,0x8d,0xff,0x96,0x96,0x96,0xff,0x51,0x51,0x51,0x5f,0x00,0x00,0x00,0x00,
    0x00,0x00,0x00,0x00,0x00,0x00,0x00,0x00,0x8c,0x8c,0x8c,0xff,0x8b,0x8b,0x8b,0xff,
    0x9e,0x9e,0x9e,0xff,0x90,0x90,0x90,0xff,0x9e,0x9e,0x9e,0xff,0x96,0x96,0x96,0xff,
    0x88,0x88,0x88,0xff,0x98,0x98,0x98,0xff,0xaa,0xaa,0xaa,0xff,0xa2,0xa2,0xa2,0xff,
    0x93,0x93,0x93,0xff,0x81,0x81,0x81,0xff,0x6a,0x6a,0x6a,0xff,0x4a,0x4a,0x4a,0xff,
    0x58,0x58,0x58,0xff,0x4f,0x4f,0x4f,0xff,0x42,0x42,0x42,0xff,0x4b,0x4b,0x4b,0xff,
    0x4f,0x4f,0x4f,0xff,0x54,0x54,0x54,0xff,0x64,0x64,0x64,0xff,0x4f,0x4f,0x4f,0xff,
    0x4f,0x4f,0x4f,0xff,0x52,0x52,0x52,0xff,0x5a,0x5a,0x5a,0xff,0x61,0x61,0x61,0xff,
    0x5d,0x5d,0x5d,0xff,0x64,0x64,0x64,0xff,0x52,0x52,0x52,0xff,0x5c,0x5c,0x5c,0xff,
    0x52,0x52,0x52,0xff,0x5a,0x5a,0x5a,0xff,0x6c,0x6c,0x6c,0xff,0x69,0x69,0x69,0xff,
    0x7c,0x7c,0x7c,0xff,0x8e,0x8e,0x8e,0xff,0x91,0x91,0x91,0xff,0x9a,0x9a,0x9a,0xff,
    0x55,0x55,0x55,0xff,0x43,0x43,0x43,0xff,0x42,0x42,0x42,0xff,0x4f,0x4f,0x4f,0xff,
    0x57,0x57,0x57,0xff,0x5a,0x5a,0x5a,0xff,0x58,0x58,0x58,0xff,0x5d,0x5d,0x5d,0xff,
    0x71,0x71,0x71,0xff,0x86,0x86,0x86,0xff,0x96,0x96,0x96,0xff,0xb0,0xb0,0xb0,0xff,
    0x93,0x93,0x93,0xff,0x62,0x62,0x62,0xff,0x50,0x50,0x50,0xff,0x3b,0x3b,0x3b,0xff,
    0x4a,0x4a,0x4a,0xff,0x5a,0x5a,0x5a,0xff,0x6e,0x6e,0x6e,0xff,0x7c,0x7c,0x7c,0xff,
    0x9b,0x9b,0x9b,0xff,0xa3,0xa3,0xa3,0xff,0xa3,0xa3,0xa3,0xff,0xa5,0xa5,0xa5,0xff,
    0xb4,0xb4,0xb4,0xff,0xaa,0xaa,0xaa,0xff,0xa8,0xa8,0xa8,0xff,0xa8,0xa8,0xa8,0xff,
    0xa7,0xa7,0xa7,0xff,0xa2,0xa2,0xa2,0xff,0xa8,0xa8,0xa8,0xff,0xb7,0xb7,0xb7,0xff,
    0xaa,0xaa,0xaa,0xff,0xa8,0xa8,0xa8,0xff,0xb7,0xb7,0xb7,0xff,0xbf,0xbf,0xbf,0xff,
    0xcf,0xcf,0xcf,0xff,0xeb,0xeb,0xeb,0xff,0xe9,0xe9,0xe9,0xff,0xd7,0xd7,0xd7,0xff,
    0xca,0xca,0xca,0xff,0xb3,0xb3,0xb3,0xff,0xc4,0xc4,0xc4,0xff,0xc7,0xc7,0xc7,0xff,
    0xb8,0xb8,0xb8,0xff,0xad,0xad,0xad,0xff,0xc7,0xc7,0xc7,0xff,0xcf,0xcf,0xcf,0xff,
    0xdc,0xdc,0xdc,0xff,0xdf,0xdf,0xdf,0xff,0xca,0xca,0xca,0xff,0xbd,0xbd,0xbd,0xff,
    0x91,0x91,0x91,0xff,0x9b,0x9b,0x9b,0xff,0x81,0x81,0x81,0xff,0x6a,0x6a,0x6a,0xff,
    0x6e,0x6e,0x6e,0xff,0x66,0x66,0x66,0xff,0x59,0x59,0x59,0xff,0x6c,0x6c,0x6c,0xff,
    0x96,0x96,0x96,0xff,0xa0,0xa0,0xa0,0xff,0xa5,0xa5,0xa5,0xff,0xab,0xab,0xab,0xff,
    0xc2,0xc2,0xc2,0xff,0xd7,0xd7,0xd7,0xff,0xb5,0xb5,0xb5,0xff,0xa2,0xa2,0xa2,0xff,
    0x9b,0x9b,0x9b,0xff,0x73,0x73,0x73,0xff,0x5c,0x5c,0x5c,0xff,0x4f,0x4f,0x4f,0xff,
    0x4a,0x4a,0x4a,0xff,0x4c,0x4c,0x4c,0xff,0x47,0x47,0x47,0xff,0x42,0x42,0x42,0xff,
    0x48,0x48,0x48,0xff,0x57,0x57,0x57,0xff,0x52,0x52,0x52,0xff,0x59,0x59,0x59,0xff,
    0x95,0x95,0x95,0xff,0x9a,0x9a,0x9a,0xff,0x89,0x89,0x89,0xff,0xa5,0xa5,0xa5,0xff,
    0xa2,0xa2,0xa2,0xff,0x9d,0x9d,0x9d,0xff,0x51,0x51,0x51,0x63,0x00,0x00,0x00,0x00,
    0x00,0x00,0x00,0x00,0x1c,0x1c,0x1c,0x1f,0x7e,0x7e,0x7e,0xff,0x81,0x81,0x81,0xff,
    0x9b,0x9b,0x9b,0xff,0x83,0x83,0x83,0xff,0x96,0x96,0x96,0xff,0x9e,0x9e,0x9e,0xff,
    0x8d,0x8d,0x8d,0xff,0x98,0x98,0x98,0xff,0xa7,0xa7,0xa7,0xff,0x91,0x91,0x91,0xff,
    0x9e,0x9e,0x9e,0xff,0x7c,0x7c,0x7c,0xff,0x62,0x62,0x62,0xff,0x43,0x43,0x43,0xff,
    0x45,0x45,0x45,0xff,0x55,0x55,0x55,0xff,0x6e,0x6e,0x6e,0xff,0x67,0x67,0x67,0xff,
    0x48,0x48,0x48,0xff,0x57,0x57,0x57,0xff,0x4d,0x4d,0x4d,0xff,0x55,0x55,0x55,0xff,
    0x54,0x54,0x54,0xff,0x4c,0x4c,0x4c,0xff,0x57,0x57,0x57,0xff,0x52,0x52,0x52,0xff,
    0x52,0x52,0x52,0xff,0x5f,0x5f,0x5f,0xff,0x4f,0x4f,0x4f,0xff,0x52,0x52,0x52,0xff,
    0x48,0x48,0x48,0xff,0x55,0x55,0x55,0xff,0x55,0x55,0x55,0xff,0x5a,0x5a,0x5a,0xff,
    0x79,0x79,0x79,0xff,0x84,0x84,0x84,0xff,0xa5,0xa5,0xa5,0xff,0x81,0x81,0x81,0xff,
    0x50,0x50,0x50,0xff,0x48,0x48,0x48,0xff,0x42,0x42,0x42,0xff,0x4f,0x4f,0x4f,0xff,
    0x55,0x55,0x55,0xff,0x54,0x54,0x54,0xff,0x54,0x54,0x54,0xff,0x54,0x54,0x54,0xff,
    0x52,0x52,0x52,0xff,0x7c,0x7c,0x7c,0xff,0x99,0x99,0x99,0xff,0xb0,0xb0,0xb0,0xff,
    0x95,0x95,0x95,0xff,0x61,0x61,0x61,0xff,0x45,0x45,0x45,0xff,0x3e,0x3e,0x3e,0xff,
    0x47,0x47,0x47,0xff,0x50,0x50,0x50,0xff,0x57,0x57,0x57,0xff,0x66,0x66,0x66,0xff,
    0x96,0x96,0x96,0xff,0xa6,0xa6,0xa6,0xff,0xa8,0xa8,0xa8,0xff,0xb2,0xb2,0xb2,0xff,
    0xa6,0xa6,0xa6,0xff,0x8e,0x8e,0x8e,0xff,0x9b,0x9b,0x9b,0xff,0x9e,0x9e,0x9e,0xff,
    0x98,0x98,0x98,0xff,0x98,0x98,0x98,0xff,0xaf,0xaf,0xaf,0xff,0xa9,0xa9,0xa9,0xff,
    0xaf,0xaf,0xaf,0xff,0xa5,0xa5,0xa5,0xff,0xba,0xba,0xba,0xff,0xc1,0xc1,0xc1,0xff,
    0xcd,0xcd,0xcd,0xff,0xe4,0xe4,0xe4,0xff,0xde,0xde,0xde,0xff,0xbf,0xbf,0xbf,0xff,
    0xb8,0xb8,0xb8,0xff,0xbd,0xbd,0xbd,0xff,0xc0,0xc0,0xc0,0xff,0xbd,0xbd,0xbd,0xff,
    0xb0,0xb0,0xb0,0xff,0xaf,0xaf,0xaf,0xff,0xb8,0xb8,0xb8,0xff,0xc0,0xc0,0xc0,0xff,
    0xc4,0xc4,0xc4,0xff,0xd9,0xd9,0xd9,0xff,0xcf,0xcf,0xcf,0xff,0xa5,0xa5,0xa5,0xff,
    0x9b,0x9b,0x9b,0xff,0x95,0x95,0x95,0xff,0x7b,0x7b,0x7b,0xff,0x73,0x73,0x73,0xff,
    0x74,0x74,0x74,0xff,0x5f,0x5f,0x5f,0xff,0x67,0x67,0x67,0xff,0x80,0x80,0x80,0xff,
    0x9b,0x9b,0x9b,0xff,0xa6,0xa6,0xa6,0xff,0xa3,0xa3,0xa3,0xff,0xa3,0xa3,0xa3,0xff,
    0xc2,0xc2,0xc2,0xff,0xeb,0xeb,0xeb,0xff,0xc2,0xc2,0xc2,0xff,0xb3,0xb3,0xb3,0xff,
    0xa5,0xa5,0xa5,0xff,0x86,0x86,0x86,0xff,0x5a,0x5a,0x5a,0xff,0x61,0x61,0x61,0xff,
    0x4a,0x4a,0x4a,0xff,0x4c,0x4c,0x4c,0xff,0x40,0x40,0x40,0xff,0x43,0x43,0x43,0xff,
    0x47,0x47,0x47,0xff,0x5c,0x5c,0x5c,0xff,0x5f,0x5f,0x5f,0xff,0x74,0x74,0x74,0xff,
    0xbf,0xbf,0xbf,0xff,0xc9,0xc9,0xc9,0xff,0xa5,0xa5,0xa5,0xff,0xa0,0xa0,0xa0,0xff,
    0xa8,0xa8,0xa8,0xff,0x9d,0x9d,0x9d,0xff,0x50,0x50,0x50,0x27,0x00,0x00,0x00,0x00,
    0x00,0x00,0x00,0x00,0x00,0x00,0x00,0x00,0x7d,0x7d,0x7d,0xdb,0x6f,0x6f,0x6f,0xff,
    0x99,0x99,0x99,0xff,0x88,0x88,0x88,0xff,0x96,0x96,0x96,0xff,0xa6,0xa6,0xa6,0xff,
    0xa2,0xa2,0xa2,0xff,0xa0,0xa0,0xa0,0xff,0xb0,0xb0,0xb0,0xff,0xaa,0xaa,0xaa,0xff,
    0xa2,0xa2,0xa2,0xff,0x95,0x95,0x95,0xff,0x6f,0x6f,0x6f,0xff,0x47,0x47,0x47,0xff,
    0x45,0x45,0x45,0xff,0x66,0x66,0x66,0xff,0x8b,0x8b,0x8b,0xff,0x6a,0x6a,0x6a,0xff,
    0x47,0x47,0x47,0xff,0x64,0x64,0x64,0xff,0x5a,0x5a,0x5a,0xff,0x47,0x47,0x47,0xff,
    0x4d,0x4d,0x4d,0xff,0x4a,0x4a,0x4a,0xff,0x5c,0x5c,0x5c,0xff,0x79,0x79,0x79,0xff,
    0x66,0x66,0x66,0xff,0x5c,0x5c,0x5c,0xff,0x4b,0x4b,0x4b,0xff,0x50,0x50,0x50,0xff,
    0x4d,0x4d,0x4d,0xff,0x57,0x57,0x57,0xff,0x4f,0x4f,0x4f,0xff,0x4f,0x4f,0x4f,0xff,
    0x54,0x54,0x54,0xff,0x69,0x69,0x69,0xff,0x95,0x95,0x95,0xff,0x67,0x67,0x67,0xff,
    0x47,0x47,0x47,0xff,0x42,0x42,0x42,0xff,0x43,0x43,0x43,0xff,0x4a,0x4a,0x4a,0xff,
    0x55,0x55,0x55,0xff,0x50,0x50,0x50,0xff,0x55,0x55,0x55,0xff,0x4f,0x4f,0x4f,0xff,
    0x4d,0x4d,0x4d,0xff,0x64,0x64,0x64,0xff,0x77,0x77,0x77,0xff,0x80,0x80,0x80,0xff,
    0x93,0x93,0x93,0xff,0x84,0x84,0x84,0xff,0x48,0x48,0x48,0xff,0x4a,0x4a,0x4a,0xff,
    0x43,0x43,0x43,0xff,0x45,0x45,0x45,0xff,0x4f,0x4f,0x4f,0xff,0x69,0x69,0x69,0xff,
    0x88,0x88,0x88,0xff,0xa2,0xa2,0xa2,0xff,0xa3,0xa3,0xa3,0xff,0xbd,0xbd,0xbd,0xff,
    0xaa,0xaa,0xaa,0xff,0x8e,0x8e,0x8e,0xff,0x93,0x93,0x93,0xff,0x95,0x95,0x95,0xff,
    0x89,0x89,0x89,0xff,0x98,0x98,0x98,0xff,0xb5,0xb5,0xb5,0xff,0xa2,0xa2,0xa2,0xff,
    0xb3,0xb3,0xb3,0xff,0xad,0xad,0xad,0xff,0xad,0xad,0xad,0xff,0xb0,0xb0,0xb0,0xff,
    0xc9,0xc9,0xc9,0xff,0xb5,0xb5,0xb5,0xff,0xb5,0xb5,0xb5,0xff,0xb2,0xb2,0xb2,0xff,
    0xb0,0xb0,0xb0,0xff,0xa3,0xa3,0xa3,0xff,0xbf,0xbf,0xbf,0xff,0xab,0xab,0xab,0xff,
    0xad,0xad,0xad,0xff,0xca,0xca,0xca,0xff,0xbc,0xbc,0xbc,0xff,0xbd,0xbd,0xbd,0xff,
    0xb3,0xb3,0xb3,0xff,0xcf,0xcf,0xcf,0xff,0xdc,0xdc,0xdc,0xff,0xd4,0xd4,0xd4,0xff,
    0xba,0xba,0xba,0xff,0x9d,0x9d,0x9d,0xff,0x8c,0x8c,0x8c,0xff,0x9b,0x9b,0x9b,0xff,
    0x8e,0x8e,0x8e,0xff,0x6e,0x6e,0x6e,0xff,0x6c,0x6c,0x6c,0xff,0x83,0x83,0x83,0xff,
    0x88,0x88,0x88,0xff,0xaa,0xaa,0xaa,0xff,0xb2,0xb2,0xb2,0xff,0xad,0xad,0xad,0xff,
    0xba,0xba,0xba,0xff,0xc7,0xc7,0xc7,0xff,0xbc,0xbc,0xbc,0xff,0xe4,0xe4,0xe4,0xff,
    0x88,0x88,0x88,0xff,0x88,0x88,0x88,0xff,0x6e,0x6e,0x6e,0xff,0x69,0x69,0x69,0xff,
    0x4f,0x4f,0x4f,0xff,0x45,0x45,0x45,0xff,0x42,0x42,0x42,0xff,0x43,0x43,0x43,0xff,
    0x4f,0x4f,0x4f,0xff,0x5f,0x5f,0x5f,0xff,0x6f,0x6f,0x6f,0xff,0x98,0x98,0x98,0xff,
    0xc5,0xc5,0xc5,0xff,0xca,0xca,0xca,0xff,0xa3,0xa3,0xa3,0xff,0x9e,0x9e,0x9e,0xff,
    0xa6,0xa6,0xa6,0xff,0x90,0x90,0x90,0xfb,0x00,0x00,0x00,0x00,0x00,0x00,0x00,0x00,
    0x00,0x00,0x00,0x00,0x00,0x00,0x00,0x00,0x52,0x52,0x52,0x9f,0x6f,0x6f,0x6f,0xff,
    0x89,0x89,0x89,0xff,0x98,0x98,0x98,0xff,0x9d,0x9d,0x9d,0xff,0x9e,0x9e,0x9e,0xff,
    0xab,0xab,0xab,0xff,0x9e,0x9e,0x9e,0xff,0x9d,0x9d,0x9d,0xff,0xad,0xad,0xad,0xff,
    0xc5,0xc5,0xc5,0xff,0xa2,0xa2,0xa2,0xff,0x96,0x96,0x96,0xff,0x57,0x57,0x57,0xff,
    0x4d,0x4d,0x4d,0xff,0x74,0x74,0x74,0xff,0xa0,0xa0,0xa0,0xff,0x86,0x86,0x86,0xff,
    0x52,0x52,0x52,0xff,0x55,0x55,0x55,0xff,0x6e,0x6e,0x6e,0xff,0x5f,0x5f,0x5f,0xff,
    0x69,0x69,0x69,0xff,0x4d,0x4d,0x4d,0xff,0x67,0x67,0x67,0xff,0x96,0x96,0x96,0xff,
    0x88,0x88,0x88,0xff,0x50,0x50,0x50,0xff,0x45,0x45,0x45,0xff,0x4f,0x4f,0x4f,0xff,
    0x42,0x42,0x42,0xff,0x52,0x52,0x52,0xff,0x52,0x52,0x52,0xff,0x43,0x43,0x43,0xff,
    0x54,0x54,0x54,0xff,0x5d,0x5d,0x5d,0xff,0x62,0x62,0x62,0xff,0x4b,0x4b,0x4b,0xff,
    0x48,0x48,0x48,0xff,0x4a,0x4a,0x4a,0xff,0x40,0x40,0x40,0xff,0x47,0x47,0x47,0xff,
    0x48,0x48,0x48,0xff,0x4a,0x4a,0x4a,0xff,0x4d,0x4d,0x4d,0xff,0x4d,0x4d,0x4d,0xff,
    0x47,0x47,0x47,0xff,0x54,0x54,0x54,0xff,0x57,0x57,0x57,0xff,0x79,0x79,0x79,0xff,
    0x98,0x98,0x98,0xff,0x9b,0x9b,0x9b,0xff,0x69,0x69,0x69,0xff,0x50,0x50,0x50,0xff,
    0x45,0x45,0x45,0xff,0x43,0x43,0x43,0xff,0x55,0x55,0x55,0xff,0x96,0x96,0x96,0xff,
    0x80,0x80,0x80,0xff,0x9e,0x9e,0x9e,0xff,0xad,0xad,0xad,0xff,0xc8,0xc8,0xc8,0xff,
    0xb8,0xb8,0xb8,0xff,0x93,0x93,0x93,0xff,0x91,0x91,0x91,0xff,0x96,0x96,0x96,0xff,
    0x8b,0x8b,0x8b,0xff,0x93,0x93,0x93,0xff,0x9e,0x9e,0x9e,0xff,0xa0,0xa0,0xa0,0xff,
    0x98,0x98,0x98,0xff,0x95,0x95,0x95,0xff,0xa0,0xa0,0xa0,0xff,0xb8,0xb8,0xb8,0xff,
    0xba,0xba,0xba,0xff,0xb3,0xb3,0xb3,0xff,0xb5,0xb5,0xb5,0xff,0xb0,0xb0,0xb0,0xff,
    0xba,0xba,0xba,0xff,0xb8,0xb8,0xb8,0xff,0xcc,0xcc,0xcc,0xff,0xbd,0xbd,0xbd,0xff,
    0xb7,0xb7,0xb7,0xff,0xe1,0xe1,0xe1,0xff,0xca,0xca,0xca,0xff,0xc4,0xc4,0xc4,0xff,
    0xc2,0xc2,0xc2,0xff,0xdc,0xdc,0xdc,0xff,0xda,0xda,0xda,0xff,0xdc,0xdc,0xdc,0xff,
    0xc2,0xc2,0xc2,0xff,0xaf,0xaf,0xaf,0xff,0xbd,0xbd,0xbd,0xff,0xb2,0xb2,0xb2,0xff,
    0xab,0xab,0xab,0xff,0x80,0x80,0x80,0xff,0x6a,0x6a,0x6a,0xff,0x7e,0x7e,0x7e,0xff,
    0x7f,0x7f,0x7f,0xff,0x93,0x93,0x93,0xff,0x98,0x98,0x98,0xff,0x9b,0x9b,0x9b,0xff,
    0xc9,0xc9,0xc9,0xff,0xa3,0xa3,0xa3,0xff,0xb4,0xb4,0xb4,0xff,0xd7,0xd7,0xd7,0xff,
    0xba,0xba,0xba,0xff,0xb0,0xb0,0xb0,0xff,0x86,0x86,0x86,0xff,0x86,0x86,0x86,0xff,
    0x48,0x48,0x48,0xff,0x4a,0x4a,0x4a,0xff,0x45,0x45,0x45,0xff,0x4a,0x4a,0x4a,0xff,
    0x62,0x62,0x62,0xff,0x6a,0x6a,0x6a,0xff,0x79,0x79,0x79,0xff,0xa8,0xa8,0xa8,0xff,
    0xbf,0xbf,0xbf,0xff,0xb4,0xb4,0xb4,0xff,0xb3,0xb3,0xb3,0xff,0xa0,0xa0,0xa0,0xff,
    0xaa,0xaa,0xaa,0xff,0x96,0x96,0x96,0xcf,0x00,0x00,0x00,0x00,0x00,0x00,0x00,0x00,
    0x00,0x00,0x00,0x00,0x00,0x00,0x00,0x00,0x3b,0x3b,0x3b,0x5f,0x6e,0x6e,0x6e,0xff,
    0x7c,0x7c,0x7c,0xff,0x96,0x96,0x96,0xff,0xa5,0xa5,0xa5,0xff,0x8b,0x8b,0x8b,0xff,
    0x96,0x96,0x96,0xff,0x98,0x98,0x98,0xff,0x88,0x88,0x88,0xff,0x96,0x96,0x96,0xff,
    0xbf,0xbf,0xbf,0xff,0xd2,0xd2,0xd2,0xff,0xaa,0xaa,0xaa,0xff,0x88,0x88,0x88,0xff,
    0x5d,0x5d,0x5d,0xff,0x65,0x65,0x65,0xff,0x91,0x91,0x91,0xff,0x7e,0x7e,0x7e,0xff,
    0x5d,0x5d,0x5d,0xff,0x5c,0x5c,0x5c,0xff,0x71,0x71,0x71,0xff,0x77,0x77,0x77,0xff,
    0x74,0x74,0x74,0xff,0x7c,0x7c,0x7c,0xff,0x74,0x74,0x74,0xff,0x88,0x88,0x88,0xff,
    0xc5,0xc5,0xc5,0xff,0x67,0x67,0x67,0xff,0x48,0x48,0x48,0xff,0x5c,0x5c,0x5c,0xff,
    0x4f,0x4f,0x4f,0xff,0x3e,0x3e,0x3e,0xff,0x42,0x42,0x42,0xff,0x3d,0x3d,0x3d,0xff,
    0x4c,0x4c,0x4c,0xff,0x5d,0x5d,0x5d,0xff,0x6f,0x6f,0x6f,0xff,0x45,0x45,0x45,0xff,
    0x45,0x45,0x45,0xff,0x48,0x48,0x48,0xff,0x3f,0x3f,0x3f,0xff,0x3d,0x3d,0x3d,0xff,
    0x45,0x45,0x45,0xff,0x47,0x47,0x47,0xff,0x4d,0x4d,0x4d,0xff,0x43,0x43,0x43,0xff,
    0x4d,0x4d,0x4d,0xff,0x4d,0x4d,0x4d,0xff,0x5d,0x5d,0x5d,0xff,0x71,0x71,0x71,0xff,
    0xa2,0xa2,0xa2,0xff,0xa8,0xa8,0xa8,0xff,0x76,0x76,0x76,0xff,0x55,0x55,0x55,0xff,
    0x75,0x75,0x75,0xff,0x50,0x50,0x50,0xff,0x54,0x54,0x54,0xff,0x8d,0x8d,0x8d,0xff,
    0x91,0x91,0x91,0xff,0xa5,0xa5,0xa5,0xff,0xa7,0xa7,0xa7,0xff,0xaa,0xaa,0xaa,0xff,
    0xad,0xad,0xad,0xff,0xb7,0xb7,0xb7,0xff,0xa7,0xa7,0xa7,0xff,0xa2,0xa2,0xa2,0xff,
    0xa0,0xa0,0xa0,0xff,0x9d,0x9d,0x9d,0xff,0xa2,0xa2,0xa2,0xff,0xa3,0xa3,0xa3,0xff,
    0x9d,0x9d,0x9d,0xff,0x8d,0x8d,0x8d,0xff,0x98,0x98,0x98,0xff,0xb5,0xb5,0xb5,0xff,
    0xc1,0xc1,0xc1,0xff,0xb7,0xb7,0xb7,0xff,0xb7,0xb7,0xb7,0xff,0xaa,0xaa,0xaa,0xff,
    0xaf,0xaf,0xaf,0xff,0xc0,0xc0,0xc0,0xff,0xb5,0xb5,0xb5,0xff,0xbc,0xbc,0xbc,0xff,
    0xca,0xca,0xca,0xff,0xf0,0xf0,0xf0,0xff,0xe4,0xe4,0xe4,0xff,0xd6,0xd6,0xd6,0xff,
    0xd4,0xd4,0xd4,0xff,0xdb,0xdb,0xdb,0xff,0xdb,0xdb,0xdb,0xff,0xbc,0xbc,0xbc,0xff,
    0xd2,0xd2,0xd2,0xff,0xce,0xce,0xce,0xff,0xdc,0xdc,0xdc,0xff,0xca,0xca,0xca,0xff,
    0xab,0xab,0xab,0xff,0x83,0x83,0x83,0xff,0x86,0x86,0x86,0xff,0xc5,0xc5,0xc5,0xff,
    0x6f,0x6f,0x6f,0xff,0x67,0x67,0x67,0xff,0x61,0x61,0x61,0xff,0x71,0x71,0x71,0xff,
    0x86,0x86,0x86,0xff,0x98,0x98,0x98,0xff,0xab,0xab,0xab,0xff,0xc2,0xc2,0xc2,0xff,
    0xcf,0xcf,0xcf,0xff,0xb7,0xb7,0xb7,0xff,0x6c,0x6c,0x6c,0xff,0x7e,0x7e,0x7e,0xff,
    0x5f,0x5f,0x5f,0xff,0x4d,0x4d,0x4d,0xff,0x4a,0x4a,0x4a,0xff,0x4a,0x4a,0x4a,0xff,
    0x5d,0x5d,0x5d,0xff,0x62,0x62,0x62,0xff,0x77,0x77,0x77,0xff,0xa8,0xa8,0xa8,0xff,
    0xbf,0xbf,0xbf,0xff,0xa0,0xa0,0xa0,0xff,0xaa,0xaa,0xaa,0xff,0xa5,0xa5,0xa5,0xff,
    0xa3,0xa3,0xa3,0xff,0x86,0x86,0x86,0x97,0x00,0x00,0x00,0x00,0x00,0x00,0x00,0x00,
    0x00,0x00,0x00,0x00,0x00,0x00,0x00,0x00,0x00,0x00,0x00,0x00,0x6f,0x6f,0x6f,0xff,
    0x83,0x83,0x83,0xff,0x9d,0x9d,0x9d,0xff,0xab,0xab,0xab,0xff,0xa8,0xa8,0xa8,0xff,
    0x8b,0x8b,0x8b,0xff,0xa3,0xa3,0xa3,0xff,0x77,0x77,0x77,0xff,0x89,0x89,0x89,0xff,
    0xb3,0xb3,0xb3,0xff,0xcf,0xcf,0xcf,0xff,0xa3,0xa3,0xa3,0xff,0x96,0x96,0x96,0xff,
    0x8c,0x8c,0x8c,0xff,0x9a,0x9a,0x9a,0xff,0x7e,0x7e,0x7e,0xff,0x6e,0x6e,0x6e,0xff,
    0x5a,0x5a,0x5a,0xff,0x6c,0x6c,0x6c,0xff,0x73,0x73,0x73,0xff,0x81,0x81,0x81,0xff,
    0x72,0x72,0x72,0xff,0x79,0x79,0x79,0xff,0x84,0x84,0x84,0xff,0x95,0x95,0x95,0xff,
    0xa5,0xa5,0xa5,0xff,0x8e,0x8e,0x8e,0xff,0x4b,0x4b,0x4b,0xff,0x47,0x47,0x47,0xff,
    0x47,0x47,0x47,0xff,0x48,0x48,0x48,0xff,0x3f,0x3f,0x3f,0xff,0x3d,0x3d,0x3d,0xff,
    0x3f,0x3f,0x3f,0xff,0x57,0x57,0x57,0xff,0x59,0x59,0x59,0xff,0x5c,0x5c,0x5c,0xff,
    0x3e,0x3e,0x3e,0xff,0x40,0x40,0x40,0xff,0x43,0x43,0x43,0xff,0x4d,0x4d,0x4d,0xff,
    0x58,0x58,0x58,0xff,0x48,0x48,0x48,0xff,0x4f,0x4f,0x4f,0xff,0x47,0x47,0x47,0xff,
    0x4c,0x4c,0x4c,0xff,0x64,0x64,0x64,0xff,0x66,0x66,0x66,0xff,0x5d,0x5d,0x5d,0xff,
    0x7e,0x7e,0x7e,0xff,0xb2,0xb2,0xb2,0xff,0x7f,0x7f,0x7f,0xff,0x4b,0x4b,0x4b,0xff,
    0x45,0x45,0x45,0xff,0x4f,0x4f,0x4f,0xff,0x5f,0x5f,0x5f,0xff,0x77,0x77,0x77,0xff,
    0x9e,0x9e,0x9e,0xff,0x9e,0x9e,0x9e,0xff,0x7c,0x7c,0x7c,0xff,0xad,0xad,0xad,0xff,
    0xab,0xab,0xab,0xff,0xb5,0xb5,0xb5,0xff,0xaa,0xaa,0xaa,0xff,0xb0,0xb0,0xb0,0xff,
    0xa5,0xa5,0xa5,0xff,0x93,0x93,0x93,0xff,0xa8,0xa8,0xa8,0xff,0x9e,0x9e,0x9e,0xff,
    0x9b,0x9b,0x9b,0xff,0x9b,0x9b,0x9b,0xff,0xa7,0xa7,0xa7,0xff,0xc2,0xc2,0xc2,0xff,
    0xaa,0xaa,0xaa,0xff,0xa0,0xa0,0xa0,0xff,0xaf,0xaf,0xaf,0xff,0xb8,0xb8,0xb8,0xff,
    0xab,0xab,0xab,0xff,0xb0,0xb0,0xb0,0xff,0xab,0xab,0xab,0xff,0xb2,0xb2,0xb2,0xff,
    0xd9,0xd9,0xd9,0xff,0xdf,0xdf,0xdf,0xff,0xc0,0xc0,0xc0,0xff,0xcc,0xcc,0xcc,0xff,
    0xc5,0xc5,0xc5,0xff,0xc2,0xc2,0xc2,0xff,0xc4,0xc4,0xc4,0xff,0xbd,0xbd,0xbd,0xff,
    0xd7,0xd7,0xd7,0xff,0xcc,0xcc,0xcc,0xff,0xcc,0xcc,0xcc,0xff,0xdf,0xdf,0xdf,0xff,
    0xaf,0xaf,0xaf,0xff,0x93,0x93,0x93,0xff,0xb2,0xb2,0xb2,0xff,0xaa,0xaa,0xaa,0xff,
    0x9e,0x9e,0x9e,0xff,0x79,0x79,0x79,0xff,0x52,0x52,0x52,0xff,0x57,0x57,0x57,0xff,
    0x66,0x66,0x66,0xff,0x9d,0x9d,0x9d,0xff,0xad,0xad,0xad,0xff,0xc7,0xc7,0xc7,0xff,
    0xc7,0xc7,0xc7,0xff,0xa5,0xa5,0xa5,0xff,0x5f,0x5f,0x5f,0xff,0x48,0x48,0x48,0xff,
    0x58,0x58,0x58,0xff,0x4d,0x4d,0x4d,0xff,0x47,0x47,0x47,0xff,0x59,0x59,0x59,0xff,
    0x61,0x61,0x61,0xff,0x5c,0x5c,0x5c,0xff,0x6f,0x6f,0x6f,0xff,0x8e,0x8e,0x8e,0xff,
    0x9b,0x9b,0x9b,0xff,0xa0,0xa0,0xa0,0xff,0x9d,0x9d,0x9d,0xff,0xa3,0xa3,0xa3,0xff,
    0x9e,0x9e,0x9e,0xff,0x6e,0x6e,0x6e,0x67,0x00,0x00,0x00,0x00,0x00,0x00,0x00,0x00,
    0x00,0x00,0x00,0x00,0x00,0x00,0x00,0x00,0x00,0x00,0x00,0x00,0x60,0x60,0x60,0xb3,
    0x8c,0x8c,0x8c,0xff,0x86,0x86,0x86,0xff,0x9b,0x9b,0x9b,0xff,0x9d,0x9d,0x9d,0xff,
    0x9b,0x9b,0x9b,0xff,0x73,0x73,0x73,0xff,0x86,0x86,0x86,0xff,0x84,0x84,0x84,0xff,
    0x86,0x86,0x86,0xff,0x9a,0x9a,0x9a,0xff,0x9d,0x9d,0x9d,0xff,0xa2,0xa2,0xa2,0xff,
    0x93,0x93,0x93,0xff,0x9d,0x9d,0x9d,0xff,0x88,0x88,0x88,0xff,0x57,0x57,0x57,0xff,
    0x6f,0x6f,0x6f,0xff,0x96,0x96,0x96,0xff,0x89,0x89,0x89,0xff,0x81,0x81,0x81,0xff,
    0x91,0x91,0x91,0xff,0x91,0x91,0x91,0xff,0x8d,0x8d,0x8d,0xff,0xa3,0xa3,0xa3,0xff,
    0xad,0xad,0xad,0xff,0xa5,0xa5,0xa5,0xff,0x9d,0x9d,0x9d,0xff,0x54,0x54,0x54,0xff,
    0x4d,0x4d,0x4d,0xff,0x42,0x42,0x42,0xff,0x3f,0x3f,0x3f,0xff,0x38,0x38,0x38,0xff,
    0x36,0x36,0x36,0xff,0x3d,0x3d,0x3d,0xff,0x42,0x42,0x42,0xff,0x5c,0x5c,0x5c,0xff,
    0x3b,0x3b,0x3b,0xff,0x7c,0x7c,0x7c,0xff,0x71,0x71,0x71,0xff,0x83,0x83,0x83,0xff,
    0x95,0x95,0x95,0xff,0x4f,0x4f,0x4f,0xff,0x61,0x61,0x61,0xff,0x54,0x54,0x54,0xff,
    0x6f,0x6f,0x6f,0xff,0x81,0x81,0x81,0xff,0x6f,0x6f,0x6f,0xff,0x4d,0x4d,0x4d,0xff,
    0x77,0x77,0x77,0xff,0x95,0x95,0x95,0xff,0x67,0x67,0x67,0xff,0x57,0x57,0x57,0xff,
    0x43,0x43,0x43,0xff,0x4c,0x4c,0x4c,0xff,0x5c,0x5c,0x5c,0xff,0x5f,0x5f,0x5f,0xff,
    0x62,0x62,0x62,0xff,0x5d,0x5d,0x5d,0xff,0x61,0x61,0x61,0xff,0xa7,0xa7,0xa7,0xff,
    0x90,0x90,0x90,0xff,0xaa,0xaa,0xaa,0xff,0x9e,0x9e,0x9e,0xff,0xa7,0xa7,0xa7,0xff,
    0xa5,0xa5,0xa5,0xff,0x89,0x89,0x89,0xff,0xa8,0xa8,0xa8,0xff,0xb2,0xb2,0xb2,0xff,
    0xa5,0xa5,0xa5,0xff,0xa7,0xa7,0xa7,0xff,0xab,0xab,0xab,0xff,0xb2,0xb2,0xb2,0xff,
    0x9d,0x9d,0x9d,0xff,0x9d,0x9d,0x9d,0xff,0xaf,0xaf,0xaf,0xff,0xc0,0xc0,0xc0,0xff,
    0xb2,0xb2,0xb2,0xff,0xb3,0xb3,0xb3,0xff,0xbf,0xbf,0xbf,0xff,0xb0,0xb0,0xb0,0xff,
    0xd1,0xd1,0xd1,0xff,0xc4,0xc4,0xc4,0xff,0xbd,0xbd,0xbd,0xff,0xb7,0xb7,0xb7,0xff,
    0xb0,0xb0,0xb0,0xff,0xbc,0xbc,0xbc,0xff,0xce,0xce,0xce,0xff,0xd6,0xd6,0xd6,0xff,
    0xec,0xec,0xec,0xff,0xcc,0xcc,0xcc,0xff,0xd4,0xd4,0xd4,0xff,0xc2,0xc2,0xc2,0xff,
    0xb2,0xb2,0xb2,0xff,0xb8,0xb8,0xb8,0xff,0xa8,0xa8,0xa8,0xff,0x91,0x91,0x91,0xff,
    0x86,0x86,0x86,0xff,0x6c,0x6c,0x6c,0xff,0x55,0x55,0x55,0xff,0x57,0x57,0x57,0xff,
    0x5f,0x5f,0x5f,0xff,0x61,0x61,0x61,0xff,0x79,0x79,0x79,0xff,0xc5,0xc5,0xc5,0xff,
    0xbd,0xbd,0xbd,0xff,0x98,0x98,0x98,0xff,0x9b,0x9b,0x9b,0xff,0x62,0x62,0x62,0xff,
    0x95,0x95,0x95,0xff,0x54,0x54,0x54,0xff,0x5d,0x5d,0x5d,0xff,0x6c,0x6c,0x6c,0xff,
    0x5c,0x5c,0x5c,0xff,0x5f,0x5f,0x5f,0xff,0x6f,0x6f,0x6f,0xff,0x80,0x80,0x80,0xff,
    0x89,0x89,0x89,0xff,0xaf,0xaf,0xaf,0xff,0x9b,0x9b,0x9b,0xff,0x9a,0x9a,0x9a,0xff,
    0x89,0x89,0x89,0xff,0x2e,0x2e,0x2e,0x27,0x00,0x00,0x00,0x00,0x00,0x00,0x00,0x00,
    0x00,0x00,0x00,0x00,0x00,0x00,0x00,0x00,0x00,0x00,0x00,0x00,0x36,0x36,0x36,0x67,
    0x80,0x80,0x80,0xff,0x88,0x88,0x88,0xff,0x83,0x83,0x83,0xff,0x8b,0x8b,0x8b,0xff,
    0x8c,0x8c,0x8c,0xff,0x71,0x71,0x71,0xff,0x66,0x66,0x66,0xff,0x86,0x86,0x86,0xff,
    0x93,0x93,0x93,0xff,0x99,0x99,0x99,0xff,0x9e,0x9e,0x9e,0xff,0x98,0x98,0x98,0xff,
    0x8d,0x8d,0x8d,0xff,0xa0,0xa0,0xa0,0xff,0x90,0x90,0x90,0xff,0x4d,0x4d,0x4d,0xff,
    0x5c,0x5c,0x5c,0xff,0x7f,0x7f,0x7f,0xff,0x73,0x73,0x73,0xff,0x7c,0x7c,0x7c,0xff,
    0x81,0x81,0x81,0xff,0x86,0x86,0x86,0xff,0x93,0x93,0x93,0xff,0x95,0x95,0x95,0xff,
    0xc1,0xc1,0xc1,0xff,0xaa,0xaa,0xaa,0xff,0x6c,0x6c,0x6c,0xff,0x61,0x61,0x61,0xff,
    0x88,0x88,0x88,0xff,0x73,0x73,0x73,0xff,0x3f,0x3f,0x3f,0xff,0x38,0x38,0x38,0xff,
    0x33,0x33,0x33,0xff,0x35,0x35,0x35,0xff,0x3a,0x3a,0x3a,0xff,0x45,0x45,0x45,0xff,
    0x5c,0x5c,0x5c,0xff,0x6e,0x6e,0x6e,0xff,0x7c,0x7c,0x7c,0xff,0xb0,0xb0,0xb0,0xff,
    0x91,0x91,0x91,0xff,0x42,0x42,0x42,0xff,0x50,0x50,0x50,0xff,0x5d,0x5d,0x5d,0xff,
    0x61,0x61,0x61,0xff,0x6e,0x6e,0x6e,0xff,0x52,0x52,0x52,0xff,0x55,0x55,0x55,0xff,
    0x83,0x83,0x83,0xff,0x62,0x62,0x62,0xff,0x5d,0x5d,0x5d,0xff,0x48,0x48,0x48,0xff,
    0x45,0x45,0x45,0xff,0x67,0x67,0x67,0xff,0x7c,0x7c,0x7c,0xff,0x88,0x88,0x88,0xff,
    0x71,0x71,0x71,0xff,0x5d,0x5d,0x5d,0xff,0x57,0x57,0x57,0xff,0x9d,0x9d,0x9d,0xff,
    0x9e,0x9e,0x9e,0xff,0xaa,0xaa,0xaa,0xff,0x93,0x93,0x93,0xff,0xab,0xab,0xab,0xff,
    0xa7,0xa7,0xa7,0xff,0x99,0x99,0x99,0xff,0x98,0x98,0x98,0xff,0xa7,0xa7,0xa7,0xff,
    0xb0,0xb0,0xb0,0xff,0xb5,0xb5,0xb5,0xff,0xa2,0xa2,0xa2,0xff,0x9b,0x9b,0x9b,0xff,
    0xad,0xad,0xad,0xff,0xa5,0xa5,0xa5,0xff,0xb7,0xb7,0xb7,0xff,0xb0,0xb0,0xb0,0xff,
    0xa8,0xa8,0xa8,0xff,0xa5,0xa5,0xa5,0xff,0xa8,0xa8,0xa8,0xff,0xaf,0xaf,0xaf,0xff,
    0xc2,0xc2,0xc2,0xff,0xc7,0xc7,0xc7,0xff,0xb7,0xb7,0xb7,0xff,0xad,0xad,0xad,0xff,
    0xaa,0xaa,0xaa,0xff,0xc4,0xc4,0xc4,0xff,0xc9,0xc9,0xc9,0xff,0xdf,0xdf,0xdf,0xff,
    0xf5,0xf5,0xf5,0xff,0xdc,0xdc,0xdc,0xff,0xc5,0xc5,0xc5,0xff,0xc9,0xc9,0xc9,0xff,
    0xb7,0xb7,0xb7,0xff,0xaa,0xaa,0xaa,0xff,0x95,0x95,0x95,0xff,0x84,0x84,0x84,0xff,
    0x6e,0x6e,0x6e,0xff,0x52,0x52,0x52,0xff,0x4f,0x4f,0x4f,0xff,0x5d,0x5d,0x5d,0xff,
    0x61,0x61,0x61,0xff,0x69,0x69,0x69,0xff,0x8b,0x8b,0x8b,0xff,0xc0,0xc0,0xc0,0xff,
    0x95,0x95,0x95,0xff,0x8e,0x8e,0x8e,0xff,0xa0,0xa0,0xa0,0xff,0x7c,0x7c,0x7c,0xff,
    0x9d,0x9d,0x9d,0xff,0x7e,0x7e,0x7e,0xff,0x71,0x71,0x71,0xff,0x71,0x71,0x71,0xff,
    0x57,0x57,0x57,0xff,0x64,0x64,0x64,0xff,0x72,0x72,0x72,0xff,0x93,0x93,0x93,0xff,
    0x90,0x90,0x90,0xff,0xa3,0xa3,0xa3,0xff,0x96,0x96,0x96,0xff,0x95,0x95,0x95,0xff,
    0x80,0x80,0x80,0xf3,0x1c,0x1c,0x1c,0x0b,0x00,0x00,0x00,0x00,0x00,0x00,0x00,0x00,
    0x00,0x00,0x00,0x00,0x00,0x00,0x00,0x00,0x00,0x00,0x00,0x00,0x1f,0x1f,0x1f,0x13,
    0x70,0x70,0x70,0xf7,0x86,0x86,0x86,0xff,0x8b,0x8b,0x8b,0xff,0x91,0x91,0x91,0xff,
    0x8e,0x8e,0x8e,0xff,0x7b,0x7b,0x7b,0xff,0x52,0x52,0x52,0xff,0xb2,0xb2,0xb2,0xff,
    0x9d,0x9d,0x9d,0xff,0x83,0x83,0x83,0xff,0x90,0x90,0x90,0xff,0x8e,0x8e,0x8e,0xff,
    0x81,0x81,0x81,0xff,0xa2,0xa2,0xa2,0xff,0x8e,0x8e,0x8e,0xff,0x6c,0x6c,0x6c,0xff,
    0x71,0x71,0x71,0xff,0x7c,0x7c,0x7c,0xff,0x66,0x66,0x66,0xff,0x89,0x89,0x89,0xff,
    0x89,0x89,0x89,0xff,0x88,0x88,0x88,0xff,0x9b,0x9b,0x9b,0xff,0x9b,0x9b,0x9b,0xff,
    0x8b,0x8b,0x8b,0xff,0x9d,0x9d,0x9d,0xff,0x5c,0x5c,0x5c,0xff,0x40,0x40,0x40,0xff,
    0x84,0x84,0x84,0xff,0x67,0x67,0x67,0xff,0x3a,0x3a,0x3a,0xff,0x48,0x48,0x48,0xff,
    0x5f,0x5f,0x5f,0xff,0x40,0x40,0x40,0xff,0x3a,0x3a,0x3a,0xff,0x43,0x43,0x43,0xff,
    0x76,0x76,0x76,0xff,0x74,0x74,0x74,0xff,0x95,0x95,0x95,0xff,0xab,0xab,0xab,0xff,
    0x83,0x83,0x83,0xff,0x43,0x43,0x43,0xff,0x43,0x43,0x43,0xff,0x4c,0x4c,0x4c,0xff,
    0x5c,0x5c,0x5c,0xff,0x6a,0x6a,0x6a,0xff,0x4f,0x4f,0x4f,0xff,0x50,0x50,0x50,0xff,
    0x4c,0x4c,0x4c,0xff,0x5d,0x5d,0x5d,0xff,0x5d,0x5d,0x5d,0xff,0x48,0x48,0x48,0xff,
    0x48,0x48,0x48,0xff,0x58,0x58,0x58,0xff,0x76,0x76,0x76,0xff,0x74,0x74,0x74,0xff,
    0x72,0x72,0x72,0xff,0x8c,0x8c,0x8c,0xff,0x69,0x69,0x69,0xff,0xa8,0xa8,0xa8,0xff,
    0xb2,0xb2,0xb2,0xff,0xb5,0xb5,0xb5,0xff,0x9d,0x9d,0x9d,0xff,0xad,0xad,0xad,0xff,
    0xa3,0xa3,0xa3,0xff,0x9b,0x9b,0x9b,0xff,0xa2,0xa2,0xa2,0xff,0x98,0x98,0x98,0xff,
    0x98,0x98,0x98,0xff,0xa5,0xa5,0xa5,0xff,0xa2,0xa2,0xa2,0xff,0xb0,0xb0,0xb0,0xff,
    0xa5,0xa5,0xa5,0xff,0xaf,0xaf,0xaf,0xff,0xb7,0xb7,0xb7,0xff,0xbc,0xbc,0xbc,0xff,
    0xad,0xad,0xad,0xff,0xaa,0xaa,0xaa,0xff,0xaf,0xaf,0xaf,0xff,0xc1,0xc1,0xc1,0xff,
    0xb7,0xb7,0xb7,0xff,0xc7,0xc7,0xc7,0xff,0xb3,0xb3,0xb3,0xff,0x9e,0x9e,0x9e,0xff,
    0xb2,0xb2,0xb2,0xff,0xb8,0xb8,0xb8,0xff,0xc1,0xc1,0xc1,0xff,0xe6,0xe6,0xe6,0xff,
    0xeb,0xeb,0xeb,0xff,0xdf,0xdf,0xdf,0xff,0xd7,0xd7,0xd7,0xff,0xdf,0xdf,0xdf,0xff,
    0xcf,0xcf,0xcf,0xff,0xa8,0xa8,0xa8,0xff,0x74,0x74,0x74,0xff,0x6c,0x6c,0x6c,0xff,
    0x5f,0x5f,0x5f,0xff,0x52,0x52,0x52,0xff,0x4f,0x4f,0x4f,0xff,0x5f,0x5f,0x5f,0xff,
    0x67,0x67,0x67,0xff,0x7c,0x7c,0x7c,0xff,0xb3,0xb3,0xb3,0xff,0xba,0xba,0xba,0xff,
    0xb0,0xb0,0xb0,0xff,0xa0,0xa0,0xa0,0xff,0x86,0x86,0x86,0xff,0x7b,0x7b,0x7b,0xff,
    0x8b,0x8b,0x8b,0xff,0x93,0x93,0x93,0xff,0x91,0x91,0x91,0xff,0x71,0x71,0x71,0xff,
    0x54,0x54,0x54,0xff,0x61,0x61,0x61,0xff,0x8d,0x8d,0x8d,0xff,0x89,0x89,0x89,0xff,
    0x8b,0x8b,0x8b,0xff,0x93,0x93,0x93,0xff,0x96,0x96,0x96,0xff,0xa2,0xa2,0xa2,0xff,
    0x70,0x70,0x70,0x97,0x00,0x00,0x00,0x00,0x00,0x00,0x00,0x00,0x00,0x00,0x00,0x00,
    0x00,0x00,0x00,0x00,0x00,0x00,0x00,0x00,0x00,0x00,0x00,0x00,0x00,0x00,0x00,0x00,
    0x66,0x66,0x66,0xc3,0x79,0x79,0x79,0xff,0x9a,0x9a,0x9a,0xff,0x7c,0x7c,0x7c,0xff,
    0x88,0x88,0x88,0xff,0x89,0x89,0x89,0xff,0x77,0x77,0x77,0xff,0x9b,0x9b,0x9b,0xff,
    0xa5,0xa5,0xa5,0xff,0x9d,0x9d,0x9d,0xff,0x8e,0x8e,0x8e,0xff,0x8e,0x8e,0x8e,0xff,
    0x84,0x84,0x84,0xff,0x91,0x91,0x91,0xff,0x7c,0x7c,0x7c,0xff,0x72,0x72,0x72,0xff,
    0x83,0x83,0x83,0xff,0x83,0x83,0x83,0xff,0x77,0x77,0x77,0xff,0xa8,0xa8,0xa8,0xff,
    0x8c,0x8c,0x8c,0xff,0x86,0x86,0x86,0xff,0x99,0x99,0x99,0xff,0xbb,0xbb,0xbb,0xff,
    0x98,0x98,0x98,0xff,0x9e,0x9e,0x9e,0xff,0x93,0x93,0x93,0xff,0x40,0x40,0x40,0xff,
    0x62,0x62,0x62,0xff,0x66,0x66,0x66,0xff,0x40,0x40,0x40,0xff,0x55,0x55,0x55,0xff,
    0x7f,0x7f,0x7f,0xff,0x3a,0x3a,0x3a,0xff,0x32,0x32,0x32,0xff,0x43,0x43,0x43,0xff,
    0x67,0x67,0x67,0xff,0x88,0x88,0x88,0xff,0x7e,0x7e,0x7e,0xff,0xa0,0xa0,0xa0,0xff,
    0x69,0x69,0x69,0xff,0x3d,0x3d,0x3d,0xff,0x48,0x48,0x48,0xff,0x4a,0x4a,0x4a,0xff,
    0x45,0x45,0x45,0xff,0x5d,0x5d,0x5d,0xff,0x54,0x54,0x54,0xff,0x55,0x55,0x55,0xff,
    0x59,0x59,0x59,0xff,0x5c,0x5c,0x5c,0xff,0x5a,0x5a,0x5a,0xff,0x5c,0x5c,0x5c,0xff,
    0x4d,0x4d,0x4d,0xff,0x42,0x42,0x42,0xff,0x4b,0x4b,0x4b,0xff,0x50,0x50,0x50,0xff,
    0x6f,0x6f,0x6f,0xff,0x5c,0x5c,0x5c,0xff,0x8e,0x8e,0x8e,0xff,0xa5,0xa5,0xa5,0xff,
    0xad,0xad,0xad,0xff,0xaa,0xaa,0xaa,0xff,0xa3,0xa3,0xa3,0xff,0xaa,0xaa,0xaa,0xff,
    0xab,0xab,0xab,0xff,0x9d,0x9d,0x9d,0xff,0x9d,0x9d,0x9d,0xff,0x91,0x91,0x91,0xff,
    0xb2,0xb2,0xb2,0xff,0xa3,0xa3,0xa3,0xff,0xa6,0xa6,0xa6,0xff,0xaa,0xaa,0xaa,0xff,
    0xab,0xab,0xab,0xff,0xb7,0xb7,0xb7,0xff,0xbc,0xbc,0xbc,0xff,0xbf,0xbf,0xbf,0xff,
    0xba,0xba,0xba,0xff,0xba,0xba,0xba,0xff,0xbf,0xbf,0xbf,0xff,0xba,0xba,0xba,0xff,
    0xa8,0xa8,0xa8,0xff,0xa3,0xa3,0xa3,0xff,0xa3,0xa3,0xa3,0xff,0xa5,0xa5,0xa5,0xff,
    0xb8,0xb8,0xb8,0xff,0xc1,0xc1,0xc1,0xff,0xc5,0xc5,0xc5,0xff,0xca,0xca,0xca,0xff,
    0xda,0xda,0xda,0xff,0xd6,0xd6,0xd6,0xff,0xe4,0xe4,0xe4,0xff,0xee,0xee,0xee,0xff,
    0xc1,0xc1,0xc1,0xff,0xa2,0xa2,0xa2,0xff,0x76,0x76,0x76,0xff,0x61,0x61,0x61,0xff,
    0x57,0x57,0x57,0xff,0x55,0x55,0x55,0xff,0x57,0x57,0x57,0xff,0x64,0x64,0x64,0xff,
    0x6a,0x6a,0x6a,0xff,0x74,0x74,0x74,0xff,0xad,0xad,0xad,0xff,0xaf,0xaf,0xaf,0xff,
    0xbd,0xbd,0xbd,0xff,0xa5,0xa5,0xa5,0xff,0x77,0x77,0x77,0xff,0x95,0x95,0x95,0xff,
    0x8c,0x8c,0x8c,0xff,0xb0,0xb0,0xb0,0xff,0xa3,0xa3,0xa3,0xff,0x64,0x64,0x64,0xff,
    0x54,0x54,0x54,0xff,0x67,0x67,0x67,0xff,0x8b,0x8b,0x8b,0xff,0x79,0x79,0x79,0xff,
    0x88,0x88,0x88,0xff,0x96,0x96,0x96,0xff,0x8d,0x8d,0x8d,0xff,0xa6,0xa6,0xa6,0xff,
    0x50,0x50,0x50,0x4f,0x00,0x00,0x00,0x00,0x00,0x00,0x00,0x00,0x00,0x00,0x00,0x00,
    0x00,0x00,0x00,0x00,0x00,0x00,0x00,0x00,0x00,0x00,0x00,0x00,0x00,0x00,0x00,0x00,
    0x82,0x82,0x82,0x7b,0x8b,0x8b,0x8b,0xff,0x9d,0x9d,0x9d,0xff,0x8e,0x8e,0x8e,0xff,
    0x8e,0x8e,0x8e,0xff,0x9d,0x9d,0x9d,0xff,0x93,0x93,0x93,0xff,0xaf,0xaf,0xaf,0xff,
    0xa6,0xa6,0xa6,0xff,0x9e,0x9e,0x9e,0xff,0x96,0x96,0x96,0xff,0x9b,0x9b,0x9b,0xff,
    0x86,0x86,0x86,0xff,0x93,0x93,0x93,0xff,0x83,0x83,0x83,0xff,0x7e,0x7e,0x7e,0xff,
    0x90,0x90,0x90,0xff,0x7e,0x7e,0x7e,0xff,0x8c,0x8c,0x8c,0xff,0xa2,0xa2,0xa2,0xff,
    0x9d,0x9d,0x9d,0xff,0xad,0xad,0xad,0xff,0xb3,0xb3,0xb3,0xff,0x9d,0x9d,0x9d,0xff,
    0x96,0x96,0x96,0xff,0xb0,0xb0,0xb0,0xff,0x96,0x96,0x96,0xff,0x42,0x42,0x42,0xff,
    0x42,0x42,0x42,0xff,0x6f,0x6f,0x6f,0xff,0x4d,0x4d,0x4d,0xff,0x38,0x38,0x38,0xff,
    0x30,0x30,0x30,0xff,0x4f,0x4f,0x4f,0xff,0x57,0x57,0x57,0xff,0x3b,0x3b,0x3b,0xff,
    0x54,0x54,0x54,0xff,0x83,0x83,0x83,0xff,0x73,0x73,0x73,0xff,0x69,0x69,0x69,0xff,
    0x50,0x50,0x50,0xff,0x3d,0x3d,0x3d,0xff,0x40,0x40,0x40,0xff,0x45,0x45,0x45,0xff,
    0x54,0x54,0x54,0xff,0x7b,0x7b,0x7b,0xff,0x57,0x57,0x57,0xff,0x55,0x55,0x55,0xff,
    0x5c,0x5c,0x5c,0xff,0x5a,0x5a,0x5a,0xff,0x61,0x61,0x61,0xff,0x62,0x62,0x62,0xff,
    0x54,0x54,0x54,0xff,0x40,0x40,0x40,0xff,0x43,0x43,0x43,0xff,0x42,0x42,0x42,0xff,
    0x5a,0x5a,0x5a,0xff,0x91,0x91,0x91,0xff,0xa7,0xa7,0xa7,0xff,0x9e,0x9e,0x9e,0xff,
    0xad,0xad,0xad,0xff,0xbd,0xbd,0xbd,0xff,0xb2,0xb2,0xb2,0xff,0xb7,0xb7,0xb7,0xff,
    0x9a,0x9a,0x9a,0xff,0x9e,0x9e,0x9e,0xff,0xbd,0xbd,0xbd,0xff,0xbc,0xbc,0xbc,0xff,
    0xc0,0xc0,0xc0,0xff,0xad,0xad,0xad,0xff,0xa2,0xa2,0xa2,0xff,0xb2,0xb2,0xb2,0xff,
    0xc7,0xc7,0xc7,0xff,0xb4,0xb4,0xb4,0xff,0xc9,0xc9,0xc9,0xff,0xeb,0xeb,0xeb,0xff,
    0xbc,0xbc,0xbc,0xff,0xb2,0xb2,0xb2,0xff,0xbb,0xbb,0xbb,0xff,0xa8,0xa8,0xa8,0xff,
    0x99,0x99,0x99,0xff,0xa5,0xa5,0xa5,0xff,0x98,0x98,0x98,0xff,0xad,0xad,0xad,0xff,
    0xb8,0xb8,0xb8,0xff,0xb3,0xb3,0xb3,0xff,0xbc,0xbc,0xbc,0xff,0xd6,0xd6,0xd6,0xff,
    0xc9,0xc9,0xc9,0xff,0xe4,0xe4,0xe4,0xff,0xeb,0xeb,0xeb,0xff,0xe9,0xe9,0xe9,0xff,
    0xbd,0xbd,0xbd,0xff,0x98,0x98,0x98,0xff,0x74,0x74,0x74,0xff,0x62,0x62,0x62,0xff,
    0x6a,0x6a,0x6a,0xff,0x52,0x52,0x52,0xff,0x50,0x50,0x50,0xff,0x52,0x52,0x52,0xff,
    0x4d,0x4d,0x4d,0xff,0x81,0x81,0x81,0xff,0xc7,0xc7,0xc7,0xff,0xa8,0xa8,0xa8,0xff,
    0x72,0x72,0x72,0xff,0x76,0x76,0x76,0xff,0xaa,0xaa,0xaa,0xff,0x9b,0x9b,0x9b,0xff,
    0x6e,0x6e,0x6e,0xff,0x76,0x76,0x76,0xff,0x64,0x64,0x64,0xff,0x59,0x59,0x59,0xff,
    0x5a,0x5a,0x5a,0xff,0x81,0x81,0x81,0xff,0x71,0x71,0x71,0xff,0x65,0x65,0x65,0xff,
    0x8b,0x8b,0x8b,0xff,0x8d,0x8d,0x8d,0xff,0x9e,0x9e,0x9e,0xff,0x9e,0x9e,0x9e,0xf7,
    0x25,0x25,0x25,0x07,0x00,0x00,0x00,0x00,0x00,0x00,0x00,0x00,0x00,0x00,0x00,0x00,
    0x00,0x00,0x00,0x00,0x00,0x00,0x00,0x00,0x00,0x00,0x00,0x00,0x00,0x00,0x00,0x00,
    0x38,0x38,0x38,0x3b,0x92,0x92,0x92,0xfb,0x9b,0x9b,0x9b,0xff,0x90,0x90,0x90,0xff,
    0x9d,0x9d,0x9d,0xff,0xbe,0xbe,0xbe,0xff,0x9b,0x9b,0x9b,0xff,0xa6,0xa6,0xa6,0xff,
    0x9d,0x9d,0x9d,0xff,0x9d,0x9d,0x9d,0xff,0xa8,0xa8,0xa8,0xff,0x9a,0x9a,0x9a,0xff,
    0x9b,0x9b,0x9b,0xff,0x88,0x88,0x88,0xff,0x7e,0x7e,0x7e,0xff,0x7e,0x7e,0x7e,0xff,
    0x89,0x89,0x89,0xff,0x8b,0x8b,0x8b,0xff,0x9e,0x9e,0x9e,0xff,0xcf,0xcf,0xcf,0xff,
    0xca,0xca,0xca,0xff,0x9b,0x9b,0x9b,0xff,0x6e,0x6e,0x6e,0xff,0x42,0x42,0x42,0xff,
    0x55,0x55,0x55,0xff,0x5f,0x5f,0x5f,0xff,0x4d,0x4d,0x4d,0xff,0x38,0x38,0x38,0xff,
    0x3d,0x3d,0x3d,0xff,0x45,0x45,0x45,0xff,0x38,0x38,0x38,0xff,0x4a,0x4a,0x4a,0xff,
    0x6f,0x6f,0x6f,0xff,0x79,0x79,0x79,0xff,0x67,0x67,0x67,0xff,0x83,0x83,0x83,0xff,
    0x76,0x76,0x76,0xff,0x77,0x77,0x77,0xff,0x88,0x88,0x88,0xff,0x47,0x47,0x47,0xff,
    0x3f,0x3f,0x3f,0xff,0x43,0x43,0x43,0xff,0x40,0x40,0x40,0xff,0x45,0x45,0x45,0xff,
    0x52,0x52,0x52,0xff,0x5a,0x5a,0x5a,0xff,0x4c,0x4c,0x4c,0xff,0x55,0x55,0x55,0xff,
    0x50,0x50,0x50,0xff,0x48,0x48,0x48,0xff,0x40,0x40,0x40,0xff,0x4c,0x4c,0x4c,0xff,
    0x5a,0x5a,0x5a,0xff,0x59,0x59,0x59,0xff,0x45,0x45,0x45,0xff,0x54,0x54,0x54,0xff,
    0x9b,0x9b,0x9b,0xff,0xbc,0xbc,0xbc,0xff,0xb7,0xb7,0xb7,0xff,0xa8,0xa8,0xa8,0xff,
    0xad,0xad,0xad,0xff,0xb7,0xb7,0xb7,0xff,0xb8,0xb8,0xb8,0xff,0xb4,0xb4,0xb4,0xff,
    0xa6,0xa6,0xa6,0xff,0xa3,0xa3,0xa3,0xff,0xaa,0xaa,0xaa,0xff,0xcc,0xcc,0xcc,0xff,
    0xd7,0xd7,0xd7,0xff,0xd1,0xd1,0xd1,0xff,0xb4,0xb4,0xb4,0xff,0xaa,0xaa,0xaa,0xff,
    0x9b,0x9b,0x9b,0xff,0xb5,0xb5,0xb5,0xff,0xa2,0xa2,0xa2,0xff,0xba,0xba,0xba,0xff,
    0xa8,0xa8,0xa8,0xff,0xab,0xab,0xab,0xff,0xb7,0xb7,0xb7,0xff,0xa3,0xa3,0xa3,0xff,
    0xa7,0xa7,0xa7,0xff,0x91,0x91,0x91,0xff,0xab,0xab,0xab,0xff,0xbc,0xbc,0xbc,0xff,
    0xbd,0xbd,0xbd,0xff,0xad,0xad,0xad,0xff,0xab,0xab,0xab,0xff,0xba,0xba,0xba,0xff,
    0xd6,0xd6,0xd6,0xff,0xda,0xda,0xda,0xff,0xf1,0xf1,0xf1,0xff,0xdf,0xdf,0xdf,0xff,
    0xc2,0xc2,0xc2,0xff,0x9e,0x9e,0x9e,0xff,0x80,0x80,0x80,0xff,0x6a,0x6a,0x6a,0xff,
    0x57,0x57,0x57,0xff,0x5f,0x5f,0x5f,0xff,0x4f,0x4f,0x4f,0xff,0x42,0x42,0x42,0xff,
    0x42,0x42,0x42,0xff,0x89,0x89,0x89,0xff,0xc0,0xc0,0xc0,0xff,0xb5,0xb5,0xb5,0xff,
    0x57,0x57,0x57,0xff,0x77,0x77,0x77,0xff,0x9b,0x9b,0x9b,0xff,0x6f,0x6f,0x6f,0xff,
    0x6a,0x6a,0x6a,0xff,0x6c,0x6c,0x6c,0xff,0x58,0x58,0x58,0xff,0x66,0x66,0x66,0xff,
    0x5a,0x5a,0x5a,0xff,0x8b,0x8b,0x8b,0xff,0x69,0x69,0x69,0xff,0x6c,0x6c,0x6c,0xff,
    0x88,0x88,0x88,0xff,0x79,0x79,0x79,0xff,0xa2,0xa2,0xa2,0xff,0x94,0x94,0x94,0xab,
    0x00,0x00,0x00,0x00,0x00,0x00,0x00,0x00,0x00,0x00,0x00,0x00,0x00,0x00,0x00,0x00,
    0x00,0x00,0x00,0x00,0x00,0x00,0x00,0x00,0x00,0x00,0x00,0x00,0x00,0x00,0x00,0x00,
    0x00,0x00,0x00,0x00,0x74,0x74,0x74,0xbf,0x9e,0x9e,0x9e,0xff,0x8c,0x8c,0x8c,0xff,
    0x93,0x93,0x93,0xff,0xb7,0xb7,0xb7,0xff,0x9b,0x9b,0x9b,0xff,0xa0,0xa0,0xa0,0xff,
    0xaa,0xaa,0xaa,0xff,0xa2,0xa2,0xa2,0xff,0xb4,0xb4,0xb4,0xff,0x90,0x90,0x90,0xff,
    0x86,0x86,0x86,0xff,0x79,0x79,0x79,0xff,0x7b,0x7b,0x7b,0xff,0x7e,0x7e,0x7e,0xff,
    0x98,0x98,0x98,0xff,0x89,0x89,0x89,0xff,0xa2,0xa2,0xa2,0xff,0xad,0xad,0xad,0xff,
    0xba,0xba,0xba,0xff,0x7e,0x7e,0x7e,0xff,0x4b,0x4b,0x4b,0xff,0x40,0x40,0x40,0xff,
    0x3a,0x3a,0x3a,0xff,0x36,0x36,0x36,0xff,0x38,0x38,0x38,0xff,0x33,0x33,0x33,0xff,
    0x33,0x33,0x33,0xff,0x36,0x36,0x36,0xff,0x4d,0x4d,0x4d,0xff,0x73,0x73,0x73,0xff,
    0xa3,0xa3,0xa3,0xff,0x80,0x80,0x80,0xff,0x79,0x79,0x79,0xff,0x4d,0x4d,0x4d,0xff,
    0x74,0x74,0x74,0xff,0x7e,0x7e,0x7e,0xff,0x5d,0x5d,0x5d,0xff,0x45,0x45,0x45,0xff,
    0x52,0x52,0x52,0xff,0x67,0x67,0x67,0xff,0x4a,0x4a,0x4a,0xff,0x43,0x43,0x43,0xff,
    0x54,0x54,0x54,0xff,0x5d,0x5d,0x5d,0xff,0x50,0x50,0x50,0xff,0x50,0x50,0x50,0xff,
    0x48,0x48,0x48,0xff,0x43,0x43,0x43,0xff,0x3e,0x3e,0x3e,0xff,0x4f,0x4f,0x4f,0xff,
    0x5c,0x5c,0x5c,0xff,0x5d,0x5d,0x5d,0xff,0x43,0x43,0x43,0xff,0x69,0x69,0x69,0xff,
    0xab,0xab,0xab,0xff,0xbc,0xbc,0xbc,0xff,0xcc,0xcc,0xcc,0xff,0xb2,0xb2,0xb2,0xff,
    0xb4,0xb4,0xb4,0xff,0xb5,0xb5,0xb5,0xff,0xbf,0xbf,0xbf,0xff,0xba,0xba,0xba,0xff,
    0xa6,0xa6,0xa6,0xff,0xa7,0xa7,0xa7,0xff,0xa5,0xa5,0xa5,0xff,0xaa,0xaa,0xaa,0xff,
    0xb0,0xb0,0xb0,0xff,0xaa,0xaa,0xaa,0xff,0xc2,0xc2,0xc2,0xff,0xab,0xab,0xab,0xff,
    0x86,0x86,0x86,0xff,0x95,0x95,0x95,0xff,0x9d,0x9d,0x9d,0xff,0xab,0xab,0xab,0xff,
    0xa7,0xa7,0xa7,0xff,0xba,0xba,0xba,0xff,0xa5,0xa5,0xa5,0xff,0xa2,0xa2,0xa2,0xff,
    0xb2,0xb2,0xb2,0xff,0xa3,0xa3,0xa3,0xff,0xb0,0xb0,0xb0,0xff,0xb5,0xb5,0xb5,0xff,
    0xa7,0xa7,0xa7,0xff,0xaa,0xaa,0xaa,0xff,0xa8,0xa8,0xa8,0xff,0xc2,0xc2,0xc2,0xff,
    0xb7,0xb7,0xb7,0xff,0xcf,0xcf,0xcf,0xff,0xdf,0xdf,0xdf,0xff,0xcd,0xcd,0xcd,0xff,
    0xb0,0xb0,0xb0,0xff,0x95,0x95,0x95,0xff,0x76,0x76,0x76,0xff,0x6a,0x6a,0x6a,0xff,
    0x55,0x55,0x55,0xff,0x54,0x54,0x54,0xff,0x4c,0x4c,0x4c,0xff,0x40,0x40,0x40,0xff,
    0x3f,0x3f,0x3f,0xff,0x7c,0x7c,0x7c,0xff,0x9e,0x9e,0x9e,0xff,0x96,0x96,0x96,0xff,
    0x64,0x64,0x64,0xff,0x91,0x91,0x91,0xff,0x84,0x84,0x84,0xff,0x67,0x67,0x67,0xff,
    0x54,0x54,0x54,0xff,0x57,0x57,0x57,0xff,0x57,0x57,0x57,0xff,0x6f,0x6f,0x6f,0xff,
    0x61,0x61,0x61,0xff,0x84,0x84,0x84,0xff,0x7e,0x7e,0x7e,0xff,0x81,0x81,0x81,0xff,
    0x84,0x84,0x84,0xff,0x86,0x86,0x86,0xff,0xab,0xab,0xab,0xff,0x55,0x55,0x55,0x5f,
    0x00,0x00,0x00,0x00,0x00,0x00,0x00,0x00,0x00,0x00,0x00,0x00,0x00,0x00,0x00,0x00,
    0x00,0x00,0x00,0x00,0x00,0x00,0x00,0x00,0x00,0x00,0x00,0x00,0x00,0x00,0x00,0x00,
    0x00,0x00,0x00,0x00,0x62,0x62,0x62,0x83,0xa7,0xa7,0xa7,0xff,0x96,0x96,0x96,0xff,
    0x93,0x93,0x93,0xff,0x88,0x88,0x88,0xff,0x99,0x99,0x99,0xff,0xb2,0xb2,0xb2,0xff,
    0xb5,0xb5,0xb5,0xff,0xaa,0xaa,0xaa,0xff,0xad,0xad,0xad,0xff,0x99,0x99,0x99,0xff,
    0x9b,0x9b,0x9b,0xff,0x86,0x86,0x86,0xff,0x76,0x76,0x76,0xff,0x79,0x79,0x79,0xff,
    0x89,0x89,0x89,0xff,0x8b,0x8b,0x8b,0xff,0x96,0x96,0x96,0xff,0x9d,0x9d,0x9d,0xff,
    0x91,0x91,0x91,0xff,0x74,0x74,0x74,0xff,0x40,0x40,0x40,0xff,0x38,0x38,0x38,0xff,
    0x3a,0x3a,0x3a,0xff,0x35,0x35,0x35,0xff,0x3b,0x3b,0x3b,0xff,0x3a,0x3a,0x3a,0xff,
    0x38,0x38,0x38,0xff,0x33,0x33,0x33,0xff,0x3e,0x3e,0x3e,0xff,0x61,0x61,0x61,0xff,
    0x93,0x93,0x93,0xff,0x96,0x96,0x96,0xff,0x88,0x88,0x88,0xff,0x40,0x40,0x40,0xff,
    0x7e,0x7e,0x7e,0xff,0x81,0x81,0x81,0xff,0x69,0x69,0x69,0xff,0x5c,0x5c,0x5c,0xff,
    0x74,0x74,0x74,0xff,0xad,0xad,0xad,0xff,0x7e,0x7e,0x7e,0xff,0x4a,0x4a,0x4a,0xff,
    0x52,0x52,0x52,0xff,0x52,0x52,0x52,0xff,0x4b,0x4b,0x4b,0xff,0x40,0x40,0x40,0xff,
    0x43,0x43,0x43,0xff,0x42,0x42,0x42,0xff,0x66,0x66,0x66,0xff,0x5f,0x5f,0x5f,0xff,
    0x5f,0x5f,0x5f,0xff,0x55,0x55,0x55,0xff,0x45,0x45,0x45,0xff,0x6e,0x6e,0x6e,0xff,
    0x9e,0x9e,0x9e,0xff,0xb8,0xb8,0xb8,0xff,0xb7,0xb7,0xb7,0xff,0xb8,0xb8,0xb8,0xff,
    0xbf,0xbf,0xbf,0xff,0xb7,0xb7,0xb7,0xff,0xba,0xba,0xba,0xff,0x9d,0x9d,0x9d,0xff,
    0x9b,0x9b,0x9b,0xff,0x96,0x96,0x96,0xff,0xaa,0xaa,0xaa,0xff,0xb8,0xb8,0xb8,0xff,
    0xa5,0xa5,0xa5,0xff,0xad,0xad,0xad,0xff,0xbc,0xbc,0xbc,0xff,0x8b,0x8b,0x8b,0xff,
    0x83,0x83,0x83,0xff,0x90,0x90,0x90,0xff,0x9b,0x9b,0x9b,0xff,0x9b,0x9b,0x9b,0xff,
    0xa8,0xa8,0xa8,0xff,0xaf,0xaf,0xaf,0xff,0x9b,0x9b,0x9b,0xff,0xa5,0xa5,0xa5,0xff,
    0xa3,0xa3,0xa3,0xff,0xb5,0xb5,0xb5,0xff,0xab,0xab,0xab,0xff,0xaa,0xaa,0xaa,0xff,
    0xa3,0xa3,0xa3,0xff,0xa3,0xa3,0xa3,0xff,0xb3,0xb3,0xb3,0xff,0xc8,0xc8,0xc8,0xff,
    0xb0,0xb0,0xb0,0xff,0xb5,0xb5,0xb5,0xff,0xbf,0xbf,0xbf,0xff,0xba,0xba,0xba,0xff,
    0xc4,0xc4,0xc4,0xff,0xaf,0xaf,0xaf,0xff,0x96,0x96,0x96,0xff,0x91,0x91,0x91,0xff,
    0x66,0x66,0x66,0xff,0x45,0x45,0x45,0xff,0x42,0x42,0x42,0xff,0x47,0x47,0x47,0xff,
    0x42,0x42,0x42,0xff,0x72,0x72,0x72,0xff,0x84,0x84,0x84,0xff,0x7e,0x7e,0x7e,0xff,
    0x72,0x72,0x72,0xff,0x5d,0x5d,0x5d,0xff,0x8b,0x8b,0x8b,0xff,0x6c,0x6c,0x6c,0xff,
    0x48,0x48,0x48,0xff,0x4d,0x4d,0x4d,0xff,0x54,0x54,0x54,0xff,0xa2,0xa2,0xa2,0xff,
    0xa8,0xa8,0xa8,0xff,0x9e,0x9e,0x9e,0xff,0x76,0x76,0x76,0xff,0x8b,0x8b,0x8b,0xff,
    0x90,0x90,0x90,0xff,0x91,0x91,0x91,0xff,0x9c,0x9c,0x9c,0xe3,0x19,0x19,0x19,0x07,
    0x00,0x00,0x00,0x00,0x00,0x00,0x00,0x00,0x00,0x00,0x00,0x00,0x00,0x00,0x00,0x00,
    0x00,0x00,0x00,0x00,0x00,0x00,0x00,0x00,0x00,0x00,0x00,0x00,0x00,0x00,0x00,0x00,
    0x00,0x00,0x00,0x00,0x2a,0x2a,0x2a,0x1f,0x94,0x94,0x94,0xfb,0x9b,0x9b,0x9b,0xff,
    0x8b,0x8b,0x8b,0xff,0x86,0x86,0x86,0xff,0x86,0x86,0x86,0xff,0xa3,0xa3,0xa3,0xff,
    0xc9,0xc9,0xc9,0xff,0xc9,0xc9,0xc9,0xff,0xc8,0xc8,0xc8,0xff,0xb8,0xb8,0xb8,0xff,
    0xa5,0xa5,0xa5,0xff,0xa5,0xa5,0xa5,0xff,0x90,0x90,0x90,0xff,0x76,0x76,0x76,0xff,
    0x79,0x79,0x79,0xff,0x8b,0x8b,0x8b,0xff,0xa5,0xa5,0xa5,0xff,0x90,0x90,0x90,0xff,
    0x7c,0x7c,0x7c,0xff,0x42,0x42,0x42,0xff,0x38,0x38,0x38,0xff,0x30,0x30,0x30,0xff,
    0x30,0x30,0x30,0xff,0x30,0x30,0x30,0xff,0x33,0x33,0x33,0xff,0x36,0x36,0x36,0xff,
    0x33,0x33,0x33,0xff,0x35,0x35,0x35,0xff,0x30,0x30,0x30,0xff,0x4a,0x4a,0x4a,0xff,
    0xa5,0xa5,0xa5,0xff,0x89,0x89,0x89,0xff,0x71,0x71,0x71,0xff,0x54,0x54,0x54,0xff,
    0x5d,0x5d,0x5d,0xff,0x4a,0x4a,0x4a,0xff,0x55,0x55,0x55,0xff,0x67,0x67,0x67,0xff,
    0x4a,0x4a,0x4a,0xff,0x80,0x80,0x80,0xff,0x76,0x76,0x76,0xff,0x5a,0x5a,0x5a,0xff,
    0x4f,0x4f,0x4f,0xff,0x50,0x50,0x50,0xff,0x6a,0x6a,0x6a,0xff,0x45,0x45,0x45,0xff,
    0x3f,0x3f,0x3f,0xff,0x43,0x43,0x43,0xff,0x4c,0x4c,0x4c,0xff,0x4d,0x4d,0x4d,0xff,
    0x4d,0x4d,0x4d,0xff,0x43,0x43,0x43,0xff,0x50,0x50,0x50,0xff,0x6e,0x6e,0x6e,0xff,
    0x8b,0x8b,0x8b,0xff,0xaf,0xaf,0xaf,0xff,0xab,0xab,0xab,0xff,0xca,0xca,0xca,0xff,
    0xbd,0xbd,0xbd,0xff,0xb8,0xb8,0xb8,0xff,0xaf,0xaf,0xaf,0xff,0x9b,0x9b,0x9b,0xff,
    0x95,0x95,0x95,0xff,0xa2,0xa2,0xa2,0xff,0xa2,0xa2,0xa2,0xff,0x9a,0x9a,0x9a,0xff,
    0x9d,0x9d,0x9d,0xff,0xb2,0xb2,0xb2,0xff,0xb0,0xb0,0xb0,0xff,0x84,0x84,0x84,0xff,
    0x86,0x86,0x86,0xff,0x96,0x96,0x96,0xff,0xb3,0xb3,0xb3,0xff,0xaa,0xaa,0xaa,0xff,
    0xb2,0xb2,0xb2,0xff,0xab,0xab,0xab,0xff,0xaa,0xaa,0xaa,0xff,0xa3,0xa3,0xa3,0xff,
    0xb5,0xb5,0xb5,0xff,0xb7,0xb7,0xb7,0xff,0xa6,0xa6,0xa6,0xff,0xb4,0xb4,0xb4,0xff,
    0xa3,0xa3,0xa3,0xff,0x96,0x96,0x96,0xff,0xb5,0xb5,0xb5,0xff,0xb0,0xb0,0xb0,0xff,
    0xab,0xab,0xab,0xff,0xaf,0xaf,0xaf,0xff,0xad,0xad,0xad,0xff,0xba,0xba,0xba,0xff,
    0xc1,0xc1,0xc1,0xff,0xc2,0xc2,0xc2,0xff,0xa2,0xa2,0xa2,0xff,0x66,0x66,0x66,0xff,
    0x77,0x77,0x77,0xff,0x67,0x67,0x67,0xff,0x52,0x52,0x52,0xff,0x72,0x72,0x72,0xff,
    0x54,0x54,0x54,0xff,0x5f,0x5f,0x5f,0xff,0x79,0x79,0x79,0xff,0x7e,0x7e,0x7e,0xff,
    0x90,0x90,0x90,0xff,0x55,0x55,0x55,0xff,0x76,0x76,0x76,0xff,0x74,0x74,0x74,0xff,
    0x4a,0x4a,0x4a,0xff,0x43,0x43,0x43,0xff,0x67,0x67,0x67,0xff,0xb7,0xb7,0xb7,0xff,
    0xab,0xab,0xab,0xff,0x9d,0x9d,0x9d,0xff,0x73,0x73,0x73,0xff,0x83,0x83,0x83,0xff,
    0x84,0x84,0x84,0xff,0xa6,0xa6,0xa6,0xff,0x79,0x79,0x79,0x7b,0x00,0x00,0x00,0x00,
    0x00,0x00,0x00,0x00,0x00,0x00,0x00,0x00,0x00,0x00,0x00,0x00,0x00,0x00,0x00,0x00,
    0x00,0x00,0x00,0x00,0x00,0x00,0x00,0x00,0x00,0x00,0x00,0x00,0x00,0x00,0x00,0x00,
    0x00,0x00,0x00,0x00,0x00,0x00,0x00,0x00,0x8a,0x8a,0x8a,0xc3,0x98,0x98,0x98,0xff,
    0x88,0x88,0x88,0xff,0x81,0x81,0x81,0xff,0x80,0x80,0x80,0xff,0x95,0x95,0x95,0xff,
    0xcf,0xcf,0xcf,0xff,0xce,0xce,0xce,0xff,0xd1,0xd1,0xd1,0xff,0xb2,0xb2,0xb2,0xff,
    0xc1,0xc1,0xc1,0xff,0xaf,0xaf,0xaf,0xff,0xaf,0xaf,0xaf,0xff,0xb0,0xb0,0xb0,0xff,
    0x8e,0x8e,0x8e,0xff,0x86,0x86,0x86,0xff,0x96,0x96,0x96,0xff,0xa0,0xa0,0xa0,0xff,
    0x88,0x88,0x88,0xff,0x48,0x48,0x48,0xff,0x38,0x38,0x38,0xff,0x32,0x32,0x32,0xff,
    0x30,0x30,0x30,0xff,0x33,0x33,0x33,0xff,0x35,0x35,0x35,0xff,0x32,0x32,0x32,0xff,
    0x2e,0x2e,0x2e,0xff,0x2b,0x2b,0x2b,0xff,0x2d,0x2d,0x2d,0xff,0x42,0x42,0x42,0xff,
    0x71,0x71,0x71,0xff,0x61,0x61,0x61,0xff,0x57,0x57,0x57,0xff,0x47,0x47,0x47,0xff,
    0x57,0x57,0x57,0xff,0x3b,0x3b,0x3b,0xff,0x45,0x45,0x45,0xff,0x64,0x64,0x64,0xff,
    0x50,0x50,0x50,0xff,0x5a,0x5a,0x5a,0xff,0x5c,0x5c,0x5c,0xff,0x57,0x57,0x57,0xff,
    0x48,0x48,0x48,0xff,0x45,0x45,0x45,0xff,0x5d,0x5d,0x5d,0xff,0x6f,0x6f,0x6f,0xff,
    0x55,0x55,0x55,0xff,0x4a,0x4a,0x4a,0xff,0x47,0x47,0x47,0xff,0x57,0x57,0x57,0xff,
    0x4d,0x4d,0x4d,0xff,0x45,0x45,0x45,0xff,0x61,0x61,0x61,0xff,0xa5,0xa5,0xa5,0xff,
    0x95,0x95,0x95,0xff,0xaf,0xaf,0xaf,0xff,0xab,0xab,0xab,0xff,0xca,0xca,0xca,0xff,
    0xb5,0xb5,0xb5,0xff,0xc2,0xc2,0xc2,0xff,0xad,0xad,0xad,0xff,0xa5,0xa5,0xa5,0xff,
    0x9d,0x9d,0x9d,0xff,0xa5,0xa5,0xa5,0xff,0xb5,0xb5,0xb5,0xff,0x9b,0x9b,0x9b,0xff,
    0x9b,0x9b,0x9b,0xff,0xa6,0xa6,0xa6,0xff,0x93,0x93,0x93,0xff,0x95,0x95,0x95,0xff,
    0x96,0x96,0x96,0xff,0x9d,0x9d,0x9d,0xff,0xab,0xab,0xab,0xff,0xa8,0xa8,0xa8,0xff,
    0xb8,0xb8,0xb8,0xff,0xb2,0xb2,0xb2,0xff,0xab,0xab,0xab,0xff,0xba,0xba,0xba,0xff,
    0xa6,0xa6,0xa6,0xff,0xa8,0xa8,0xa8,0xff,0xb2,0xb2,0xb2,0xff,0x9e,0x9e,0x9e,0xff,
    0x8e,0x8e,0x8e,0xff,0x9d,0x9d,0x9d,0xff,0xb5,0xb5,0xb5,0xff,0xb0,0xb0,0xb0,0xff,
    0xaf,0xaf,0xaf,0xff,0xb3,0xb3,0xb3,0xff,0xb4,0xb4,0xb4,0xff,0xb3,0xb3,0xb3,0xff,
    0xbf,0xbf,0xbf,0xff,0xc2,0xc2,0xc2,0xff,0x7e,0x7e,0x7e,0xff,0x61,0x61,0x61,0xff,
    0x66,0x66,0x66,0xff,0x95,0x95,0x95,0xff,0x9a,0x9a,0x9a,0xff,0xb2,0xb2,0xb2,0xff,
    0x8b,0x8b,0x8b,0xff,0x5d,0x5d,0x5d,0xff,0x7c,0x7c,0x7c,0xff,0x76,0x76,0x76,0xff,
    0x88,0x88,0x88,0xff,0x54,0x54,0x54,0xff,0x69,0x69,0x69,0xff,0x6c,0x6c,0x6c,0xff,
    0x4a,0x4a,0x4a,0xff,0x4f,0x4f,0x4f,0xff,0x88,0x88,0x88,0xff,0xaa,0xaa,0xaa,0xff,
    0xab,0xab,0xab,0xff,0x8b,0x8b,0x8b,0xff,0x89,0x89,0x89,0xff,0x90,0x90,0x90,0xff,
    0x95,0x95,0x95,0xff,0xa1,0xa1,0xa1,0xef,0x2f,0x2f,0x2f,0x27,0x00,0x00,0x00,0x00,
    0x00,0x00,0x00,0x00,0x00,0x00,0x00,0x00,0x00,0x00,0x00,0x00,0x00,0x00,0x00,0x00,
    0x00,0x00,0x00,0x00,0x00,0x00,0x00,0x00,0x00,0x00,0x00,0x00,0x00,0x00,0x00,0x00,
    0x00,0x00,0x00,0x00,0x00,0x00,0x00,0x00,0x60,0x60,0x60,0x6b,0x9d,0x9d,0x9d,0xff,
    0x77,0x77,0x77,0xff,0x73,0x73,0x73,0xff,0x69,0x69,0x69,0xff,0x7c,0x7c,0x7c,0xff,
    0xaf,0xaf,0xaf,0xff,0xcc,0xcc,0xcc,0xff,0xd9,0xd9,0xd9,0xff,0xb2,0xb2,0xb2,0xff,
    0x96,0x96,0x96,0xff,0xa2,0xa2,0xa2,0xff,0x9a,0x9a,0x9a,0xff,0xa6,0xa6,0xa6,0xff,
    0x9d,0x9d,0x9d,0xff,0x8e,0x8e,0x8e,0xff,0x88,0x88,0x88,0xff,0xaa,0xaa,0xaa,0xff,
    0xb7,0xb7,0xb7,0xff,0x72,0x72,0x72,0xff,0x3e,0x3e,0x3e,0xff,0x35,0x35,0x35,0xff,
    0x35,0x35,0x35,0xff,0x40,0x40,0x40,0xff,0x32,0x32,0x32,0xff,0x30,0x30,0x30,0xff,
    0x2d,0x2d,0x2d,0xff,0x2f,0x2f,0x2f,0xff,0x2d,0x2d,0x2d,0xff,0x30,0x30,0x30,0xff,
    0x48,0x48,0x48,0xff,0x62,0x62,0x62,0xff,0x6a,0x6a,0x6a,0xff,0x4c,0x4c,0x4c,0xff,
    0x5c,0x5c,0x5c,0xff,0x35,0x35,0x35,0xff,0x3f,0x3f,0x3f,0xff,0x76,0x76,0x76,0xff,
    0x6e,0x6e,0x6e,0xff,0x4a,0x4a,0x4a,0xff,0x64,0x64,0x64,0xff,0x5a,0x5a,0x5a,0xff,
    0x4c,0x4c,0x4c,0xff,0x3d,0x3d,0x3d,0xff,0x47,0x47,0x47,0xff,0x73,0x73,0x73,0xff,
    0x5c,0x5c,0x5c,0xff,0x50,0x50,0x50,0xff,0x42,0x42,0x42,0xff,0x47,0x47,0x47,0xff,
    0x4f,0x4f,0x4f,0xff,0x45,0x45,0x45,0xff,0x62,0x62,0x62,0xff,0x77,0x77,0x77,0xff,
    0x6a,0x6a,0x6a,0xff,0x96,0x96,0x96,0xff,0xab,0xab,0xab,0xff,0xb8,0xb8,0xb8,0xff,
    0xb8,0xb8,0xb8,0xff,0xc5,0xc5,0xc5,0xff,0xaf,0xaf,0xaf,0xff,0xa3,0xa3,0xa3,0xff,
    0xb5,0xb5,0xb5,0xff,0xb2,0xb2,0xb2,0xff,0xad,0xad,0xad,0xff,0xaa,0xaa,0xaa,0xff,
    0xa2,0xa2,0xa2,0xff,0x95,0x95,0x95,0xff,0x91,0x91,0x91,0xff,0x99,0x99,0x99,0xff,
    0x9d,0x9d,0x9d,0xff,0xa0,0xa0,0xa0,0xff,0xb8,0xb8,0xb8,0xff,0xa5,0xa5,0xa5,0xff,
    0xb7,0xb7,0xb7,0xff,0xbc,0xbc,0xbc,0xff,0xbd,0xbd,0xbd,0xff,0xc0,0xc0,0xc0,0xff,
    0xab,0xab,0xab,0xff,0x9b,0x9b,0x9b,0xff,0x9e,0x9e,0x9e,0xff,0x96,0x96,0x96,0xff,
    0x90,0x90,0x90,0xff,0x91,0x91,0x91,0xff,0xa3,0xa3,0xa3,0xff,0xaa,0xaa,0xaa,0xff,
    0xb2,0xb2,0xb2,0xff,0xbf,0xbf,0xbf,0xff,0xc7,0xc7,0xc7,0xff,0xda,0xda,0xda,0xff,
    0xa8,0xa8,0xa8,0xff,0xa0,0xa0,0xa0,0xff,0x77,0x77,0x77,0xff,0x76,0x76,0x76,0xff,
    0x93,0x93,0x93,0xff,0xa0,0xa0,0xa0,0xff,0xba,0xba,0xba,0xff,0x93,0x93,0x93,0xff,
    0x5d,0x5d,0x5d,0xff,0x52,0x52,0x52,0xff,0x84,0x84,0x84,0xff,0x90,0x90,0x90,0xff,
    0x6c,0x6c,0x6c,0xff,0x77,0x77,0x77,0xff,0x86,0x86,0x86,0xff,0x7e,0x7e,0x7e,0xff,
    0x62,0x62,0x62,0xff,0x74,0x74,0x74,0xff,0x88,0x88,0x88,0xff,0xaf,0xaf,0xaf,0xff,
    0xad,0xad,0xad,0xff,0x88,0x88,0x88,0xff,0x91,0x91,0x91,0xff,0x8d,0x8d,0x8d,0xff,
    0x9b,0x9b,0x9b,0xff,0x7f,0x7f,0x7f,0x9b,0x00,0x00,0x00,0x00,0x00,0x00,0x00,0x00,
    0x00,0x00,0x00,0x00,0x00,0x00,0x00,0x00,0x00,0x00,0x00,0x00,0x00,0x00,0x00,0x00,
    0x00,0x00,0x00,0x00,0x00,0x00,0x00,0x00,0x00,0x00,0x00,0x00,0x00,0x00,0x00,0x00,
    0x00,0x00,0x00,0x00,0x00,0x00,0x00,0x00,0x00,0x00,0x00,0x00,0x8b,0x8b,0x8b,0xef,
    0x88,0x88,0x88,0xff,0x74,0x74,0x74,0xff,0x74,0x74,0x74,0xff,0x8b,0x8b,0x8b,0xff,
    0x83,0x83,0x83,0xff,0xb0,0xb0,0xb0,0xff,0xd4,0xd4,0xd4,0xff,0xb8,0xb8,0xb8,0xff,
    0x9a,0x9a,0x9a,0xff,0xa5,0xa5,0xa5,0xff,0x95,0x95,0x95,0xff,0xab,0xab,0xab,0xff,
    0xaa,0xaa,0xaa,0xff,0x9e,0x9e,0x9e,0xff,0x8e,0x8e,0x8e,0xff,0x50,0x50,0x50,0xff,
    0xb2,0xb2,0xb2,0xff,0x6a,0x6a,0x6a,0xff,0x3b,0x3b,0x3b,0xff,0x3b,0x3b,0x3b,0xff,
    0x3a,0x3a,0x3a,0xff,0x3b,0x3b,0x3b,0xff,0x33,0x33,0x33,0xff,0x32,0x32,0x32,0xff,
    0x30,0x30,0x30,0xff,0x31,0x31,0x31,0xff,0x30,0x30,0x30,0xff,0x2e,0x2e,0x2e,0xff,
    0x38,0x38,0x38,0xff,0x3f,0x3f,0x3f,0xff,0x55,0x55,0x55,0xff,0x5c,0x5c,0x5c,0xff,
    0x42,0x42,0x42,0xff,0x40,0x40,0x40,0xff,0x3b,0x3b,0x3b,0xff,0x64,0x64,0x64,0xff,
    0x8c,0x8c,0x8c,0xff,0x58,0x58,0x58,0xff,0x54,0x54,0x54,0xff,0x48,0x48,0x48,0xff,
    0x43,0x43,0x43,0xff,0x42,0x42,0x42,0xff,0x40,0x40,0x40,0xff,0x42,0x42,0x42,0xff,
    0x43,0x43,0x43,0xff,0x4c,0x4c,0x4c,0xff,0x42,0x42,0x42,0xff,0x45,0x45,0x45,0xff,
    0x4a,0x4a,0x4a,0xff,0x43,0x43,0x43,0xff,0x58,0x58,0x58,0xff,0x62,0x62,0x62,0xff,
    0x62,0x62,0x62,0xff,0x79,0x79,0x79,0xff,0x98,0x98,0x98,0xff,0xbd,0xbd,0xbd,0xff,
    0xb8,0xb8,0xb8,0xff,0xb5,0xb5,0xb5,0xff,0x9d,0x9d,0x9d,0xff,0xaa,0xaa,0xaa,0xff,
    0xa8,0xa8,0xa8,0xff,0xb2,0xb2,0xb2,0xff,0xca,0xca,0xca,0xff,0xc2,0xc2,0xc2,0xff,
    0x93,0x93,0x93,0xff,0x89,0x89,0x89,0xff,0x8b,0x8b,0x8b,0xff,0xa2,0xa2,0xa2,0xff,
    0x9b,0x9b,0x9b,0xff,0xb0,0xb0,0xb0,0xff,0xa8,0xa8,0xa8,0xff,0xb2,0xb2,0xb2,0xff,
    0xa7,0xa7,0xa7,0xff,0xd4,0xd4,0xd4,0xff,0xb8,0xb8,0xb8,0xff,0xba,0xba,0xba,0xff,
    0xb8,0xb8,0xb8,0xff,0x8e,0x8e,0x8e,0xff,0xa0,0xa0,0xa0,0xff,0x93,0x93,0x93,0xff,
    0x9b,0x9b,0x9b,0xff,0x95,0x95,0x95,0xff,0x96,0x96,0x96,0xff,0xbc,0xbc,0xbc,0xff,
    0xbf,0xbf,0xbf,0xff,0xc9,0xc9,0xc9,0xff,0xe3,0xe3,0xe3,0xff,0xbf,0xbf,0xbf,0xff,
    0x9d,0x9d,0x9d,0xff,0x91,0x91,0x91,0xff,0x88,0x88,0x88,0xff,0x9a,0x9a,0x9a,0xff,
    0x96,0x96,0x96,0xff,0x86,0x86,0x86,0xff,0xa8,0xa8,0xa8,0xff,0x89,0x89,0x89,0xff,
    0x57,0x57,0x57,0xff,0x6c,0x6c,0x6c,0xff,0x8d,0x8d,0x8d,0xff,0x81,0x81,0x81,0xff,
    0x89,0x89,0x89,0xff,0x96,0x96,0x96,0xff,0x84,0x84,0x84,0xff,0x7b,0x7b,0x7b,0xff,
    0x79,0x79,0x79,0xff,0x89,0x89,0x89,0xff,0x8b,0x8b,0x8b,0xff,0x98,0x98,0x98,0xff,
    0x9b,0x9b,0x9b,0xff,0x86,0x86,0x86,0xff,0x84,0x84,0x84,0xff,0x8e,0x8e,0x8e,0xff,
    0x98,0x98,0x98,0xfb,0x3a,0x3a,0x3a,0x3f,0x00,0x00,0x00,0x00,0x00,0x00,0x00,0x00,
    0x00,0x00,0x00,0x00,0x00,0x00,0x00,0x00,0x00,0x00,0x00,0x00,0x00,0x00,0x00,0x00,
    0x00,0x00,0x00,0x00,0x00,0x00,0x00,0x00,0x00,0x00,0x00,0x00,0x00,0x00,0x00,0x00,
    0x00,0x00,0x00,0x00,0x00,0x00,0x00,0x00,0x00,0x00,0x00,0x00,0x74,0x74,0x74,0x87,
    0x91,0x91,0x91,0xff,0x8e,0x8e,0x8e,0xff,0x84,0x84,0x84,0xff,0x79,0x79,0x79,0xff,
    0x74,0x74,0x74,0xff,0x89,0x89,0x89,0xff,0xa2,0xa2,0xa2,0xff,0xab,0xab,0xab,0xff,
    0x95,0x95,0x95,0xff,0x86,0x86,0x86,0xff,0x8d,0x8d,0x8d,0xff,0x83,0x83,0x83,0xff,
    0x9d,0x9d,0x9d,0xff,0xbd,0xbd,0xbd,0xff,0xaf,0xaf,0xaf,0xff,0xa2,0xa2,0xa2,0xff,
    0x6a,0x6a,0x6a,0xff,0x81,0x81,0x81,0xff,0x3e,0x3e,0x3e,0xff,0x36,0x36,0x36,0xff,
    0x3e,0x3e,0x3e,0xff,0x38,0x38,0x38,0xff,0x33,0x33,0x33,0xff,0x33,0x33,0x33,0xff,
    0x30,0x30,0x30,0xff,0x36,0x36,0x36,0xff,0x32,0x32,0x32,0xff,0x3d,0x3d,0x3d,0xff,
    0x42,0x42,0x42,0xff,0x3d,0x3d,0x3d,0xff,0x4f,0x4f,0x4f,0xff,0x79,0x79,0x79,0xff,
    0x98,0x98,0x98,0xff,0x4f,0x4f,0x4f,0xff,0x35,0x35,0x35,0xff,0x3e,0x3e,0x3e,0xff,
    0x55,0x55,0x55,0xff,0x6e,0x6e,0x6e,0xff,0x50,0x50,0x50,0xff,0x62,0x62,0x62,0xff,
    0x47,0x47,0x47,0xff,0x42,0x42,0x42,0xff,0x43,0x43,0x43,0xff,0x40,0x40,0x40,0xff,
    0x40,0x40,0x40,0xff,0x45,0x45,0x45,0xff,0x47,0x47,0x47,0xff,0x43,0x43,0x43,0xff,
    0x4d,0x4d,0x4d,0xff,0x4a,0x4a,0x4a,0xff,0x45,0x45,0x45,0xff,0x5a,0x5a,0x5a,0xff,
    0x65,0x65,0x65,0xff,0x89,0x89,0x89,0xff,0xb4,0xb4,0xb4,0xff,0xc9,0xc9,0xc9,0xff,
    0xb7,0xb7,0xb7,0xff,0xa3,0xa3,0xa3,0xff,0x93,0x93,0x93,0xff,0xa8,0xa8,0xa8,0xff,
    0xc2,0xc2,0xc2,0xff,0xd4,0xd4,0xd4,0xff,0xcd,0xcd,0xcd,0xff,0xb5,0xb5,0xb5,0xff,
    0x99,0x99,0x99,0xff,0x9d,0x9d,0x9d,0xff,0x9d,0x9d,0x9d,0xff,0xa8,0xa8,0xa8,0xff,
    0xc7,0xc7,0xc7,0xff,0xb4,0xb4,0xb4,0xff,0xaf,0xaf,0xaf,0xff,0xb8,0xb8,0xb8,0xff,
    0xb5,0xb5,0xb5,0xff,0xc0,0xc0,0xc0,0xff,0xb0,0xb0,0xb0,0xff,0xa5,0xa5,0xa5,0xff,
    0x9b,0x9b,0x9b,0xff,0x95,0x95,0x95,0xff,0x7f,0x7f,0x7f,0xff,0x7c,0x7c,0x7c,0xff,
    0x9d,0x9d,0x9d,0xff,0xa0,0xa0,0xa0,0xff,0xa7,0xa7,0xa7,0xff,0xcc,0xcc,0xcc,0xff,
    0xd4,0xd4,0xd4,0xff,0xd1,0xd1,0xd1,0xff,0xc1,0xc1,0xc1,0xff,0xa3,0xa3,0xa3,0xff,
    0x8e,0x8e,0x8e,0xff,0x86,0x86,0x86,0xff,0x86,0x86,0x86,0xff,0xa2,0xa2,0xa2,0xff,
    0x89,0x89,0x89,0xff,0x8d,0x8d,0x8d,0xff,0x86,0x86,0x86,0xff,0x6c,0x6c,0x6c,0xff,
    0x90,0x90,0x90,0xff,0x9d,0x9d,0x9d,0xff,0x9a,0x9a,0x9a,0xff,0x81,0x81,0x81,0xff,
    0x98,0x98,0x98,0xff,0xa3,0xa3,0xa3,0xff,0x90,0x90,0x90,0xff,0x93,0x93,0x93,0xff,
    0x7e,0x7e,0x7e,0xff,0x86,0x86,0x86,0xff,0x88,0x88,0x88,0xff,0x9a,0x9a,0x9a,0xff,
    0xa2,0xa2,0xa2,0xff,0x93,0x93,0x93,0xff,0x98,0x98,0x98,0xff,0x99,0x99,0x99,0xff,
    0x6f,0x6f,0x6f,0xa7,0x00,0x00,0x00,0x00,0x00,0x00,0x00,0x00,0x00,0x00,0x00,0x00,
    0x00,0x00,0x00,0x00,0x00,0x00,0x00,0x00,0x00,0x00,0x00,0x00,0x00,0x00,0x00,0x00,
    0x00,0x00,0x00,0x00,0x00,0x00,0x00,0x00,0x00,0x00,0x00,0x00,0x00,0x00,0x00,0x00,
    0x00,0x00,0x00,0x00,0x00,0x00,0x00,0x00,0x00,0x00,0x00,0x00,0x21,0x21,0x21,0x0f,
    0x95,0x95,0x95,0xf3,0x95,0x95,0x95,0xff,0x7e,0x7e,0x7e,0xff,0x6e,0x6e,0x6e,0xff,
    0x6a,0x6a,0x6a,0xff,0x50,0x50,0x50,0xff,0x6a,0x6a,0x6a,0xff,0x9d,0x9d,0x9d,0xff,
    0x88,0x88,0x88,0xff,0x7e,0x7e,0x7e,0xff,0x80,0x80,0x80,0xff,0x98,0x98,0x98,0xff,
    0xa6,0xa6,0xa6,0xff,0xc7,0xc7,0xc7,0xff,0xaf,0xaf,0xaf,0xff,0xab,0xab,0xab,0xff,
    0x84,0x84,0x84,0xff,0x7b,0x7b,0x7b,0xff,0x5f,0x5f,0x5f,0xff,0x30,0x30,0x30,0xff,
    0x3a,0x3a,0x3a,0xff,0x38,0x38,0x38,0xff,0x32,0x32,0x32,0xff,0x2e,0x2e,0x2e,0xff,
    0x32,0x32,0x32,0xff,0x32,0x32,0x32,0xff,0x36,0x36,0x36,0xff,0x43,0x43,0x43,0xff,
    0x73,0x73,0x73,0xff,0x6e,0x6e,0x6e,0xff,0x54,0x54,0x54,0xff,0x5c,0x5c,0x5c,0xff,
    0x95,0x95,0x95,0xff,0x52,0x52,0x52,0xff,0x3a,0x3a,0x3a,0xff,0x3d,0x3d,0x3d,0xff,
    0x45,0x45,0x45,0xff,0x7c,0x7c,0x7c,0xff,0x54,0x54,0x54,0xff,0x55,0x55,0x55,0xff,
    0x4d,0x4d,0x4d,0xff,0x3d,0x3d,0x3d,0xff,0x3b,0x3b,0x3b,0xff,0x3f,0x3f,0x3f,0xff,
    0x42,0x42,0x42,0xff,0x4f,0x4f,0x4f,0xff,0x45,0x45,0x45,0xff,0x3d,0x3d,0x3d,0xff,
    0x45,0x45,0x45,0xff,0x40,0x40,0x40,0xff,0x45,0x45,0x45,0xff,0x57,0x57,0x57,0xff,
    0x64,0x64,0x64,0xff,0x90,0x90,0x90,0xff,0xb5,0xb5,0xb5,0xff,0xc0,0xc0,0xc0,0xff,
    0xbd,0xbd,0xbd,0xff,0xa6,0xa6,0xa6,0xff,0x9d,0x9d,0x9d,0xff,0xb4,0xb4,0xb4,0xff,
    0xda,0xda,0xda,0xff,0xe1,0xe1,0xe1,0xff,0xbf,0xbf,0xbf,0xff,0x8e,0x8e,0x8e,0xff,
    0x8c,0x8c,0x8c,0xff,0x96,0x96,0x96,0xff,0xab,0xab,0xab,0xff,0xbf,0xbf,0xbf,0xff,
    0xcf,0xcf,0xcf,0xff,0xc5,0xc5,0xc5,0xff,0xca,0xca,0xca,0xff,0xc4,0xc4,0xc4,0xff,
    0xc9,0xc9,0xc9,0xff,0xaf,0xaf,0xaf,0xff,0xb2,0xb2,0xb2,0xff,0x98,0x98,0x98,0xff,
    0xa3,0xa3,0xa3,0xff,0x83,0x83,0x83,0xff,0x83,0x83,0x83,0xff,0x93,0x93,0x93,0xff,
    0xa2,0xa2,0xa2,0xff,0xaf,0xaf,0xaf,0xff,0xc4,0xc4,0xc4,0xff,0xe3,0xe3,0xe3,0xff,
    0xd2,0xd2,0xd2,0xff,0xc1,0xc1,0xc1,0xff,0xaa,0xaa,0xaa,0xff,0xa0,0xa0,0xa0,0xff,
    0x9b,0x9b,0x9b,0xff,0x96,0x96,0x96,0xff,0xa5,0xa5,0xa5,0xff,0xa5,0xa5,0xa5,0xff,
    0x89,0x89,0x89,0xff,0x9a,0x9a,0x9a,0xff,0x6f,0x6f,0x6f,0xff,0x6c,0x6c,0x6c,0xff,
    0xa2,0xa2,0xa2,0xff,0x98,0x98,0x98,0xff,0x98,0x98,0x98,0xff,0x96,0x96,0x96,0xff,
    0xaa,0xaa,0xaa,0xff,0x9d,0x9d,0x9d,0xff,0xa8,0xa8,0xa8,0xff,0x96,0x96,0x96,0xff,
    0x7f,0x7f,0x7f,0xff,0x8b,0x8b,0x8b,0xff,0x95,0x95,0x95,0xff,0xad,0xad,0xad,0xff,
    0x9e,0x9e,0x9e,0xff,0x98,0x98,0x98,0xff,0x89,0x89,0x89,0xff,0x88,0x88,0x88,0xf7,
    0x3c,0x3c,0x3c,0x23,0x00,0x00,0x00,0x00,0x00,0x00,0x00,0x00,0x00,0x00,0x00,0x00,
    0x00,0x00,0x00,0x00,0x00,0x00,0x00,0x00,0x00,0x00,0x00,0x00,0x00,0x00,0x00,0x00,
    0x00,0x00,0x00,0x00,0x00,0x00,0x00,0x00,0x00,0x00,0x00,0x00,0x00,0x00,0x00,0x00,
    0x00,0x00,0x00,0x00,0x00,0x00,0x00,0x00,0x00,0x00,0x00,0x00,0x00,0x00,0x00,0x00,
    0x72,0x72,0x72,0xa3,0x91,0x91,0x91,0xff,0x7b,0x7b,0x7b,0xff,0x74,0x74,0x74,0xff,
    0x6f,0x6f,0x6f,0xff,0x6f,0x6f,0x6f,0xff,0x6a,0x6a,0x6a,0xff,0x71,0x71,0x71,0xff,
    0x93,0x93,0x93,0xff,0x84,0x84,0x84,0xff,0x8b,0x8b,0x8b,0xff,0x8b,0x8b,0x8b,0xff,
    0xb2,0xb2,0xb2,0xff,0xa2,0xa2,0xa2,0xff,0xd1,0xd1,0xd1,0xff,0xa8,0xa8,0xa8,0xff,
    0xb0,0xb0,0xb0,0xff,0x77,0x77,0x77,0xff,0x88,0x88,0x88,0xff,0x67,0x67,0x67,0xff,
    0x5c,0x5c,0x5c,0xff,0x64,0x64,0x64,0xff,0x2d,0x2d,0x2d,0xff,0x30,0x30,0x30,0xff,
    0x3f,0x3f,0x3f,0xff,0x3b,0x3b,0x3b,0xff,0x3b,0x3b,0x3b,0xff,0x3b,0x3b,0x3b,0xff,
    0x5c,0x5c,0x5c,0xff,0x96,0x96,0x96,0xff,0x79,0x79,0x79,0xff,0x76,0x76,0x76,0xff,
    0x76,0x76,0x76,0xff,0x57,0x57,0x57,0xff,0x45,0x45,0x45,0xff,0x3f,0x3f,0x3f,0xff,
    0x3b,0x3b,0x3b,0xff,0x5d,0x5d,0x5d,0xff,0x81,0x81,0x81,0xff,0x4f,0x4f,0x4f,0xff,
    0x62,0x62,0x62,0xff,0x42,0x42,0x42,0xff,0x40,0x40,0x40,0xff,0x43,0x43,0x43,0xff,
    0x48,0x48,0x48,0xff,0x52,0x52,0x52,0xff,0x47,0x47,0x47,0xff,0x40,0x40,0x40,0xff,
    0x55,0x55,0x55,0xff,0x48,0x48,0x48,0xff,0x67,0x67,0x67,0xff,0x62,0x62,0x62,0xff,
    0x6c,0x6c,0x6c,0xff,0xa2,0xa2,0xa2,0xff,0xaa,0xaa,0xaa,0xff,0xc5,0xc5,0xc5,0xff,
    0xca,0xca,0xca,0xff,0xaf,0xaf,0xaf,0xff,0xca,0xca,0xca,0xff,0xd1,0xd1,0xd1,0xff,
    0xc7,0xc7,0xc7,0xff,0xd9,0xd9,0xd9,0xff,0xbf,0xbf,0xbf,0xff,0xba,0xba,0xba,0xff,
    0xa0,0xa0,0xa0,0xff,0x98,0x98,0x98,0xff,0xc2,0xc2,0xc2,0xff,0xb8,0xb8,0xb8,0xff,
    0xda,0xda,0xda,0xff,0xd2,0xd2,0xd2,0xff,0xd6,0xd6,0xd6,0xff,0xad,0xad,0xad,0xff,
    0xb0,0xb0,0xb0,0xff,0x91,0x91,0x91,0xff,0x7e,0x7e,0x7e,0xff,0x9e,0x9e,0x9e,0xff,
    0x98,0x98,0x98,0xff,0x8c,0x8c,0x8c,0xff,0x95,0x95,0x95,0xff,0xa2,0xa2,0xa2,0xff,
    0x98,0x98,0x98,0xff,0xb2,0xb2,0xb2,0xff,0xc7,0xc7,0xc7,0xff,0xcd,0xcd,0xcd,0xff,
    0xa8,0xa8,0xa8,0xff,0xb4,0xb4,0xb4,0xff,0xaa,0xaa,0xaa,0xff,0xa8,0xa8,0xa8,0xff,
    0xa5,0xa5,0xa5,0xff,0xb5,0xb5,0xb5,0xff,0xb3,0xb3,0xb3,0xff,0x99,0x99,0x99,0xff,
    0x9b,0x9b,0x9b,0xff,0x81,0x81,0x81,0xff,0x7e,0x7e,0x7e,0xff,0x74,0x74,0x74,0xff,
    0x9d,0x9d,0x9d,0xff,0x91,0x91,0x91,0xff,0x9e,0x9e,0x9e,0xff,0x9a,0x9a,0x9a,0xff,
    0xa0,0xa0,0xa0,0xff,0xa5,0xa5,0xa5,0xff,0xad,0xad,0xad,0xff,0x9d,0x9d,0x9d,0xff,
    0x8b,0x8b,0x8b,0xff,0xa2,0xa2,0xa2,0xff,0xa3,0xa3,0xa3,0xff,0xad,0xad,0xad,0xff,
    0xa0,0xa0,0xa0,0xff,0xa6,0xa6,0xa6,0xff,0x83,0x83,0x83,0xff,0x76,0x76,0x76,0x9f,
    0x00,0x00,0x00,0x00,0x00,0x00,0x00,0x00,0x00,0x00,0x00,0x00,0x00,0x00,0x00,0x00,
    0x00,0x00,0x00,0x00,0x00,0x00,0x00,0x00,0x00,0x00,0x00,0x00,0x00,0x00,0x00,0x00,
    0x00,0x00,0x00,0x00,0x00,0x00,0x00,0x00,0x00,0x00,0x00,0x00,0x00,0x00,0x00,0x00,
    0x00,0x00,0x00,0x00,0x00,0x00,0x00,0x00,0x00,0x00,0x00,0x00,0x00,0x00,0x00,0x00,
    0x35,0x35,0x35,0x2b,0x85,0x85,0x85,0xeb,0x8e,0x8e,0x8e,0xff,0x74,0x74,0x74,0xff,
    0x6e,0x6e,0x6e,0xff,0x66,0x66,0x66,0xff,0x73,0x73,0x73,0xff,0x6c,0x6c,0x6c,0xff,
    0x6e,0x6e,0x6e,0xff,0x91,0x91,0x91,0xff,0x83,0x83,0x83,0xff,0x80,0x80,0x80,0xff,
    0x84,0x84,0x84,0xff,0xa5,0xa5,0xa5,0xff,0xb8,0xb8,0xb8,0xff,0xba,0xba,0xba,0xff,
    0xaa,0xaa,0xaa,0xff,0xb8,0xb8,0xb8,0xff,0xa3,0xa3,0xa3,0xff,0xb7,0xb7,0xb7,0xff,
    0x6e,0x6e,0x6e,0xff,0x6c,0x6c,0x6c,0xff,0x62,0x62,0x62,0xff,0x3e,0x3e,0x3e,0xff,
    0x4f,0x4f,0x4f,0xff,0x47,0x47,0x47,0xff,0x55,0x55,0x55,0xff,0x54,0x54,0x54,0xff,
    0x74,0x74,0x74,0xff,0x93,0x93,0x93,0xff,0x98,0x98,0x98,0xff,0x7c,0x7c,0x7c,0xff,
    0x5d,0x5d,0x5d,0xff,0x58,0x58,0x58,0xff,0x57,0x57,0x57,0xff,0x62,0x62,0x62,0xff,
    0x55,0x55,0x55,0xff,0x6f,0x6f,0x6f,0xff,0xb0,0xb0,0xb0,0xff,0x7b,0x7b,0x7b,0xff,
    0x67,0x67,0x67,0xff,0x61,0x61,0x61,0xff,0x4f,0x4f,0x4f,0xff,0x6a,0x6a,0x6a,0xff,
    0x65,0x65,0x65,0xff,0x7c,0x7c,0x7c,0xff,0x6a,0x6a,0x6a,0xff,0x77,0x77,0x77,0xff,
    0x91,0x91,0x91,0xff,0x79,0x79,0x79,0xff,0x96,0x96,0x96,0xff,0x7e,0x7e,0x7e,0xff,
    0x96,0x96,0x96,0xff,0xc4,0xc4,0xc4,0xff,0xbd,0xbd,0xbd,0xff,0xd7,0xd7,0xd7,0xff,
    0xcf,0xcf,0xcf,0xff,0xc0,0xc0,0xc0,0xff,0xd9,0xd9,0xd9,0xff,0xdc,0xdc,0xdc,0xff,
    0xd2,0xd2,0xd2,0xff,0xbd,0xbd,0xbd,0xff,0xcc,0xcc,0xcc,0xff,0xd2,0xd2,0xd2,0xff,
    0xc0,0xc0,0xc0,0xff,0x9b,0x9b,0x9b,0xff,0xaf,0xaf,0xaf,0xff,0xb5,0xb5,0xb5,0xff,
    0xcf,0xcf,0xcf,0xff,0xc4,0xc4,0xc4,0xff,0xbc,0xbc,0xbc,0xff,0xa2,0xa2,0xa2,0xff,
    0xb0,0xb0,0xb0,0xff,0x8e,0x8e,0x8e,0xff,0x9a,0x9a,0x9a,0xff,0x8e,0x8e,0x8e,0xff,
    0x93,0x93,0x93,0xff,0xab,0xab,0xab,0xff,0xba,0xba,0xba,0xff,0xb8,0xb8,0xb8,0xff,
    0xc4,0xc4,0xc4,0xff,0xb2,0xb2,0xb2,0xff,0xaf,0xaf,0xaf,0xff,0xa7,0xa7,0xa7,0xff,
    0xa5,0xa5,0xa5,0xff,0xa2,0xa2,0xa2,0xff,0x9e,0x9e,0x9e,0xff,0xad,0xad,0xad,0xff,
    0xaf,0xaf,0xaf,0xff,0xaf,0xaf,0xaf,0xff,0x9d,0x9d,0x9d,0xff,0x9b,0x9b,0x9b,0xff,
    0x8e,0x8e,0x8e,0xff,0x88,0x88,0x88,0xff,0x88,0x88,0x88,0xff,0x79,0x79,0x79,0xff,
    0x8b,0x8b,0x8b,0xff,0x9a,0x9a,0x9a,0xff,0xa2,0xa2,0xa2,0xff,0xb4,0xb4,0xb4,0xff,
    0xa7,0xa7,0xa7,0xff,0xaa,0xaa,0xaa,0xff,0xbc,0xbc,0xbc,0xff,0xb8,0xb8,0xb8,0xff,
    0xa8,0xa8,0xa8,0xff,0xb5,0xb5,0xb5,0xff,0xaa,0xaa,0xaa,0xff,0xaa,0xaa,0xaa,0xff,
    0xa5,0xa5,0xa5,0xff,0x91,0x91,0x91,0xff,0x8a,0x8a,0x8a,0xf3,0x43,0x43,0x43,0x33,
    0x00,0x00,0x00,0x00,0x00,0x00,0x00,0x00,0x00,0x00,0x00,0x00,0x00,0x00,0x00,0x00,
    0x00,0x00,0x00,0x00,0x00,0x00,0x00,0x00,0x00,0x00,0x00,0x00,0x00,0x00,0x00,0x00,
    0x00,0x00,0x00,0x00,0x00,0x00,0x00,0x00,0x00,0x00,0x00,0x00,0x00,0x00,0x00,0x00,
    0x00,0x00,0x00,0x00,0x00,0x00,0x00,0x00,0x00,0x00,0x00,0x00,0x00,0x00,0x00,0x00,
    0x00,0x00,0x00,0x00,0x51,0x51,0x51,0x73,0x89,0x89,0x89,0xff,0x81,0x81,0x81,0xff,
    0x7b,0x7b,0x7b,0xff,0x6e,0x6e,0x6e,0xff,0x71,0x71,0x71,0xff,0x72,0x72,0x72,0xff,
    0x6a,0x6a,0x6a,0xff,0x6f,0x6f,0x6f,0xff,0xa0,0xa0,0xa0,0xff,0x86,0x86,0x86,0xff,
    0x8c,0x8c,0x8c,0xff,0xa5,0xa5,0xa5,0xff,0xad,0xad,0xad,0xff,0xbc,0xbc,0xbc,0xff,
    0xbd,0xbd,0xbd,0xff,0xc0,0xc0,0xc0,0xff,0xb0,0xb0,0xb0,0xff,0xa8,0xa8,0xa8,0xff,
    0x6c,0x6c,0x6c,0xff,0x52,0x52,0x52,0xff,0x79,0x79,0x79,0xff,0x45,0x45,0x45,0xff,
    0x4d,0x4d,0x4d,0xff,0x8e,0x8e,0x8e,0xff,0x6e,0x6e,0x6e,0xff,0x74,0x74,0x74,0xff,
    0x8b,0x8b,0x8b,0xff,0xa3,0xa3,0xa3,0xff,0xc0,0xc0,0xc0,0xff,0x54,0x54,0x54,0xff,
    0x42,0x42,0x42,0xff,0x4f,0x4f,0x4f,0xff,0x76,0x76,0x76,0xff,0x7e,0x7e,0x7e,0xff,
    0x80,0x80,0x80,0xff,0x6f,0x6f,0x6f,0xff,0x9e,0x9e,0x9e,0xff,0xb7,0xb7,0xb7,0xff,
    0x69,0x69,0x69,0xff,0x7b,0x7b,0x7b,0xff,0x6c,0x6c,0x6c,0xff,0x8b,0x8b,0x8b,0xff,
    0x81,0x81,0x81,0xff,0x6f,0x6f,0x6f,0xff,0x6a,0x6a,0x6a,0xff,0x67,0x67,0x67,0xff,
    0xa0,0xa0,0xa0,0xff,0xad,0xad,0xad,0xff,0xad,0xad,0xad,0xff,0xb8,0xb8,0xb8,0xff,
    0xbc,0xbc,0xbc,0xff,0xdb,0xdb,0xdb,0xff,0xd7,0xd7,0xd7,0xff,0xd2,0xd2,0xd2,0xff,
    0xd7,0xd7,0xd7,0xff,0xc4,0xc4,0xc4,0xff,0xcc,0xcc,0xcc,0xff,0xd6,0xd6,0xd6,0xff,
    0xc9,0xc9,0xc9,0xff,0xdc,0xdc,0xdc,0xff,0xd9,0xd9,0xd9,0xff,0xc7,0xc7,0xc7,0xff,
    0xb5,0xb5,0xb5,0xff,0xad,0xad,0xad,0xff,0xc5,0xc5,0xc5,0xff,0xb0,0xb0,0xb0,0xff,
    0xad,0xad,0xad,0xff,0xaf,0xaf,0xaf,0xff,0xb3,0xb3,0xb3,0xff,0xa2,0xa2,0xa2,0xff,
    0x89,0x89,0x89,0xff,0x8e,0x8e,0x8e,0xff,0x9d,0x9d,0x9d,0xff,0x91,0x91,0x91,0xff,
    0x9e,0x9e,0x9e,0xff,0xab,0xab,0xab,0xff,0xd7,0xd7,0xd7,0xff,0xde,0xde,0xde,0xff,
    0xb7,0xb7,0xb7,0xff,0x98,0x98,0x98,0xff,0xa6,0xa6,0xa6,0xff,0x9d,0x9d,0x9d,0xff,
    0x9b,0x9b,0x9b,0xff,0x9b,0x9b,0x9b,0xff,0xa5,0xa5,0xa5,0xff,0xa8,0xa8,0xa8,0xff,
    0xb0,0xb0,0xb0,0xff,0x9b,0x9b,0x9b,0xff,0x91,0x91,0x91,0xff,0x89,0x89,0x89,0xff,
    0x83,0x83,0x83,0xff,0x81,0x81,0x81,0xff,0x8c,0x8c,0x8c,0xff,0x93,0x93,0x93,0xff,
    0x86,0x86,0x86,0xff,0x81,0x81,0x81,0xff,0xa7,0xa7,0xa7,0xff,0xb7,0xb7,0xb7,0xff,
    0xc2,0xc2,0xc2,0xff,0xb7,0xb7,0xb7,0xff,0xc5,0xc5,0xc5,0xff,0xbf,0xbf,0xbf,0xff,
    0x9d,0x9d,0x9d,0xff,0xad,0xad,0xad,0xff,0xa5,0xa5,0xa5,0xff,0x9a,0x9a,0x9a,0xff,
    0xa8,0xa8,0xa8,0xff,0x81,0x81,0x81,0xff,0x7b,0x7b,0x7b,0x83,0x00,0x00,0x00,0x00,
    0x00,0x00,0x00,0x00,0x00,0x00,0x00,0x00,0x00,0x00,0x00,0x00,0x00,0x00,0x00,0x00,
    0x00,0x00,0x00,0x00,0x00,0x00,0x00,0x00,0x00,0x00,0x00,0x00,0x00,0x00,0x00,0x00,
    0x00,0x00,0x00,0x00,0x00,0x00,0x00,0x00,0x00,0x00,0x00,0x00,0x00,0x00,0x00,0x00,
    0x00,0x00,0x00,0x00,0x00,0x00,0x00,0x00,0x00,0x00,0x00,0x00,0x00,0x00,0x00,0x00,
    0x00,0x00,0x00,0x00,0x00,0x00,0x00,0x00,0x76,0x76,0x76,0xc7,0x93,0x93,0x93,0xff,
    0x7b,0x7b,0x7b,0xff,0x73,0x73,0x73,0xff,0x62,0x62,0x62,0xff,0x79,0x79,0x79,0xff,
    0x6c,0x6c,0x6c,0xff,0x71,0x71,0x71,0xff,0x6a,0x6a,0x6a,0xff,0x98,0x98,0x98,0xff,
    0x7e,0x7e,0x7e,0xff,0x99,0x99,0x99,0xff,0xa2,0xa2,0xa2,0xff,0xb2,0xb2,0xb2,0xff,
    0xd2,0xd2,0xd2,0xff,0xd1,0xd1,0xd1,0xff,0xca,0xca,0xca,0xff,0xb8,0xb8,0xb8,0xff,
    0x9e,0x9e,0x9e,0xff,0x8b,0x8b,0x8b,0xff,0x83,0x83,0x83,0xff,0x7c,0x7c,0x7c,0xff,
    0x64,0x64,0x64,0xff,0x62,0x62,0x62,0xff,0x61,0x61,0x61,0xff,0x80,0x80,0x80,0xff,
    0x8e,0x8e,0x8e,0xff,0x7f,0x7f,0x7f,0xff,0x90,0x90,0x90,0xff,0x40,0x40,0x40,0xff,
    0x40,0x40,0x40,0xff,0x5f,0x5f,0x5f,0xff,0x84,0x84,0x84,0xff,0x90,0x90,0x90,0xff,
    0x84,0x84,0x84,0xff,0x79,0x79,0x79,0xff,0x95,0x95,0x95,0xff,0xd2,0xd2,0xd2,0xff,
    0xcf,0xcf,0xcf,0xff,0xaf,0xaf,0xaf,0xff,0xaa,0xaa,0xaa,0xff,0x81,0x81,0x81,0xff,
    0x9d,0x9d,0x9d,0xff,0x98,0x98,0x98,0xff,0x57,0x57,0x57,0xff,0x64,0x64,0x64,0xff,
    0xa5,0xa5,0xa5,0xff,0xb4,0xb4,0xb4,0xff,0xb7,0xb7,0xb7,0xff,0xc2,0xc2,0xc2,0xff,
    0xd4,0xd4,0xd4,0xff,0xde,0xde,0xde,0xff,0xda,0xda,0xda,0xff,0xd7,0xd7,0xd7,0xff,
    0xa8,0xa8,0xa8,0xff,0xa5,0xa5,0xa5,0xff,0xc7,0xc7,0xc7,0xff,0xd7,0xd7,0xd7,0xff,
    0xd6,0xd6,0xd6,0xff,0xc2,0xc2,0xc2,0xff,0xbf,0xbf,0xbf,0xff,0xbf,0xbf,0xbf,0xff,
    0xd6,0xd6,0xd6,0xff,0xcc,0xcc,0xcc,0xff,0xab,0xab,0xab,0xff,0xa5,0xa5,0xa5,0xff,
    0xab,0xab,0xab,0xff,0x9d,0x9d,0x9d,0xff,0x93,0x93,0x93,0xff,0x91,0x91,0x91,0xff,
    0x8c,0x8c,0x8c,0xff,0x98,0x98,0x98,0xff,0xb0,0xb0,0xb0,0xff,0x91,0x91,0x91,0xff,
    0xb2,0xb2,0xb2,0xff,0xbf,0xbf,0xbf,0xff,0xbd,0xbd,0xbd,0xff,0xaa,0xaa,0xaa,0xff,
    0xa1,0xa1,0xa1,0xff,0x88,0x88,0x88,0xff,0xa3,0xa3,0xa3,0xff,0xb3,0xb3,0xb3,0xff,
    0x9a,0x9a,0x9a,0xff,0xa0,0xa0,0xa0,0xff,0xa3,0xa3,0xa3,0xff,0xa3,0xa3,0xa3,0xff,
    0x9d,0x9d,0x9d,0xff,0x8b,0x8b,0x8b,0xff,0x84,0x84,0x84,0xff,0x83,0x83,0x83,0xff,
    0x9d,0x9d,0x9d,0xff,0x86,0x86,0x86,0xff,0x89,0x89,0x89,0xff,0x99,0x99,0x99,0xff,
    0x90,0x90,0x90,0xff,0x84,0x84,0x84,0xff,0xa0,0xa0,0xa0,0xff,0xc0,0xc0,0xc0,0xff,
    0xbd,0xbd,0xbd,0xff,0xc7,0xc7,0xc7,0xff,0xca,0xca,0xca,0xff,0xb0,0xb0,0xb0,0xff,
    0xa6,0xa6,0xa6,0xff,0xad,0xad,0xad,0xff,0x95,0x95,0x95,0xff,0xb5,0xb5,0xb5,0xff,
    0x7c,0x7c,0x7c,0xff,0x75,0x75,0x75,0xdf,0x25,0x25,0x25,0x27,0x00,0x00,0x00,0x00,
    0x00,0x00,0x00,0x00,0x00,0x00,0x00,0x00,0x00,0x00,0x00,0x00,0x00,0x00,0x00,0x00,
    0x00,0x00,0x00,0x00,0x00,0x00,0x00,0x00,0x00,0x00,0x00,0x00,0x00,0x00,0x00,0x00,
    0x00,0x00,0x00,0x00,0x00,0x00,0x00,0x00,0x00,0x00,0x00,0x00,0x00,0x00,0x00,0x00,
    0x00,0x00,0x00,0x00,0x00,0x00,0x00,0x00,0x00,0x00,0x00,0x00,0x00,0x00,0x00,0x00,
    0x00,0x00,0x00,0x00,0x00,0x00,0x00,0x00,0x35,0x35,0x35,0x47,0x86,0x86,0x86,0xf7,
    0x8e,0x8e,0x8e,0xff,0x76,0x76,0x76,0xff,0x73,0x73,0x73,0xff,0x7e,0x7e,0x7e,0xff,
    0x77,0x77,0x77,0xff,0x74,0x74,0x74,0xff,0x79,0x79,0x79,0xff,0x7e,0x7e,0x7e,0xff,
    0x6a,0x6a,0x6a,0xff,0x74,0x74,0x74,0xff,0x88,0x88,0x88,0xff,0x90,0x90,0x90,0xff,
    0xa6,0xa6,0xa6,0xff,0xb5,0xb5,0xb5,0xff,0xca,0xca,0xca,0xff,0xa5,0xa5,0xa5,0xff,
    0x84,0x84,0x84,0xff,0x77,0x77,0x77,0xff,0xa7,0xa7,0xa7,0xff,0x8b,0x8b,0x8b,0xff,
    0x80,0x80,0x80,0xff,0x77,0x77,0x77,0xff,0x5f,0x5f,0x5f,0xff,0x90,0x90,0x90,0xff,
    0x9a,0x9a,0x9a,0xff,0x7e,0x7e,0x7e,0xff,0x4a,0x4a,0x4a,0xff,0x3d,0x3d,0x3d,0xff,
    0x32,0x32,0x32,0xff,0x3d,0x3d,0x3d,0xff,0x42,0x42,0x42,0xff,0x48,0x48,0x48,0xff,
    0x4d,0x4d,0x4d,0xff,0x4d,0x4d,0x4d,0xff,0x73,0x73,0x73,0xff,0xba,0xba,0xba,0xff,
    0xda,0xda,0xda,0xff,0xba,0xba,0xba,0xff,0xc5,0xc5,0xc5,0xff,0xb0,0xb0,0xb0,0xff,
    0x9b,0x9b,0x9b,0xff,0xaa,0xaa,0xaa,0xff,0xa0,0xa0,0xa0,0xff,0xaf,0xaf,0xaf,0xff,
    0xb5,0xb5,0xb5,0xff,0xc1,0xc1,0xc1,0xff,0xca,0xca,0xca,0xff,0xdf,0xdf,0xdf,0xff,
    0xdc,0xdc,0xdc,0xff,0xdf,0xdf,0xdf,0xff,0xde,0xde,0xde,0xff,0xcf,0xcf,0xcf,0xff,
    0xd2,0xd2,0xd2,0xff,0xdb,0xdb,0xdb,0xff,0xe7,0xe7,0xe7,0xff,0xcf,0xcf,0xcf,0xff,
    0xcf,0xcf,0xcf,0xff,0xcf,0xcf,0xcf,0xff,0xd2,0xd2,0xd2,0xff,0xca,0xca,0xca,0xff,
    0xb2,0xb2,0xb2,0xff,0xb2,0xb2,0xb2,0xff,0xb5,0xb5,0xb5,0xff,0xb5,0xb5,0xb5,0xff,
    0x98,0x98,0x98,0xff,0x90,0x90,0x90,0xff,0x96,0x96,0x96,0xff,0x9d,0x9d,0x9d,0xff,
    0x93,0x93,0x93,0xff,0x93,0x93,0x93,0xff,0x9d,0x9d,0x9d,0xff,0x93,0x93,0x93,0xff,
    0xbf,0xbf,0xbf,0xff,0xb7,0xb7,0xb7,0xff,0xb0,0xb0,0xb0,0xff,0xb0,0xb0,0xb0,0xff,
    0x96,0x96,0x96,0xff,0x9e,0x9e,0x9e,0xff,0xaa,0xaa,0xaa,0xff,0xb2,0xb2,0xb2,0xff,
    0xab,0xab,0xab,0xff,0x93,0x93,0x93,0xff,0x95,0x95,0x95,0xff,0x95,0x95,0x95,0xff,
    0x8c,0x8c,0x8c,0xff,0x81,0x81,0x81,0xff,0x9b,0x9b,0x9b,0xff,0x9b,0x9b,0x9b,0xff,
    0xa5,0xa5,0xa5,0xff,0x8e,0x8e,0x8e,0xff,0x96,0x96,0x96,0xff,0x8c,0x8c,0x8c,0xff,
    0xa0,0xa0,0xa0,0xff,0x98,0x98,0x98,0xff,0x9b,0x9b,0x9b,0xff,0xb7,0xb7,0xb7,0xff,
    0xde,0xde,0xde,0xff,0xc5,0xc5,0xc5,0xff,0xbf,0xbf,0xbf,0xff,0xca,0xca,0xca,0xff,
    0xc1,0xc1,0xc1,0xff,0x91,0x91,0x91,0xff,0xba,0xba,0xba,0xff,0xa0,0xa0,0xa0,0xff,
    0x74,0x74,0x74,0xfb,0x4a,0x4a,0x4a,0x5b,0x00,0x00,0x00,0x00,0x00,0x00,0x00,0x00,
    0x00,0x00,0x00,0x00,0x00,0x00,0x00,0x00,0x00,0x00,0x00,0x00,0x00,0x00,0x00,0x00,
    0x00,0x00,0x00,0x00,0x00,0x00,0x00,0x00,0x00,0x00,0x00,0x00,0x00,0x00,0x00,0x00,
    0x00,0x00,0x00,0x00,0x00,0x00,0x00,0x00,0x00,0x00,0x00,0x00,0x00,0x00,0x00,0x00,
    0x00,0x00,0x00,0x00,0x00,0x00,0x00,0x00,0x00,0x00,0x00,0x00,0x00,0x00,0x00,0x00,
    0x00,0x00,0x00,0x00,0x00,0x00,0x00,0x00,0x00,0x00,0x00,0x00,0x75,0x75,0x75,0x97,
    0x91,0x91,0x91,0xff,0x7e,0x7e,0x7e,0xff,0x89,0x89,0x89,0xff,0x96,0x96,0x96,0xff,
    0x7c,0x7c,0x7c,0xff,0x6f,0x6f,0x6f,0xff,0x79,0x79,0x79,0xff,0x61,0x61,0x61,0xff,
    0x6e,0x6e,0x6e,0xff,0x5c,0x5c,0x5c,0xff,0x86,0x86,0x86,0xff,0x88,0x88,0x88,0xff,
    0x7c,0x7c,0x7c,0xff,0x89,0x89,0x89,0xff,0x81,0x81,0x81,0xff,0x88,0x88,0x88,0xff,
    0x99,0x99,0x99,0xff,0x5f,0x5f,0x5f,0xff,0x79,0x79,0x79,0xff,0x98,0x98,0x98,0xff,
    0x98,0x98,0x98,0xff,0xa0,0xa0,0xa0,0xff,0x90,0x90,0x90,0xff,0x7e,0x7e,0x7e,0xff,
    0x9a,0x9a,0x9a,0xff,0x9d,0x9d,0x9d,0xff,0x50,0x50,0x50,0xff,0x54,0x54,0x54,0xff,
    0x3a,0x3a,0x3a,0xff,0x5d,0x5d,0x5d,0xff,0x6e,0x6e,0x6e,0xff,0x52,0x52,0x52,0xff,
    0x42,0x42,0x42,0xff,0x57,0x57,0x57,0xff,0x93,0x93,0x93,0xff,0xaf,0xaf,0xaf,0xff,
    0xca,0xca,0xca,0xff,0xec,0xec,0xec,0xff,0xd1,0xd1,0xd1,0xff,0xcc,0xcc,0xcc,0xff,
    0xa3,0xa3,0xa3,0xff,0xb7,0xb7,0xb7,0xff,0xb0,0xb0,0xb0,0xff,0xb7,0xb7,0xb7,0xff,
    0xbc,0xbc,0xbc,0xff,0xd9,0xd9,0xd9,0xff,0xdc,0xdc,0xdc,0xff,0xde,0xde,0xde,0xff,
    0xd7,0xd7,0xd7,0xff,0xe7,0xe7,0xe7,0xff,0xe3,0xe3,0xe3,0xff,0xec,0xec,0xec,0xff,
    0xf1,0xf1,0xf1,0xff,0xe6,0xe6,0xe6,0xff,0xe4,0xe4,0xe4,0xff,0xcd,0xcd,0xcd,0xff,
    0xa3,0xa3,0xa3,0xff,0xc2,0xc2,0xc2,0xff,0xdc,0xdc,0xdc,0xff,0xca,0xca,0xca,0xff,
    0xcf,0xcf,0xcf,0xff,0xbf,0xbf,0xbf,0xff,0xbd,0xbd,0xbd,0xff,0xa3,0xa3,0xa3,0xff,
    0xb4,0xb4,0xb4,0xff,0xad,0xad,0xad,0xff,0x99,0x99,0x99,0xff,0x9a,0x9a,0x9a,0xff,
    0x9b,0x9b,0x9b,0xff,0x96,0x96,0x96,0xff,0xa6,0xa6,0xa6,0xff,0xc7,0xc7,0xc7,0xff,
    0xd2,0xd2,0xd2,0xff,0xca,0xca,0xca,0xff,0xa8,0xa8,0xa8,0xff,0xa2,0xa2,0xa2,0xff,
    0xb8,0xb8,0xb8,0xff,0xc4,0xc4,0xc4,0xff,0xbd,0xbd,0xbd,0xff,0xb2,0xb2,0xb2,0xff,
    0xad,0xad,0xad,0xff,0x9b,0x9b,0x9b,0xff,0x8e,0x8e,0x8e,0xff,0x89,0x89,0x89,0xff,
    0x84,0x84,0x84,0xff,0x7c,0x7c,0x7c,0xff,0x95,0x95,0x95,0xff,0xba,0xba,0xba,0xff,
    0xa3,0xa3,0xa3,0xff,0x88,0x88,0x88,0xff,0x88,0x88,0x88,0xff,0x86,0x86,0x86,0xff,
    0x88,0x88,0x88,0xff,0x8b,0x8b,0x8b,0xff,0xb8,0xb8,0xb8,0xff,0xe1,0xe1,0xe1,0xff,
    0xdf,0xdf,0xdf,0xff,0xb8,0xb8,0xb8,0xff,0xd9,0xd9,0xd9,0xff,0xcd,0xcd,0xcd,0xff,
    0xa3,0xa3,0xa3,0xff,0xb4,0xb4,0xb4,0xff,0xa3,0xa3,0xa3,0xff,0x91,0x91,0x91,0xff,
    0x6e,0x6e,0x6e,0x97,0x00,0x00,0x00,0x00,0x00,0x00,0x00,0x00,0x00,0x00,0x00,0x00,
    0x00,0x00,0x00,0x00,0x00,0x00,0x00,0x00,0x00,0x00,0x00,0x00,0x00,0x00,0x00,0x00,
    0x00,0x00,0x00,0x00,0x00,0x00,0x00,0x00,0x00,0x00,0x00,0x00,0x00,0x00,0x00,0x00,
    0x00,0x00,0x00,0x00,0x00,0x00,0x00,0x00,0x00,0x00,0x00,0x00,0x00,0x00,0x00,0x00,
    0x00,0x00,0x00,0x00,0x00,0x00,0x00,0x00,0x00,0x00,0x00,0x00,0x00,0x00,0x00,0x00,
    0x00,0x00,0x00,0x00,0x00,0x00,0x00,0x00,0x00,0x00,0x00,0x00,0x2f,0x2f,0x2f,0x17,
    0x8b,0x8b,0x8b,0xeb,0xa2,0xa2,0xa2,0xff,0x83,0x83,0x83,0xff,0x90,0x90,0x90,0xff,
    0x84,0x84,0x84,0xff,0x5a,0x5a,0x5a,0xff,0x67,0x67,0x67,0xff,0x67,0x67,0x67,0xff,
    0x90,0x90,0x90,0xff,0x93,0x93,0x93,0xff,0x8c,0x8c,0x8c,0xff,0x9a,0x9a,0x9a,0xff,
    0x93,0x93,0x93,0xff,0x8e,0x8e,0x8e,0xff,0x84,0x84,0x84,0xff,0x88,0x88,0x88,0xff,
    0x98,0x98,0x98,0xff,0x52,0x52,0x52,0xff,0x5a,0x5a,0x5a,0xff,0x7f,0x7f,0x7f,0xff,
    0x93,0x93,0x93,0xff,0x8b,0x8b,0x8b,0xff,0x98,0x98,0x98,0xff,0x98,0x98,0x98,0xff,
    0xa2,0xa2,0xa2,0xff,0x96,0x96,0x96,0xff,0x7c,0x7c,0x7c,0xff,0x36,0x36,0x36,0xff,
    0x3e,0x3e,0x3e,0xff,0x72,0x72,0x72,0xff,0x96,0x96,0x96,0xff,0x40,0x40,0x40,0xff,
    0x61,0x61,0x61,0xff,0x74,0x74,0x74,0xff,0x8b,0x8b,0x8b,0xff,0xb3,0xb3,0xb3,0xff,
    0xab,0xab,0xab,0xff,0xd1,0xd1,0xd1,0xff,0xd9,0xd9,0xd9,0xff,0xd1,0xd1,0xd1,0xff,
    0xb5,0xb5,0xb5,0xff,0x9b,0x9b,0x9b,0xff,0xcf,0xcf,0xcf,0xff,0xba,0xba,0xba,0xff,
    0xb0,0xb0,0xb0,0xff,0xd7,0xd7,0xd7,0xff,0xca,0xca,0xca,0xff,0xd7,0xd7,0xd7,0xff,
    0xe4,0xe4,0xe4,0xff,0xec,0xec,0xec,0xff,0xf1,0xf1,0xf1,0xff,0xf5,0xf5,0xf5,0xff,
    0xf5,0xf5,0xf5,0xff,0xec,0xec,0xec,0xff,0xdc,0xdc,0xdc,0xff,0xb8,0xb8,0xb8,0xff,
    0xc4,0xc4,0xc4,0xff,0xcf,0xcf,0xcf,0xff,0xce,0xce,0xce,0xff,0xc4,0xc4,0xc4,0xff,
    0xba,0xba,0xba,0xff,0xc9,0xc9,0xc9,0xff,0xad,0xad,0xad,0xff,0xb0,0xb0,0xb0,0xff,
    0xad,0xad,0xad,0xff,0xaa,0xaa,0xaa,0xff,0xad,0xad,0xad,0xff,0xcc,0xcc,0xcc,0xff,
    0xb2,0xb2,0xb2,0xff,0xab,0xab,0xab,0xff,0xba,0xba,0xba,0xff,0xc4,0xc4,0xc4,0xff,
    0xb7,0xb7,0xb7,0xff,0xb4,0xb4,0xb4,0xff,0x98,0x98,0x98,0xff,0xa2,0xa2,0xa2,0xff,
    0xad,0xad,0xad,0xff,0xb8,0xb8,0xb8,0xff,0xb4,0xb4,0xb4,0xff,0xab,0xab,0xab,0xff,
    0x9d,0x9d,0x9d,0xff,0x99,0x99,0x99,0xff,0x96,0x96,0x96,0xff,0x96,0x96,0x96,0xff,
    0x8e,0x8e,0x8e,0xff,0x8b,0x8b,0x8b,0xff,0x95,0x95,0x95,0xff,0x90,0x90,0x90,0xff,
    0x91,0x91,0x91,0xff,0x98,0x98,0x98,0xff,0x81,0x81,0x81,0xff,0x76,0x76,0x76,0xff,
    0x86,0x86,0x86,0xff,0x9a,0x9a,0x9a,0xff,0xb8,0xb8,0xb8,0xff,0xdb,0xdb,0xdb,0xff,
    0xbd,0xbd,0xbd,0xff,0xc2,0xc2,0xc2,0xff,0xe3,0xe3,0xe3,0xff,0xb7,0xb7,0xb7,0xff,
    0xb3,0xb3,0xb3,0xff,0x93,0x93,0x93,0xff,0x90,0x90,0x90,0xff,0x84,0x84,0x84,0xcf,
    0x00,0x00,0x00,0x00,0x00,0x00,0x00,0x00,0x00,0x00,0x00,0x00,0x00,0x00,0x00,0x00,
    0x00,0x00,0x00,0x00,0x00,0x00,0x00,0x00,0x00,0x00,0x00,0x00,0x00,0x00,0x00,0x00,
    0x00,0x00,0x00,0x00,0x00,0x00,0x00,0x00,0x00,0x00,0x00,0x00,0x00,0x00,0x00,0x00,
    0x00,0x00,0x00,0x00,0x00,0x00,0x00,0x00,0x00,0x00,0x00,0x00,0x00,0x00,0x00,0x00,
    0x00,0x00,0x00,0x00,0x00,0x00,0x00,0x00,0x00,0x00,0x00,0x00,0x00,0x00,0x00,0x00,
    0x00,0x00,0x00,0x00,0x00,0x00,0x00,0x00,0x00,0x00,0x00,0x00,0x00,0x00,0x00,0x00,
    0x51,0x51,0x51,0x4b,0x88,0x88,0x88,0xfb,0x91,0x91,0x91,0xff,0x89,0x89,0x89,0xff,
    0x83,0x83,0x83,0xff,0x80,0x80,0x80,0xff,0x69,0x69,0x69,0xff,0x40,0x40,0x40,0xff,
    0x7e,0x7e,0x7e,0xff,0xaa,0xaa,0xaa,0xff,0x8b,0x8b,0x8b,0xff,0x93,0x93,0x93,0xff,
    0x96,0x96,0x96,0xff,0x8e,0x8e,0x8e,0xff,0xbf,0xbf,0xbf,0xff,0xa2,0xa2,0xa2,0xff,
    0xa0,0xa0,0xa0,0xff,0x6a,0x6a,0x6a,0xff,0x54,0x54,0x54,0xff,0x47,0x47,0x47,0xff,
    0x54,0x54,0x54,0xff,0x9a,0x9a,0x9a,0xff,0x86,0x86,0x86,0xff,0x88,0x88,0x88,0xff,
    0x7b,0x7b,0x7b,0xff,0x73,0x73,0x73,0xff,0x9d,0x9d,0x9d,0xff,0xa2,0xa2,0xa2,0xff,
    0x95,0x95,0x95,0xff,0x80,0x80,0x80,0xff,0x59,0x59,0x59,0xff,0xa2,0xa2,0xa2,0xff,
    0xab,0xab,0xab,0xff,0x9d,0x9d,0x9d,0xff,0xa8,0xa8,0xa8,0xff,0xaa,0xaa,0xaa,0xff,
    0x9b,0x9b,0x9b,0xff,0x9a,0x9a,0x9a,0xff,0xd1,0xd1,0xd1,0xff,0xdc,0xdc,0xdc,0xff,
    0xca,0xca,0xca,0xff,0xd2,0xd2,0xd2,0xff,0xcc,0xcc,0xcc,0xff,0xbf,0xbf,0xbf,0xff,
    0xd6,0xd6,0xd6,0xff,0xe4,0xe4,0xe4,0xff,0xe1,0xe1,0xe1,0xff,0xe6,0xe6,0xe6,0xff,
    0xde,0xde,0xde,0xff,0xda,0xda,0xda,0xff,0xee,0xee,0xee,0xff,0xee,0xee,0xee,0xff,
    0xf1,0xf1,0xf1,0xff,0xd9,0xd9,0xd9,0xff,0xbd,0xbd,0xbd,0xff,0xc4,0xc4,0xc4,0xff,
    0xb7,0xb7,0xb7,0xff,0xc4,0xc4,0xc4,0xff,0xcf,0xcf,0xcf,0xff,0xe1,0xe1,0xe1,0xff,
    0xbd,0xbd,0xbd,0xff,0xb2,0xb2,0xb2,0xff,0xb4,0xb4,0xb4,0xff,0xa7,0xa7,0xa7,0xff,
    0xb2,0xb2,0xb2,0xff,0xb8,0xb8,0xb8,0xff,0xaa,0xaa,0xaa,0xff,0x9d,0x9d,0x9d,0xff,
    0xba,0xba,0xba,0xff,0xb7,0xb7,0xb7,0xff,0xcc,0xcc,0xcc,0xff,0x9a,0x9a,0x9a,0xff,
    0xa2,0xa2,0xa2,0xff,0x98,0x98,0x98,0xff,0x9a,0x9a,0x9a,0xff,0x91,0x91,0x91,0xff,
    0x95,0x95,0x95,0xff,0x8e,0x8e,0x8e,0xff,0x96,0x96,0x96,0xff,0xa8,0xa8,0xa8,0xff,
    0xa3,0xa3,0xa3,0xff,0x90,0x90,0x90,0xff,0x99,0x99,0x99,0xff,0x91,0x91,0x91,0xff,
    0x8b,0x8b,0x8b,0xff,0x86,0x86,0x86,0xff,0x93,0x93,0x93,0xff,0x96,0x96,0x96,0xff,
    0x90,0x90,0x90,0xff,0x90,0x90,0x90,0xff,0x90,0x90,0x90,0xff,0x90,0x90,0x90,0xff,
    0xa2,0xa2,0xa2,0xff,0xb5,0xb5,0xb5,0xff,0xbf,0xbf,0xbf,0xff,0xa5,0xa5,0xa5,0xff,
    0xc4,0xc4,0xc4,0xff,0xeb,0xeb,0xeb,0xff,0xcc,0xcc,0xcc,0xff,0x9e,0x9e,0x9e,0xff,
    0xa7,0xa7,0xa7,0xff,0x93,0x93,0x93,0xff,0x7f,0x7f,0x7f,0xef,0x3f,0x3f,0x3f,0x3b,
    0x00,0x00,0x00,0x00,0x00,0x00,0x00,0x00,0x00,0x00,0x00,0x00,0x00,0x00,0x00,0x00,
    0x00,0x00,0x00,0x00,0x00,0x00,0x00,0x00,0x00,0x00,0x00,0x00,0x00,0x00,0x00,0x00,
    0x00,0x00,0x00,0x00,0x00,0x00,0x00,0x00,0x00,0x00,0x00,0x00,0x00,0x00,0x00,0x00,
    0x00,0x00,0x00,0x00,0x00,0x00,0x00,0x00,0x00,0x00,0x00,0x00,0x00,0x00,0x00,0x00,
    0x00,0x00,0x00,0x00,0x00,0x00,0x00,0x00,0x00,0x00,0x00,0x00,0x00,0x00,0x00,0x00,
    0x00,0x00,0x00,0x00,0x00,0x00,0x00,0x00,0x00,0x00,0x00,0x00,0x00,0x00,0x00,0x00,
    0x00,0x00,0x00,0x00,0x5c,0x5c,0x5c,0x87,0x8c,0x8c,0x8c,0xff,0x8d,0x8d,0x8d,0xff,
    0x86,0x86,0x86,0xff,0x8c,0x8c,0x8c,0xff,0x81,0x81,0x81,0xff,0x52,0x52,0x52,0xff,
    0x6a,0x6a,0x6a,0xff,0xb4,0xb4,0xb4,0xff,0x9d,0x9d,0x9d,0xff,0x7e,0x7e,0x7e,0xff,
    0x6c,0x6c,0x6c,0xff,0x91,0x91,0x91,0xff,0x88,0x88,0x88,0xff,0x8d,0x8d,0x8d,0xff,
    0x76,0x76,0x76,0xff,0x71,0x71,0x71,0xff,0x7b,0x7b,0x7b,0xff,0x54,0x54,0x54,0xff,
    0x4a,0x4a,0x4a,0xff,0x7c,0x7c,0x7c,0xff,0xa0,0xa0,0xa0,0xff,0x98,0x98,0x98,0xff,
    0x99,0x99,0x99,0xff,0x6c,0x6c,0x6c,0xff,0x9b,0x9b,0x9b,0xff,0x91,0x91,0x91,0xff,
    0xa3,0xa3,0xa3,0xff,0xa6,0xa6,0xa6,0xff,0x86,0x86,0x86,0xff,0x8b,0x8b,0x8b,0xff,
    0xab,0xab,0xab,0xff,0xad,0xad,0xad,0xff,0xb5,0xb5,0xb5,0xff,0xbf,0xbf,0xbf,0xff,
    0x91,0x91,0x91,0xff,0xab,0xab,0xab,0xff,0xa3,0xa3,0xa3,0xff,0xd4,0xd4,0xd4,0xff,
    0xb0,0xb0,0xb0,0xff,0xd2,0xd2,0xd2,0xff,0xcc,0xcc,0xcc,0xff,0xbf,0xbf,0xbf,0xff,
    0xd1,0xd1,0xd1,0xff,0xe3,0xe3,0xe3,0xff,0xe6,0xe6,0xe6,0xff,0xe9,0xe9,0xe9,0xff,
    0xe3,0xe3,0xe3,0xff,0xd2,0xd2,0xd2,0xff,0xec,0xec,0xec,0xff,0xeb,0xeb,0xeb,0xff,
    0xe9,0xe9,0xe9,0xff,0xdf,0xdf,0xdf,0xff,0xd1,0xd1,0xd1,0xff,0xd9,0xd9,0xd9,0xff,
    0xca,0xca,0xca,0xff,0xbc,0xbc,0xbc,0xff,0xb5,0xb5,0xb5,0xff,0xcd,0xcd,0xcd,0xff,
    0xca,0xca,0xca,0xff,0xb2,0xb2,0xb2,0xff,0xb4,0xb4,0xb4,0xff,0xc5,0xc5,0xc5,0xff,
    0xc2,0xc2,0xc2,0xff,0xa7,0xa7,0xa7,0xff,0xb8,0xb8,0xb8,0xff,0xb7,0xb7,0xb7,0xff,
    0x9e,0x9e,0x9e,0xff,0x91,0x91,0x91,0xff,0x8e,0x8e,0x8e,0xff,0x9a,0x9a,0x9a,0xff,
    0x96,0x96,0x96,0xff,0x8c,0x8c,0x8c,0xff,0x93,0x93,0x93,0xff,0x96,0x96,0x96,0xff,
    0xaf,0xaf,0xaf,0xff,0x9b,0x9b,0x9b,0xff,0x9b,0x9b,0x9b,0xff,0x91,0x91,0x91,0xff,
    0x93,0x93,0x93,0xff,0x86,0x86,0x86,0xff,0x7b,0x7b,0x7b,0xff,0x7c,0x7c,0x7c,0xff,
    0x79,0x79,0x79,0xff,0x8e,0x8e,0x8e,0xff,0xa5,0xa5,0xa5,0xff,0x93,0x93,0x93,0xff,
    0x8c,0x8c,0x8c,0xff,0x91,0x91,0x91,0xff,0x93,0x93,0x93,0xff,0xa3,0xa3,0xa3,0xff,
    0xad,0xad,0xad,0xff,0xbf,0xbf,0xbf,0xff,0xc1,0xc1,0xc1,0xff,0xc4,0xc4,0xc4,0xff,
    0xc9,0xc9,0xc9,0xff,0xbd,0xbd,0xbd,0xff,0x91,0x91,0x91,0xff,0x89,0x89,0x89,0xff,
    0x8b,0x8b,0x8b,0xff,0x8e,0x8e,0x8e,0xff,0x5a,0x5a,0x5a,0x53,0x00,0x00,0x00,0x00,
    0x00,0x00,0x00,0x00,0x00,0x00,0x00,0x00,0x00,0x00,0x00,0x00,0x00,0x00,0x00,0x00,
    0x00,0x00,0x00,0x00,0x00,0x00,0x00,0x00,0x00,0x00,0x00,0x00,0x00,0x00,0x00,0x00,
    0x00,0x00,0x00,0x00,0x00,0x00,0x00,0x00,0x00,0x00,0x00,0x00,0x00,0x00,0x00,0x00,
    0x00,0x00,0x00,0x00,0x00,0x00,0x00,0x00,0x00,0x00,0x00,0x00,0x00,0x00,0x00,0x00,
    0x00,0x00,0x00,0x00,0x00,0x00,0x00,0x00,0x00,0x00,0x00,0x00,0x00,0x00,0x00,0x00,
    0x00,0x00,0x00,0x00,0x00,0x00,0x00,0x00,0x00,0x00,0x00,0x00,0x00,0x00,0x00,0x00,
    0x00,0x00,0x00,0x00,0x00,0x00,0x00,0x00,0x71,0x71,0x71,0xaf,0x96,0x96,0x96,0xff,
    0x98,0x98,0x98,0xff,0x89,0x89,0x89,0xff,0x90,0x90,0x90,0xff,0x90,0x90,0x90,0xff,
    0x5c,0x5c,0x5c,0xff,0x6c,0x6c,0x6c,0xff,0xa2,0xa2,0xa2,0xff,0x89,0x89,0x89,0xff,
    0x6e,0x6e,0x6e,0xff,0x6f,0x6f,0x6f,0xff,0x61,0x61,0x61,0xff,0x71,0x71,0x71,0xff,
    0x7b,0x7b,0x7b,0xff,0x89,0x89,0x89,0xff,0x8b,0x8b,0x8b,0xff,0x8b,0x8b,0x8b,0xff,
    0x6c,0x6c,0x6c,0xff,0x7f,0x7f,0x7f,0xff,0x80,0x80,0x80,0xff,0xad,0xad,0xad,0xff,
    0xa5,0xa5,0xa5,0xff,0xa8,0xa8,0xa8,0xff,0xa3,0xa3,0xa3,0xff,0xae,0xae,0xae,0xff,
    0x9e,0x9e,0x9e,0xff,0x9d,0x9d,0x9d,0xff,0xa2,0xa2,0xa2,0xff,0xa8,0xa8,0xa8,0xff,
    0xab,0xab,0xab,0xff,0xa6,0xa6,0xa6,0xff,0xb3,0xb3,0xb3,0xff,0xb3,0xb3,0xb3,0xff,
    0xb2,0xb2,0xb2,0xff,0xaf,0xaf,0xaf,0xff,0xb0,0xb0,0xb0,0xff,0xb0,0xb0,0xb0,0xff,
    0xd7,0xd7,0xd7,0xff,0xa5,0xa5,0xa5,0xff,0xd7,0xd7,0xd7,0xff,0xd1,0xd1,0xd1,0xff,
    0xd6,0xd6,0xd6,0xff,0xe7,0xe7,0xe7,0xff,0xec,0xec,0xec,0xff,0xe9,0xe9,0xe9,0xff,
    0xe4,0xe4,0xe4,0xff,0xe4,0xe4,0xe4,0xff,0xe9,0xe9,0xe9,0xff,0xe6,0xe6,0xe6,0xff,
    0xe9,0xe9,0xe9,0xff,0xd6,0xd6,0xd6,0xff,0xd7,0xd7,0xd7,0xff,0xca,0xca,0xca,0xff,
    0xce,0xce,0xce,0xff,0xd2,0xd2,0xd2,0xff,0xbd,0xbd,0xbd,0xff,0xc9,0xc9,0xc9,0xff,
    0xc1,0xc1,0xc1,0xff,0xb0,0xb0,0xb0,0xff,0xaa,0xaa,0xaa,0xff,0xd9,0xd9,0xd9,0xff,
    0xc4,0xc4,0xc4,0xff,0xb0,0xb0,0xb0,0xff,0xab,0xab,0xab,0xff,0x89,0x89,0x89,0xff,
    0x8b,0x8b,0x8b,0xff,0x93,0x93,0x93,0xff,0x99,0x99,0x99,0xff,0x9d,0x9d,0x9d,0xff,
    0x95,0x95,0x95,0xff,0x88,0x88,0x88,0xff,0x95,0x95,0x95,0xff,0x91,0x91,0x91,0xff,
    0x8e,0x8e,0x8e,0xff,0x8d,0x8d,0x8d,0xff,0x93,0x93,0x93,0xff,0x8b,0x8b,0x8b,0xff,
    0x8b,0x8b,0x8b,0xff,0x7e,0x7e,0x7e,0xff,0x7b,0x7b,0x7b,0xff,0x90,0x90,0x90,0xff,
    0x9d,0x9d,0x9d,0xff,0x9d,0x9d,0x9d,0xff,0x98,0x98,0x98,0xff,0x8d,0x8d,0x8d,0xff,
    0x89,0x89,0x89,0xff,0x7e,0x7e,0x7e,0xff,0x77,0x77,0x77,0xff,0x83,0x83,0x83,0xff,
    0x9a,0x9a,0x9a,0xff,0xb7,0xb7,0xb7,0xff,0xbd,0xbd,0xbd,0xff,0xb8,0xb8,0xb8,0xff,
    0x9d,0x9d,0x9d,0xff,0x8e,0x8e,0x8e,0xff,0x98,0x98,0x98,0xff,0x89,0x89,0x89,0xff,
    0x84,0x84,0x84,0xff,0x71,0x71,0x71,0xab,0x00,0x00,0x00,0x00,0x00,0x00,0x00,0x00,
    0x00,0x00,0x00,0x00,0x00,0x00,0x00,0x00,0x00,0x00,0x00,0x00,0x00,0x00,0x00,0x00,
    0x00,0x00,0x00,0x00,0x00,0x00,0x00,0x00,0x00,0x00,0x00,0x00,0x00,0x00,0x00,0x00,
    0x00,0x00,0x00,0x00,0x00,0x00,0x00,0x00,0x00,0x00,0x00,0x00,0x00,0x00,0x00,0x00,
    0x00,0x00,0x00,0x00,0x00,0x00,0x00,0x00,0x00,0x00,0x00,0x00,0x00,0x00,0x00,0x00,
    0x00,0x00,0x00,0x00,0x00,0x00,0x00,0x00,0x00,0x00,0x00,0x00,0x00,0x00,0x00,0x00,
    0x00,0x00,0x00,0x00,0x00,0x00,0x00,0x00,0x00,0x00,0x00,0x00,0x00,0x00,0x00,0x00,
    0x00,0x00,0x00,0x00,0x00,0x00,0x00,0x00,0x27,0x27,0x27,0x0f,0x81,0x81,0x81,0xc7,
    0x91,0x91,0x91,0xff,0x90,0x90,0x90,0xff,0x89,0x89,0x89,0xff,0x8d,0x8d,0x8d,0xff,
    0x9b,0x9b,0x9b,0xff,0x84,0x84,0x84,0xff,0x89,0x89,0x89,0xff,0x88,0x88,0x88,0xff,
    0x86,0x86,0x86,0xff,0x6c,0x6c,0x6c,0xff,0x80,0x80,0x80,0xff,0x8b,0x8b,0x8b,0xff,
    0x8e,0x8e,0x8e,0xff,0x8d,0x8d,0x8d,0xff,0x9a,0x9a,0x9a,0xff,0xad,0xad,0xad,0xff,
    0x8c,0x8c,0x8c,0xff,0x8e,0x8e,0x8e,0xff,0x95,0x95,0x95,0xff,0x95,0x95,0x95,0xff,
    0xa2,0xa2,0xa2,0xff,0xa8,0xa8,0xa8,0xff,0xa0,0xa0,0xa0,0xff,0x90,0x90,0x90,0xff,
    0x95,0x95,0x95,0xff,0x74,0x74,0x74,0xff,0x5f,0x5f,0x5f,0xff,0x88,0x88,0x88,0xff,
    0x9b,0x9b,0x9b,0xff,0xb8,0xb8,0xb8,0xff,0xb8,0xb8,0xb8,0xff,0xaa,0xaa,0xaa,0xff,
    0xa2,0xa2,0xa2,0xff,0xa3,0xa3,0xa3,0xff,0x95,0x95,0x95,0xff,0xa7,0xa7,0xa7,0xff,
    0xc4,0xc4,0xc4,0xff,0xc4,0xc4,0xc4,0xff,0xc0,0xc0,0xc0,0xff,0xda,0xda,0xda,0xff,
    0xdc,0xdc,0xdc,0xff,0xe6,0xe6,0xe6,0xff,0xdc,0xdc,0xdc,0xff,0xd7,0xd7,0xd7,0xff,
    0xde,0xde,0xde,0xff,0xe4,0xe4,0xe4,0xff,0xde,0xde,0xde,0xff,0xde,0xde,0xde,0xff,
    0xe3,0xe3,0xe3,0xff,0xdb,0xdb,0xdb,0xff,0xd9,0xd9,0xd9,0xff,0xdf,0xdf,0xdf,0xff,
    0xcc,0xcc,0xcc,0xff,0xd2,0xd2,0xd2,0xff,0xcf,0xcf,0xcf,0xff,0xc5,0xc5,0xc5,0xff,
    0xc9,0xc9,0xc9,0xff,0xaf,0xaf,0xaf,0xff,0xbf,0xbf,0xbf,0xff,0xba,0xba,0xba,0xff,
    0xb3,0xb3,0xb3,0xff,0xa8,0xa8,0xa8,0xff,0x90,0x90,0x90,0xff,0x96,0x96,0x96,0xff,
    0xa7,0xa7,0xa7,0xff,0xad,0xad,0xad,0xff,0xc1,0xc1,0xc1,0xff,0x9b,0x9b,0x9b,0xff,
    0x9e,0x9e,0x9e,0xff,0x89,0x89,0x89,0xff,0x88,0x88,0x88,0xff,0x90,0x90,0x90,0xff,
    0x8e,0x8e,0x8e,0xff,0x90,0x90,0x90,0xff,0x86,0x86,0x86,0xff,0x95,0x95,0x95,0xff,
    0xa7,0xa7,0xa7,0xff,0xab,0xab,0xab,0xff,0x9e,0x9e,0x9e,0xff,0x8e,0x8e,0x8e,0xff,
    0x7f,0x7f,0x7f,0xff,0x8e,0x8e,0x8e,0xff,0x88,0x88,0x88,0xff,0x79,0x79,0x79,0xff,
    0x7c,0x7c,0x7c,0xff,0x6f,0x6f,0x6f,0xff,0x76,0x76,0x76,0xff,0x91,0x91,0x91,0xff,
    0xba,0xba,0xba,0xff,0xca,0xca,0xca,0xff,0xb7,0xb7,0xb7,0xff,0xb0,0xb0,0xb0,0xff,
    0x8e,0x8e,0x8e,0xff,0x95,0x95,0x95,0xff,0x9e,0x9e,0x9e,0xff,0x93,0x93,0x93,0xff,
    0x65,0x65,0x65,0xbf,0x1c,0x1c,0x1c,0x17,0x00,0x00,0x00,0x00,0x00,0x00,0x00,0x00,
    0x00,0x00,0x00,0x00,0x00,0x00,0x00,0x00,0x00,0x00,0x00,0x00,0x00,0x00,0x00,0x00,
    0x00,0x00,0x00,0x00,0x00,0x00,0x00,0x00,0x00,0x00,0x00,0x00,0x00,0x00,0x00,0x00,
    0x00,0x00,0x00,0x00,0x00,0x00,0x00,0x00,0x00,0x00,0x00,0x00,0x00,0x00,0x00,0x00,
    0x00,0x00,0x00,0x00,0x00,0x00,0x00,0x00,0x00,0x00,0x00,0x00,0x00,0x00,0x00,0x00,
    0x00,0x00,0x00,0x00,0x00,0x00,0x00,0x00,0x00,0x00,0x00,0x00,0x00,0x00,0x00,0x00,
    0x00,0x00,0x00,0x00,0x00,0x00,0x00,0x00,0x00,0x00,0x00,0x00,0x00,0x00,0x00,0x00,
    0x00,0x00,0x00,0x00,0x00,0x00,0x00,0x00,0x00,0x00,0x00,0x00,0x3e,0x3e,0x3e,0x1b,
    0x8c,0x8c,0x8c,0xe7,0xa0,0xa0,0xa0,0xff,0xa8,0xa8,0xa8,0xff,0x99,0x99,0x99,0xff,
    0x84,0x84,0x84,0xff,0x8e,0x8e,0x8e,0xff,0x8d,0x8d,0x8d,0xff,0x95,0x95,0x95,0xff,
    0x7b,0x7b,0x7b,0xff,0x6a,0x6a,0x6a,0xff,0x67,0x67,0x67,0xff,0x83,0x83,0x83,0xff,
    0x90,0x90,0x90,0xff,0xb7,0xb7,0xb7,0xff,0xad,0xad,0xad,0xff,0xb4,0xb4,0xb4,0xff,
    0xab,0xab,0xab,0xff,0xa0,0xa0,0xa0,0xff,0xa2,0xa2,0xa2,0xff,0xa5,0xa5,0xa5,0xff,
    0xa8,0xa8,0xa8,0xff,0xb0,0xb0,0xb0,0xff,0xb2,0xb2,0xb2,0xff,0xb0,0xb0,0xb0,0xff,
    0xa3,0xa3,0xa3,0xff,0xa0,0xa0,0xa0,0xff,0x95,0x95,0x95,0xff,0xa3,0xa3,0xa3,0xff,
    0x65,0x65,0x65,0xff,0x81,0x81,0x81,0xff,0x83,0x83,0x83,0xff,0x9d,0x9d,0x9d,0xff,
    0xb2,0xb2,0xb2,0xff,0xc4,0xc4,0xc4,0xff,0xbd,0xbd,0xbd,0xff,0xb5,0xb5,0xb5,0xff,
    0xcc,0xcc,0xcc,0xff,0xce,0xce,0xce,0xff,0xc9,0xc9,0xc9,0xff,0xcc,0xcc,0xcc,0xff,
    0xde,0xde,0xde,0xff,0xd1,0xd1,0xd1,0xff,0xcc,0xcc,0xcc,0xff,0xbd,0xbd,0xbd,0xff,
    0xd4,0xd4,0xd4,0xff,0xe4,0xe4,0xe4,0xff,0xe1,0xe1,0xe1,0xff,0xd7,0xd7,0xd7,0xff,
    0xe6,0xe6,0xe6,0xff,0xe3,0xe3,0xe3,0xff,0xe3,0xe3,0xe3,0xff,0xdb,0xdb,0xdb,0xff,
    0xe1,0xe1,0xe1,0xff,0xde,0xde,0xde,0xff,0xe4,0xe4,0xe4,0xff,0xd2,0xd2,0xd2,0xff,
    0xd4,0xd4,0xd4,0xff,0xc9,0xc9,0xc9,0xff,0xba,0xba,0xba,0xff,0xa6,0xa6,0xa6,0xff,
    0x8e,0x8e,0x8e,0xff,0x99,0x99,0x99,0xff,0xa5,0xa5,0xa5,0xff,0x88,0x88,0x88,0xff,
    0x9e,0x9e,0x9e,0xff,0xa5,0xa5,0xa5,0xff,0xad,0xad,0xad,0xff,0xaf,0xaf,0xaf,0xff,
    0xaf,0xaf,0xaf,0xff,0xa8,0xa8,0xa8,0xff,0x98,0x98,0x98,0xff,0xa0,0xa0,0xa0,0xff,
    0xaa,0xaa,0xaa,0xff,0xad,0xad,0xad,0xff,0xa7,0xa7,0xa7,0xff,0xa5,0xa5,0xa5,0xff,
    0xa2,0xa2,0xa2,0xff,0x93,0x93,0x93,0xff,0x88,0x88,0x88,0xff,0x8d,0x8d,0x8d,0xff,
    0x83,0x83,0x83,0xff,0x8c,0x8c,0x8c,0xff,0x7b,0x7b,0x7b,0xff,0x74,0x74,0x74,0xff,
    0x8b,0x8b,0x8b,0xff,0x8b,0x8b,0x8b,0xff,0x8c,0x8c,0x8c,0xff,0xbf,0xbf,0xbf,0xff,
    0xaf,0xaf,0xaf,0xff,0x91,0x91,0x91,0xff,0xab,0xab,0xab,0xff,0xb3,0xb3,0xb3,0xff,
    0x9b,0x9b,0x9b,0xff,0x9d,0x9d,0x9d,0xff,0x96,0x96,0x96,0xff,0x67,0x67,0x67,0xdb,
    0x20,0x20,0x20,0x1f,0x00,0x00,0x00,0x00,0x00,0x00,0x00,0x00,0x00,0x00,0x00,0x00,
    0x00,0x00,0x00,0x00,0x00,0x00,0x00,0x00,0x00,0x00,0x00,0x00,0x00,0x00,0x00,0x00,
    0x00,0x00,0x00,0x00,0x00,0x00,0x00,0x00,0x00,0x00,0x00,0x00,0x00,0x00,0x00,0x00,
    0x00,0x00,0x00,0x00,0x00,0x00,0x00,0x00,0x00,0x00,0x00,0x00,0x00,0x00,0x00,0x00,
    0x00,0x00,0x00,0x00,0x00,0x00,0x00,0x00,0x00,0x00,0x00,0x00,0x00,0x00,0x00,0x00,
    0x00,0x00,0x00,0x00,0x00,0x00,0x00,0x00,0x00,0x00,0x00,0x00,0x00,0x00,0x00,0x00,
    0x00,0x00,0x00,0x00,0x00,0x00,0x00,0x00,0x00,0x00,0x00,0x00,0x00,0x00,0x00,0x00,
    0x00,0x00,0x00,0x00,0x00,0x00,0x00,0x00,0x00,0x00,0x00,0x00,0x00,0x00,0x00,0x00,
    0x55,0x55,0x55,0x43,0x99,0x99,0x99,0xef,0xa5,0xa5,0xa5,0xff,0xa0,0xa0,0xa0,0xff,
    0x93,0x93,0x93,0xff,0x8b,0x8b,0x8b,0xff,0x88,0x88,0x88,0xff,0x84,0x84,0x84,0xff,
    0x77,0x77,0x77,0xff,0x64,0x64,0x64,0xff,0x33,0x33,0x33,0xff,0x57,0x57,0x57,0xff,
    0x86,0x86,0x86,0xff,0x9d,0x9d,0x9d,0xff,0x95,0x95,0x95,0xff,0x9d,0x9d,0x9d,0xff,
    0x9e,0x9e,0x9e,0xff,0x98,0x98,0x98,0xff,0xa5,0xa5,0xa5,0xff,0xb0,0xb0,0xb0,0xff,
    0xaf,0xaf,0xaf,0xff,0xc0,0xc0,0xc0,0xff,0xc2,0xc2,0xc2,0xff,0xaf,0xaf,0xaf,0xff,
    0xab,0xab,0xab,0xff,0xaf,0xaf,0xaf,0xff,0xb2,0xb2,0xb2,0xff,0xc0,0xc0,0xc0,0xff,
    0xaa,0xaa,0xaa,0xff,0x93,0x93,0x93,0xff,0xaf,0xaf,0xaf,0xff,0xb2,0xb2,0xb2,0xff,
    0xc2,0xc2,0xc2,0xff,0xbc,0xbc,0xbc,0xff,0xbd,0xbd,0xbd,0xff,0xbd,0xbd,0xbd,0xff,
    0xc0,0xc0,0xc0,0xff,0xcc,0xcc,0xcc,0xff,0xd7,0xd7,0xd7,0xff,0xbd,0xbd,0xbd,0xff,
    0xb5,0xb5,0xb5,0xff,0xa8,0xa8,0xa8,0xff,0xb2,0xb2,0xb2,0xff,0xba,0xba,0xba,0xff,
    0xc4,0xc4,0xc4,0xff,0xd4,0xd4,0xd4,0xff,0xdb,0xdb,0xdb,0xff,0xe4,0xe4,0xe4,0xff,
    0xe6,0xe6,0xe6,0xff,0xe3,0xe3,0xe3,0xff,0xd9,0xd9,0xd9,0xff,0xdf,0xdf,0xdf,0xff,
    0xdc,0xdc,0xdc,0xff,0xda,0xda,0xda,0xff,0xc5,0xc5,0xc5,0xff,0xc9,0xc9,0xc9,0xff,
    0xb4,0xb4,0xb4,0xff,0xd4,0xd4,0xd4,0xff,0xb5,0xb5,0xb5,0xff,0xb5,0xb5,0xb5,0xff,
    0xaa,0xaa,0xaa,0xff,0xb0,0xb0,0xb0,0xff,0xab,0xab,0xab,0xff,0xb3,0xb3,0xb3,0xff,
    0xaf,0xaf,0xaf,0xff,0xaf,0xaf,0xaf,0xff,0xaa,0xaa,0xaa,0xff,0xb8,0xb8,0xb8,0xff,
    0xad,0xad,0xad,0xff,0xb3,0xb3,0xb3,0xff,0xbd,0xbd,0xbd,0xff,0xbd,0xbd,0xbd,0xff,
    0xbf,0xbf,0xbf,0xff,0xa8,0xa8,0xa8,0xff,0x8c,0x8c,0x8c,0xff,0x8c,0x8c,0x8c,0xff,
    0x9e,0x9e,0x9e,0xff,0x95,0x95,0x95,0xff,0xa5,0xa5,0xa5,0xff,0x98,0x98,0x98,0xff,
    0x80,0x80,0x80,0xff,0x88,0x88,0x88,0xff,0x88,0x88,0x88,0xff,0x9b,0x9b,0x9b,0xff,
    0xa0,0xa0,0xa0,0xff,0xa0,0xa0,0xa0,0xff,0xab,0xab,0xab,0xff,0x9d,0x9d,0x9d,0xff,
    0x86,0x86,0x86,0xff,0x81,0x81,0x81,0xff,0x88,0x88,0x88,0xff,0x91,0x91,0x91,0xff,
    0x86,0x86,0x86,0xff,0x8c,0x8c,0x8c,0xff,0x71,0x71,0x71,0xe3,0x34,0x34,0x34,0x1f,
    0x00,0x00,0x00,0x00,0x00,0x00,0x00,0x00,0x00,0x00,0x00,0x00,0x00,0x00,0x00,0x00,
    0x00,0x00,0x00,0x00,0x00,0x00,0x00,0x00,0x00,0x00,0x00,0x00,0x00,0x00,0x00,0x00,
    0x00,0x00,0x00,0x00,0x00,0x00,0x00,0x00,0x00,0x00,0x00,0x00,0x00,0x00,0x00,0x00,
    0x00,0x00,0x00,0x00,0x00,0x00,0x00,0x00,0x00,0x00,0x00,0x00,0x00,0x00,0x00,0x00,
    0x00,0x00,0x00,0x00,0x00,0x00,0x00,0x00,0x00,0x00,0x00,0x00,0x00,0x00,0x00,0x00,
    0x00,0x00,0x00,0x00,0x00,0x00,0x00,0x00,0x00,0x00,0x00,0x00,0x00,0x00,0x00,0x00,
    0x00,0x00,0x00,0x00,0x00,0x00,0x00,0x00,0x00,0x00,0x00,0x00,0x00,0x00,0x00,0x00,
    0x00,0x00,0x00,0x00,0x00,0x00,0x00,0x00,0x00,0x00,0x00,0x00,0x00,0x00,0x00,0x00,
    0x00,0x00,0x00,0x00,0x55,0x55,0x55,0x47,0x9c,0x9c,0x9c,0xef,0xa5,0xa5,0xa5,0xff,
    0xb0,0xb0,0xb0,0xff,0x8e,0x8e,0x8e,0xff,0x79,0x79,0x79,0xff,0x8e,0x8e,0x8e,0xff,
    0x95,0x95,0x95,0xff,0x88,0x88,0x88,0xff,0x40,0x40,0x40,0xff,0x47,0x47,0x47,0xff,
    0x71,0x71,0x71,0xff,0xab,0xab,0xab,0xff,0x98,0x98,0x98,0xff,0x89,0x89,0x89,0xff,
    0x88,0x88,0x88,0xff,0x72,0x72,0x72,0xff,0x8b,0x8b,0x8b,0xff,0xaa,0xaa,0xaa,0xff,
    0xad,0xad,0xad,0xff,0xc2,0xc2,0xc2,0xff,0xb2,0xb2,0xb2,0xff,0xaf,0xaf,0xaf,0xff,
    0xaf,0xaf,0xaf,0xff,0x9e,0x9e,0x9e,0xff,0xad,0xad,0xad,0xff,0xb7,0xb7,0xb7,0xff,
    0xa8,0xa8,0xa8,0xff,0xa0,0xa0,0xa0,0xff,0xb7,0xb7,0xb7,0xff,0xa6,0xa6,0xa6,0xff,
    0xb2,0xb2,0xb2,0xff,0xa3,0xa3,0xa3,0xff,0xb7,0xb7,0xb7,0xff,0xc1,0xc1,0xc1,0xff,
    0xc7,0xc7,0xc7,0xff,0xca,0xca,0xca,0xff,0xbc,0xbc,0xbc,0xff,0xa6,0xa6,0xa6,0xff,
    0xb8,0xb8,0xb8,0xff,0xd9,0xd9,0xd9,0xff,0xca,0xca,0xca,0xff,0xaf,0xaf,0xaf,0xff,
    0xba,0xba,0xba,0xff,0xcf,0xcf,0xcf,0xff,0xd4,0xd4,0xd4,0xff,0xdf,0xdf,0xdf,0xff,
    0xe6,0xe6,0xe6,0xff,0xda,0xda,0xda,0xff,0xd1,0xd1,0xd1,0xff,0xca,0xca,0xca,0xff,
    0xc2,0xc2,0xc2,0xff,0xcd,0xcd,0xcd,0xff,0xbd,0xbd,0xbd,0xff,0xbf,0xbf,0xbf,0xff,
    0xc5,0xc5,0xc5,0xff,0xdf,0xdf,0xdf,0xff,0xd4,0xd4,0xd4,0xff,0xb3,0xb3,0xb3,0xff,
    0xbc,0xbc,0xbc,0xff,0xba,0xba,0xba,0xff,0xb8,0xb8,0xb8,0xff,0xd9,0xd9,0xd9,0xff,
    0xc2,0xc2,0xc2,0xff,0xa3,0xa3,0xa3,0xff,0xa0,0xa0,0xa0,0xff,0xb5,0xb5,0xb5,0xff,
    0xb5,0xb5,0xb5,0xff,0xb0,0xb0,0xb0,0xff,0xa0,0xa0,0xa0,0xff,0x95,0x95,0x95,0xff,
    0x8b,0x8b,0x8b,0xff,0x88,0x88,0x88,0xff,0x7e,0x7e,0x7e,0xff,0x8d,0x8d,0x8d,0xff,
    0xa6,0xa6,0xa6,0xff,0x9b,0x9b,0x9b,0xff,0xa5,0xa5,0xa5,0xff,0x9e,0x9e,0x9e,0xff,
    0x9d,0x9d,0x9d,0xff,0x93,0x93,0x93,0xff,0x91,0x91,0x91,0xff,0x9d,0x9d,0x9d,0xff,
    0x95,0x95,0x95,0xff,0xa5,0xa5,0xa5,0xff,0xa0,0xa0,0xa0,0xff,0x7c,0x7c,0x7c,0xff,
    0x7f,0x7f,0x7f,0xff,0x7e,0x7e,0x7e,0xff,0x77,0x77,0x77,0xff,0x81,0x81,0x81,0xff,
    0x6a,0x6a,0x6a,0xff,0x6c,0x6c,0x6c,0xe3,0x37,0x37,0x37,0x3f,0x00,0x00,0x00,0x00,
    0x00,0x00,0x00,0x00,0x00,0x00,0x00,0x00,0x00,0x00,0x00,0x00,0x00,0x00,0x00,0x00,
    0x00,0x00,0x00,0x00,0x00,0x00,0x00,0x00,0x00,0x00,0x00,0x00,0x00,0x00,0x00,0x00,
    0x00,0x00,0x00,0x00,0x00,0x00,0x00,0x00,0x00,0x00,0x00,0x00,0x00,0x00,0x00,0x00,
    0x00,0x00,0x00,0x00,0x00,0x00,0x00,0x00,0x00,0x00,0x00,0x00,0x00,0x00,0x00,0x00,
    0x00,0x00,0x00,0x00,0x00,0x00,0x00,0x00,0x00,0x00,0x00,0x00,0x00,0x00,0x00,0x00,
    0x00,0x00,0x00,0x00,0x00,0x00,0x00,0x00,0x00,0x00,0x00,0x00,0x00,0x00,0x00,0x00,
    0x00,0x00,0x00,0x00,0x00,0x00,0x00,0x00,0x00,0x00,0x00,0x00,0x00,0x00,0x00,0x00,
    0x00,0x00,0x00,0x00,0x00,0x00,0x00,0x00,0x00,0x00,0x00,0x00,0x00,0x00,0x00,0x00,
    0x00,0x00,0x00,0x00,0x00,0x00,0x00,0x00,0x4d,0x4d,0x4d,0x53,0xa5,0xa5,0xa5,0xef,
    0x9d,0x9d,0x9d,0xff,0x9a,0x9a,0x9a,0xff,0x86,0x86,0x86,0xff,0x79,0x79,0x79,0xff,
    0x83,0x83,0x83,0xff,0x8c,0x8c,0x8c,0xff,0x88,0x88,0x88,0xff,0x71,0x71,0x71,0xff,
    0x7f,0x7f,0x7f,0xff,0x8e,0x8e,0x8e,0xff,0x86,0x86,0x86,0xff,0x98,0x98,0x98,0xff,
    0x95,0x95,0x95,0xff,0x89,0x89,0x89,0xff,0x88,0x88,0x88,0xff,0xa8,0xa8,0xa8,0xff,
    0xb2,0xb2,0xb2,0xff,0xb3,0xb3,0xb3,0xff,0xb5,0xb5,0xb5,0xff,0xb0,0xb0,0xb0,0xff,
    0xc7,0xc7,0xc7,0xff,0xab,0xab,0xab,0xff,0x9d,0x9d,0x9d,0xff,0xa8,0xa8,0xa8,0xff,
    0xa3,0xa3,0xa3,0xff,0x91,0x91,0x91,0xff,0xa5,0xa5,0xa5,0xff,0xb3,0xb3,0xb3,0xff,
    0xb5,0xb5,0xb5,0xff,0xaf,0xaf,0xaf,0xff,0xaf,0xaf,0xaf,0xff,0xb2,0xb2,0xb2,0xff,
    0xd1,0xd1,0xd1,0xff,0xc9,0xc9,0xc9,0xff,0xb3,0xb3,0xb3,0xff,0x9a,0x9a,0x9a,0xff,
    0xe3,0xe3,0xe3,0xff,0xdf,0xdf,0xdf,0xff,0xdf,0xdf,0xdf,0xff,0xaf,0xaf,0xaf,0xff,
    0xaa,0xaa,0xaa,0xff,0xc2,0xc2,0xc2,0xff,0xc7,0xc7,0xc7,0xff,0xd1,0xd1,0xd1,0xff,
    0xc9,0xc9,0xc9,0xff,0xd7,0xd7,0xd7,0xff,0xd2,0xd2,0xd2,0xff,0xd7,0xd7,0xd7,0xff,
    0xd9,0xd9,0xd9,0xff,0xd7,0xd7,0xd7,0xff,0xd9,0xd9,0xd9,0xff,0xcc,0xcc,0xcc,0xff,
    0xd6,0xd6,0xd6,0xff,0xd6,0xd6,0xd6,0xff,0xba,0xba,0xba,0xff,0xaa,0xaa,0xaa,0xff,
    0x9e,0x9e,0x9e,0xff,0xad,0xad,0xad,0xff,0xad,0xad,0xad,0xff,0xcf,0xcf,0xcf,0xff,
    0xbc,0xbc,0xbc,0xff,0x95,0x95,0x95,0xff,0xa2,0xa2,0xa2,0xff,0xb2,0xb2,0xb2,0xff,
    0xb7,0xb7,0xb7,0xff,0xb5,0xb5,0xb5,0xff,0x96,0x96,0x96,0xff,0x86,0x86,0x86,0xff,
    0x9b,0x9b,0x9b,0xff,0x84,0x84,0x84,0xff,0x86,0x86,0x86,0xff,0x95,0x95,0x95,0xff,
    0x93,0x93,0x93,0xff,0x93,0x93,0x93,0xff,0xa7,0xa7,0xa7,0xff,0x9b,0x9b,0x9b,0xff,
    0x95,0x95,0x95,0xff,0x96,0x96,0x96,0xff,0xa0,0xa0,0xa0,0xff,0xa2,0xa2,0xa2,0xff,
    0xab,0xab,0xab,0xff,0x89,0x89,0x89,0xff,0x79,0x79,0x79,0xff,0x81,0x81,0x81,0xff,
    0x89,0x89,0x89,0xff,0x8b,0x8b,0x8b,0xff,0x80,0x80,0x80,0xff,0x7b,0x7b,0x7b,0xff,
    0x5b,0x5b,0x5b,0xdb,0x44,0x44,0x44,0x1f,0x00,0x00,0x00,0x00,0x00,0x00,0x00,0x00,
    0x00,0x00,0x00,0x00,0x00,0x00,0x00,0x00,0x00,0x00,0x00,0x00,0x00,0x00,0x00,0x00,
    0x00,0x00,0x00,0x00,0x00,0x00,0x00,0x00,0x00,0x00,0x00,0x00,0x00,0x00,0x00,0x00,
    0x00,0x00,0x00,0x00,0x00,0x00,0x00,0x00,0x00,0x00,0x00,0x00,0x00,0x00,0x00,0x00,
    0x00,0x00,0x00,0x00,0x00,0x00,0x00,0x00,0x00,0x00,0x00,0x00,0x00,0x00,0x00,0x00,
    0x00,0x00,0x00,0x00,0x00,0x00,0x00,0x00,0x00,0x00,0x00,0x00,0x00,0x00,0x00,0x00,
    0x00,0x00,0x00,0x00,0x00,0x00,0x00,0x00,0x00,0x00,0x00,0x00,0x00,0x00,0x00,0x00,
    0x00,0x00,0x00,0x00,0x00,0x00,0x00,0x00,0x00,0x00,0x00,0x00,0x00,0x00,0x00,0x00,
    0x00,0x00,0x00,0x00,0x00,0x00,0x00,0x00,0x00,0x00,0x00,0x00,0x00,0x00,0x00,0x00,
    0x00,0x00,0x00,0x00,0x00,0x00,0x00,0x00,0x00,0x00,0x00,0x00,0x53,0x53,0x53,0x3f,
    0x86,0x86,0x86,0xe7,0x96,0x96,0x96,0xff,0x9b,0x9b,0x9b,0xff,0xa5,0xa5,0xa5,0xff,
    0x7c,0x7c,0x7c,0xff,0x71,0x71,0x71,0xff,0x9a,0x9a,0x9a,0xff,0x8b,0x8b,0x8b,0xff,
    0x8b,0x8b,0x8b,0xff,0x8b,0x8b,0x8b,0xff,0x52,0x52,0x52,0xff,0xa8,0xa8,0xa8,0xff,
    0x8c,0x8c,0x8c,0xff,0x84,0x84,0x84,0xff,0x81,0x81,0x81,0xff,0x9b,0x9b,0x9b,0xff,
    0xa6,0xa6,0xa6,0xff,0xa7,0xa7,0xa7,0xff,0x9e,0x9e,0x9e,0xff,0xa7,0xa7,0xa7,0xff,
    0xaf,0xaf,0xaf,0xff,0xb4,0xb4,0xb4,0xff,0x9e,0x9e,0x9e,0xff,0xa5,0xa5,0xa5,0xff,
    0xa3,0xa3,0xa3,0xff,0x91,0x91,0x91,0xff,0x90,0x90,0x90,0xff,0xab,0xab,0xab,0xff,
    0xa3,0xa3,0xa3,0xff,0xc7,0xc7,0xc7,0xff,0xb8,0xb8,0xb8,0xff,0xb5,0xb5,0xb5,0xff,
    0xcc,0xcc,0xcc,0xff,0xc7,0xc7,0xc7,0xff,0xc7,0xc7,0xc7,0xff,0xaa,0xaa,0xaa,0xff,
    0xb3,0xb3,0xb3,0xff,0xc2,0xc2,0xc2,0xff,0xd1,0xd1,0xd1,0xff,0xa6,0xa6,0xa6,0xff,
    0xab,0xab,0xab,0xff,0xba,0xba,0xba,0xff,0xc0,0xc0,0xc0,0xff,0xd1,0xd1,0xd1,0xff,
    0xd2,0xd2,0xd2,0xff,0xdb,0xdb,0xdb,0xff,0xce,0xce,0xce,0xff,0xd2,0xd2,0xd2,0xff,
    0xca,0xca,0xca,0xff,0xcc,0xcc,0xcc,0xff,0xd7,0xd7,0xd7,0xff,0xd2,0xd2,0xd2,0xff,
    0xc7,0xc7,0xc7,0xff,0xcd,0xcd,0xcd,0xff,0xbd,0xbd,0xbd,0xff,0xa0,0xa0,0xa0,0xff,
    0xad,0xad,0xad,0xff,0x9d,0x9d,0x9d,0xff,0xa3,0xa3,0xa3,0xff,0xb5,0xb5,0xb5,0xff,
    0xa6,0xa6,0xa6,0xff,0x7f,0x7f,0x7f,0xff,0x89,0x89,0x89,0xff,0xad,0xad,0xad,0xff,
    0xa0,0xa0,0xa0,0xff,0x98,0x98,0x98,0xff,0x81,0x81,0x81,0xff,0x7f,0x7f,0x7f,0xff,
    0x86,0x86,0x86,0xff,0x7e,0x7e,0x7e,0xff,0x86,0x86,0x86,0xff,0xa0,0xa0,0xa0,0xff,
    0x95,0x95,0x95,0xff,0x96,0x96,0x96,0xff,0x90,0x90,0x90,0xff,0x9b,0x9b,0x9b,0xff,
    0xa8,0xa8,0xa8,0xff,0xab,0xab,0xab,0xff,0xaa,0xaa,0xaa,0xff,0xa5,0xa5,0xa5,0xff,
    0x8e,0x8e,0x8e,0xff,0x88,0x88,0x88,0xff,0x86,0x86,0x86,0xff,0x79,0x79,0x79,0xff,
    0x8d,0x8d,0x8d,0xff,0x83,0x83,0x83,0xff,0x80,0x80,0x80,0xff,0x51,0x51,0x51,0xeb,
    0x2c,0x2c,0x2c,0x27,0x00,0x00,0x00,0x00,0x00,0x00,0x00,0x00,0x00,0x00,0x00,0x00,
    0x00,0x00,0x00,0x00,0x00,0x00,0x00,0x00,0x00,0x00,0x00,0x00,0x00,0x00,0x00,0x00,
    0x00,0x00,0x00,0x00,0x00,0x00,0x00,0x00,0x00,0x00,0x00,0x00,0x00,0x00,0x00,0x00,
    0x00,0x00,0x00,0x00,0x00,0x00,0x00,0x00,0x00,0x00,0x00,0x00,0x00,0x00,0x00,0x00,
    0x00,0x00,0x00,0x00,0x00,0x00,0x00,0x00,0x00,0x00,0x00,0x00,0x00,0x00,0x00,0x00,
    0x00,0x00,0x00,0x00,0x00,0x00,0x00,0x00,0x00,0x00,0x00,0x00,0x00,0x00,0x00,0x00,
    0x00,0x00,0x00,0x00,0x00,0x00,0x00,0x00,0x00,0x00,0x00,0x00,0x00,0x00,0x00,0x00,
    0x00,0x00,0x00,0x00,0x00,0x00,0x00,0x00,0x00,0x00,0x00,0x00,0x00,0x00,0x00,0x00,
    0x00,0x00,0x00,0x00,0x00,0x00,0x00,0x00,0x00,0x00,0x00,0x00,0x00,0x00,0x00,0x00,
    0x00,0x00,0x00,0x00,0x00,0x00,0x00,0x00,0x00,0x00,0x00,0x00,0x00,0x00,0x00,0x00,
    0x4b,0x4b,0x4b,0x1f,0x80,0x80,0x80,0xd7,0x98,0x98,0x98,0xff,0xab,0xab,0xab,0xff,
    0x99,0x99,0x99,0xff,0x83,0x83,0x83,0xff,0x84,0x84,0x84,0xff,0x96,0x96,0x96,0xff,
    0x98,0x98,0x98,0xff,0xa8,0xa8,0xa8,0xff,0x8e,0x8e,0x8e,0xff,0xa5,0xa5,0xa5,0xff,
    0x90,0x90,0x90,0xff,0x81,0x81,0x81,0xff,0x81,0x81,0x81,0xff,0x8d,0x8d,0x8d,0xff,
    0xaa,0xaa,0xaa,0xff,0xa0,0xa0,0xa0,0xff,0x9b,0x9b,0x9b,0xff,0xa6,0xa6,0xa6,0xff,
    0xaa,0xaa,0xaa,0xff,0xc1,0xc1,0xc1,0xff,0xb2,0xb2,0xb2,0xff,0xb3,0xb3,0xb3,0xff,
    0xb3,0xb3,0xb3,0xff,0x8d,0x8d,0x8d,0xff,0x88,0x88,0x88,0xff,0x9b,0x9b,0x9b,0xff,
    0xa7,0xa7,0xa7,0xff,0xbf,0xbf,0xbf,0xff,0xb2,0xb2,0xb2,0xff,0xbd,0xbd,0xbd,0xff,
    0xc7,0xc7,0xc7,0xff,0xd2,0xd2,0xd2,0xff,0xd2,0xd2,0xd2,0xff,0xbf,0xbf,0xbf,0xff,
    0xba,0xba,0xba,0xff,0xaa,0xaa,0xaa,0xff,0xa6,0xa6,0xa6,0xff,0xa8,0xa8,0xa8,0xff,
    0xb5,0xb5,0xb5,0xff,0xc1,0xc1,0xc1,0xff,0xc5,0xc5,0xc5,0xff,0xd4,0xd4,0xd4,0xff,
    0xd6,0xd6,0xd6,0xff,0xcc,0xcc,0xcc,0xff,0xc5,0xc5,0xc5,0xff,0xd1,0xd1,0xd1,0xff,
    0xe1,0xe1,0xe1,0xff,0xc5,0xc5,0xc5,0xff,0xbd,0xbd,0xbd,0xff,0xc4,0xc4,0xc4,0xff,
    0xbf,0xbf,0xbf,0xff,0xaf,0xaf,0xaf,0xff,0xa8,0xa8,0xa8,0xff,0x91,0x91,0x91,0xff,
    0x84,0x84,0x84,0xff,0x88,0x88,0x88,0xff,0x8d,0x8d,0x8d,0xff,0x91,0x91,0x91,0xff,
    0x8e,0x8e,0x8e,0xff,0x89,0x89,0x89,0xff,0xa0,0xa0,0xa0,0xff,0xa7,0xa7,0xa7,0xff,
    0x9e,0x9e,0x9e,0xff,0x90,0x90,0x90,0xff,0x9e,0x9e,0x9e,0xff,0x9a,0x9a,0x9a,0xff,
    0xa3,0xa3,0xa3,0xff,0xaf,0xaf,0xaf,0xff,0xa5,0xa5,0xa5,0xff,0x93,0x93,0x93,0xff,
    0x86,0x86,0x86,0xff,0x90,0x90,0x90,0xff,0x9e,0x9e,0x9e,0xff,0xb0,0xb0,0xb0,0xff,
    0xb3,0xb3,0xb3,0xff,0xa8,0xa8,0xa8,0xff,0xa2,0xa2,0xa2,0xff,0x9b,0x9b,0x9b,0xff,
    0x91,0x91,0x91,0xff,0x86,0x86,0x86,0xff,0x83,0x83,0x83,0xff,0x81,0x81,0x81,0xff,
    0x95,0x95,0x95,0xff,0x8e,0x8e,0x8e,0xff,0x54,0x54,0x54,0xdb,0x2c,0x2c,0x2c,0x3b,
    0x00,0x00,0x00,0x00,0x00,0x00,0x00,0x00,0x00,0x00,0x00,0x00,0x00,0x00,0x00,0x00,
    0x00,0x00,0x00,0x00,0x00,0x00,0x00,0x00,0x00,0x00,0x00,0x00,0x00,0x00,0x00,0x00,
    0x00,0x00,0x00,0x00,0x00,0x00,0x00,0x00,0x00,0x00,0x00,0x00,0x00,0x00,0x00,0x00,
    0x00,0x00,0x00,0x00,0x00,0x00,0x00,0x00,0x00,0x00,0x00,0x00,0x00,0x00,0x00,0x00,
    0x00,0x00,0x00,0x00,0x00,0x00,0x00,0x00,0x00,0x00,0x00,0x00,0x00,0x00,0x00,0x00,
    0x00,0x00,0x00,0x00,0x00,0x00,0x00,0x00,0x00,0x00,0x00,0x00,0x00,0x00,0x00,0x00,
    0x00,0x00,0x00,0x00,0x00,0x00,0x00,0x00,0x00,0x00,0x00,0x00,0x00,0x00,0x00,0x00,
    0x00,0x00,0x00,0x00,0x00,0x00,0x00,0x00,0x00,0x00,0x00,0x00,0x00,0x00,0x00,0x00,
    0x00,0x00,0x00,0x00,0x00,0x00,0x00,0x00,0x00,0x00,0x00,0x00,0x00,0x00,0x00,0x00,
    0x00,0x00,0x00,0x00,0x00,0x00,0x00,0x00,0x00,0x00,0x00,0x00,0x00,0x00,0x00,0x00,
    0x00,0x00,0x00,0x00,0x59,0x59,0x59,0x13,0x7a,0x7a,0x7a,0xd3,0x9a,0x9a,0x9a,0xff,
    0xb3,0xb3,0xb3,0xff,0xaa,0xaa,0xaa,0xff,0x88,0x88,0x88,0xff,0x7b,0x7b,0x7b,0xff,
    0x89,0x89,0x89,0xff,0x90,0x90,0x90,0xff,0x96,0x96,0x96,0xff,0x9a,0x9a,0x9a,0xff,
    0x90,0x90,0x90,0xff,0x83,0x83,0x83,0xff,0x74,0x74,0x74,0xff,0x79,0x79,0x79,0xff,
    0x9b,0x9b,0x9b,0xff,0x93,0x93,0x93,0xff,0x91,0x91,0x91,0xff,0xa5,0xa5,0xa5,0xff,
    0x9d,0x9d,0x9d,0xff,0xad,0xad,0xad,0xff,0xc2,0xc2,0xc2,0xff,0xaa,0xaa,0xaa,0xff,
    0x95,0x95,0x95,0xff,0x91,0x91,0x91,0xff,0x9e,0x9e,0x9e,0xff,0x96,0x96,0x96,0xff,
    0x9b,0x9b,0x9b,0xff,0xaa,0xaa,0xaa,0xff,0xaf,0xaf,0xaf,0xff,0xa7,0xa7,0xa7,0xff,
    0xaf,0xaf,0xaf,0xff,0xde,0xde,0xde,0xff,0xc2,0xc2,0xc2,0xff,0xbf,0xbf,0xbf,0xff,
    0xc4,0xc4,0xc4,0xff,0xc5,0xc5,0xc5,0xff,0xc2,0xc2,0xc2,0xff,0xc5,0xc5,0xc5,0xff,
    0xba,0xba,0xba,0xff,0xcd,0xcd,0xcd,0xff,0xcd,0xcd,0xcd,0xff,0xcc,0xcc,0xcc,0xff,
    0xcf,0xcf,0xcf,0xff,0xc7,0xc7,0xc7,0xff,0xca,0xca,0xca,0xff,0xd6,0xd6,0xd6,0xff,
    0xcf,0xcf,0xcf,0xff,0xd7,0xd7,0xd7,0xff,0xcd,0xcd,0xcd,0xff,0xb8,0xb8,0xb8,0xff,
    0xcc,0xcc,0xcc,0xff,0xaa,0xaa,0xaa,0xff,0x99,0x99,0x99,0xff,0x86,0x86,0x86,0xff,
    0x88,0x88,0x88,0xff,0x86,0x86,0x86,0xff,0x89,0x89,0x89,0xff,0x8c,0x8c,0x8c,0xff,
    0x91,0x91,0x91,0xff,0x8e,0x8e,0x8e,0xff,0x95,0x95,0x95,0xff,0x95,0x95,0x95,0xff,
    0x9a,0x9a,0x9a,0xff,0x90,0x90,0x90,0xff,0xa6,0xa6,0xa6,0xff,0xaf,0xaf,0xaf,0xff,
    0xb5,0xb5,0xb5,0xff,0xb7,0xb7,0xb7,0xff,0xb7,0xb7,0xb7,0xff,0xa8,0xa8,0xa8,0xff,
    0xa5,0xa5,0xa5,0xff,0xab,0xab,0xab,0xff,0xbe,0xbe,0xbe,0xff,0xc4,0xc4,0xc4,0xff,
    0xbc,0xbc,0xbc,0xff,0xab,0xab,0xab,0xff,0x96,0x96,0x96,0xff,0x80,0x80,0x80,0xff,
    0x81,0x81,0x81,0xff,0x7f,0x7f,0x7f,0xff,0x8e,0x8e,0x8e,0xff,0x8b,0x8b,0x8b,0xff,
    0x88,0x88,0x88,0xff,0x51,0x51,0x51,0xcb,0x2b,0x2b,0x2b,0x1f,0x00,0x00,0x00,0x00,
    0x00,0x00,0x00,0x00,0x00,0x00,0x00,0x00,0x00,0x00,0x00,0x00,0x00,0x00,0x00,0x00,
    0x00,0x00,0x00,0x00,0x00,0x00,0x00,0x00,0x00,0x00,0x00,0x00,0x00,0x00,0x00,0x00,
    0x00,0x00,0x00,0x00,0x00,0x00,0x00,0x00,0x00,0x00,0x00,0x00,0x00,0x00,0x00,0x00,
    0x00,0x00,0x00,0x00,0x00,0x00,0x00,0x00,0x00,0x00,0x00,0x00,0x00,0x00,0x00,0x00,
    0x00,0x00,0x00,0x00,0x00,0x00,0x00,0x00,0x00,0x00,0x00,0x00,0x00,0x00,0x00,0x00,
    0x00,0x00,0x00,0x00,0x00,0x00,0x00,0x00,0x00,0x00,0x00,0x00,0x00,0x00,0x00,0x00,
    0x00,0x00,0x00,0x00,0x00,0x00,0x00,0x00,0x00,0x00,0x00,0x00,0x00,0x00,0x00,0x00,
    0x00,0x00,0x00,0x00,0x00,0x00,0x00,0x00,0x00,0x00,0x00,0x00,0x00,0x00,0x00,0x00,
    0x00,0x00,0x00,0x00,0x00,0x00,0x00,0x00,0x00,0x00,0x00,0x00,0x00,0x00,0x00,0x00,
    0x00,0x00,0x00,0x00,0x00,0x00,0x00,0x00,0x00,0x00,0x00,0x00,0x00,0x00,0x00,0x00,
    0x00,0x00,0x00,0x00,0x00,0x00,0x00,0x00,0x22,0x22,0x22,0x1f,0x73,0x73,0x73,0xb7,
    0x9d,0x9d,0x9d,0xff,0xc0,0xc0,0xc0,0xff,0x98,0x98,0x98,0xff,0x7f,0x7f,0x7f,0xff,
    0x81,0x81,0x81,0xff,0x71,0x71,0x71,0xff,0x89,0x89,0x89,0xff,0x81,0x81,0x81,0xff,
    0x96,0x96,0x96,0xff,0x8b,0x8b,0x8b,0xff,0x83,0x83,0x83,0xff,0x8e,0x8e,0x8e,0xff,
    0x95,0x95,0x95,0xff,0x9a,0x9a,0x9a,0xff,0x9a,0x9a,0x9a,0xff,0xa2,0xa2,0xa2,0xff,
    0xa5,0xa5,0xa5,0xff,0xa5,0xa5,0xa5,0xff,0xaf,0xaf,0xaf,0xff,0xab,0xab,0xab,0xff,
    0xa2,0xa2,0xa2,0xff,0x9b,0x9b,0x9b,0xff,0x93,0x93,0x93,0xff,0x91,0x91,0x91,0xff,
    0xa8,0xa8,0xa8,0xff,0xa5,0xa5,0xa5,0xff,0x9b,0x9b,0x9b,0xff,0x9e,0x9e,0x9e,0xff,
    0xc2,0xc2,0xc2,0xff,0xd5,0xd5,0xd5,0xff,0xb7,0xb7,0xb7,0xff,0xc9,0xc9,0xc9,0xff,
    0xd1,0xd1,0xd1,0xff,0xd2,0xd2,0xd2,0xff,0xcd,0xcd,0xcd,0xff,0xd7,0xd7,0xd7,0xff,
    0xcf,0xcf,0xcf,0xff,0xc9,0xc9,0xc9,0xff,0xd1,0xd1,0xd1,0xff,0xe3,0xe3,0xe3,0xff,
    0xdc,0xdc,0xdc,0xff,0xeb,0xeb,0xeb,0xff,0xd9,0xd9,0xd9,0xff,0xcf,0xcf,0xcf,0xff,
    0xcc,0xcc,0xcc,0xff,0xbc,0xbc,0xbc,0xff,0xc5,0xc5,0xc5,0xff,0xcc,0xcc,0xcc,0xff,
    0xbf,0xbf,0xbf,0xff,0xa7,0xa7,0xa7,0xff,0xb0,0xb0,0xb0,0xff,0xaa,0xaa,0xaa,0xff,
    0xa2,0xa2,0xa2,0xff,0x9a,0x9a,0x9a,0xff,0x89,0x89,0x89,0xff,0x9b,0x9b,0x9b,0xff,
    0x83,0x83,0x83,0xff,0x81,0x81,0x81,0xff,0x8d,0x8d,0x8d,0xff,0x88,0x88,0x88,0xff,
    0x86,0x86,0x86,0xff,0x8e,0x8e,0x8e,0xff,0x98,0x98,0x98,0xff,0xa5,0xa5,0xa5,0xff,
    0xa5,0xa5,0xa5,0xff,0xa5,0xa5,0xa5,0xff,0xad,0xad,0xad,0xff,0xab,0xab,0xab,0xff,
    0xaf,0xaf,0xaf,0xff,0xb7,0xb7,0xb7,0xff,0xb8,0xb8,0xb8,0xff,0xa3,0xa3,0xa3,0xff,
    0x86,0x86,0x86,0xff,0x79,0x79,0x79,0xff,0x7b,0x7b,0x7b,0xff,0x7e,0x7e,0x7e,0xff,
    0x95,0x95,0x95,0xff,0xa8,0xa8,0xa8,0xff,0x9e,0x9e,0x9e,0xff,0x71,0x71,0x71,0xff,
    0x44,0x44,0x44,0xbb,0x25,0x25,0x25,0x13,0x00,0x00,0x00,0x00,0x00,0x00,0x00,0x00,
    0x00,0x00,0x00,0x00,0x00,0x00,0x00,0x00,0x00,0x00,0x00,0x00,0x00,0x00,0x00,0x00,
    0x00,0x00,0x00,0x00,0x00,0x00,0x00,0x00,0x00,0x00,0x00,0x00,0x00,0x00,0x00,0x00,
    0x00,0x00,0x00,0x00,0x00,0x00,0x00,0x00,0x00,0x00,0x00,0x00,0x00,0x00,0x00,0x00,
    0x00,0x00,0x00,0x00,0x00,0x00,0x00,0x00,0x00,0x00,0x00,0x00,0x00,0x00,0x00,0x00,
    0x00,0x00,0x00,0x00,0x00,0x00,0x00,0x00,0x00,0x00,0x00,0x00,0x00,0x00,0x00,0x00,
    0x00,0x00,0x00,0x00,0x00,0x00,0x00,0x00,0x00,0x00,0x00,0x00,0x00,0x00,0x00,0x00,
    0x00,0x00,0x00,0x00,0x00,0x00,0x00,0x00,0x00,0x00,0x00,0x00,0x00,0x00,0x00,0x00,
    0x00,0x00,0x00,0x00,0x00,0x00,0x00,0x00,0x00,0x00,0x00,0x00,0x00,0x00,0x00,0x00,
    0x00,0x00,0x00,0x00,0x00,0x00,0x00,0x00,0x00,0x00,0x00,0x00,0x00,0x00,0x00,0x00,
    0x00,0x00,0x00,0x00,0x00,0x00,0x00,0x00,0x00,0x00,0x00,0x00,0x00,0x00,0x00,0x00,
    0x00,0x00,0x00,0x00,0x00,0x00,0x00,0x00,0x00,0x00,0x00,0x00,0x00,0x00,0x00,0x00,
    0x69,0x69,0x69,0x9f,0x98,0x98,0x98,0xfb,0xab,0xab,0xab,0xff,0x9e,0x9e,0x9e,0xff,
    0x88,0x88,0x88,0xff,0x80,0x80,0x80,0xff,0x9e,0x9e,0x9e,0xff,0xb7,0xb7,0xb7,0xff,
    0xa3,0xa3,0xa3,0xff,0x9b,0x9b,0x9b,0xff,0x9e,0x9e,0x9e,0xff,0x95,0x95,0x95,0xff,
    0x8b,0x8b,0x8b,0xff,0x80,0x80,0x80,0xff,0xaf,0xaf,0xaf,0xff,0xa0,0xa0,0xa0,0xff,
    0xa2,0xa2,0xa2,0xff,0x98,0x98,0x98,0xff,0x9d,0x9d,0x9d,0xff,0xa7,0xa7,0xa7,0xff,
    0x9e,0x9e,0x9e,0xff,0x8e,0x8e,0x8e,0xff,0x83,0x83,0x83,0xff,0x95,0x95,0x95,0xff,
    0xa3,0xa3,0xa3,0xff,0xad,0xad,0xad,0xff,0xa3,0xa3,0xa3,0xff,0xb0,0xb0,0xb0,0xff,
    0xcf,0xcf,0xcf,0xff,0xb5,0xb5,0xb5,0xff,0xaf,0xaf,0xaf,0xff,0xd9,0xd9,0xd9,0xff,
    0xd2,0xd2,0xd2,0xff,0xd2,0xd2,0xd2,0xff,0xdf,0xdf,0xdf,0xff,0xcd,0xcd,0xcd,0xff,
    0xc1,0xc1,0xc1,0xff,0xc5,0xc5,0xc5,0xff,0xda,0xda,0xda,0xff,0xdf,0xdf,0xdf,0xff,
    0xdb,0xdb,0xdb,0xff,0xce,0xce,0xce,0xff,0xd9,0xd9,0xd9,0xff,0xd1,0xd1,0xd1,0xff,
    0xd4,0xd4,0xd4,0xff,0xdf,0xdf,0xdf,0xff,0xce,0xce,0xce,0xff,0xc5,0xc5,0xc5,0xff,
    0xc2,0xc2,0xc2,0xff,0xc9,0xc9,0xc9,0xff,0xc7,0xc7,0xc7,0xff,0xb4,0xb4,0xb4,0xff,
    0xab,0xab,0xab,0xff,0xaa,0xaa,0xaa,0xff,0xb2,0xb2,0xb2,0xff,0xb0,0xb0,0xb0,0xff,
    0x9d,0x9d,0x9d,0xff,0x9a,0x9a,0x9a,0xff,0xa5,0xa5,0xa5,0xff,0x9e,0x9e,0x9e,0xff,
    0x90,0x90,0x90,0xff,0x9e,0x9e,0x9e,0xff,0xa3,0xa3,0xa3,0xff,0x91,0x91,0x91,0xff,
    0x99,0x99,0x99,0xff,0xa2,0xa2,0xa2,0xff,0xa3,0xa3,0xa3,0xff,0xa5,0xa5,0xa5,0xff,
    0xaa,0xaa,0xaa,0xff,0xa7,0xa7,0xa7,0xff,0x98,0x98,0x98,0xff,0x88,0x88,0x88,0xff,
    0x88,0x88,0x88,0xff,0x7c,0x7c,0x7c,0xff,0x9b,0x9b,0x9b,0xff,0xa0,0xa0,0xa0,0xff,
    0xbf,0xbf,0xbf,0xff,0x8d,0x8d,0x8d,0xff,0x65,0x65,0x65,0xf3,0x2e,0x2e,0x2e,0x97,
    0x00,0x00,0x00,0x00,0x00,0x00,0x00,0x00,0x00,0x00,0x00,0x00,0x00,0x00,0x00,0x00,
    0x00,0x00,0x00,0x00,0x00,0x00,0x00,0x00,0x00,0x00,0x00,0x00,0x00,0x00,0x00,0x00,
    0x00,0x00,0x00,0x00,0x00,0x00,0x00,0x00,0x00,0x00,0x00,0x00,0x00,0x00,0x00,0x00,
    0x00,0x00,0x00,0x00,0x00,0x00,0x00,0x00,0x00,0x00,0x00,0x00,0x00,0x00,0x00,0x00,
    0x00,0x00,0x00,0x00,0x00,0x00,0x00,0x00,0x00,0x00,0x00,0x00,0x00,0x00,0x00,0x00,
    0x00,0x00,0x00,0x00,0x00,0x00,0x00,0x00,0x00,0x00,0x00,0x00,0x00,0x00,0x00,0x00,
    0x00,0x00,0x00,0x00,0x00,0x00,0x00,0x00,0x00,0x00,0x00,0x00,0x00,0x00,0x00,0x00,
    0x00,0x00,0x00,0x00,0x00,0x00,0x00,0x00,0x00,0x00,0x00,0x00,0x00,0x00,0x00,0x00,
    0x00,0x00,0x00,0x00,0x00,0x00,0x00,0x00,0x00,0x00,0x00,0x00,0x00,0x00,0x00,0x00,
    0x00,0x00,0x00,0x00,0x00,0x00,0x00,0x00,0x00,0x00,0x00,0x00,0x00,0x00,0x00,0x00,
    0x00,0x00,0x00,0x00,0x00,0x00,0x00,0x00,0x00,0x00,0x00,0x00,0x00,0x00,0x00,0x00,
    0x00,0x00,0x00,0x00,0x00,0x00,0x00,0x00,0x00,0x00,0x00,0x00,0x00,0x00,0x00,0x00,
    0x00,0x00,0x00,0x00,0x69,0x69,0x69,0x73,0x9e,0x9e,0x9e,0xf7,0xad,0xad,0xad,0xff,
    0xa0,0xa0,0xa0,0xff,0x81,0x81,0x81,0xff,0x7e,0x7e,0x7e,0xff,0x99,0x99,0x99,0xff,
    0xa7,0xa7,0xa7,0xff,0xa5,0xa5,0xa5,0xff,0xa5,0xa5,0xa5,0xff,0x90,0x90,0x90,0xff,
    0x7b,0x7b,0x7b,0xff,0x6f,0x6f,0x6f,0xff,0x81,0x81,0x81,0xff,0xa5,0xa5,0xa5,0xff,
    0x9e,0x9e,0x9e,0xff,0x9b,0x9b,0x9b,0xff,0xa2,0xa2,0xa2,0xff,0x9b,0x9b,0x9b,0xff,
    0x8d,0x8d,0x8d,0xff,0x91,0x91,0x91,0xff,0x81,0x81,0x81,0xff,0x89,0x89,0x89,0xff,
    0x98,0x98,0x98,0xff,0xa7,0xa7,0xa7,0xff,0xb2,0xb2,0xb2,0xff,0xcf,0xcf,0xcf,0xff,
    0xcf,0xcf,0xcf,0xff,0xaa,0xaa,0xaa,0xff,0xb8,0xb8,0xb8,0xff,0xc2,0xc2,0xc2,0xff,
    0xd9,0xd9,0xd9,0xff,0xdf,0xdf,0xdf,0xff,0xd1,0xd1,0xd1,0xff,0xc5,0xc5,0xc5,0xff,
    0xb5,0xb5,0xb5,0xff,0xa8,0xa8,0xa8,0xff,0xbf,0xbf,0xbf,0xff,0xca,0xca,0xca,0xff,
    0xc7,0xc7,0xc7,0xff,0xaf,0xaf,0xaf,0xff,0xa5,0xa5,0xa5,0xff,0xd4,0xd4,0xd4,0xff,
    0xcf,0xcf,0xcf,0xff,0xcc,0xcc,0xcc,0xff,0xc2,0xc2,0xc2,0xff,0xb8,0xb8,0xb8,0xff,
    0xa7,0xa7,0xa7,0xff,0xaf,0xaf,0xaf,0xff,0xa5,0xa5,0xa5,0xff,0x9b,0x9b,0x9b,0xff,
    0xa7,0xa7,0xa7,0xff,0xa3,0xa3,0xa3,0xff,0x90,0x90,0x90,0xff,0x95,0x95,0x95,0xff,
    0x9b,0x9b,0x9b,0xff,0x9b,0x9b,0x9b,0xff,0x95,0x95,0x95,0xff,0x98,0x98,0x98,0xff,
    0x98,0x98,0x98,0xff,0x9e,0x9e,0x9e,0xff,0xa2,0xa2,0xa2,0xff,0x96,0x96,0x96,0xff,
    0xa5,0xa5,0xa5,0xff,0x96,0x96,0x96,0xff,0xa5,0xa5,0xa5,0xff,0xab,0xab,0xab,0xff,
    0xa3,0xa3,0xa3,0xff,0x98,0x98,0x98,0xff,0x99,0x99,0x99,0xff,0x98,0x98,0x98,0xff,
    0x9b,0x9b,0x9b,0xff,0xb7,0xb7,0xb7,0xff,0xab,0xab,0xab,0xff,0x89,0x89,0x89,0xff,
    0x83,0x83,0x83,0xff,0x65,0x65,0x65,0xdb,0x36,0x36,0x36,0x3f,0x00,0x00,0x00,0x00,
    0x00,0x00,0x00,0x00,0x00,0x00,0x00,0x00,0x00,0x00,0x00,0x00,0x00,0x00,0x00,0x00,
    0x00,0x00,0x00,0x00,0x00,0x00,0x00,0x00,0x00,0x00,0x00,0x00,0x00,0x00,0x00,0x00,
    0x00,0x00,0x00,0x00,0x00,0x00,0x00,0x00,0x00,0x00,0x00,0x00,0x00,0x00,0x00,0x00,
    0x00,0x00,0x00,0x00,0x00,0x00,0x00,0x00,0x00,0x00,0x00,0x00,0x00,0x00,0x00,0x00,
    0x00,0x00,0x00,0x00,0x00,0x00,0x00,0x00,0x00,0x00,0x00,0x00,0x00,0x00,0x00,0x00,
    0x00,0x00,0x00,0x00,0x00,0x00,0x00,0x00,0x00,0x00,0x00,0x00,0x00,0x00,0x00,0x00,
    0x00,0x00,0x00,0x00,0x00,0x00,0x00,0x00,0x00,0x00,0x00,0x00,0x00,0x00,0x00,0x00,
    0x00,0x00,0x00,0x00,0x00,0x00,0x00,0x00,0x00,0x00,0x00,0x00,0x00,0x00,0x00,0x00,
    0x00,0x00,0x00,0x00,0x00,0x00,0x00,0x00,0x00,0x00,0x00,0x00,0x00,0x00,0x00,0x00,
    0x00,0x00,0x00,0x00,0x00,0x00,0x00,0x00,0x00,0x00,0x00,0x00,0x00,0x00,0x00,0x00,
    0x00,0x00,0x00,0x00,0x00,0x00,0x00,0x00,0x00,0x00,0x00,0x00,0x00,0x00,0x00,0x00,
    0x00,0x00,0x00,0x00,0x00,0x00,0x00,0x00,0x00,0x00,0x00,0x00,0x00,0x00,0x00,0x00,
    0x00,0x00,0x00,0x00,0x00,0x00,0x00,0x00,0x5f,0x5f,0x5f,0x3f,0x91,0x91,0x91,0xdb,
    0xa8,0xa8,0xa8,0xff,0xa3,0xa3,0xa3,0xff,0xa0,0xa0,0xa0,0xff,0x93,0x93,0x93,0xff,
    0x9a,0x9a,0x9a,0xff,0xa7,0xa7,0xa7,0xff,0xad,0xad,0xad,0xff,0xad,0xad,0xad,0xff,
    0x96,0x96,0x96,0xff,0x7e,0x7e,0x7e,0xff,0x62,0x62,0x62,0xff,0x8c,0x8c,0x8c,0xff,
    0x9e,0x9e,0x9e,0xff,0xab,0xab,0xab,0xff,0xa3,0xa3,0xa3,0xff,0x8e,0x8e,0x8e,0xff,
    0x99,0x99,0x99,0xff,0x9b,0x9b,0x9b,0xff,0x8c,0x8c,0x8c,0xff,0x8e,0x8e,0x8e,0xff,
    0x99,0x99,0x99,0xff,0xa5,0xa5,0xa5,0xff,0xb4,0xb4,0xb4,0xff,0xd1,0xd1,0xd1,0xff,
    0xa7,0xa7,0xa7,0xff,0xad,0xad,0xad,0xff,0xaa,0xaa,0xaa,0xff,0xcf,0xcf,0xcf,0xff,
    0xc9,0xc9,0xc9,0xff,0xcc,0xcc,0xcc,0xff,0xd4,0xd4,0xd4,0xff,0xd4,0xd4,0xd4,0xff,
    0xc7,0xc7,0xc7,0xff,0xc2,0xc2,0xc2,0xff,0xcc,0xcc,0xcc,0xff,0xca,0xca,0xca,0xff,
    0xca,0xca,0xca,0xff,0xd2,0xd2,0xd2,0xff,0xbc,0xbc,0xbc,0xff,0xcf,0xcf,0xcf,0xff,
    0xdc,0xdc,0xdc,0xff,0xc7,0xc7,0xc7,0xff,0xb8,0xb8,0xb8,0xff,0xbc,0xbc,0xbc,0xff,
    0xb0,0xb0,0xb0,0xff,0xaa,0xaa,0xaa,0xff,0xa3,0xa3,0xa3,0xff,0x93,0x93,0x93,0xff,
    0x90,0x90,0x90,0xff,0x9b,0x9b,0x9b,0xff,0xa3,0xa3,0xa3,0xff,0x9e,0x9e,0x9e,0xff,
    0xa6,0xa6,0xa6,0xff,0xaf,0xaf,0xaf,0xff,0xa6,0xa6,0xa6,0xff,0xad,0xad,0xad,0xff,
    0xa5,0xa5,0xa5,0xff,0xaf,0xaf,0xaf,0xff,0xaa,0xaa,0xaa,0xff,0xab,0xab,0xab,0xff,
    0xad,0xad,0xad,0xff,0xb4,0xb4,0xb4,0xff,0xad,0xad,0xad,0xff,0xaf,0xaf,0xaf,0xff,
    0xa2,0xa2,0xa2,0xff,0x83,0x83,0x83,0xff,0x84,0x84,0x84,0xff,0x89,0x89,0x89,0xff,
    0xa0,0xa0,0xa0,0xff,0xa2,0xa2,0xa2,0xff,0x76,0x76,0x76,0xff,0x5d,0x5d,0x5d,0xff,
    0x45,0x45,0x45,0xcf,0x25,0x25,0x25,0x1b,0x00,0x00,0x00,0x00,0x00,0x00,0x00,0x00,
    0x00,0x00,0x00,0x00,0x00,0x00,0x00,0x00,0x00,0x00,0x00,0x00,0x00,0x00,0x00,0x00,
    0x00,0x00,0x00,0x00,0x00,0x00,0x00,0x00,0x00,0x00,0x00,0x00,0x00,0x00,0x00,0x00,
    0x00,0x00,0x00,0x00,0x00,0x00,0x00,0x00,0x00,0x00,0x00,0x00,0x00,0x00,0x00,0x00,
    0x00,0x00,0x00,0x00,0x00,0x00,0x00,0x00,0x00,0x00,0x00,0x00,0x00,0x00,0x00,0x00,
    0x00,0x00,0x00,0x00,0x00,0x00,0x00,0x00,0x00,0x00,0x00,0x00,0x00,0x00,0x00,0x00,
    0x00,0x00,0x00,0x00,0x00,0x00,0x00,0x00,0x00,0x00,0x00,0x00,0x00,0x00,0x00,0x00,
    0x00,0x00,0x00,0x00,0x00,0x00,0x00,0x00,0x00,0x00,0x00,0x00,0x00,0x00,0x00,0x00,
    0x00,0x00,0x00,0x00,0x00,0x00,0x00,0x00,0x00,0x00,0x00,0x00,0x00,0x00,0x00,0x00,
    0x00,0x00,0x00,0x00,0x00,0x00,0x00,0x00,0x00,0x00,0x00,0x00,0x00,0x00,0x00,0x00,
    0x00,0x00,0x00,0x00,0x00,0x00,0x00,0x00,0x00,0x00,0x00,0x00,0x00,0x00,0x00,0x00,
    0x00,0x00,0x00,0x00,0x00,0x00,0x00,0x00,0x00,0x00,0x00,0x00,0x00,0x00,0x00,0x00,
    0x00,0x00,0x00,0x00,0x00,0x00,0x00,0x00,0x00,0x00,0x00,0x00,0x00,0x00,0x00,0x00,
    0x00,0x00,0x00,0x00,0x00,0x00,0x00,0x00,0x00,0x00,0x00,0x00,0x1a,0x1a,0x1a,0x03,
    0x83,0x83,0x83,0xa7,0xaa,0xaa,0xaa,0xff,0xb3,0xb3,0xb3,0xff,0xab,0xab,0xab,0xff,
    0x9b,0x9b,0x9b,0xff,0xad,0xad,0xad,0xff,0xaa,0xaa,0xaa,0xff,0xb5,0xb5,0xb5,0xff,
    0xb7,0xb7,0xb7,0xff,0xaa,0xaa,0xaa,0xff,0x83,0x83,0x83,0xff,0x84,0x84,0x84,0xff,
    0x8d,0x8d,0x8d,0xff,0x91,0x91,0x91,0xff,0x98,0x98,0x98,0xff,0x91,0x91,0x91,0xff,
    0x91,0x91,0x91,0xff,0xa2,0xa2,0xa2,0xff,0x95,0x95,0x95,0xff,0x9e,0x9e,0x9e,0xff,
    0xa7,0xa7,0xa7,0xff,0xaa,0xaa,0xaa,0xff,0xca,0xca,0xca,0xff,0xb5,0xb5,0xb5,0xff,
    0xa3,0xa3,0xa3,0xff,0xa0,0xa0,0xa0,0xff,0xb4,0xb4,0xb4,0xff,0xcc,0xcc,0xcc,0xff,
    0xcf,0xcf,0xcf,0xff,0xba,0xba,0xba,0xff,0xc5,0xc5,0xc5,0xff,0xb2,0xb2,0xb2,0xff,
    0xc4,0xc4,0xc4,0xff,0xb3,0xb3,0xb3,0xff,0xc7,0xc7,0xc7,0xff,0xc7,0xc7,0xc7,0xff,
    0xc7,0xc7,0xc7,0xff,0xa2,0xa2,0xa2,0xff,0xaf,0xaf,0xaf,0xff,0xc4,0xc4,0xc4,0xff,
    0xc9,0xc9,0xc9,0xff,0xb5,0xb5,0xb5,0xff,0xb0,0xb0,0xb0,0xff,0xa7,0xa7,0xa7,0xff,
    0xa5,0xa5,0xa5,0xff,0xa6,0xa6,0xa6,0xff,0xa3,0xa3,0xa3,0xff,0xa3,0xa3,0xa3,0xff,
    0xa5,0xa5,0xa5,0xff,0xa5,0xa5,0xa5,0xff,0xb0,0xb0,0xb0,0xff,0xb2,0xb2,0xb2,0xff,
    0xaa,0xaa,0xaa,0xff,0x9b,0x9b,0x9b,0xff,0x9a,0x9a,0x9a,0xff,0xa2,0xa2,0xa2,0xff,
    0x9e,0x9e,0x9e,0xff,0xa2,0xa2,0xa2,0xff,0xb3,0xb3,0xb3,0xff,0xa5,0xa5,0xa5,0xff,
    0xa8,0xa8,0xa8,0xff,0xa8,0xa8,0xa8,0xff,0xa5,0xa5,0xa5,0xff,0x9d,0x9d,0x9d,0xff,
    0x8b,0x8b,0x8b,0xff,0x79,0x79,0x79,0xff,0x89,0x89,0x89,0xff,0x88,0x88,0x88,0xff,
    0x9e,0x9e,0x9e,0xff,0x7e,0x7e,0x7e,0xff,0x52,0x52,0x52,0xf3,0x2f,0x2f,0x2f,0x73,
    0x00,0x00,0x00,0x00,0x00,0x00,0x00,0x00,0x00,0x00,0x00,0x00,0x00,0x00,0x00,0x00,
    0x00,0x00,0x00,0x00,0x00,0x00,0x00,0x00,0x00,0x00,0x00,0x00,0x00,0x00,0x00,0x00,
    0x00,0x00,0x00,0x00,0x00,0x00,0x00,0x00,0x00,0x00,0x00,0x00,0x00,0x00,0x00,0x00,
    0x00,0x00,0x00,0x00,0x00,0x00,0x00,0x00,0x00,0x00,0x00,0x00,0x00,0x00,0x00,0x00,
    0x00,0x00,0x00,0x00,0x00,0x00,0x00,0x00,0x00,0x00,0x00,0x00,0x00,0x00,0x00,0x00,
    0x00,0x00,0x00,0x00,0x00,0x00,0x00,0x00,0x00,0x00,0x00,0x00,0x00,0x00,0x00,0x00,
    0x00,0x00,0x00,0x00,0x00,0x00,0x00,0x00,0x00,0x00,0x00,0x00,0x00,0x00,0x00,0x00,
    0x00,0x00,0x00,0x00,0x00,0x00,0x00,0x00,0x00,0x00,0x00,0x00,0x00,0x00,0x00,0x00,
    0x00,0x00,0x00,0x00,0x00,0x00,0x00,0x00,0x00,0x00,0x00,0x00,0x00,0x00,0x00,0x00,
    0x00,0x00,0x00,0x00,0x00,0x00,0x00,0x00,0x00,0x00,0x00,0x00,0x00,0x00,0x00,0x00,
    0x00,0x00,0x00,0x00,0x00,0x00,0x00,0x00,0x00,0x00,0x00,0x00,0x00,0x00,0x00,0x00,
    0x00,0x00,0x00,0x00,0x00,0x00,0x00,0x00,0x00,0x00,0x00,0x00,0x00,0x00,0x00,0x00,
    0x00,0x00,0x00,0x00,0x00,0x00,0x00,0x00,0x00,0x00,0x00,0x00,0x00,0x00,0x00,0x00,
    0x00,0x00,0x00,0x00,0x00,0x00,0x00,0x00,0x00,0x00,0x00,0x00,0x00,0x00,0x00,0x00,
    0x00,0x00,0x00,0x00,0x67,0x67,0x67,0x5b,0xa2,0xa2,0xa2,0xe3,0xba,0xba,0xba,0xff,
    0xce,0xce,0xce,0xff,0xb4,0xb4,0xb4,0xff,0xad,0xad,0xad,0xff,0xaf,0xaf,0xaf,0xff,
    0xc4,0xc4,0xc4,0xff,0xce,0xce,0xce,0xff,0xc4,0xc4,0xc4,0xff,0xb7,0xb7,0xb7,0xff,
    0xa3,0xa3,0xa3,0xff,0x9e,0x9e,0x9e,0xff,0xb4,0xb4,0xb4,0xff,0xaf,0xaf,0xaf,0xff,
    0xa3,0xa3,0xa3,0xff,0x99,0x99,0x99,0xff,0x93,0x93,0x93,0xff,0x96,0x96,0x96,0xff,
    0x9e,0x9e,0x9e,0xff,0xc2,0xc2,0xc2,0xff,0xba,0xba,0xba,0xff,0xa5,0xa5,0xa5,0xff,
    0xa2,0xa2,0xa2,0xff,0xb8,0xb8,0xb8,0xff,0xbf,0xbf,0xbf,0xff,0xbd,0xbd,0xbd,0xff,
    0xd6,0xd6,0xd6,0xff,0xb8,0xb8,0xb8,0xff,0xad,0xad,0xad,0xff,0xb8,0xb8,0xb8,0xff,
    0xab,0xab,0xab,0xff,0xad,0xad,0xad,0xff,0xcd,0xcd,0xcd,0xff,0xbc,0xbc,0xbc,0xff,
    0xb8,0xb8,0xb8,0xff,0xbd,0xbd,0xbd,0xff,0xaf,0xaf,0xaf,0xff,0xbd,0xbd,0xbd,0xff,
    0xb8,0xb8,0xb8,0xff,0xa7,0xa7,0xa7,0xff,0xa3,0xa3,0xa3,0xff,0xb0,0xb0,0xb0,0xff,
    0xaa,0xaa,0xaa,0xff,0xa6,0xa6,0xa6,0xff,0x99,0x99,0x99,0xff,0x9b,0x9b,0x9b,0xff,
    0xa3,0xa3,0xa3,0xff,0xab,0xab,0xab,0xff,0xa8,0xa8,0xa8,0xff,0xa6,0xa6,0xa6,0xff,
    0xa7,0xa7,0xa7,0xff,0xab,0xab,0xab,0xff,0x95,0x95,0x95,0xff,0x8e,0x8e,0x8e,0xff,
    0xa0,0xa0,0xa0,0xff,0xb2,0xb2,0xb2,0xff,0xbf,0xbf,0xbf,0xff,0xa3,0xa3,0xa3,0xff,
    0x8b,0x8b,0x8b,0xff,0x7c,0x7c,0x7c,0xff,0x98,0x98,0x98,0xff,0xaa,0xaa,0xaa,0xff,
    0x89,0x89,0x89,0xff,0x90,0x90,0x90,0xff,0x95,0x95,0x95,0xff,0x9a,0x9a,0x9a,0xff,
    0x8c,0x8c,0x8c,0xff,0x64,0x64,0x64,0xaf,0x1f,0x1f,0x1f,0x13,0x00,0x00,0x00,0x00,
    0x00,0x00,0x00,0x00,0x00,0x00,0x00,0x00,0x00,0x00,0x00,0x00,0x00,0x00,0x00,0x00,
    0x00,0x00,0x00,0x00,0x00,0x00,0x00,0x00,0x00,0x00,0x00,0x00,0x00,0x00,0x00,0x00,
    0x00,0x00,0x00,0x00,0x00,0x00,0x00,0x00,0x00,0x00,0x00,0x00,0x00,0x00,0x00,0x00,
    0x00,0x00,0x00,0x00,0x00,0x00,0x00,0x00,0x00,0x00,0x00,0x00,0x00,0x00,0x00,0x00,
    0x00,0x00,0x00,0x00,0x00,0x00,0x00,0x00,0x00,0x00,0x00,0x00,0x00,0x00,0x00,0x00,
    0x00,0x00,0x00,0x00,0x00,0x00,0x00,0x00,0x00,0x00,0x00,0x00,0x00,0x00,0x00,0x00,
    0x00,0x00,0x00,0x00,0x00,0x00,0x00,0x00,0x00,0x00,0x00,0x00,0x00,0x00,0x00,0x00,
    0x00,0x00,0x00,0x00,0x00,0x00,0x00,0x00,0x00,0x00,0x00,0x00,0x00,0x00,0x00,0x00,
    0x00,0x00,0x00,0x00,0x00,0x00,0x00,0x00,0x00,0x00,0x00,0x00,0x00,0x00,0x00,0x00,
    0x00,0x00,0x00,0x00,0x00,0x00,0x00,0x00,0x00,0x00,0x00,0x00,0x00,0x00,0x00,0x00,
    0x00,0x00,0x00,0x00,0x00,0x00,0x00,0x00,0x00,0x00,0x00,0x00,0x00,0x00,0x00,0x00,
    0x00,0x00,0x00,0x00,0x00,0x00,0x00,0x00,0x00,0x00,0x00,0x00,0x00,0x00,0x00,0x00,
    0x00,0x00,0x00,0x00,0x00,0x00,0x00,0x00,0x00,0x00,0x00,0x00,0x00,0x00,0x00,0x00,
    0x00,0x00,0x00,0x00,0x00,0x00,0x00,0x00,0x00,0x00,0x00,0x00,0x00,0x00,0x00,0x00,
    0x00,0x00,0x00,0x00,0x00,0x00,0x00,0x00,0x3a,0x3a,0x3a,0x1f,0xa4,0xa4,0xa4,0xb7,
    0xbd,0xbd,0xbd,0xff,0xd9,0xd9,0xd9,0xff,0xc1,0xc1,0xc1,0xff,0xbc,0xbc,0xbc,0xff,
    0xb5,0xb5,0xb5,0xff,0xc2,0xc2,0xc2,0xff,0xcf,0xcf,0xcf,0xff,0xc4,0xc4,0xc4,0xff,
    0xc0,0xc0,0xc0,0xff,0xc7,0xc7,0xc7,0xff,0xcf,0xcf,0xcf,0xff,0xc7,0xc7,0xc7,0xff,
    0xb2,0xb2,0xb2,0xff,0x98,0x98,0x98,0xff,0x98,0x98,0x98,0xff,0x9b,0x9b,0x9b,0xff,
    0xb0,0xb0,0xb0,0xff,0xce,0xce,0xce,0xff,0xba,0xba,0xba,0xff,0xb2,0xb2,0xb2,0xff,
    0xa5,0xa5,0xa5,0xff,0xb8,0xb8,0xb8,0xff,0xb5,0xb5,0xb5,0xff,0xc0,0xc0,0xc0,0xff,
    0xe6,0xe6,0xe6,0xff,0xb5,0xb5,0xb5,0xff,0xb3,0xb3,0xb3,0xff,0xc5,0xc5,0xc5,0xff,
    0xcf,0xcf,0xcf,0xff,0xc9,0xc9,0xc9,0xff,0xd2,0xd2,0xd2,0xff,0xb5,0xb5,0xb5,0xff,
    0xbc,0xbc,0xbc,0xff,0xaf,0xaf,0xaf,0xff,0xb0,0xb0,0xb0,0xff,0xba,0xba,0xba,0xff,
    0xaf,0xaf,0xaf,0xff,0xb5,0xb5,0xb5,0xff,0xba,0xba,0xba,0xff,0xb8,0xb8,0xb8,0xff,
    0xa0,0xa0,0xa0,0xff,0xaa,0xaa,0xaa,0xff,0xb5,0xb5,0xb5,0xff,0xad,0xad,0xad,0xff,
    0xad,0xad,0xad,0xff,0xb5,0xb5,0xb5,0xff,0xa8,0xa8,0xa8,0xff,0x9b,0x9b,0x9b,0xff,
    0xa3,0xa3,0xa3,0xff,0x9b,0x9b,0x9b,0xff,0x9b,0x9b,0x9b,0xff,0xa8,0xa8,0xa8,0xff,
    0xa5,0xa5,0xa5,0xff,0xaa,0xaa,0xaa,0xff,0x9d,0x9d,0x9d,0xff,0x83,0x83,0x83,0xff,
    0x95,0x95,0x95,0xff,0x9e,0x9e,0x9e,0xff,0xa3,0xa3,0xa3,0xff,0x90,0x90,0x90,0xff,
    0x98,0x98,0x98,0xff,0xad,0xad,0xad,0xff,0xb0,0xb0,0xb0,0xff,0x92,0x92,0x92,0xe7,
    0x60,0x60,0x60,0x6b,0x00,0x00,0x00,0x00,0x00,0x00,0x00,0x00,0x00,0x00,0x00,0x00,
    0x00,0x00,0x00,0x00,0x00,0x00,0x00,0x00,0x00,0x00,0x00,0x00,0x00,0x00,0x00,0x00,
    0x00,0x00,0x00,0x00,0x00,0x00,0x00,0x00,0x00,0x00,0x00,0x00,0x00,0x00,0x00,0x00,
    0x00,0x00,0x00,0x00,0x00,0x00,0x00,0x00,0x00,0x00,0x00,0x00,0x00,0x00,0x00,0x00,
    0x00,0x00,0x00,0x00,0x00,0x00,0x00,0x00,0x00,0x00,0x00,0x00,0x00,0x00,0x00,0x00,
    0x00,0x00,0x00,0x00,0x00,0x00,0x00,0x00,0x00,0x00,0x00,0x00,0x00,0x00,0x00,0x00,
    0x00,0x00,0x00,0x00,0x00,0x00,0x00,0x00,0x00,0x00,0x00,0x00,0x00,0x00,0x00,0x00,
    0x00,0x00,0x00,0x00,0x00,0x00,0x00,0x00,0x00,0x00,0x00,0x00,0x00,0x00,0x00,0x00,
    0x00,0x00,0x00,0x00,0x00,0x00,0x00,0x00,0x00,0x00,0x00,0x00,0x00,0x00,0x00,0x00,
    0x00,0x00,0x00,0x00,0x00,0x00,0x00,0x00,0x00,0x00,0x00,0x00,0x00,0x00,0x00,0x00,
    0x00,0x00,0x00,0x00,0x00,0x00,0x00,0x00,0x00,0x00,0x00,0x00,0x00,0x00,0x00,0x00,
    0x00,0x00,0x00,0x00,0x00,0x00,0x00,0x00,0x00,0x00,0x00,0x00,0x00,0x00,0x00,0x00,
    0x00,0x00,0x00,0x00,0x00,0x00,0x00,0x00,0x00,0x00,0x00,0x00,0x00,0x00,0x00,0x00,
    0x00,0x00,0x00,0x00,0x00,0x00,0x00,0x00,0x00,0x00,0x00,0x00,0x00,0x00,0x00,0x00,
    0x00,0x00,0x00,0x00,0x00,0x00,0x00,0x00,0x00,0x00,0x00,0x00,0x00,0x00,0x00,0x00,
    0x00,0x00,0x00,0x00,0x00,0x00,0x00,0x00,0x00,0x00,0x00,0x00,0x00,0x00,0x00,0x00,
    0x54,0x54,0x54,0x43,0x9d,0x9d,0x9d,0xc7,0xd2,0xd2,0xd2,0xff,0xdb,0xdb,0xdb,0xff,
    0xce,0xce,0xce,0xff,0xcf,0xcf,0xcf,0xff,0xd1,0xd1,0xd1,0xff,0xce,0xce,0xce,0xff,
    0xdc,0xdc,0xdc,0xff,0xc7,0xc7,0xc7,0xff,0xc7,0xc7,0xc7,0xff,0xbf,0xbf,0xbf,0xff,
    0xbf,0xbf,0xbf,0xff,0xb2,0xb2,0xb2,0xff,0xa5,0xa5,0xa5,0xff,0xaf,0xaf,0xaf,0xff,
    0xbd,0xbd,0xbd,0xff,0xaf,0xaf,0xaf,0xff,0xbf,0xbf,0xbf,0xff,0xbf,0xbf,0xbf,0xff,
    0xc2,0xc2,0xc2,0xff,0xb2,0xb2,0xb2,0xff,0xbf,0xbf,0xbf,0xff,0xc0,0xc0,0xc0,0xff,
    0xdf,0xdf,0xdf,0xff,0xb5,0xb5,0xb5,0xff,0xb3,0xb3,0xb3,0xff,0xcc,0xcc,0xcc,0xff,
    0xd2,0xd2,0xd2,0xff,0xc2,0xc2,0xc2,0xff,0xbd,0xbd,0xbd,0xff,0xb5,0xb5,0xb5,0xff,
    0xaa,0xaa,0xaa,0xff,0xab,0xab,0xab,0xff,0xaf,0xaf,0xaf,0xff,0xaa,0xaa,0xaa,0xff,
    0xab,0xab,0xab,0xff,0xa5,0xa5,0xa5,0xff,0xbc,0xbc,0xbc,0xff,0xcd,0xcd,0xcd,0xff,
    0xba,0xba,0xba,0xff,0xb0,0xb0,0xb0,0xff,0xb8,0xb8,0xb8,0xff,0xc2,0xc2,0xc2,0xff,
    0xad,0xad,0xad,0xff,0xab,0xab,0xab,0xff,0xad,0xad,0xad,0xff,0xa7,0xa7,0xa7,0xff,
    0xa0,0xa0,0xa0,0xff,0xa5,0xa5,0xa5,0xff,0xb4,0xb4,0xb4,0xff,0xa7,0xa7,0xa7,0xff,
    0xab,0xab,0xab,0xff,0xa2,0xa2,0xa2,0xff,0x9d,0x9d,0x9d,0xff,0xa2,0xa2,0xa2,0xff,
    0x96,0x96,0x96,0xff,0x91,0x91,0x91,0xff,0xa3,0xa3,0xa3,0xff,0xad,0xad,0xad,0xff,
    0xa3,0xa3,0xa3,0xff,0xaa,0xaa,0xaa,0xff,0x8c,0x8c,0x8c,0x9b,0x3a,0x3a,0x3a,0x1f,
    0x00,0x00,0x00,0x00,0x00,0x00,0x00,0x00,0x00,0x00,0x00,0x00,0x00,0x00,0x00,0x00,
    0x00,0x00,0x00,0x00,0x00,0x00,0x00,0x00,0x00,0x00,0x00,0x00,0x00,0x00,0x00,0x00,
    0x00,0x00,0x00,0x00,0x00,0x00,0x00,0x00,0x00,0x00,0x00,0x00,0x00,0x00,0x00,0x00,
    0x00,0x00,0x00,0x00,0x00,0x00,0x00,0x00,0x00,0x00,0x00,0x00,0x00,0x00,0x00,0x00,
    0x00,0x00,0x00,0x00,0x00,0x00,0x00,0x00,0x00,0x00,0x00,0x00,0x00,0x00,0x00,0x00,
    0x00,0x00,0x00,0x00,0x00,0x00,0x00,0x00,0x00,0x00,0x00,0x00,0x00,0x00,0x00,0x00,
    0x00,0x00,0x00,0x00,0x00,0x00,0x00,0x00,0x00,0x00,0x00,0x00,0x00,0x00,0x00,0x00,
    0x00,0x00,0x00,0x00,0x00,0x00,0x00,0x00,0x00,0x00,0x00,0x00,0x00,0x00,0x00,0x00,
    0x00,0x00,0x00,0x00,0x00,0x00,0x00,0x00,0x00,0x00,0x00,0x00,0x00,0x00,0x00,0x00,
    0x00,0x00,0x00,0x00,0x00,0x00,0x00,0x00,0x00,0x00,0x00,0x00,0x00,0x00,0x00,0x00,
    0x00,0x00,0x00,0x00,0x00,0x00,0x00,0x00,0x00,0x00,0x00,0x00,0x00,0x00,0x00,0x00,
    0x00,0x00,0x00,0x00,0x00,0x00,0x00,0x00,0x00,0x00,0x00,0x00,0x00,0x00,0x00,0x00,
    0x00,0x00,0x00,0x00,0x00,0x00,0x00,0x00,0x00,0x00,0x00,0x00,0x00,0x00,0x00,0x00,
    0x00,0x00,0x00,0x00,0x00,0x00,0x00,0x00,0x00,0x00,0x00,0x00,0x00,0x00,0x00,0x00,
    0x00,0x00,0x00,0x00,0x00,0x00,0x00,0x00,0x00,0x00,0x00,0x00,0x00,0x00,0x00,0x00,
    0x00,0x00,0x00,0x00,0x00,0x00,0x00,0x00,0x00,0x00,0x00,0x00,0x00,0x00,0x00,0x00,
    0x00,0x00,0x00,0x00,0x1c,0x1c,0x1c,0x27,0x76,0x76,0x76,0x67,0xa4,0xa4,0xa4,0xd3,
    0xcf,0xcf,0xcf,0xff,0xda,0xda,0xda,0xff,0xdf,0xdf,0xdf,0xff,0xd9,0xd9,0xd9,0xff,
    0xca,0xca,0xca,0xff,0xba,0xba,0xba,0xff,0xb4,0xb4,0xb4,0xff,0xd1,0xd1,0xd1,0xff,
    0xcc,0xcc,0xcc,0xff,0xbf,0xbf,0xbf,0xff,0xc7,0xc7,0xc7,0xff,0xca,0xca,0xca,0xff,
    0xc1,0xc1,0xc1,0xff,0xb8,0xb8,0xb8,0xff,0xc5,0xc5,0xc5,0xff,0xd2,0xd2,0xd2,0xff,
    0xc5,0xc5,0xc5,0xff,0xab,0xab,0xab,0xff,0xb8,0xb8,0xb8,0xff,0xc1,0xc1,0xc1,0xff,
    0xdf,0xdf,0xdf,0xff,0xd2,0xd2,0xd2,0xff,0xd7,0xd7,0xd7,0xff,0xe7,0xe7,0xe7,0xff,
    0xdc,0xdc,0xdc,0xff,0xba,0xba,0xba,0xff,0xb8,0xb8,0xb8,0xff,0xaf,0xaf,0xaf,0xff,
    0xb2,0xb2,0xb2,0xff,0xaa,0xaa,0xaa,0xff,0xb0,0xb0,0xb0,0xff,0xab,0xab,0xab,0xff,
    0xc2,0xc2,0xc2,0xff,0xaa,0xaa,0xaa,0xff,0xb0,0xb0,0xb0,0xff,0xc5,0xc5,0xc5,0xff,
    0xc4,0xc4,0xc4,0xff,0xba,0xba,0xba,0xff,0xb7,0xb7,0xb7,0xff,0xb4,0xb4,0xb4,0xff,
    0xad,0xad,0xad,0xff,0xaf,0xaf,0xaf,0xff,0xad,0xad,0xad,0xff,0xa3,0xa3,0xa3,0xff,
    0x99,0x99,0x99,0xff,0x91,0x91,0x91,0xff,0xa3,0xa3,0xa3,0xff,0xa0,0xa0,0xa0,0xff,
    0xa5,0xa5,0xa5,0xff,0xa7,0xa7,0xa7,0xff,0x95,0x95,0x95,0xff,0xa5,0xa5,0xa5,0xff,
    0xa5,0xa5,0xa5,0xff,0xaa,0xaa,0xaa,0xff,0xa6,0xa6,0xa6,0xff,0x96,0x96,0x96,0xf7,
    0x86,0x86,0x86,0xb3,0x50,0x50,0x50,0x4b,0x00,0x00,0x00,0x00,0x00,0x00,0x00,0x00,
    0x00,0x00,0x00,0x00,0x00,0x00,0x00,0x00,0x00,0x00,0x00,0x00,0x00,0x00,0x00,0x00,
    0x00,0x00,0x00,0x00,0x00,0x00,0x00,0x00,0x00,0x00,0x00,0x00,0x00,0x00,0x00,0x00,
    0x00,0x00,0x00,0x00,0x00,0x00,0x00,0x00,0x00,0x00,0x00,0x00,0x00,0x00,0x00,0x00,
    0x00,0x00,0x00,0x00,0x00,0x00,0x00,0x00,0x00,0x00,0x00,0x00,0x00,0x00,0x00,0x00,
    0x00,0x00,0x00,0x00,0x00,0x00,0x00,0x00,0x00,0x00,0x00,0x00,0x00,0x00,0x00,0x00,
    0x00,0x00,0x00,0x00,0x00,0x00,0x00,0x00,0x00,0x00,0x00,0x00,0x00,0x00,0x00,0x00,
    0x00,0x00,0x00,0x00,0x00,0x00,0x00,0x00,0x00,0x00,0x00,0x00,0x00,0x00,0x00,0x00,
    0x00,0x00,0x00,0x00,0x00,0x00,0x00,0x00,0x00,0x00,0x00,0x00,0x00,0x00,0x00,0x00,
    0x00,0x00,0x00,0x00,0x00,0x00,0x00,0x00,0x00,0x00,0x00,0x00,0x00,0x00,0x00,0x00,
    0x00,0x00,0x00,0x00,0x00,0x00,0x00,0x00,0x00,0x00,0x00,0x00,0x00,0x00,0x00,0x00,
    0x00,0x00,0x00,0x00,0x00,0x00,0x00,0x00,0x00,0x00,0x00,0x00,0x00,0x00,0x00,0x00,
    0x00,0x00,0x00,0x00,0x00,0x00,0x00,0x00,0x00,0x00,0x00,0x00,0x00,0x00,0x00,0x00,
    0x00,0x00,0x00,0x00,0x00,0x00,0x00,0x00,0x00,0x00,0x00,0x00,0x00,0x00,0x00,0x00,
    0x00,0x00,0x00,0x00,0x00,0x00,0x00,0x00,0x00,0x00,0x00,0x00,0x00,0x00,0x00,0x00,
    0x00,0x00,0x00,0x00,0x00,0x00,0x00,0x00,0x00,0x00,0x00,0x00,0x00,0x00,0x00,0x00,
    0x00,0x00,0x00,0x00,0x00,0x00,0x00,0x00,0x00,0x00,0x00,0x00,0x00,0x00,0x00,0x00,
    0x00,0x00,0x00,0x00,0x00,0x00,0x00,0x00,0x00,0x00,0x00,0x00,0x00,0x00,0x00,0x00,
    0x50,0x50,0x50,0x53,0xa0,0xa0,0xa0,0xb3,0xc2,0xc2,0xc2,0xff,0xc2,0xc2,0xc2,0xff,
    0xbf,0xbf,0xbf,0xff,0xc5,0xc5,0xc5,0xff,0xbf,0xbf,0xbf,0xff,0xc2,0xc2,0xc2,0xff,
    0xcc,0xcc,0xcc,0xff,0xdb,0xdb,0xdb,0xff,0xd2,0xd2,0xd2,0xff,0xce,0xce,0xce,0xff,
    0xc2,0xc2,0xc2,0xff,0xc1,0xc1,0xc1,0xff,0xc5,0xc5,0xc5,0xff,0xd1,0xd1,0xd1,0xff,
    0xd4,0xd4,0xd4,0xff,0xcf,0xcf,0xcf,0xff,0xce,0xce,0xce,0xff,0xdc,0xdc,0xdc,0xff,
    0xec,0xec,0xec,0xff,0xeb,0xeb,0xeb,0xff,0xd6,0xd6,0xd6,0xff,0xde,0xde,0xde,0xff,
    0xe9,0xe9,0xe9,0xff,0xd9,0xd9,0xd9,0xff,0xc5,0xc5,0xc5,0xff,0xba,0xba,0xba,0xff,
    0xcd,0xcd,0xcd,0xff,0xc2,0xc2,0xc2,0xff,0xc1,0xc1,0xc1,0xff,0xb5,0xb5,0xb5,0xff,
    0xb8,0xb8,0xb8,0xff,0xba,0xba,0xba,0xff,0xb8,0xb8,0xb8,0xff,0xba,0xba,0xba,0xff,
    0xb7,0xb7,0xb7,0xff,0xb5,0xb5,0xb5,0xff,0xaf,0xaf,0xaf,0xff,0xb8,0xb8,0xb8,0xff,
    0xbc,0xbc,0xbc,0xff,0xb8,0xb8,0xb8,0xff,0xad,0xad,0xad,0xff,0xaf,0xaf,0xaf,0xff,
    0xa8,0xa8,0xa8,0xff,0xa3,0xa3,0xa3,0xff,0xad,0xad,0xad,0xff,0xba,0xba,0xba,0xff,
    0xb8,0xb8,0xb8,0xff,0xb8,0xb8,0xb8,0xff,0xb2,0xb2,0xb2,0xff,0xb8,0xb8,0xb8,0xff,
    0xa6,0xa6,0xa6,0xff,0x9b,0x9b,0x9b,0xf7,0x90,0x90,0x90,0x9f,0x4a,0x4a,0x4a,0x3f,
    0x00,0x00,0x00,0x00,0x00,0x00,0x00,0x00,0x00,0x00,0x00,0x00,0x00,0x00,0x00,0x00,
    0x00,0x00,0x00,0x00,0x00,0x00,0x00,0x00,0x00,0x00,0x00,0x00,0x00,0x00,0x00,0x00,
    0x00,0x00,0x00,0x00,0x00,0x00,0x00,0x00,0x00,0x00,0x00,0x00,0x00,0x00,0x00,0x00,
    0x00,0x00,0x00,0x00,0x00,0x00,0x00,0x00,0x00,0x00,0x00,0x00,0x00,0x00,0x00,0x00,
    0x00,0x00,0x00,0x00,0x00,0x00,0x00,0x00,0x00,0x00,0x00,0x00,0x00,0x00,0x00,0x00,
    0x00,0x00,0x00,0x00,0x00,0x00,0x00,0x00,0x00,0x00,0x00,0x00,0x00,0x00,0x00,0x00,
    0x00,0x00,0x00,0x00,0x00,0x00,0x00,0x00,0x00,0x00,0x00,0x00,0x00,0x00,0x00,0x00,
    0x00,0x00,0x00,0x00,0x00,0x00,0x00,0x00,0x00,0x00,0x00,0x00,0x00,0x00,0x00,0x00,
    0x00,0x00,0x00,0x00,0x00,0x00,0x00,0x00,0x00,0x00,0x00,0x00,0x00,0x00,0x00,0x00,
    0x00,0x00,0x00,0x00,0x00,0x00,0x00,0x00,0x00,0x00,0x00,0x00,0x00,0x00,0x00,0x00,
    0x00,0x00,0x00,0x00,0x00,0x00,0x00,0x00,0x00,0x00,0x00,0x00,0x00,0x00,0x00,0x00,
    0x00,0x00,0x00,0x00,0x00,0x00,0x00,0x00,0x00,0x00,0x00,0x00,0x00,0x00,0x00,0x00,
    0x00,0x00,0x00,0x00,0x00,0x00,0x00,0x00,0x00,0x00,0x00,0x00,0x00,0x00,0x00,0x00,
    0x00,0x00,0x00,0x00,0x00,0x00,0x00,0x00,0x00,0x00,0x00,0x00,0x00,0x00,0x00,0x00,
    0x00,0x00,0x00,0x00,0x00,0x00,0x00,0x00,0x00,0x00,0x00,0x00,0x00,0x00,0x00,0x00,
    0x00,0x00,0x00,0x00,0x00,0x00,0x00,0x00,0x00,0x00,0x00,0x00,0x00,0x00,0x00,0x00,
    0x00,0x00,0x00,0x00,0x00,0x00,0x00,0x00,0x00,0x00,0x00,0x00,0x00,0x00,0x00,0x00,
    0x00,0x00,0x00,0x00,0x00,0x00,0x00,0x00,0x00,0x00,0x00,0x00,0x00,0x00,0x00,0x00,
    0x00,0x00,0x00,0x00,0x00,0x00,0x00,0x00,0x59,0x59,0x59,0x4f,0xa4,0xa4,0xa4,0xa3,
    0xb9,0xb9,0xb9,0xf7,0xba,0xba,0xba,0xff,0xd2,0xd2,0xd2,0xff,0xd6,0xd6,0xd6,0xff,
    0xdb,0xdb,0xdb,0xff,0xe3,0xe3,0xe3,0xff,0xdc,0xdc,0xdc,0xff,0xdc,0xdc,0xdc,0xff,
    0xda,0xda,0xda,0xff,0xd6,0xd6,0xd6,0xff,0xcf,0xcf,0xcf,0xff,0xce,0xce,0xce,0xff,
    0xd4,0xd4,0xd4,0xff,0xdb,0xdb,0xdb,0xff,0xde,0xde,0xde,0xff,0xd9,0xd9,0xd9,0xff,
    0xeb,0xeb,0xeb,0xff,0xee,0xee,0xee,0xff,0xee,0xee,0xee,0xff,0xec,0xec,0xec,0xff,
    0xe3,0xe3,0xe3,0xff,0xe9,0xe9,0xe9,0xff,0xcf,0xcf,0xcf,0xff,0xcf,0xcf,0xcf,0xff,
    0xca,0xca,0xca,0xff,0xcf,0xcf,0xcf,0xff,0xd1,0xd1,0xd1,0xff,0xd2,0xd2,0xd2,0xff,
    0xc4,0xc4,0xc4,0xff,0xc1,0xc1,0xc1,0xff,0xd1,0xd1,0xd1,0xff,0xd7,0xd7,0xd7,0xff,
    0xe1,0xe1,0xe1,0xff,0xba,0xba,0xba,0xff,0xb8,0xb8,0xb8,0xff,0xc2,0xc2,0xc2,0xff,
    0xce,0xce,0xce,0xff,0xc5,0xc5,0xc5,0xff,0xb7,0xb7,0xb7,0xff,0xba,0xba,0xba,0xff,
    0xad,0xad,0xad,0xff,0xb4,0xb4,0xb4,0xff,0xbf,0xbf,0xbf,0xff,0xc7,0xc7,0xc7,0xff,
    0xd2,0xd2,0xd2,0xff,0xc7,0xc7,0xc7,0xff,0xc5,0xc5,0xc5,0xff,0xa3,0xa3,0xa3,0xe7,
    0x8f,0x8f,0x8f,0x8f,0x4f,0x4f,0x4f,0x17,0x00,0x00,0x00,0x00,0x00,0x00,0x00,0x00,
    0x00,0x00,0x00,0x00,0x00,0x00,0x00,0x00,0x00,0x00,0x00,0x00,0x00,0x00,0x00,0x00,
    0x00,0x00,0x00,0x00,0x00,0x00,0x00,0x00,0x00,0x00,0x00,0x00,0x00,0x00,0x00,0x00,
    0x00,0x00,0x00,0x00,0x00,0x00,0x00,0x00,0x00,0x00,0x00,0x00,0x00,0x00,0x00,0x00,
    0x00,0x00,0x00,0x00,0x00,0x00,0x00,0x00,0x00,0x00,0x00,0x00,0x00,0x00,0x00,0x00,
    0x00,0x00,0x00,0x00,0x00,0x00,0x00,0x00,0x00,0x00,0x00,0x00,0x00,0x00,0x00,0x00,
    0x00,0x00,0x00,0x00,0x00,0x00,0x00,0x00,0x00,0x00,0x00,0x00,0x00,0x00,0x00,0x00,
    0x00,0x00,0x00,0x00,0x00,0x00,0x00,0x00,0x00,0x00,0x00,0x00,0x00,0x00,0x00,0x00,
    0x00,0x00,0x00,0x00,0x00,0x00,0x00,0x00,0x00,0x00,0x00,0x00,0x00,0x00,0x00,0x00,
    0x00,0x00,0x00,0x00,0x00,0x00,0x00,0x00,0x00,0x00,0x00,0x00,0x00,0x00,0x00,0x00,
    0x00,0x00,0x00,0x00,0x00,0x00,0x00,0x00,0x00,0x00,0x00,0x00,0x00,0x00,0x00,0x00,
    0x00,0x00,0x00,0x00,0x00,0x00,0x00,0x00,0x00,0x00,0x00,0x00,0x00,0x00,0x00,0x00,
    0x00,0x00,0x00,0x00,0x00,0x00,0x00,0x00,0x00,0x00,0x00,0x00,0x00,0x00,0x00,0x00,
    0x00,0x00,0x00,0x00,0x00,0x00,0x00,0x00,0x00,0x00,0x00,0x00,0x00,0x00,0x00,0x00,
    0x00,0x00,0x00,0x00,0x00,0x00,0x00,0x00,0x00,0x00,0x00,0x00,0x00,0x00,0x00,0x00,
    0x00,0x00,0x00,0x00,0x00,0x00,0x00,0x00,0x00,0x00,0x00,0x00,0x00,0x00,0x00,0x00,
    0x00,0x00,0x00,0x00,0x00,0x00,0x00,0x00,0x00,0x00,0x00,0x00,0x00,0x00,0x00,0x00,
    0x00,0x00,0x00,0x00,0x00,0x00,0x00,0x00,0x00,0x00,0x00,0x00,0x00,0x00,0x00,0x00,
    0x00,0x00,0x00,0x00,0x00,0x00,0x00,0x00,0x00,0x00,0x00,0x00,0x00,0x00,0x00,0x00,
    0x00,0x00,0x00,0x00,0x00,0x00,0x00,0x00,0x00,0x00,0x00,0x00,0x00,0x00,0x00,0x00,
    0x2c,0x2c,0x2c,0x23,0x6e,0x6e,0x6e,0x6b,0x8b,0x8b,0x8b,0x9f,0xa9,0xa9,0xa9,0xe3,
    0xd2,0xd2,0xd2,0xff,0xee,0xee,0xee,0xff,0xeb,0xeb,0xeb,0xff,0xe4,0xe4,0xe4,0xff,
    0xe1,0xe1,0xe1,0xff,0xd7,0xd7,0xd7,0xff,0xd6,0xd6,0xd6,0xff,0xd9,0xd9,0xd9,0xff,
    0xd9,0xd9,0xd9,0xff,0xd4,0xd4,0xd4,0xff,0xcd,0xcd,0xcd,0xff,0xd4,0xd4,0xd4,0xff,
    0xe3,0xe3,0xe3,0xff,0xeb,0xeb,0xeb,0xff,0xe3,0xe3,0xe3,0xff,0xe4,0xe4,0xe4,0xff,
    0xde,0xde,0xde,0xff,0xd9,0xd9,0xd9,0xff,0xdb,0xdb,0xdb,0xff,0xd6,0xd6,0xd6,0xff,
    0xcc,0xcc,0xcc,0xff,0xd2,0xd2,0xd2,0xff,0xd4,0xd4,0xd4,0xff,0xc2,0xc2,0xc2,0xff,
    0xc9,0xc9,0xc9,0xff,0xd9,0xd9,0xd9,0xff,0xe6,0xe6,0xe6,0xff,0xd1,0xd1,0xd1,0xff,
    0xd2,0xd2,0xd2,0xff,0xd2,0xd2,0xd2,0xff,0xca,0xca,0xca,0xff,0xcc,0xcc,0xcc,0xff,
    0xce,0xce,0xce,0xff,0xd4,0xd4,0xd4,0xff,0xcf,0xcf,0xcf,0xff,0xca,0xca,0xca,0xff,
    0xc7,0xc7,0xc7,0xff,0xd2,0xd2,0xd2,0xff,0xd4,0xd4,0xd4,0xff,0xcf,0xcf,0xcf,0xff,
    0xb9,0xb9,0xb9,0xf7,0xa5,0xa5,0xa5,0xb7,0x5b,0x5b,0x5b,0x67,0x20,0x20,0x20,0x17,
    0x00,0x00,0x00,0x00,0x00,0x00,0x00,0x00,0x00,0x00,0x00,0x00,0x00,0x00,0x00,0x00,
    0x00,0x00,0x00,0x00,0x00,0x00,0x00,0x00,0x00,0x00,0x00,0x00,0x00,0x00,0x00,0x00,
    0x00,0x00,0x00,0x00,0x00,0x00,0x00,0x00,0x00,0x00,0x00,0x00,0x00,0x00,0x00,0x00,
    0x00,0x00,0x00,0x00,0x00,0x00,0x00,0x00,0x00,0x00,0x00,0x00,0x00,0x00,0x00,0x00,
    0x00,0x00,0x00,0x00,0x00,0x00,0x00,0x00,0x00,0x00,0x00,0x00,0x00,0x00,0x00,0x00,
    0x00,0x00,0x00,0x00,0x00,0x00,0x00,0x00,0x00,0x00,0x00,0x00,0x00,0x00,0x00,0x00,
    0x00,0x00,0x00,0x00,0x00,0x00,0x00,0x00,0x00,0x00,0x00,0x00,0x00,0x00,0x00,0x00,
    0x00,0x00,0x00,0x00,0x00,0x00,0x00,0x00,0x00,0x00,0x00,0x00,0x00,0x00,0x00,0x00,
    0x00,0x00,0x00,0x00,0x00,0x00,0x00,0x00,0x00,0x00,0x00,0x00,0x00,0x00,0x00,0x00,
    0x00,0x00,0x00,0x00,0x00,0x00,0x00,0x00,0x00,0x00,0x00,0x00,0x00,0x00,0x00,0x00,
    0x00,0x00,0x00,0x00,0x00,0x00,0x00,0x00,0x00,0x00,0x00,0x00,0x00,0x00,0x00,0x00,
    0x00,0x00,0x00,0x00,0x00,0x00,0x00,0x00,0x00,0x00,0x00,0x00,0x00,0x00,0x00,0x00,
    0x00,0x00,0x00,0x00,0x00,0x00,0x00,0x00,0x00,0x00,0x00,0x00,0x00,0x00,0x00,0x00,
    0x00,0x00,0x00,0x00,0x00,0x00,0x00,0x00,0x00,0x00,0x00,0x00,0x00,0x00,0x00,0x00,
    0x00,0x00,0x00,0x00,0x00,0x00,0x00,0x00,0x00,0x00,0x00,0x00,0x00,0x00,0x00,0x00,
    0x00,0x00,0x00,0x00,0x00,0x00,0x00,0x00,0x00,0x00,0x00,0x00,0x00,0x00,0x00,0x00,
    0x00,0x00,0x00,0x00,0x00,0x00,0x00,0x00,0x00,0x00,0x00,0x00,0x00,0x00,0x00,0x00,
    0x00,0x00,0x00,0x00,0x00,0x00,0x00,0x00,0x00,0x00,0x00,0x00,0x00,0x00,0x00,0x00,
    0x00,0x00,0x00,0x00,0x00,0x00,0x00,0x00,0x00,0x00,0x00,0x00,0x00,0x00,0x00,0x00,
    0x00,0x00,0x00,0x00,0x00,0x00,0x00,0x00,0x00,0x00,0x00,0x00,0x00,0x00,0x00,0x00,
    0x00,0x00,0x00,0x00,0x00,0x00,0x00,0x00,0x00,0x00,0x00,0x00,0x00,0x00,0x00,0x00,
    0x6c,0x6c,0x6c,0x6b,0xa9,0xa9,0xa9,0xa3,0xc9,0xc9,0xc9,0xeb,0xe7,0xe7,0xe7,0xff,
    0xd4,0xd4,0xd4,0xff,0xde,0xde,0xde,0xff,0xd6,0xd6,0xd6,0xff,0xcd,0xcd,0xcd,0xff,
    0xde,0xde,0xde,0xff,0xce,0xce,0xce,0xff,0xaf,0xaf,0xaf,0xff,0xb0,0xb0,0xb0,0xff,
    0xc5,0xc5,0xc5,0xff,0xcf,0xcf,0xcf,0xff,0xcf,0xcf,0xcf,0xff,0xca,0xca,0xca,0xff,
    0xd4,0xd4,0xd4,0xff,0xbc,0xbc,0xbc,0xff,0xc4,0xc4,0xc4,0xff,0xc4,0xc4,0xc4,0xff,
    0xb5,0xb5,0xb5,0xff,0xbd,0xbd,0xbd,0xff,0xc7,0xc7,0xc7,0xff,0xca,0xca,0xca,0xff,
    0xd6,0xd6,0xd6,0xff,0xd7,0xd7,0xd7,0xff,0xc7,0xc7,0xc7,0xff,0xc0,0xc0,0xc0,0xff,
    0xce,0xce,0xce,0xff,0xc5,0xc5,0xc5,0xff,0xc7,0xc7,0xc7,0xff,0xd1,0xd1,0xd1,0xff,
    0xda,0xda,0xda,0xff,0xd9,0xd9,0xd9,0xff,0xd7,0xd7,0xd7,0xff,0xd4,0xd4,0xd4,0xff,
    0xd2,0xd2,0xd2,0xff,0xbd,0xbd,0xbd,0xff,0xa6,0xa6,0xa6,0xbb,0x71,0x71,0x71,0x7f,
    0x31,0x31,0x31,0x3b,0x00,0x00,0x00,0x00,0x00,0x00,0x00,0x00,0x00,0x00,0x00,0x00,
    0x00,0x00,0x00,0x00,0x00,0x00,0x00,0x00,0x00,0x00,0x00,0x00,0x00,0x00,0x00,0x00,
    0x00,0x00,0x00,0x00,0x00,0x00,0x00,0x00,0x00,0x00,0x00,0x00,0x00,0x00,0x00,0x00,
    0x00,0x00,0x00,0x00,0x00,0x00,0x00,0x00,0x00,0x00,0x00,0x00,0x00,0x00,0x00,0x00,
    0x00,0x00,0x00,0x00,0x00,0x00,0x00,0x00,0x00,0x00,0x00,0x00,0x00,0x00,0x00,0x00,
    0x00,0x00,0x00,0x00,0x00,0x00,0x00,0x00,0x00,0x00,0x00,0x00,0x00,0x00,0x00,0x00,
    0x00,0x00,0x00,0x00,0x00,0x00,0x00,0x00,0x00,0x00,0x00,0x00,0x00,0x00,0x00,0x00,
    0x00,0x00,0x00,0x00,0x00,0x00,0x00,0x00,0x00,0x00,0x00,0x00,0x00,0x00,0x00,0x00,
    0x00,0x00,0x00,0x00,0x00,0x00,0x00,0x00,0x00,0x00,0x00,0x00,0x00,0x00,0x00,0x00,
    0x00,0x00,0x00,0x00,0x00,0x00,0x00,0x00,0x00,0x00,0x00,0x00,0x00,0x00,0x00,0x00,
    0x00,0x00,0x00,0x00,0x00,0x00,0x00,0x00,0x00,0x00,0x00,0x00,0x00,0x00,0x00,0x00,
    0x00,0x00,0x00,0x00,0x00,0x00,0x00,0x00,0x00,0x00,0x00,0x00,0x00,0x00,0x00,0x00,
    0x00,0x00,0x00,0x00,0x00,0x00,0x00,0x00,0x00,0x00,0x00,0x00,0x00,0x00,0x00,0x00,
    0x00,0x00,0x00,0x00,0x00,0x00,0x00,0x00,0x00,0x00,0x00,0x00,0x00,0x00,0x00,0x00,
    0x00,0x00,0x00,0x00,0x00,0x00,0x00,0x00,0x00,0x00,0x00,0x00,0x00,0x00,0x00,0x00,
    0x00,0x00,0x00,0x00,0x00,0x00,0x00,0x00,0x00,0x00,0x00,0x00,0x00,0x00,0x00,0x00,
    0x00,0x00,0x00,0x00,0x00,0x00,0x00,0x00,0x00,0x00,0x00,0x00,0x00,0x00,0x00,0x00,
    0x00,0x00,0x00,0x00,0x00,0x00,0x00,0x00,0x00,0x00,0x00,0x00,0x00,0x00,0x00,0x00,
    0x00,0x00,0x00,0x00,0x00,0x00,0x00,0x00,0x00,0x00,0x00,0x00,0x00,0x00,0x00,0x00,
    0x00,0x00,0x00,0x00,0x00,0x00,0x00,0x00,0x00,0x00,0x00,0x00,0x00,0x00,0x00,0x00,
    0x00,0x00,0x00,0x00,0x00,0x00,0x00,0x00,0x00,0x00,0x00,0x00,0x00,0x00,0x00,0x00,
    0x00,0x00,0x00,0x00,0x00,0x00,0x00,0x00,0x00,0x00,0x00,0x00,0x00,0x00,0x00,0x00,
    0x00,0x00,0x00,0x00,0x00,0x00,0x00,0x00,0x22,0x22,0x22,0x17,0x67,0x67,0x67,0x53,
    0x93,0x93,0x93,0xb7,0xb2,0xb2,0xb2,0xbf,0xc5,0xc5,0xc5,0xe3,0xce,0xce,0xce,0xff,
    0xd9,0xd9,0xd9,0xff,0xd6,0xd6,0xd6,0xff,0xca,0xca,0xca,0xff,0xc2,0xc2,0xc2,0xff,
    0xd4,0xd4,0xd4,0xff,0xce,0xce,0xce,0xff,0xdf,0xdf,0xdf,0xff,0xd9,0xd9,0xd9,0xff,
    0xcf,0xcf,0xcf,0xff,0xce,0xce,0xce,0xff,0xc0,0xc0,0xc0,0xff,0xd1,0xd1,0xd1,0xff,
    0xd4,0xd4,0xd4,0xff,0xd9,0xd9,0xd9,0xff,0xd9,0xd9,0xd9,0xff,0xd7,0xd7,0xd7,0xff,
    0xd9,0xd9,0xd9,0xff,0xd1,0xd1,0xd1,0xff,0xcf,0xcf,0xcf,0xff,0xde,0xde,0xde,0xff,
    0xde,0xde,0xde,0xff,0xcf,0xcf,0xcf,0xff,0xd1,0xd1,0xd1,0xff,0xd7,0xd7,0xd7,0xff,
    0xdf,0xdf,0xdf,0xff,0xca,0xca,0xca,0xff,0xcb,0xcb,0xcb,0xcb,0xaf,0xaf,0xaf,0x9f,
    0x76,0x76,0x76,0x6b,0x37,0x37,0x37,0x13,0x00,0x00,0x00,0x00,0x00,0x00,0x00,0x00,
    0x00,0x00,0x00,0x00,0x00,0x00,0x00,0x00,0x00,0x00,0x00,0x00,0x00,0x00,0x00,0x00,
    0x00,0x00,0x00,0x00,0x00,0x00,0x00,0x00,0x00,0x00,0x00,0x00,0x00,0x00,0x00,0x00,
    0x00,0x00,0x00,0x00,0x00,0x00,0x00,0x00,0x00,0x00,0x00,0x00,0x00,0x00,0x00,0x00,
    0x00,0x00,0x00,0x00,0x00,0x00,0x00,0x00,0x00,0x00,0x00,0x00,0x00,0x00,0x00,0x00,
    0x00,0x00,0x00,0x00,0x00,0x00,0x00,0x00,0x00,0x00,0x00,0x00,0x00,0x00,0x00,0x00,
    0x00,0x00,0x00,0x00,0x00,0x00,0x00,0x00,0x00,0x00,0x00,0x00,0x00,0x00,0x00,0x00,
    0x00,0x00,0x00,0x00,0x00,0x00,0x00,0x00,0x00,0x00,0x00,0x00,0x00,0x00,0x00,0x00,
    0x00,0x00,0x00,0x00,0x00,0x00,0x00,0x00,0x00,0x00,0x00,0x00,0x00,0x00,0x00,0x00,
    0x00,0x00,0x00,0x00,0x00,0x00,0x00,0x00,0x00,0x00,0x00,0x00,0x00,0x00,0x00,0x00,
    0x00,0x00,0x00,0x00,0x00,0x00,0x00,0x00,0x00,0x00,0x00,0x00,0x00,0x00,0x00,0x00,
    0x00,0x00,0x00,0x00,0x00,0x00,0x00,0x00,0x00,0x00,0x00,0x00,0x00,0x00,0x00,0x00,
    0x00,0x00,0x00,0x00,0x00,0x00,0x00,0x00,0x00,0x00,0x00,0x00,0x00,0x00,0x00,0x00,
    0x00,0x00,0x00,0x00,0x00,0x00,0x00,0x00,0x00,0x00,0x00,0x00,0x00,0x00,0x00,0x00,
    0x00,0x00,0x00,0x00,0x00,0x00,0x00,0x00,0x00,0x00,0x00,0x00,0x00,0x00,0x00,0x00,
    0x00,0x00,0x00,0x00,0x00,0x00,0x00,0x00,0x00,0x00,0x00,0x00,0x00,0x00,0x00,0x00,
    0x00,0x00,0x00,0x00,0x00,0x00,0x00,0x00,0x00,0x00,0x00,0x00,0x00,0x00,0x00,0x00,
    0x00,0x00,0x00,0x00,0x00,0x00,0x00,0x00,0x00,0x00,0x00,0x00,0x00,0x00,0x00,0x00,
    0x00,0x00,0x00,0x00,0x00,0x00,0x00,0x00,0x00,0x00,0x00,0x00,0x00,0x00,0x00,0x00,
    0x00,0x00,0x00,0x00,0x00,0x00,0x00,0x00,0x00,0x00,0x00,0x00,0x00,0x00,0x00,0x00,
    0x00,0x00,0x00,0x00,0x00,0x00,0x00,0x00,0x00,0x00,0x00,0x00,0x00,0x00,0x00,0x00,
    0x00,0x00,0x00,0x00,0x00,0x00,0x00,0x00,0x00,0x00,0x00,0x00,0x00,0x00,0x00,0x00,
    0x00,0x00,0x00,0x00,0x00,0x00,0x00,0x00,0x00,0x00,0x00,0x00,0x00,0x00,0x00,0x00,
    0x00,0x00,0x00,0x00,0x00,0x00,0x00,0x00,0x00,0x00,0x00,0x00,0x00,0x00,0x00,0x00,
    0x00,0x00,0x00,0x00,0x00,0x00,0x00,0x00,0x00,0x00,0x00,0x00,0x3c,0x3c,0x3c,0x2b,
    0x5e,0x5e,0x5e,0x4f,0xa0,0xa0,0xa0,0x73,0xb4,0xb4,0xb4,0xb7,0xb8,0xb8,0xb8,0xcf,
    0xc4,0xc4,0xc4,0xf3,0xc5,0xc5,0xc5,0xfb,0xcf,0xcf,0xcf,0xff,0xdf,0xdf,0xdf,0xff,
    0xe1,0xe1,0xe1,0xff,0xdf,0xdf,0xdf,0xff,0xe9,0xe9,0xe9,0xff,0xeb,0xeb,0xeb,0xff,
    0xee,0xee,0xee,0xff,0xf1,0xf1,0xf1,0xff,0xf3,0xf3,0xf3,0xff,0xf0,0xf0,0xf0,0xff,
    0xee,0xee,0xee,0xff,0xe6,0xe6,0xe6,0xff,0xeb,0xeb,0xeb,0xff,0xd7,0xd7,0xd7,0xff,
    0xcb,0xcb,0xcb,0xdf,0xcd,0xcd,0xcd,0xbf,0xaf,0xaf,0xaf,0xb3,0x92,0x92,0x92,0x87,
    0x54,0x54,0x54,0x4b,0x33,0x33,0x33,0x0f,0x19,0x19,0x19,0x03,0x00,0x00,0x00,0x00,
    0x00,0x00,0x00,0x00,0x00,0x00,0x00,0x00,0x00,0x00,0x00,0x00,0x00,0x00,0x00,0x00,
    0x00,0x00,0x00,0x00,0x00,0x00,0x00,0x00,0x00,0x00,0x00,0x00,0x00,0x00,0x00,0x00,
    0x00,0x00,0x00,0x00,0x00,0x00,0x00,0x00,0x00,0x00,0x00,0x00,0x00,0x00,0x00,0x00,
    0x00,0x00,0x00,0x00,0x00,0x00,0x00,0x00,0x00,0x00,0x00,0x00,0x00,0x00,0x00,0x00,
    0x00,0x00,0x00,0x00,0x00,0x00,0x00,0x00,0x00,0x00,0x00,0x00,0x00,0x00,0x00,0x00,
    0x00,0x00,0x00,0x00,0x00,0x00,0x00,0x00,0x00,0x00,0x00,0x00,0x00,0x00,0x00,0x00,
    0x00,0x00,0x00,0x00,0x00,0x00,0x00,0x00,0x00,0x00,0x00,0x00,0x00,0x00,0x00,0x00,
    0x00,0x00,0x00,0x00,0x00,0x00,0x00,0x00,0x00,0x00,0x00,0x00,0x00,0x00,0x00,0x00,
    0x00,0x00,0x00,0x00,0x00,0x00,0x00,0x00,0x00,0x00,0x00,0x00,0x00,0x00,0x00,0x00,
    0x00,0x00,0x00,0x00,0x00,0x00,0x00,0x00,0x00,0x00,0x00,0x00,0x00,0x00,0x00,0x00,
    0x00,0x00,0x00,0x00,0x00,0x00,0x00,0x00,0x00,0x00,0x00,0x00,0x00,0x00,0x00,0x00,
    0x00,0x00,0x00,0x00,0x00,0x00,0x00,0x00,0x00,0x00,0x00,0x00,0x00,0x00,0x00,0x00,
    0x00,0x00,0x00,0x00,0x00,0x00,0x00,0x00,0x00,0x00,0x00,0x00,0x00,0x00,0x00,0x00,
    0x00,0x00,0x00,0x00,0x00,0x00,0x00,0x00,0x00,0x00,0x00,0x00,0x00,0x00,0x00,0x00,
    0x00,0x00,0x00,0x00,0x00,0x00,0x00,0x00,0x00,0x00,0x00,0x00,0x00,0x00,0x00,0x00,
    0x00,0x00,0x00,0x00,0x00,0x00,0x00,0x00,0x00,0x00,0x00,0x00,0x00,0x00,0x00,0x00,
    0x00,0x00,0x00,0x00,0x00,0x00,0x00,0x00,0x00,0x00,0x00,0x00,0x00,0x00,0x00,0x00,
    0x00,0x00,0x00,0x00,0x00,0x00,0x00,0x00,0x00,0x00,0x00,0x00,0x00,0x00,0x00,0x00,
    0x00,0x00,0x00,0x00,0x00,0x00,0x00,0x00,0x00,0x00,0x00,0x00,0x00,0x00,0x00,0x00,
    0x00,0x00,0x00,0x00,0x00,0x00,0x00,0x00,0x00,0x00,0x00,0x00,0x00,0x00,0x00,0x00,
    0x00,0x00,0x00,0x00,0x00,0x00,0x00,0x00,0x00,0x00,0x00,0x00,0x00,0x00,0x00,0x00,
    0x00,0x00,0x00,0x00,0x00,0x00,0x00,0x00,0x00,0x00,0x00,0x00,0x00,0x00,0x00,0x00,
    0x00,0x00,0x00,0x00,0x00,0x00,0x00,0x00,0x00,0x00,0x00,0x00,0x00,0x00,0x00,0x00,
    0x00,0x00,0x00,0x00,0x00,0x00,0x00,0x00,0x00,0x00,0x00,0x00,0x00,0x00,0x00,0x00,
    0x00,0x00,0x00,0x00,0x00,0x00,0x00,0x00,0x00,0x00,0x00,0x00,0x00,0x00,0x00,0x00,
    0x00,0x00,0x00,0x00,0x00,0x00,0x00,0x00,0x00,0x00,0x00,0x00,0x00,0x00,0x00,0x00,
    0x00,0x00,0x00,0x00,0x27,0x27,0x27,0x1f,0x3a,0x3a,0x3a,0x2b,0x4c,0x4c,0x4c,0x43,
    0x6d,0x6d,0x6d,0x5f,0xa1,0xa1,0xa1,0x6b,0xa9,0xa9,0xa9,0x7f,0xb1,0xb1,0xb1,0x77,
    0x9f,0x9f,0x9f,0x8f,0xa6,0xa6,0xa6,0xab,0xa4,0xa4,0xa4,0x9f,0xa2,0xa2,0xa2,0x77,
    0x65,0x65,0x65,0x5f,0x6f,0x6f,0x6f,0x37,0x65,0x65,0x65,0x2f,0x2b,0x2b,0x2b,0x17,
    0x00,0x00,0x00,0x00,0x00,0x00,0x00,0x00,0x00,0x00,0x00,0x00,0x00,0x00,0x00,0x00,
    0x00,0x00,0x00,0x00,0x00,0x00,0x00,0x00,0x00,0x00,0x00,0x00,0x00,0x00,0x00,0x00,
    0x00,0x00,0x00,0x00,0x00,0x00,0x00,0x00,0x00,0x00,0x00,0x00,0x00,0x00,0x00,0x00,
    0x00,0x00,0x00,0x00,0x00,0x00,0x00,0x00,0x00,0x00,0x00,0x00,0x00,0x00,0x00,0x00,
    0x00,0x00,0x00,0x00,0x00,0x00,0x00,0x00,0x00,0x00,0x00,0x00,0x00,0x00,0x00,0x00,
    0x00,0x00,0x00,0x00,0x00,0x00,0x00,0x00,0x00,0x00,0x00,0x00,0x00,0x00,0x00,0x00,
    0x00,0x00,0x00,0x00,0x00,0x00,0x00,0x00,0x00,0x00,0x00,0x00,0x00,0x00,0x00,0x00,
    0x00,0x00,0x00,0x00,0x00,0x00,0x00,0x00,0x00,0x00,0x00,0x00,0x00,0x00,0x00,0x00,
    0x00,0x00,0x00,0x00,0x00,0x00,0x00,0x00,0x00,0x00,0x00,0x00,0x00,0x00,0x00,0x00,
    0x00,0x00,0x00,0x00,0x00,0x00,0x00,0x00,0x00,0x00,0x00,0x00,0x00,0x00,0x00,0x00,
    0x00,0x00,0x00,0x00,0x00,0x00,0x00,0x00,0x00,0x00,0x00,0x00,0x00,0x00,0x00,0x00,
    0x00,0x00,0x00,0x00,0x00,0x00,0x00,0x00,0x00,0x00,0x00,0x00,0x00,0x00,0x00,0x00,
    0x00,0x00,0x00,0x00,0x00,0x00,0x00,0x00,0x00,0x00,0x00,0x00,0x00,0x00,0x00,0x00,
    0x00,0x00,0x00,0x00,0x00,0x00,0x00,0x00,0x00,0x00,0x00,0x00,0x00,0x00,0x00,0x00,
    0x00,0x00,0x00,0x00,0x00,0x00,0x00,0x00,0x00,0x00,0x00,0x00,0x00,0x00,0x00,0x00,
    0x00,0x00,0x00,0x00,0x00,0x00,0x00,0x00,0x00,0x00,0x00,0x00,0x00,0x00,0x00,0x00,
    0x00,0x00,0x00,0x00,0x00,0x00,0x00,0x00,0x00,0x00,0x00,0x00,0x00,0x00,0x00,0x00,
    0x00,0x00,0x00,0x00,0x00,0x00,0x00,0x00,0x00,0x00,0x00,0x00,0x00,0x00,0x00,0x00,
    0x00,0x00,0x00,0x00,0x00,0x00,0x00,0x00,0x00,0x00,0x00,0x00,0x00,0x00,0x00,0x00,
    0x00,0x00,0x00,0x00,0x00,0x00,0x00,0x00,0x00,0x00,0x00,0x00,0x00,0x00,0x00,0x00,
    0x00,0x00,0x00,0x00,0x00,0x00,0x00,0x00,0x00,0x00,0x00,0x00,0x00,0x00,0x00,0x00,
    0x00,0x00,0x00,0x00,0x00,0x00,0x00,0x00,0x00,0x00,0x00,0x00,0x00,0x00,0x00,0x00,
    0x00,0x00,0x00,0x00,0x00,0x00,0x00,0x00,0x00,0x00,0x00,0x00,0x00,0x00,0x00,0x00,
    0x00,0x00,0x00,0x00,0x00,0x00,0x00,0x00,0x00,0x00,0x00,0x00,0x00,0x00,0x00,0x00,
    0x00,0x00,0x00,0x00,0x00,0x00,0x00,0x00,0x00,0x00,0x00,0x00,0x00,0x00,0x00,0x00,
    0x00,0x00,0x00,0x00,0x00,0x00,0x00,0x00,0x00,0x00,0x00,0x00,0x00,0x00,0x00,0x00,
    0x00,0x00,0x00,0x00,0x00,0x00,0x00,0x00,0x00,0x00,0x00,0x00,0x00,0x00,0x00,0x00,
    0x00,0x00,0x00,0x00,0x00,0x00,0x00,0x00,0x00,0x00,0x00,0x00,0x00,0x00,0x00,0x00,
    0x00,0x00,0x00,0x00,0x00,0x00,0x00,0x00,0x00,0x00,0x00,0x00,0x00,0x00,0x00,0x00,
    0x00,0x00,0x00,0x00,0x00,0x00,0x00,0x00,0x00,0x00,0x00,0x00,0x00,0x00,0x00,0x00,
    0x00,0x00,0x00,0x00,0x00,0x00,0x00,0x00,0x00,0x00,0x00,0x00,0x00,0x00,0x00,0x00,
    0x00,0x00,0x00,0x00,0x00,0x00,0x00,0x00,0x00,0x00,0x00,0x00,0x00,0x00,0x00,0x00,
    0x00,0x00,0x00,0x00,0x00,0x00,0x00,0x00,0x00,0x00,0x00,0x00,0x00,0x00,0x00,0x00,
    0x00,0x00,0x00,0x00,0x00,0x00,0x00,0x00,0x00,0x00,0x00,0x00,0x00,0x00,0x00,0x00,
    0x00,0x00,0x00,0x00,0x00,0x00,0x00,0x00,0x00,0x00,0x00,0x00,0x00,0x00,0x00,0x00,
    0x00,0x00,0x00,0x00,0x00,0x00,0x00,0x00,0x00,0x00,0x00,0x00,0x00,0x00,0x00,0x00,
    0x00,0x00,0x00,0x00,0x00,0x00,0x00,0x00,0x00,0x00,0x00,0x00,0x00,0x00,0x00,0x00,
    0x00,0x00,0x00,0x00,0x00,0x00,0x00,0x00,0x00,0x00,0x00,0x00,0x00,0x00,0x00,0x00,
    0x00,0x00,0x00,0x00,0x00,0x00,0x00,0x00,0x00,0x00,0x00,0x00,0x00,0x00,0x00,0x00,
    0x00,0x00,0x00,0x00,0x00,0x00,0x00,0x00,0x00,0x00,0x00,0x00,0x00,0x00,0x00,0x00,
    0x00,0x00,0x00,0x00,0x00,0x00,0x00,0x00,0x00,0x00,0x00,0x00,0x00,0x00,0x00,0x00,
    0x00,0x00,0x00,0x00,0x00,0x00,0x00,0x00,0x00,0x00,0x00,0x00,0x00,0x00,0x00,0x00,
    0x00,0x00,0x00,0x00,0x00,0x00,0x00,0x00,0x00,0x00,0x00,0x00,0x00,0x00,0x00,0x00,
    0x00,0x00,0x00,0x00,0x00,0x00,0x00,0x00,0x00,0x00,0x00,0x00,0x00,0x00,0x00,0x00,
    0x00,0x00,0x00,0x00,0x00,0x00,0x00,0x00,0x00,0x00,0x00,0x00,0x00,0x00,0x00,0x00,
    0x00,0x00,0x00,0x00,0x00,0x00,0x00,0x00,0x00,0x00,0x00,0x00,0x00,0x00,0x00,0x00,
    0x00,0x00,0x00,0x00,0x00,0x00,0x00,0x00,0x00,0x00,0x00,0x00,0x00,0x00,0x00,0x00,
    0x00,0x00,0x00,0x00,0x00,0x00,0x00,0x00,0x00,0x00,0x00,0x00,0x00,0x00,0x00,0x00,
    0x00,0x00,0x00,0x00,0x00,0x00,0x00,0x00,0x00,0x00,0x00,0x00,0x00,0x00,0x00,0x00,
    0x00,0x00,0x00,0x00,0x00,0x00,0x00,0x00,0x00,0x00,0x00,0x00,0x00,0x00,0x00,0x00,
    0x00,0x00,0x00,0x00,0x00,0x00,0x00,0x00,0x00,0x00,0x00,0x00,0x00,0x00,0x00,0x00,
    0x00,0x00,0x00,0x00,0x00,0x00,0x00,0x00,0x00,0x00,0x00,0x00,0x00,0x00,0x00,0x00,
    0x00,0x00,0x00,0x00,0x00,0x00,0x00,0x00,0x00,0x00,0x00,0x00,0x00,0x00,0x00,0x00,
    0x00,0x00,0x00,0x00,0x00,0x00,0x00,0x00,0x00,0x00,0x00,0x00,0x00,0x00,0x00,0x00,
    0x00,0x00,0x00,0x00,0x00,0x00,0x00,0x00,0x00,0x00,0x00,0x00,0x00,0x00,0x00,0x00,
    0x00,0x00,0x00,0x00,0x00,0x00,0x00,0x00,0x00,0x00,0x00,0x00,0x00,0x00,0x00,0x00,
    0x00,0x00,0x00,0x00,0x00,0x00,0x00,0x00,0x00,0x00,0x00,0x00,0x00,0x00,0x00,0x00,
    0x00,0x00,0x00,0x00,0x00,0x00,0x00,0x00,0x00,0x00,0x00,0x00,0x00,0x00,0x00,0x00,
    0x00,0x00,0x00,0x00,0x00,0x00,0x00,0x00,0x00,0x00,0x00,0x00,0x00,0x00,0x00,0x00,
    0x00,0x00,0x00,0x00,0x00,0x00,0x00,0x00,0x00,0x00,0x00,0x00,0x00,0x00,0x00,0x00,
    0x00,0x00,0x00,0x00,0x00,0x00,0x00,0x00,0x00,0x00,0x00,0x00,0x00,0x00,0x00,0x00,
    0x00,0x00,0x00,0x00,0x00,0x00,0x00,0x00,0x00,0x00,0x00,0x00,0x00,0x00,0x00,0x00,
    0x00,0x00,0x00,0x00,0x00,0x00,0x00,0x00,0x00,0x00,0x00,0x00,0x00,0x00,0x00,0x00,
    0x00,0x00,0x00,0x00,0x00,0x00,0x00,0x00,0x00,0x00,0x00,0x00,0x00,0x00,0x00,0x00,
    0x00,0x00,0x00,0x00,0x00,0x00,0x00,0x00,0x00,0x00,0x00,0x00,0x00,0x00,0x00,0x00,
    0x00,0x00,0x00,0x00,0x00,0x00,0x00,0x00,0x00,0x00,0x00,0x00,0x00,0x00,0x00,0x00,
    0x00,0x00,0x00,0x00,0x00,0x00,0x00,0x00,0x00,0x00,0x00,0x00,0x00,0x00,0x00,0x00,
    0x00,0x00,0x00,0x00,0x00,0x00,0x00,0x00,0x00,0x00,0x00,0x00,0x00,0x00,0x00,0x00,
    0x00,0x00,0x00,0x00,0x00,0x00,0x00,0x00,0x00,0x00,0x00,0x00,0x00,0x00,0x00,0x00,
    0x00,0x00,0x00,0x00,0x00,0x00,0x00,0x00,0x00,0x00,0x00,0x00,0x00,0x00,0x00,0x00,
    0x00,0x00,0x00,0x00,0x00,0x00,0x00,0x00,0x00,0x00,0x00,0x00,0x00,0x00,0x00,0x00,
    0x00,0x00,0x00,0x00,0x00,0x00,0x00,0x00,0x00,0x00,0x00,0x00,0x00,0x00,0x00,0x00,
    0x00,0x00,0x00,0x00,0x00,0x00,0x00,0x00,0x00,0x00,0x00,0x00,0x00,0x00,0x00,0x00,
    0x00,0x00,0x00,0x00,0x00,0x00,0x00,0x00,0x00,0x00,0x00,0x00,0x00,0x00,0x00,0x00,
    0x00,0x00,0x00,0x00,0x00,0x00,0x00,0x00,0x00,0x00,0x00,0x00,0x00,0x00,0x00,0x00,
    0x00,0x00,0x00,0x00,0x00,0x00,0x00,0x00,0x00,0x00,0x00,0x00,0x00,0x00,0x00,0x00,
    0x00,0x00,0x00,0x00,0x00,0x00,0x00,0x00,0x00,0x00,0x00,0x00,0x00,0x00,0x00,0x00,
    0x00,0x00,0x00,0x00,0x00,0x00,0x00,0x00,0x00,0x00,0x00,0x00,0x00,0x00,0x00,0x00,
};
