name,address,virtual_file,lines,suspect_count,suspect_types,complexity_score
entry,0060239a,src,74,16,badspacebase|pointer_cast|register_param|stack_ref,254
cockpit_ckptutil.c_putPixel_FUN_004345c0,004345c0,cockpit/ckptutil.c,21,0,,21
cockpit_ckptutil.c_copyScreenRegion_FUN_00432d90,00432d90,cockpit/ckptutil.c,31,3,pointer_cast,66
cockpit_ckptutil.c_optimizedMemcpy_FUN_00431528,00431528,cockpit/ckptutil.c,88,10,pointer_cast,193
cockpit_ckptutil.c_drawLineAAWithBlending_FUN_004339c0,004339c0,cockpit/ckptutil.c,100,0,,100
cockpit_ckptutil.c_blitSimpleSprite_FUN_00432540,00432540,cockpit/ckptutil.c,52,14,unaffected_reg|pointer_cast,202
cockpit_ckptutil.c_rotateBitmap_FUN_00434870,00434870,cockpit/ckptutil.c,98,30,stack_param|unaffected_reg|badspacebase|pointer_cast|register_param|stack_ref,428
cockpit_ckptutil.c_blitFullScreen_FUN_00432b30,00432b30,cockpit/ckptutil.c,6,0,,6
cockpit_ckptutil.c_blitHorizontallyClippedSprite_FUN_004328d0,004328d0,cockpit/ckptutil.c,44,18,stack_param|unaffected_reg|pointer_cast,239
cockpit_ckptutil.c_blitSolidSprite_FUN_00432af0,00432af0,cockpit/ckptutil.c,9,0,,9
cockpit_ckptutil.c_loadEdgeListFile_FUN_004331f0,004331f0,cockpit/ckptutil.c,77,20,stack_param|unaffected_reg|badspacebase|register_param|stack_ref,302
cockpit_ckptutil.c_mmxOptimizedMemcpy_FUN_00431622,00431622,cockpit/ckptutil.c,88,10,pointer_cast,193
cockpit_ckptutil.c_readBitmapFile_FUN_00431870,00431870,cockpit/ckptutil.c,33,8,badspacebase|register_param|stack_ref,128
cockpit_ckptutil.c_applyColorPalette_FUN_004319b0,00431830,cockpit/ckptutil.c,13,2,stack_param,38
cockpit_ckptutil.c_blendPixelWithHardwarePalette_FUN_00433f50,00433f50,cockpit/ckptutil.c,89,11,extra_output|pointer_cast,209
cockpit_ckptutil.c_loadBitmapWithPalette_FUN_004317b0,004317b0,cockpit/ckptutil.c,27,7,stack_param,102
cockpit_ckptutil.c_applyActPalette_FUN_004319b0,004319b0,cockpit/ckptutil.c,25,2,badspacebase|register_param,55
cockpit_ckptutil.c_blitUnifiedSprite_FUN_00432300,00432300,cockpit/ckptutil.c,91,16,stack_param|pointer_cast,261
cockpit_ckptutil.c_blitSpanBasedSpriteClipped_FUN_00431f40,00431f40,cockpit/ckptutil.c,82,14,stack_param|pointer_cast,232
cockpit_ckptutil.c_setLineClippingDisabled_FUN_00434680,00434680,cockpit/ckptutil.c,5,0,,5
cockpit_ckptutil.c_blitWithTransparencyFallback_FUN_00432d00,00432d00,cockpit/ckptutil.c,29,1,pointer_cast,44
cockpit_ckptutil.c_loadRotatedBitmapFile_FUN_00434690,00434690,cockpit/ckptutil.c,69,21,stack_param|badspacebase|register_param|stack_ref,299
cockpit_ckptutil.c_loadACTPaletteFile_FUN_00431ac0,00431ac0,cockpit/ckptutil.c,86,7,badspacebase|register_param|stack_ref,171
cockpit_ckptutil.c_isLineBlendingDisabled_FUN_00434650,00434650,cockpit/ckptutil.c,4,0,,4
cockpit_ckptutil.c_blendPixelWithSourcePalette_FUN_004342f0,004342f0,cockpit/ckptutil.c,64,9,extra_output|pointer_cast,164
cockpit_ckptutil.c_expandIndexedToRGB_FUN_004314fa,004314fa,cockpit/ckptutil.c,19,2,pointer_cast,44
cockpit_ckptutil.c_get16BitConversionFunction_FUN_004317a0,004317a0,cockpit/ckptutil.c,4,0,,4
cockpit_ckptutil.c_blitSpanBasedSpriteVerticallyClipped_FUN_00432b60,00432b60,cockpit/ckptutil.c,67,4,pointer_cast,112
cockpit_ckptutil.c_setEdgeData_FUN_00434a50,00434a50,cockpit/ckptutil.c,20,2,pointer_cast,45
cockpit_ckptutil.c_generateTransparencySpans_FUN_00435730,00435730,cockpit/ckptutil.c,88,13,stack_param|badspacebase|pointer_cast|register_param|stack_ref,243
cockpit_ckptutil.c_expandIndexedTo16Bit_FUN_00431410,00431410,cockpit/ckptutil.c,53,12,concat_artifact|pointer_cast,183
cockpit_ckptutil.c_loadSingleEdgeList_FUN_00433440,00433440,cockpit/ckptutil.c,14,4,stack_param|badspacebase|register_param,69
cockpit_ckptutil.c_loadACTToIndexedPalette_FUN_00431a30,00431a30,cockpit/ckptutil.c,26,7,stack_param|badspacebase|register_param|stack_ref,116
cockpit_ckptutil.c_setLineBlendingDisabled_FUN_00434670,00434670,cockpit/ckptutil.c,5,0,,5
cockpit_ckptutil.c_renderEdgeArrayWithBufferLookup_FUN_00433820,00433820,cockpit/ckptutil.c,22,0,,22
cockpit_ckptutil.c_mirrorBitmapHorizontally_FUN_00433160,00433160,cockpit/ckptutil.c,33,4,stack_param|pointer_cast,83
cockpit_ckptutil.c_blitRectangleClipped_FUN_00432190,00432190,cockpit/ckptutil.c,53,19,stack_param|unaffected_reg|pointer_cast,258
cockpit_ckptutil.c_traceConnectedEdges_FUN_00434af0,00434af0,cockpit/ckptutil.c,360,37,stack_param|badspacebase|pointer_cast|register_param|stack_ref,755
cockpit_ckptutil.c_isLineClippingDisabled_FUN_00434660,00434660,cockpit/ckptutil.c,4,0,,4
cockpit_ckptutil.c_generateScrollHeightMap_FUN_00432df0,00432df0,cockpit/ckptutil.c,94,6,stack_param,159
cockpit_ckptutil.c_getRGBConvertersionFunction_FUN_00431770,00431770,cockpit/ckptutil.c,4,0,,4
cockpit_ckptutil.c_basicIndexedTo16Bit_FUN_00431730,00431730,cockpit/ckptutil.c,19,2,pointer_cast,44
cockpit_ckptutil.c_getOptimizedMemcpyFunction_FUN_00431780,00431780,cockpit/ckptutil.c,7,0,,7
cockpit_ckptutil.c_flipEdgeArrayHorizontally_FUN_004355c0,004355c0,cockpit/ckptutil.c,48,0,,48
cockpit_ckptutil.c_drawClippedEdges_FUN_004335f0,004335f0,cockpit/ckptutil.c,47,0,,47
cockpit_ckptutil.c_blitVerticalColumn_FUN_00432a10,00432a10,cockpit/ckptutil.c,39,3,pointer_cast,74
cockpit_ckptutil.c_blitDualModeSprite_FUN_004326a0,004326a0,cockpit/ckptutil.c,76,11,stack_param|pointer_cast,196
cockpit_ckptutil.c_rasterizeEdgeEndpoints_FUN_004336e0,004336e0,cockpit/ckptutil.c,43,4,badspacebase|register_param|stack_ref,98
cockpit_ckptutil.c_drawLineAA_FUN_00433c90,00433c90,cockpit/ckptutil.c,96,12,stack_param|unaffected_reg,226
cockpit_ckptutil.c_FUN_004338f0,004338f0,cockpit/ckptutil.c,36,17,stack_param|unaffected_reg,216
cockpit_ckptutil.c_blitSpanBasedSprite_FUN_00431d00,00431d00,cockpit/ckptutil.c,86,16,stack_param|pointer_cast,256
cockpit_ckptutil.c_saveEdgeListFile_FUN_00433480,00433480,cockpit/ckptutil.c,45,7,stack_param|badspacebase|register_param|stack_ref,135
cockpit_ckptutil.c_rotateCircularBitmap_FUN_00433030,00433030,cockpit/ckptutil.c,99,13,badspacebase|pointer_cast|register_param,244
cockpit_ckptutil.c_getColorConversionFunction_FUN_00431760,00431760,cockpit/ckptutil.c,13,0,,13
cockpit_ckptutil.c_copyBitmapRegion_FUN_00432860,00432860,cockpit/ckptutil.c,29,10,stack_param|pointer_cast,139
cockpit_ckptutil.c_buildHardwarePalettes_FUN_00431c00,00431c00,cockpit/ckptutil.c,40,2,pointer_cast,65
cockpit_pkbitmap.cpp_CPackedBitmap_freePackedData_FUN_0054a940,0054a940,cockpit/pkbitmap.cpp,10,0,,10
cockpit_pkbitmap.cpp_CPackedBitmap_renderToScreenBuffer_FUN_0054aa20,0054aa20,cockpit/pkbitmap.cpp,41,3,stack_param|pointer_cast,81
cockpit_pkbitmap.cpp_CPackedBitmap_getTotalMemoryUsage_FUN_0054a970,0054a970,cockpit/pkbitmap.cpp,8,0,,8
cockpit_pkbitmap.cpp_CPackedBitmap_openPBMFile_FUN_0054b860,0054b860,cockpit/pkbitmap.cpp,26,6,stack_param|badspacebase|register_param|stack_ref,106
cockpit_pkbitmap.cpp_CPackedBitmap_applyPaletteToPackedData_FUN_0054b440,0054b440,cockpit/pkbitmap.cpp,28,2,pointer_cast,53
cockpit_pkbitmap.cpp_CPackedBitmap_readPBMFile_FUN_0054b690,0054b690,cockpit/pkbitmap.cpp,107,26,stack_param|unaffected_reg|badspacebase|register_param|stack_ref,392
cockpit_pkbitmap.cpp_CPackedBitmap_copyToBufferAtPosition_FUN_0054afb0,0054afb0,cockpit/pkbitmap.cpp,16,0,,16
cockpit_pkbitmap.cpp_CPackedBitmap_loadByFileExtension_FUN_0054b4b0,0054b4b0,cockpit/pkbitmap.cpp,35,4,stack_param,80
cockpit_pkbitmap.cpp_CPackedBitmap_renderIfIntersectsRect_FUN_0054adb0,0054adb0,cockpit/pkbitmap.cpp,39,0,,39
cockpit_pkbitmap.cpp_CPackedBitmap_renderWithGlobalClipping_FUN_0054acb0,0054acb0,cockpit/pkbitmap.cpp,42,0,,42
cockpit_pkbitmap.cpp_CPackedBitmap_load_FUN_0054b190,0054b190,cockpit/pkbitmap.cpp,111,12,stack_param|badspacebase|pointer_cast|register_param|stack_ref,256
cockpit_pkbitmap.cpp_CPackedBitmap_dtor_FUN_0054a890,0054a890,cockpit/pkbitmap.cpp,6,0,,6
cockpit_pkbitmap.cpp_CPackedBitmap_renderClippedRegion_FUN_0054ab30,0054ab30,cockpit/pkbitmap.cpp,62,5,stack_param|pointer_cast,122
cockpit_pkbitmap.cpp_CPackedBitmap_ctor_FUN_0054a820,0054a820,cockpit/pkbitmap.cpp,7,0,,7
cockpit_pkbitmap.cpp_CPackedBitmap_loadStoredPBMFile_FUN_0054b910,0054b910,cockpit/pkbitmap.cpp,8,0,,8
cockpit_pkbitmap.cpp_CPackedBitmap_reloadFromBitmapFile_FUN_0054b000,0054b000,cockpit/pkbitmap.cpp,21,4,stack_param,66
cockpit_pkbitmap.cpp_CPackedBitmap_reset_FUN_0054a8b0,0054a8b0,cockpit/pkbitmap.cpp,8,0,,8
cockpit_pkbitmap.cpp_CPackedBitmap_copyNoClip_FUN_0054ae70,0054ae70,cockpit/pkbitmap.cpp,64,8,stack_param|unaffected_reg,154
cockpit_pkbitmap.cpp_FUN_0054b930,0054b930,cockpit/pkbitmap.cpp,28,8,stack_param|badspacebase|register_param|stack_ref,128
cockpit_pkbitmap.cpp_CPackedBitmap_setFilename_FUN_0054a990,0054a990,cockpit/pkbitmap.cpp,7,0,,7
cockpit_pkbitmap.cpp_CPackedBitmap_getPixelValue_FUN_0054a9b0,0054a9b0,cockpit/pkbitmap.cpp,18,3,pointer_cast,53
cockpit_pkbitmap.cpp_CPackedBitmap_saveToPBMFile_FUN_0054b520,0054b520,cockpit/pkbitmap.cpp,22,8,stack_param|badspacebase|register_param|stack_ref,122
cockpit_pkbitmap.cpp_CPackedBitmap_writePBMFile_FUN_0054b5c0,0054b5c0,cockpit/pkbitmap.cpp,32,4,badspacebase|register_param|stack_ref,87
cockpit_pkbitmap.cpp_CPackedBitmap_copyRawDataToCompressedRuns_FUN_0054b0e0,0054b0e0,cockpit/pkbitmap.cpp,48,2,pointer_cast,73
cockpit_pkbitmap.cpp_CPackedBitmap_applyPalette_FUN_0054b4a0,0054b4a0,cockpit/pkbitmap.cpp,5,0,,5
cockpit_pkbitmap.cpp_loadPBGFile_FUN_0054bb40,0054bb40,cockpit/pkbitmap.cpp,58,10,stack_param|badspacebase|register_param|stack_ref,178
cockpit_pkbitmap.cpp_CPackedBitmap_free_FUN_0054a8e0,0054a8e0,cockpit/pkbitmap.cpp,12,0,,12
cockpit_pkbitmap.cpp_CPackedBitmap_init_FUN_0054a840,0054a840,cockpit/pkbitmap.cpp,14,4,stack_param|unaffected_reg,64
cockpit_pkbitmap.cpp_CPackedBitmap_loadAndCompressBitmap_FUN_0054b080,0054b080,cockpit/pkbitmap.cpp,20,2,stack_param,45
cockpit_pkbitmap.cpp_applyACTPaletteToBitmap_FUN_0054b3f0,0054b3f0,cockpit/pkbitmap.cpp,10,3,badspacebase|register_param|stack_ref,55
cockpit_pkbitmap.cpp_parsePBGFile_FUN_0054b9b0,0054b9b0,cockpit/pkbitmap.cpp,102,15,stack_param|badspacebase|pointer_cast|register_param|stack_ref,277
cockpit_pkbmpset.cpp_CPackedBitmapSet_init_FUN_0054bd00,0054bd00,cockpit/pkbmpset.cpp,22,0,,22
cockpit_pkbmpset.cpp_CPackedBitmapSet_getTotalMemoryUsage_FUN_0054c6a0,0054c6a0,cockpit/pkbmpset.cpp,21,0,,21
cockpit_pkbmpset.cpp_CPackedBitmapSet_applyPaletteToAllBitmaps_FUN_0054c620,0054c620,cockpit/pkbmpset.cpp,18,0,,18
cockpit_pkbmpset.cpp_alignTo4ByteBoundary_FUN_0054bcc0,0054bcc0,cockpit/pkbmpset.cpp,4,0,,4
cockpit_pkbmpset.cpp_CPackedBitmapSet_loadPBMFileRange_FUN_0054c3d0,0054c3d0,cockpit/pkbmpset.cpp,26,5,stack_param|badspacebase|register_param|stack_ref,96
cockpit_pkbmpset.cpp_CPackedBitmapSet_loadBitmapSetFromRange_FUN_0054be70,0054be70,cockpit/pkbmpset.cpp,34,15,stack_param|badspacebase|register_param|stack_ref,204
cockpit_pkbmpset.cpp_CPackedBitmapSet_reloadStoredPBGFile_FUN_0054c4d0,0054c4d0,cockpit/pkbmpset.cpp,11,2,stack_param,36
cockpit_pkbmpset.cpp_CPackedBitmapSet_reset_FUN_0054bd60,0054bd60,cockpit/pkbmpset.cpp,12,0,,12
cockpit_pkbmpset.cpp_CPackedBitmapSet_loadPBGFileComplete_FUN_0054c480,0054c480,cockpit/pkbmpset.cpp,17,2,stack_param,42
cockpit_pkbmpset.cpp_FUN_0054c7c0,0054c7c0,cockpit/pkbmpset.cpp,4,0,,4
cockpit_pkbmpset.cpp_CPackedBitmapSet_alloc_FUN_0054bdb0,0054bdb0,cockpit/pkbmpset.cpp,32,4,stack_param|badspacebase|register_param,87
cockpit_pkbmpset.cpp_FUN_0054c7a0,0054c7a0,cockpit/pkbmpset.cpp,5,2,stack_param,30
cockpit_pkbmpset.cpp_FUN_0054c7d0,0054c7d0,cockpit/pkbmpset.cpp,4,0,,4
cockpit_pkbmpset.cpp_CPackedBitmapSet_ensureBitmapLoaded_FUN_0054c72e,0054c72e,cockpit/pkbmpset.cpp,22,0,,22
cockpit_pkbmpset.cpp_FUN_0054c7b0,0054c7b0,cockpit/pkbmpset.cpp,5,2,stack_param,30
cockpit_pkbmpset.cpp_CPackedBitmapSet_loadByFilenameAndIndex_FUN_0054c500,0054c500,cockpit/pkbmpset.cpp,52,0,,52
cockpit_pkbmpset.cpp_CPackedBitmapSet_ctor_FUN_0054bcd0,0054bcd0,cockpit/pkbmpset.cpp,9,0,,9
cockpit_pkbmpset.cpp_CPackedBitmapSet_loadStoredACTFile_FUN_0054c710,0054c710,cockpit/pkbmpset.cpp,7,0,,7
cockpit_pkbmpset.cpp_CPackedBitmapSet_applyPaletteOrReload_FUN_0054c660,0054c660,cockpit/pkbmpset.cpp,21,0,,21
cockpit_pkbmpset.cpp_CPackedBitmapSet_reload_FUN_0054c1e0,0054c1e0,cockpit/pkbmpset.cpp,64,11,stack_param|badspacebase|register_param|stack_ref,194
cockpit_pkbmpset.cpp_CPackedBitmapSet_loadACTAndApplyToBitmapSet_FUN_0054c5d0,0054c5d0,cockpit/pkbmpset.cpp,11,3,badspacebase|register_param|stack_ref,56
cockpit_pkbmpset.cpp_CPackedBitmapSet_loadJoinedRAW_FUN_0054bf40,0054bf40,cockpit/pkbmpset.cpp,80,18,stack_param|badspacebase|register_param|stack_ref,280
cockpit_pkbmpset.cpp_CPackedBitmapSet_setFilename_FUN_0054c6f0,0054c6f0,cockpit/pkbmpset.cpp,8,0,,8
cockpit_drawsurf.cpp_CDrawSurface_setColorRGB_FUN_00487220,00487220,cockpit/drawsurf.cpp,39,0,,39
cockpit_drawsurf.cpp_CDrawSurface_drawTextCenteredInAreaWithWidthWrapper_FUN_00489a00,00489a00,cockpit/drawsurf.cpp,8,0,,8
cockpit_drawsurf.cpp_CDrawSurface_getCharWidth_FUN_00489ca0,00489ca0,cockpit/drawsurf.cpp,15,2,badspacebase|register_param,45
cockpit_drawsurf.cpp_CDrawSurface_drawTextCenteredWrapper_FUN_004895c0,004895c0,cockpit/drawsurf.cpp,8,2,unaffected_reg,33
cockpit_drawsurf.cpp_setCurrentFont_FUN_004874c0,004874c0,cockpit/drawsurf.cpp,5,0,,5
cockpit_drawsurf.cpp_CDrawSurface_drawCenteredRectangle_FUN_00488550,00488550,cockpit/drawsurf.cpp,18,0,,18
cockpit_drawsurf.cpp_CDrawSurface_ctor_FUN_00486ea0,00486ea0,cockpit/drawsurf.cpp,7,0,,7
cockpit_drawsurf.cpp_CDrawSurface_setColorWhite_FUN_00487390,00487390,cockpit/drawsurf.cpp,5,0,,5
cockpit_drawsurf.cpp_CDrawSurface_setColorYellow_FUN_00487410,00487410,cockpit/drawsurf.cpp,5,0,,5
cockpit_drawsurf.cpp_CDrawSurface_plotPixel_FUN_004874d0,004874d0,cockpit/drawsurf.cpp,61,2,pointer_cast,86
cockpit_drawsurf.cpp_CDrawSurface_drawAntiAliasedLine_FUN_00488410,00488410,cockpit/drawsurf.cpp,29,8,stack_param|unaffected_reg,119
cockpit_drawsurf.cpp_setDashAnimationThreshold_FUN_00488ac0,00488ac0,cockpit/drawsurf.cpp,5,0,,5
cockpit_drawsurf.cpp_CDrawSurface_drawRectangleBetweenPoints_FUN_004885d0,004885d0,cockpit/drawsurf.cpp,12,0,,12
cockpit_drawsurf.cpp_CDrawSurface_renderPackedBitmap_FUN_00488c90,00488c90,cockpit/drawsurf.cpp,9,0,,9
cockpit_drawsurf.cpp_CDrawSurface_drawSurfaceBorder_FUN_00488530,00488530,cockpit/drawsurf.cpp,7,0,,7
cockpit_drawsurf.cpp_CDrawSurface_drawTextCenteredInBoundsWrapper_FUN_00489830,00489830,cockpit/drawsurf.cpp,9,2,unaffected_reg,34
cockpit_drawsurf.cpp_CDrawSurface_drawTextCenteredInBounds_FUN_00489800,00489800,cockpit/drawsurf.cpp,8,0,,8
cockpit_drawsurf.cpp_CDrawSurface_drawTextRightAlignedVCenteredPrintf_FUN_004896c0,004896c0,cockpit/drawsurf.cpp,13,6,stack_param|badspacebase|register_param|stack_ref,93
cockpit_drawsurf.cpp_CDrawSurface_drawTextCenteredInBoundsPrintf_FUN_00489860,00489860,cockpit/drawsurf.cpp,13,6,stack_param|badspacebase|register_param|stack_ref,93
cockpit_drawsurf.cpp_CDrawSurface_drawTextCenteredBothPrintf_FUN_00489790,00489790,cockpit/drawsurf.cpp,13,6,stack_param|badspacebase|register_param|stack_ref,93
cockpit_drawsurf.cpp_CDrawSurface_drawCircleFromTopLeft_FUN_00487820,00487820,cockpit/drawsurf.cpp,7,0,,7
cockpit_drawsurf.cpp_CDrawSurface_drawTextCenteredFullSurface_FUN_00489c20,00489c20,cockpit/drawsurf.cpp,8,0,,8
cockpit_drawsurf.cpp_CDrawSurface_drawDashedLine_FUN_00487bc0,00487bc0,cockpit/drawsurf.cpp,97,7,extra_output,172
cockpit_drawsurf.cpp_CDrawSurface_fillRectangle_FUN_00488ad0,00488ad0,cockpit/drawsurf.cpp,90,3,pointer_cast,125
cockpit_drawsurf.cpp_CDrawSurface_drawVerticalLine_FUN_00488230,00488230,cockpit/drawsurf.cpp,89,10,sborrow_artifact|pointer_cast,199
cockpit_drawsurf.cpp_CDrawSurface_drawCircleFromTopRight_FUN_00487850,00487850,cockpit/drawsurf.cpp,8,0,,8
cockpit_drawsurf.cpp_CDrawSurface_drawTextRightAlignedVCentered_FUN_00489660,00489660,cockpit/drawsurf.cpp,8,0,,8
cockpit_drawsurf.cpp_CDrawSurface_drawCircleFromBottomLeft_FUN_00487880,00487880,cockpit/drawsurf.cpp,8,0,,8
cockpit_drawsurf.cpp_CDrawSurface_drawTextCenteredFullHeight_FUN_00489b60,00489b60,cockpit/drawsurf.cpp,8,0,,8
cockpit_drawsurf.cpp_CDrawSurface_drawAnimatedCenteredRectangle_FUN_004889b0,004889b0,cockpit/drawsurf.cpp,18,0,,18
cockpit_drawsurf.cpp_CDrawSurface_drawTextCenteredFullWidthPrintf_FUN_00489af0,00489af0,cockpit/drawsurf.cpp,13,6,stack_param|badspacebase|register_param|stack_ref,93
cockpit_drawsurf.cpp_CDrawSurface_drawTextCenteredInAreaWithWidth_FUN_004899c0,004899c0,cockpit/drawsurf.cpp,8,0,,8
cockpit_drawsurf.cpp_CDrawSurface_drawTextRightAlignedVariant_FUN_004894c0,004894c0,cockpit/drawsurf.cpp,8,0,,8
cockpit_drawsurf.cpp_CDrawSurface_drawTextRightAlignedVCenteredWrapper_FUN_00489690,00489690,cockpit/drawsurf.cpp,9,2,unaffected_reg,34
cockpit_drawsurf.cpp_CDrawSurface_drawLineBresenham_FUN_00487ad0,00487ad0,cockpit/drawsurf.cpp,64,4,unaffected_reg,109
cockpit_drawsurf.cpp_CDrawSurface_drawAnimatedInsetRectangle_FUN_00488a30,00488a30,cockpit/drawsurf.cpp,12,0,,12
cockpit_drawsurf.cpp_CDrawSurface_clipLine_FUN_00487e20,00487e20,cockpit/drawsurf.cpp,126,18,register_param,311
cockpit_drawsurf.cpp_getFontMaxWidth_FUN_0048a6a0,0048a6a0,cockpit/drawsurf.cpp,4,0,,4
cockpit_drawsurf.cpp_CDrawSurface_drawClippedLine_FUN_00487990,00487990,cockpit/drawsurf.cpp,21,4,stack_param|badspacebase|register_param,76
cockpit_drawsurf.cpp_CDrawSurface_setColorGray_FUN_00487480,00487480,cockpit/drawsurf.cpp,5,0,,5
cockpit_drawsurf.cpp_CDrawSurface_drawAnimatedDashedLine_FUN_004887a0,004887a0,cockpit/drawsurf.cpp,65,4,extra_output|pointer_cast,115
cockpit_drawsurf.cpp_CDrawSurface_setColor_FUN_00487010,00487010,cockpit/drawsurf.cpp,53,0,,53
cockpit_drawsurf.cpp_CDrawSurface_setColorDarkGray_FUN_00487470,00487470,cockpit/drawsurf.cpp,5,0,,5
cockpit_drawsurf.cpp_CDrawSurface_drawTextCenteredBothWrapper_FUN_00489760,00489760,cockpit/drawsurf.cpp,9,2,unaffected_reg,34
cockpit_drawsurf.cpp_CDrawSurface_drawCenteredRectangle_FUN_004886c0,004886c0,cockpit/drawsurf.cpp,18,0,,18
cockpit_drawsurf.cpp_setDashLength_FUN_00488ab0,00488ab0,cockpit/drawsurf.cpp,5,0,,5
cockpit_drawsurf.cpp_CDrawSurface_setColorBlack_FUN_00487380,00487380,cockpit/drawsurf.cpp,5,0,,5
cockpit_drawsurf.cpp_CDrawSurface_drawTextWithAlignment_FUN_00489120,00489120,cockpit/drawsurf.cpp,49,0,,49
cockpit_drawsurf.cpp_CDrawSurface_drawTextRightAlignedVariantPrintf_FUN_00489520,00489520,cockpit/drawsurf.cpp,13,6,stack_param|badspacebase|register_param|stack_ref,93
cockpit_drawsurf.cpp_CDrawSurface_init_FUN_00486ee0,00486ee0,cockpit/drawsurf.cpp,47,0,,47
cockpit_drawsurf.cpp_CDrawSurface_drawClosedPolyline_FUN_00489090,00489090,cockpit/drawsurf.cpp,23,0,,23
cockpit_drawsurf.cpp_CDrawSurface_drawSolidRectangle_FUN_00488630,00488630,cockpit/drawsurf.cpp,16,2,extra_output,41
cockpit_drawsurf.cpp_CDrawSurface_drawTextCenteredFullWidthWrapper_FUN_00489ad0,00489ad0,cockpit/drawsurf.cpp,9,2,unaffected_reg,34
cockpit_drawsurf.cpp_CDrawSurface_setColorCyan_FUN_00487450,00487450,cockpit/drawsurf.cpp,5,0,,5
cockpit_drawsurf.cpp_CDrawSurface_drawTextRightAligned_FUN_004893f0,004893f0,cockpit/drawsurf.cpp,8,0,,8
cockpit_drawsurf.cpp_CDrawSurface_drawTextCenteredPrintf_FUN_004895f0,004895f0,cockpit/drawsurf.cpp,13,6,stack_param|badspacebase|register_param|stack_ref,93
cockpit_drawsurf.cpp_getDashLength_FUN_00488a90,00488a90,cockpit/drawsurf.cpp,4,0,,4
cockpit_drawsurf.cpp_testDrawingSurface_FUN_00489d30,00489d30,cockpit/drawsurf.cpp,232,114,stack_param|badspacebase|register_param|stack_ref,1392
cockpit_drawsurf.cpp_CDrawSurface_drawTextCenteredFullHeightPrintf_FUN_00489bb0,00489bb0,cockpit/drawsurf.cpp,13,6,stack_param|badspacebase|register_param|stack_ref,93
cockpit_drawsurf.cpp_CDrawSurface_drawTextRightAlignedVariantWrapper_FUN_004894f0,004894f0,cockpit/drawsurf.cpp,9,2,unaffected_reg,34
cockpit_drawsurf.cpp_CDrawSurface_drawTextRightAlignedPrintf_FUN_00489450,00489450,cockpit/drawsurf.cpp,13,4,badspacebase|register_param|stack_ref,68
cockpit_drawsurf.cpp_CDrawSurface_drawInsetRectangle_FUN_00488740,00488740,cockpit/drawsurf.cpp,12,0,,12
cockpit_drawsurf.cpp_CDrawSurface_getCurrentFontMaxWidth_FUN_00489ce0,00489ce0,cockpit/drawsurf.cpp,8,0,,8
cockpit_drawsurf.cpp_CDrawSurface_drawCircleFromBottomRight_FUN_004878b0,004878b0,cockpit/drawsurf.cpp,8,0,,8
cockpit_drawsurf.cpp_CDrawSurface_drawTextCenteredBoth_FUN_00489730,00489730,cockpit/drawsurf.cpp,8,0,,8
cockpit_drawsurf.cpp_CDrawSurface_setColorBlue_FUN_004873f0,004873f0,cockpit/drawsurf.cpp,5,0,,5
cockpit_drawsurf.cpp_CDrawSurface_drawTextCenteredFullHeightWrapper_FUN_00489b90,00489b90,cockpit/drawsurf.cpp,8,2,unaffected_reg,33
cockpit_drawsurf.cpp_computeCohenSutherlandOutcode_FUN_00487de0,00487de0,cockpit/drawsurf.cpp,17,0,,17
cockpit_drawsurf.cpp_CDrawSurface_drawRectangleOutline_FUN_004884d0,004884d0,cockpit/drawsurf.cpp,10,0,,10
cockpit_drawsurf.cpp_CDrawSurface_setColorMagenta_FUN_00487430,00487430,cockpit/drawsurf.cpp,5,0,,5
cockpit_drawsurf.cpp_CDrawSurface_drawTextCenteredInAreaWrapper_FUN_00489910,00489910,cockpit/drawsurf.cpp,8,0,,8
cockpit_drawsurf.cpp_getDashAnimationThreshold_FUN_00488aa0,00488aa0,cockpit/drawsurf.cpp,4,0,,4
cockpit_drawsurf.cpp_CDrawSurface_setColorLightGray_FUN_004874a0,004874a0,cockpit/drawsurf.cpp,5,0,,5
cockpit_drawsurf.cpp_CDrawSurface_drawTextCenteredInAreaPrintf_FUN_00489940,00489940,cockpit/drawsurf.cpp,13,4,badspacebase|register_param|stack_ref,68
cockpit_drawsurf.cpp_CDrawSurface_drawTextCenteredFullSurfacePrintf_FUN_00489c40,00489c40,cockpit/drawsurf.cpp,13,4,badspacebase|register_param|stack_ref,68
cockpit_drawsurf.cpp_CDrawSurface_drawHorizontalLine_FUN_00488110,00488110,cockpit/drawsurf.cpp,61,1,pointer_cast,76
cockpit_drawsurf.cpp_CDrawSurface_drawTextCenteredFullWidth_FUN_00489ab0,00489ab0,cockpit/drawsurf.cpp,9,2,unaffected_reg,34
cockpit_drawsurf.cpp_CDrawSurface_drawClippedDashedLine_FUN_00487a30,00487a30,cockpit/drawsurf.cpp,21,4,stack_param|badspacebase|register_param,76
cockpit_drawsurf.cpp_CDrawSurface_drawHorizontalLineWithEffect_FUN_00487630,00487630,cockpit/drawsurf.cpp,38,2,pointer_cast,63
cockpit_drawsurf.cpp_CDrawSurface_fillFullSurface_FUN_00488c70,00488c70,cockpit/drawsurf.cpp,6,0,,6
cockpit_drawsurf.cpp_CDrawSurface_drawAnimatedFullSurface_FUN_00488990,00488990,cockpit/drawsurf.cpp,7,0,,7
cockpit_drawsurf.cpp_CDrawSurface_getTextWidth_FUN_00489d00,00489d00,cockpit/drawsurf.cpp,11,0,,11
cockpit_drawsurf.cpp_CDrawSurface_setColorGreen_FUN_004873d0,004873d0,cockpit/drawsurf.cpp,5,0,,5
cockpit_drawsurf.cpp_CDrawSurface_drawTextCenteredInAreaWithWidthPrintf_FUN_00489a30,00489a30,cockpit/drawsurf.cpp,13,4,badspacebase|register_param|stack_ref,68
cockpit_drawsurf.cpp_CDrawSurface_setColorRed_FUN_004873b0,004873b0,cockpit/drawsurf.cpp,5,0,,5
cockpit_drawsurf.cpp_CDrawSurface_drawRectangleOutline_FUN_004878e0,004878e0,cockpit/drawsurf.cpp,25,23,stack_param,260
cockpit_drawsurf.cpp_CDrawSurface_drawTextRightAlignedWrapper_FUN_00489420,00489420,cockpit/drawsurf.cpp,8,0,,8
cockpit_drawsurf.cpp_CDrawSurface_fillPoly_FUN_00488cd0,00488cd0,cockpit/drawsurf.cpp,199,21,sborrow_artifact|badspacebase|pointer_cast|register_param,429
cockpit_drawsurf.cpp_CDrawSurface_drawTextCentered_FUN_00489590,00489590,cockpit/drawsurf.cpp,8,0,,8
cockpit_drawsurf.cpp_CDrawSurface_drawFullSurface_FUN_004886a0,004886a0,cockpit/drawsurf.cpp,6,0,,6
cockpit_drawsurf.cpp_CDrawSurface_drawCircle_FUN_00487730,00487730,cockpit/drawsurf.cpp,42,0,,42
cockpit_drawsurf.cpp_CDrawSurface_drawTextCenteredInArea_FUN_004898e0,004898e0,cockpit/drawsurf.cpp,8,0,,8
shape_meshlod.cpp_CLodMesh_createOrigSamplePoints_FUN_00517000,00517000,shape/meshlod.cpp,118,10,unaffected_reg|badspacebase|pointer_cast|register_param|stack_ref,243
shape_meshlod.cpp_CLodMesh_parseS3DFileVariant_FUN_0051adf0,0051adf0,shape/meshlod.cpp,101,12,unaffected_reg|badspacebase|register_param|stack_ref,241
shape_meshlod.cpp_CLodMesh_replayLodGeneration_FUN_005173f0,005173f0,shape/meshlod.cpp,63,10,badspacebase|pointer_cast|register_param|stack_ref,183
shape_meshlod.cpp_CLodMesh_openPrecomputeFile_FUN_0051b770,0051b770,shape/meshlod.cpp,32,10,stack_param|unaffected_reg|badspacebase|register_param|stack_ref,157
shape_meshlod.cpp_CLodMesh_free_FUN_00515970,00515970,shape/meshlod.cpp,46,1,negative_offset,61
shape_meshlod.cpp_CLodMesh_computeMeshCRC32_FUN_0051c6f0,0051c6f0,shape/meshlod.cpp,402,2,badspacebase|register_param,432
shape_meshlod.cpp_CLodMesh_checkEdgeCollapseAngle_FUN_00519480,00519480,shape/meshlod.cpp,77,0,,77
shape_meshlod.cpp_CLodMesh_removeEdgeFromFace_FUN_005183e0,005183e0,shape/meshlod.cpp,31,1,pointer_cast,46
shape_meshlod.cpp_CLodMesh_findClosestPointOnMesh_FUN_0051a300,0051a300,shape/meshlod.cpp,49,7,sub_artifact|concat_artifact|badspacebase|pointer_cast|register_param,144
shape_meshlod.cpp_initializeLogDirectory_FUN_00515190,00515190,shape/meshlod.cpp,7,0,,7
shape_meshlod.cpp_CLodVert_removeEdge_FUN_00515e00,00515e00,shape/meshlod.cpp,15,0,,15
shape_meshlod.cpp_CLodMesh_saveReplayData_FUN_0051d250,0051d250,shape/meshlod.cpp,38,5,pointer_cast,93
shape_meshlod.cpp_CLodMesh_markDuplicateFaces_FUN_00516a40,00516a40,shape/meshlod.cpp,53,3,pointer_cast,88
shape_meshlod.cpp_CLodMesh_computePointToFaceDistance_FUN_0051a400,0051a400,shape/meshlod.cpp,93,8,stack_param|badspacebase|pointer_cast|register_param,193
shape_meshlod.cpp_CLodMesh_findOrCreateEdge_FUN_00515ec0,00515ec0,shape/meshlod.cpp,49,0,,49
shape_meshlod.cpp_CLodMesh_importFromEditorGlobals_FUN_0051b080,0051b080,shape/meshlod.cpp,89,28,stack_param|pointer_cast,379
shape_meshlod.cpp_copyFloat_FUN_0051f0b0,0051f0b0,shape/meshlod.cpp,5,0,,5
shape_meshlod.cpp_CLodMesh_initializeLodGeneration_FUN_0051b8a0,0051b8a0,shape/meshlod.cpp,16,0,,16
shape_meshlod.cpp_CLodMesh_translateVertices_FUN_00516570,00516570,shape/meshlod.cpp,24,0,,24
shape_meshlod.cpp_CLodMesh_loadPrecomputedLodData_FUN_0051b720,0051b720,shape/meshlod.cpp,12,0,,12
shape_meshlod.cpp_CLodMesh_ctor_FUN_00515840,00515840,shape/meshlod.cpp,5,0,,5
shape_meshlod.cpp_CLodFace_copy_FUN_0051ef20,0051ef20,shape/meshlod.cpp,44,5,pointer_cast,99
shape_meshlod.cpp_CLodMesh_postprocessMesh_FUN_0051b330,0051b330,shape/meshlod.cpp,23,3,badspacebase|register_param|stack_ref,68
shape_meshlod.cpp_CLodMesh_sortFacesByAttribute_FUN_0051bd30,0051bd30,shape/meshlod.cpp,173,30,unaffected_reg|badspacebase|pointer_cast|register_param|stack_ref,498
shape_meshlod.cpp_CLodMesh_removeUnusedVertices_FUN_0051b3e0,0051b3e0,shape/meshlod.cpp,105,9,pointer_cast,200
shape_meshlod.cpp_CLodMesh_recordEdgeCollapse_FUN_0051d4a0,0051d4a0,shape/meshlod.cpp,27,5,stack_param|pointer_cast,87
shape_meshlod.cpp_CLodFace_containsEdge_FUN_005151c0,005151c0,shape/meshlod.cpp,8,0,,8
shape_meshlod.cpp_CLodMesh_buildSpatialGrid_FUN_00516620,00516620,shape/meshlod.cpp,157,19,unaffected_reg|unknown_field|badspacebase|pointer_cast|register_param,372
shape_meshlod.cpp_CLodMesh_dtor_FUN_00515950,00515950,shape/meshlod.cpp,5,0,,5
shape_meshlod.cpp_CLodMesh_computeVertexNormal_FUN_005172c0,005172c0,shape/meshlod.cpp,54,0,,54
shape_meshlod.cpp_CLodMesh_eqLoad_FUN_0051cdf0,0051cdf0,shape/meshlod.cpp,103,18,stack_param|concat_artifact|unknown_field|badspacebase|pointer_cast|register_param|stack_ref,318
shape_meshlod.cpp_CLodMesh_computeSamplePointDistances_FUN_00519b50,00519b50,shape/meshlod.cpp,222,30,suspect_float|extra_output|badspacebase|pointer_cast|register_param|stack_ref,552
shape_meshlod.cpp_CLodMesh_gridSave_FUN_0051d420,0051d420,shape/meshlod.cpp,22,1,pointer_cast,37
shape_meshlod.cpp_CLodMesh_computeVertexBoundingBox_FUN_00516500,00516500,shape/meshlod.cpp,32,0,,32
shape_meshlod.cpp_CLodMesh_normalizeAndCenterMesh_FUN_00516e10,00516e10,shape/meshlod.cpp,44,3,badspacebase|register_param|stack_ref,89
shape_meshlod.cpp_freeVectors_FUN_0051f0e0,0051f0e0,shape/meshlod.cpp,5,0,,5
shape_meshlod.cpp_CLodMesh_countCollapsibleEdgesForVertex_FUN_00516480,00516480,shape/meshlod.cpp,25,1,pointer_cast,40
shape_meshlod.cpp_CLodMesh_findClosestFaceToSamplePoint_FUN_00518300,00518300,shape/meshlod.cpp,45,3,sub_artifact|pointer_cast,85
shape_meshlod.cpp_CLodMesh_validateAndRemoveInvalidFaces_FUN_005197c0,005197c0,shape/meshlod.cpp,31,1,pointer_cast,46
shape_meshlod.cpp_CLodMesh_processGridCell_FUN_0051a030,0051a030,shape/meshlod.cpp,50,12,stack_param|sub_artifact|unknown_field|pointer_cast,190
shape_meshlod.cpp_CLodMesh_findMinimumCostEdge_FUN_00519680,00519680,shape/meshlod.cpp,33,8,concat_artifact|unknown_field|pointer_cast,128
shape_meshlod.cpp_CLodMesh_weldVertices_FUN_0051a150,0051a150,shape/meshlod.cpp,84,26,pointer_cast|register_param,354
shape_meshlod.cpp_CLodMesh_hasVertexBoundaryEdge_FUN_00518740,00518740,shape/meshlod.cpp,19,1,pointer_cast,34
shape_meshlod.cpp_CLodMesh_exportToFile_FUN_0051c070,0051c070,shape/meshlod.cpp,17,2,stack_param,42
shape_meshlod.cpp_CLodVert_copy_FUN_0051ee70,0051ee70,shape/meshlod.cpp,18,2,pointer_cast,43
shape_meshlod.cpp_CLodMesh_drawVertexIndexLabel_FUN_0051ecd0,0051ecd0,shape/meshlod.cpp,19,2,badspacebase|register_param,49
shape_meshlod.cpp_CLodEdge_addAdjacentFace_FUN_00515ca0,00515ca0,shape/meshlod.cpp,18,2,stack_param,43
shape_meshlod.cpp_CLodVert_findEdge_FUN_00515e50,00515e50,shape/meshlod.cpp,17,0,,17
shape_meshlod.cpp_CLodMesh_findOrAddSubmesh_FUN_00518790,00518790,shape/meshlod.cpp,46,0,,46
shape_meshlod.cpp_CLodMesh_getOtherVertexOnEdge_FUN_0051a980,0051a980,shape/meshlod.cpp,15,0,,15
shape_meshlod.cpp_testLodGeneration_FUN_0051ed60,0051ed60,shape/meshlod.cpp,13,6,badspacebase|register_param|stack_ref,88
shape_meshlod.cpp_CLodMesh_renderShadedTriangles_FUN_0051e990,0051e990,shape/meshlod.cpp,51,7,badspacebase|pointer_cast|register_param|stack_ref,141
shape_meshlod.cpp_divideVectorByScalar_FUN_0051edd0,0051edd0,shape/meshlod.cpp,7,0,,7
shape_meshlod.cpp_CLodMesh_validateFace_FUN_00519830,00519830,shape/meshlod.cpp,10,0,,10
shape_meshlod.cpp_crc32UpdateVector3f_FUN_0051c600,0051c600,shape/meshlod.cpp,72,2,pointer_cast,97
shape_meshlod.cpp_CLodMesh_countUnprocessedFaces_FUN_005164d0,005164d0,shape/meshlod.cpp,19,0,,19
shape_meshlod.cpp_CLodMesh_importFromFile_FUN_0051a9d0,0051a9d0,shape/meshlod.cpp,18,2,stack_param,43
shape_meshlod.cpp_staticInit_FUN_00514f70,00514f70,shape/meshlod.cpp,6,0,,6
shape_meshlod.cpp_CLodMesh_renderTexturedTriangles_FUN_0051ead0,0051ead0,shape/meshlod.cpp,107,9,extra_output|badspacebase|pointer_cast|register_param|stack_ref,222
shape_meshlod.cpp_CLodMesh_init_FUN_00515880,00515880,shape/meshlod.cpp,30,0,,30
shape_meshlod.cpp_CLodMesh_computeEdgeCollapseCost_FUN_00518910,00518910,shape/meshlod.cpp,383,32,stack_param|sub_artifact|concat_artifact|unknown_field|sborrow_artifact|badspacebase|pointer_cast|register_param,743
shape_meshlod.cpp_CLodMesh_loadPrecomputeFile_FUN_0051b6f0,0051b6f0,shape/meshlod.cpp,10,0,,10
shape_meshlod.cpp_CLodMesh_countNonCollapsibleEdgesForVertex_FUN_00516420,00516420,shape/meshlod.cpp,20,1,pointer_cast,35
shape_meshlod.cpp_CLodFace_dtor_FUN_0051efc0,0051efc0,shape/meshlod.cpp,6,0,,6
shape_meshlod.cpp_CLodMesh_parseS3DFile_FUN_0051aa60,0051aa60,shape/meshlod.cpp,107,13,unaffected_reg|badspacebase|register_param|stack_ref,257
shape_meshlod.cpp_CLodMesh_extractFaceTexCoordGradient_FUN_00517530,00517530,shape/meshlod.cpp,45,5,stack_param|badspacebase|register_param|stack_ref,115
shape_meshlod.cpp_CLodMesh_gridLoad_FUN_0051d2d0,0051d2d0,shape/meshlod.cpp,42,5,unaffected_reg|badspacebase|register_param|stack_ref,112
shape_meshlod.cpp_skipLines_FUN_00515160,00515160,shape/meshlod.cpp,13,0,,13
shape_meshlod.cpp_CLodMesh_allocate_FUN_00515ac0,00515ac0,shape/meshlod.cpp,36,2,stack_param,61
shape_meshlod.cpp_CLodVert_addAdjacentEdge_FUN_00515d90,00515d90,shape/meshlod.cpp,15,2,stack_param,40
shape_meshlod.cpp_CSpotView_dtor_FUN_0051f080,0051f080,shape/meshlod.cpp,4,0,,4
shape_meshlod.cpp_CLodMesh_copyFrom_FUN_0051a8c0,0051a8c0,shape/meshlod.cpp,70,14,pointer_cast,215
shape_meshlod.cpp_crc32UpdateByte_FUN_0051c270,0051c270,shape/meshlod.cpp,61,0,,61
shape_meshlod.cpp_CLodMesh_computeFaceCentroid_FUN_00518870,00518870,shape/meshlod.cpp,33,0,,33
shape_meshlod.cpp_CLodMesh_buildEdges_FUN_00515ba0,00515ba0,shape/meshlod.cpp,51,1,pointer_cast,66
shape_meshlod.cpp_CLodFace_findVertexIndex_FUN_00515e90,00515e90,shape/meshlod.cpp,14,0,,14
shape_meshlod.cpp_CLodMesh_scaleVertices_FUN_005165c0,005165c0,shape/meshlod.cpp,22,0,,22
shape_meshlod.cpp_CLodMesh_renderColorCodedEdges_FUN_0051e830,0051e830,shape/meshlod.cpp,92,10,stack_param|badspacebase|pointer_cast|register_param|stack_ref,217
shape_meshlod.cpp_CLodFace_ctor_FUN_0051ef00,0051ef00,shape/meshlod.cpp,7,1,pointer_cast,22
shape_meshlod.cpp_CLodMesh_drawVertexLabels_FUN_0051ed30,0051ed30,shape/meshlod.cpp,12,0,,12
shape_meshlod.cpp_CLodMesh_computeClosestPointOnTriangle_FUN_0051a6b0,0051a6b0,shape/meshlod.cpp,80,0,,80
shape_meshlod.cpp_CLodFace_computeNormalAndPlane_FUN_00519870,00519870,shape/meshlod.cpp,126,2,badspacebase|register_param,156
shape_meshlod.cpp_CLodMesh_clearFaceAttributes_FUN_0051bcc0,0051bcc0,shape/meshlod.cpp,26,3,pointer_cast,61
shape_meshlod.cpp_CLodEdge_isBoundary_FUN_0051eea0,0051eea0,shape/meshlod.cpp,4,0,,4
shape_meshlod.cpp_crc32UpdateDword_FUN_0051c480,0051c480,shape/meshlod.cpp,75,4,badspacebase|pointer_cast|register_param,130
shape_meshlod.cpp_calculateDistanceSquared_FUN_0051edf0,0051edf0,shape/meshlod.cpp,11,0,,11
shape_meshlod.cpp_CLodMesh_previewLodGeneration_FUN_0051d520,0051d520,shape/meshlod.cpp,149,20,undefined_type|stack_param|concat_artifact|suspect_float|badspacebase|register_param|stack_ref,384
shape_meshlod.cpp_CLodMesh_compactFaces_FUN_0051b570,0051b570,shape/meshlod.cpp,92,6,pointer_cast,157
shape_meshlod.cpp_crc32UpdateDword_FUN_0051c540,0051c540,shape/meshlod.cpp,75,4,badspacebase|pointer_cast|register_param,130
shape_meshlod.cpp_CLodMesh_importFromFileAlt_FUN_0051ad60,0051ad60,shape/meshlod.cpp,18,2,stack_param,43
shape_meshlod.cpp_CLodMesh_loadReplayData_FUN_0051d180,0051d180,shape/meshlod.cpp,34,0,,34
shape_meshlod.cpp_copyVector_FUN_0051ee50,0051ee50,shape/meshlod.cpp,7,0,,7
shape_meshlod.cpp_CLodMesh_closePrecomputeFile_FUN_0051b870,0051b870,shape/meshlod.cpp,10,0,,10
shape_meshlod.cpp_CLodMesh_evaluateEdgeCollapse_FUN_00516000,00516000,shape/meshlod.cpp,155,11,unaffected_reg|unknown_field|badspacebase|register_param,285
shape_meshlod.cpp_CLodMesh_renderWireframe_FUN_0051e770,0051e770,shape/meshlod.cpp,58,9,stack_param|badspacebase|pointer_cast|register_param|stack_ref,173
shape_meshlod.cpp_CLodMesh_importFromUnknown_FUN_0051b2b0,0051b2b0,shape/meshlod.cpp,7,0,,7
shape_meshlod.cpp_getNextTriangleVertexIndex_FUN_0051eed0,0051eed0,shape/meshlod.cpp,9,0,,9
shape_meshlod.cpp_CLodMesh_fixupAfterCram_FUN_0051bac0,0051bac0,shape/meshlod.cpp,79,4,badspacebase|pointer_cast|register_param|stack_ref,139
shape_meshlod.cpp_CLodMesh_validateEdgeCollapse_FUN_00518490,00518490,shape/meshlod.cpp,122,16,stack_param|unaffected_reg|pointer_cast,297
shape_meshlod.cpp_CLodMesh_createNextLOD_FUN_00516f50,00516f50,shape/meshlod.cpp,26,8,stack_param,111
shape_meshlod.cpp_getPreviousTriangleVertexIndex_FUN_0051eec0,0051eec0,shape/meshlod.cpp,7,0,,7
shape_meshlod.cpp_CLodFace_copy2_FUN_0051efe0,0051efe0,shape/meshlod.cpp,46,2,pointer_cast,71
shape_meshlod.cpp_CLodMesh_eqSave_FUN_0051d0e0,0051d0e0,shape/meshlod.cpp,27,1,pointer_cast,42
shape_meshlod.cpp_CLodMesh_collapseEdge_FUN_00517630,00517630,shape/meshlod.cpp,448,37,stack_param|extra_output|sborrow_artifact|badspacebase|pointer_cast|register_param,848
shape_meshlod.cpp_CLodMesh_markDegenerateFaces_FUN_00516b40,00516b40,shape/meshlod.cpp,28,5,pointer_cast,83
shape_meshlod.cpp_CLodEdge_findFace_FUN_00515d60,00515d60,shape/meshlod.cpp,17,0,,17
shape_meshlod.cpp_CLodMesh_initializeLodGeneration_FUN_00516d50,00516d50,shape/meshlod.cpp,25,2,unaffected_reg,50
shape_meshlod.cpp_computeDistanceSquaredToEdge_FUN_00515110,00515110,shape/meshlod.cpp,18,7,stack_param|badspacebase|register_param,103
shape_meshlod.cpp_CLodMesh_worldToNormalizedSpace_FUN_0051b2e0,0051b2e0,shape/meshlod.cpp,19,0,,19
shape_meshlod.cpp_freeLodFaces_FUN_0051f0c0,0051f0c0,shape/meshlod.cpp,5,0,,5
shape_meshlod.cpp_CLodMesh_transformVerticesForPreview_FUN_0051e6b0,0051e6b0,shape/meshlod.cpp,36,11,stack_param|unaffected_reg|unknown_field|badspacebase|pointer_cast|register_param,176
shape_meshlod.cpp_CLodEdge_removeFace_FUN_00515d10,00515d10,shape/meshlod.cpp,15,0,,15
shape_meshlod.cpp_fitLeastSquaresPlane_FUN_005151e0,005151e0,shape/meshlod.cpp,244,27,sub_artifact|concat_artifact|badspacebase|register_param,534
shape_meshlod.cpp_copyFloat_FUN_0051f090,0051f090,shape/meshlod.cpp,5,0,,5
shape_meshlod.cpp_copyFloat_FUN_0051f0a0,0051f0a0,shape/meshlod.cpp,5,0,,5
shape_meshlod.cpp_CLodFace_containsVertex_FUN_0051ee30,0051ee30,shape/meshlod.cpp,7,0,,7
shape_meshlod.cpp_CLodMesh_getLOD_FUN_0051b920,0051b920,shape/meshlod.cpp,73,31,stack_param|unaffected_reg|badspacebase|pointer_cast|register_param|stack_ref,413
shape_meshlod.cpp_computeClosestPointOnEdge_FUN_00514f90,00514f90,shape/meshlod.cpp,42,0,,42
shape_meshlod.cpp_crc32UpdateBuffer_FUN_0051c350,0051c350,shape/meshlod.cpp,73,0,,73
shape_meshlod.cpp_CLodMesh_generateLOD_FUN_00516ba0,00516ba0,shape/meshlod.cpp,60,9,stack_param|unaffected_reg|extra_output|pointer_cast,170
shape_meshlod.cpp_CLodMesh_exportToS3D_FUN_0051c100,0051c100,shape/meshlod.cpp,51,7,pointer_cast,126
shape_meshlod.cpp_CLodMesh_computeAllEdgeCollapseCosts_FUN_00519710,00519710,shape/meshlod.cpp,26,0,,26
shape_meshlod.cpp_CLodMesh_copy_FUN_00515860,00515860,shape/meshlod.cpp,7,2,stack_param,32
shape_meshlod.cpp_CLodMesh_chooseLodsInteractive_FUN_0051d990,0051d990,shape/meshlod.cpp,464,203,undefined_type|stack_param|concat_artifact|unaffected_reg|suspect_float|unknown_field|badspacebase|pointer_cast|register_param|stack_ref,2544
shape_superopt.cpp_distancePointToSegmentXY_FUN_005d64a0,005d64a0,shape/superopt.cpp,27,8,stack_param|badspacebase|pointer_cast|register_param|stack_ref,132
shape_superopt.cpp_COptimize_FUN_005d7190,005d7190,shape/superopt.cpp,5,2,stack_param,30
shape_superopt.cpp_CObj_transform_FUN_005d2c40,005d2c40,shape/superopt.cpp,82,10,badspacebase|pointer_cast|register_param,197
shape_superopt.cpp_CObj_setStateFlags_FUN_005d3440,005d3440,shape/superopt.cpp,32,0,,32
shape_superopt.cpp_CondCallDebugMallocUnknownString_FUN_005cbe20,005cbe20,shape/superopt.cpp,41,21,stack_param|pointer_cast,261
shape_superopt.cpp_FUN_005d85a0,005d85a0,shape/superopt.cpp,22,15,stack_param|unaffected_reg|badspacebase|pointer_cast|register_param,197
shape_superopt.cpp_FUN_005d86a0,005d86a0,shape/superopt.cpp,10,8,stack_param,95
shape_superopt.cpp_CObj_removeTJunctions_FUN_005d47b0,005d47b0,shape/superopt.cpp,501,121,stack_param|negative_offset|concat_artifact|unknown_field|badspacebase|pointer_cast|register_param,1746
shape_superopt.cpp_FUN_005c8b50,005c8b50,shape/superopt.cpp,139,18,stack_param|concat_artifact|unknown_field|badspacebase|pointer_cast|register_param,349
shape_superopt.cpp_BonesAndPointsCheck_FUN_005d7e00,005d7e00,shape/superopt.cpp,140,11,stack_param|pointer_cast,260
shape_superopt.cpp_CPoly_projectUVPlanar_FUN_005ce0a0,005ce0a0,shape/superopt.cpp,101,0,,101
shape_superopt.cpp_CObj_findPolygonIndex_FUN_005d3380,005d3380,shape/superopt.cpp,8,0,,8
shape_superopt.cpp_CObj_findCoplanarPolygon_FUN_005d5800,005d5800,shape/superopt.cpp,158,24,stack_param|unaffected_reg|badspacebase|pointer_cast|register_param|stack_ref,428
shape_superopt.cpp_FUN_005d83d0,005d83d0,shape/superopt.cpp,11,9,stack_param|unaffected_reg,111
shape_superopt.cpp_CObj_updatePolyFlagsFromVerts_FUN_005d36b0,005d36b0,shape/superopt.cpp,40,0,,40
shape_superopt.cpp_FUN_005cbf00,005cbf00,shape/superopt.cpp,5,2,stack_param,30
shape_superopt.cpp_CObj_allocateVertices_FUN_005d2500,005d2500,shape/superopt.cpp,18,0,,18
shape_superopt.cpp_FUN_005d82b0,005d82b0,shape/superopt.cpp,12,14,stack_param,157
shape_superopt.cpp_CObj_copyFrom_FUN_005d2650,005d2650,shape/superopt.cpp,45,10,stack_param|pointer_cast,155
shape_superopt.cpp_CPoly_getBounds_FUN_005ce3e0,005ce3e0,shape/superopt.cpp,73,30,pointer_cast,378
shape_superopt.cpp_CObj_setStateFlagIfCondition_FUN_005d34d0,005d34d0,shape/superopt.cpp,47,0,,47
shape_superopt.cpp_FUN_005d8520,005d8520,shape/superopt.cpp,22,15,stack_param|unaffected_reg|badspacebase|pointer_cast|register_param,197
shape_superopt.cpp_FUN_005d8390,005d8390,shape/superopt.cpp,13,9,stack_param|unaffected_reg,113
shape_superopt.cpp_EdgeListCheckPlusFreesLarge_FUN_005c84c0,005c84c0,shape/superopt.cpp,271,33,stack_param|sub_artifact|concat_artifact|badspacebase|pointer_cast|register_param,631
shape_superopt.cpp_CObj_dtor_FUN_005d2260,005d2260,shape/superopt.cpp,6,0,,6
shape_superopt.cpp_CPoly_restoreVertexPositions_FUN_005cd640,005cd640,shape/superopt.cpp,37,18,pointer_cast,222
shape_superopt.cpp_FUN_005cb3a0,005cb3a0,shape/superopt.cpp,247,82,stack_param|sub_artifact|concat_artifact|unknown_field|badspacebase|register_param,1097
shape_superopt.cpp_CObj_projectAllPlanarUVs_FUN_005d3e40,005d3e40,shape/superopt.cpp,18,1,pointer_cast,33
shape_superopt.cpp_areVectorsCollinear_FUN_005d66e0,005d66e0,shape/superopt.cpp,66,0,,66
shape_superopt.cpp_FUN_005cbf10,005cbf10,shape/superopt.cpp,5,2,stack_param,30
shape_superopt.cpp_CPoly_hasEdgeIntersection_FUN_005d1390,005d1390,shape/superopt.cpp,386,200,concat_artifact|unknown_field|badspacebase|pointer_cast|register_param,2411
shape_superopt.cpp_CPoly_clearVertexStateFlags_FUN_005cd3c0,005cd3c0,shape/superopt.cpp,12,0,,12
shape_superopt.cpp_FUN_005d8570,005d8570,shape/superopt.cpp,9,11,stack_param,124
shape_superopt.cpp_COptimize_FUN_005d7140,005d7140,shape/superopt.cpp,5,2,stack_param,30
shape_superopt.cpp_FUN_005c9aa0,005c9aa0,shape/superopt.cpp,392,105,stack_param|unknown_field|badspacebase|pointer_cast|register_param,1467
shape_superopt.cpp_FUN_005d8410,005d8410,shape/superopt.cpp,10,6,stack_param,75
shape_superopt.cpp_CObj_restoreVertexPositions_FUN_005d3860,005d3860,shape/superopt.cpp,22,1,pointer_cast,37
shape_superopt.cpp_FUN_005c9500,005c9500,shape/superopt.cpp,312,92,stack_param|concat_artifact|badspacebase|pointer_cast|register_param|stack_ref,1262
shape_superopt.cpp_FUN_005cbee0,005cbee0,shape/superopt.cpp,5,2,stack_param,30
shape_superopt.cpp_TriListSomething_FUN_005d77a0,005d77a0,shape/superopt.cpp,195,49,stack_param|unaffected_reg|unknown_field|badspacebase|pointer_cast|register_param|stack_ref,720
shape_superopt.cpp_CObj_saveVertexPositions_FUN_005d3760,005d3760,shape/superopt.cpp,22,1,pointer_cast,37
shape_superopt.cpp_CPoly_hasCentroidIntersection_FUN_005d1230,005d1230,shape/superopt.cpp,49,10,stack_param|badspacebase|register_param|stack_ref,169
shape_superopt.cpp_COptimize_FUN_005d71e0,005d71e0,shape/superopt.cpp,31,8,stack_param,116
shape_superopt.cpp_FUN_005d82e0,005d82e0,shape/superopt.cpp,7,8,stack_param,92
shape_superopt.cpp_CObj_flipAllPolyNormals_FUN_005d3db0,005d3db0,shape/superopt.cpp,15,0,,15
shape_superopt.cpp_FUN_005d8200,005d8200,shape/superopt.cpp,7,7,stack_param,82
shape_superopt.cpp_CPoly_intersectPoly_FUN_005ce580,005ce580,shape/superopt.cpp,922,257,stack_param|sub_artifact|concat_artifact|unaffected_reg|unknown_field|badspacebase|pointer_cast|register_param|stack_ref,3537
shape_superopt.cpp_projectPointOntoPlane_FUN_005d63d0,005d63d0,shape/superopt.cpp,43,9,sub_artifact|unaffected_reg|badspacebase|pointer_cast|register_param|stack_ref,163
shape_superopt.cpp_CPoly_saveVertexPositions_FUN_005cd4b0,005cd4b0,shape/superopt.cpp,37,18,pointer_cast,222
shape_superopt.cpp_FUN_005d81c0,005d81c0,shape/superopt.cpp,12,13,stack_param,147
shape_superopt.cpp_CPoly_flipNormal_FUN_005cdfe0,005cdfe0,shape/superopt.cpp,29,8,pointer_cast,114
shape_superopt.cpp_FUN_005cbec0,005cbec0,shape/superopt.cpp,7,5,stack_param,62
shape_superopt.cpp_CObj_findAndRemovePolygonsUsingVertex_FUN_005d30c0,005d30c0,shape/superopt.cpp,12,0,,12
shape_superopt.cpp_CPoly_containsPoint2D_FUN_005d0340,005d0340,shape/superopt.cpp,338,186,sub_artifact|unknown_field|badspacebase|pointer_cast|register_param,2223
shape_superopt.cpp_FUN_005c9340,005c9340,shape/superopt.cpp,105,33,stack_param|badspacebase|pointer_cast|register_param,455
shape_superopt.cpp_CObj_setStateFlagFromAttrib_FUN_005d3590,005d3590,shape/superopt.cpp,20,0,,20
shape_superopt.cpp_FUN_005c8160,005c8160,shape/superopt.cpp,53,13,stack_param|unaffected_reg,193
shape_superopt.cpp_CObj_removeVerticesByFlag_FUN_005d3280,005d3280,shape/superopt.cpp,25,0,,25
shape_superopt.cpp_CPoly_translate_FUN_005cc720,005cc720,shape/superopt.cpp,19,0,,19
shape_superopt.cpp_COptimize_FUN_005d7290,005d7290,shape/superopt.cpp,31,0,,31
shape_superopt.cpp_COptimize_FUN_005d76e0,005d76e0,shape/superopt.cpp,23,7,stack_param,98
shape_superopt.cpp_FUN_005c8280,005c8280,shape/superopt.cpp,109,22,stack_param|pointer_cast,339
shape_superopt.cpp_FUN_005d8350,005d8350,shape/superopt.cpp,13,9,stack_param|unaffected_reg,113
shape_superopt.cpp_CObj_removeVertex_FUN_005d3140,005d3140,shape/superopt.cpp,51,6,pointer_cast,116
shape_superopt.cpp_CObj_isValid_FUN_005d22b0,005d22b0,shape/superopt.cpp,7,0,,7
shape_superopt.cpp_CObj_isClosedManifold_FUN_005d4070,005d4070,shape/superopt.cpp,30,1,pointer_cast,45
shape_superopt.cpp_FUN_005c79f0,005c79f0,shape/superopt.cpp,31,15,stack_param,186
shape_superopt.cpp_FUN_005d85f0,005d85f0,shape/superopt.cpp,22,15,stack_param|unaffected_reg|badspacebase|pointer_cast|register_param,197
shape_superopt.cpp_COptimize_FUN_005d7690,005d7690,shape/superopt.cpp,17,0,,17
shape_superopt.cpp_CVec_copy_FUN_005d8160,005d8160,shape/superopt.cpp,10,6,pointer_cast,75
shape_superopt.cpp_FUN_005d8630,005d8630,shape/superopt.cpp,22,15,stack_param|unaffected_reg|badspacebase|pointer_cast|register_param,197
shape_superopt.cpp_FUN_005d7750,005d7750,shape/superopt.cpp,20,2,stack_param,45
shape_superopt.cpp_CPoly_hasSeamlessEdge_FUN_005d0ee0,005d0ee0,shape/superopt.cpp,78,0,,78
shape_superopt.cpp_COptimize_FUN_005d7350,005d7350,shape/superopt.cpp,54,4,pointer_cast,99
shape_superopt.cpp_CPoly_setVertexStateFlagToAttrib_FUN_005cd410,005cd410,shape/superopt.cpp,29,0,,29
shape_superopt.cpp_CPoly_computePlaneDistance_FUN_005d1fa0,005d1fa0,shape/superopt.cpp,11,6,stack_param,76
shape_superopt.cpp_COptimize_FUN_005d7460,005d7460,shape/superopt.cpp,81,14,stack_param,226
shape_superopt.cpp_CObj_setPolyMaterialIdsWithFlag_FUN_005d3f10,005d3f10,shape/superopt.cpp,24,0,,24
shape_superopt.cpp_CPoly_computeNormal_FUN_005cd7d0,005cd7d0,shape/superopt.cpp,211,18,concat_artifact|unknown_field|badspacebase|pointer_cast|register_param,416
shape_superopt.cpp_CObj_removePolygonsAtVertex_FUN_005d3050,005d3050,shape/superopt.cpp,38,0,,38
shape_superopt.cpp_CObj_transformMasked_FUN_005d2dd0,005d2dd0,shape/superopt.cpp,85,10,badspacebase|pointer_cast|register_param,200
shape_superopt.cpp_CPoly_setVertexStateFlagFromAttrib_FUN_005cd350,005cd350,shape/superopt.cpp,21,0,,21
shape_superopt.cpp_CObj_clearStateFlags_FUN_005d35e0,005d35e0,shape/superopt.cpp,26,0,,26
shape_superopt.cpp_COptimize_FUN_005d7000,005d7000,shape/superopt.cpp,30,0,,30
shape_superopt.cpp_CObj_removeInvalidPolygons_FUN_005d46f0,005d46f0,shape/superopt.cpp,34,3,badspacebase|register_param|stack_ref,79
shape_superopt.cpp_CObj_removePolygon_FUN_005d2f50,005d2f50,shape/superopt.cpp,27,0,,27
shape_superopt.cpp_FUN_005d8330,005d8330,shape/superopt.cpp,10,10,stack_param,115
shape_superopt.cpp_CP2D_dtor_FUN_005d87c0,005d87c0,shape/superopt.cpp,4,0,,4
shape_superopt.cpp_FUN_005cbef0,005cbef0,shape/superopt.cpp,5,2,stack_param,30
shape_superopt.cpp_FUN_005c7a90,005c7a90,shape/superopt.cpp,31,27,stack_param,306
shape_superopt.cpp_FUN_005c8e70,005c8e70,shape/superopt.cpp,91,12,stack_param|concat_artifact|unknown_field|badspacebase|pointer_cast|register_param,241
shape_superopt.cpp_CVec_dtor_FUN_005d8150,005d8150,shape/superopt.cpp,4,0,,4
shape_superopt.cpp_CPoly_scale_FUN_005cc7c0,005cc7c0,shape/superopt.cpp,223,38,concat_artifact|badspacebase|pointer_cast|register_param,623
shape_superopt.cpp_FUN_005cbf20,005cbf20,shape/superopt.cpp,32,9,stack_param,127
shape_superopt.cpp_CPoly_hasSharedEdge_FUN_005d0e20,005d0e20,shape/superopt.cpp,20,0,,20
shape_superopt.cpp_CPoly_dtor_FUN_005cc660,005cc660,shape/superopt.cpp,5,0,,5
shape_superopt.cpp_CObj_saveVertexPositionsWithFlag_FUN_005d37b0,005d37b0,shape/superopt.cpp,45,2,pointer_cast,70
shape_superopt.cpp_CVec_ctor_FUN_005d8140,005d8140,shape/superopt.cpp,4,0,,4
shape_superopt.cpp_CPoly_init_FUN_005cc670,005cc670,shape/superopt.cpp,8,0,,8
shape_superopt.cpp_CObj_init_FUN_005d22d0,005d22d0,shape/superopt.cpp,21,6,stack_param,86
shape_superopt.cpp_FUN_005d84d0,005d84d0,shape/superopt.cpp,22,15,stack_param|unaffected_reg|badspacebase|pointer_cast|register_param,197
shape_superopt.cpp_CObj_setStateFlagToAttrib_FUN_005d3650,005d3650,shape/superopt.cpp,23,0,,23
shape_superopt.cpp_FUN_005d84a0,005d84a0,shape/superopt.cpp,12,14,stack_param,157
shape_superopt.cpp_COptimize_dtor_FUN_005d6fd0,005d6fd0,shape/superopt.cpp,8,0,,8
shape_superopt.cpp_CObj_computeCoplanarAdjacency_FUN_005d3960,005d3960,shape/superopt.cpp,153,4,pointer_cast,198
shape_superopt.cpp_rayPlaneIntersect_FUN_005d6500,005d6500,shape/superopt.cpp,21,4,stack_param,66
shape_superopt.cpp_CPoly_hasColinearEdge_FUN_005d12d0,005d12d0,shape/superopt.cpp,21,0,,21
shape_superopt.cpp_CPoly_setVertexStateFlags_FUN_005cd220,005cd220,shape/superopt.cpp,24,0,,24
shape_superopt.cpp_isPointOnLineSegment_FUN_005d6c10,005d6c10,shape/superopt.cpp,131,34,concat_artifact|unknown_field|badspacebase|pointer_cast|register_param,496
shape_superopt.cpp_CPoly_setVertexAttribFlags_FUN_005cd120,005cd120,shape/superopt.cpp,20,0,,20
shape_superopt.cpp_CObj_setAllPolyMaterialIds_FUN_005d3ed0,005d3ed0,shape/superopt.cpp,18,1,pointer_cast,33
shape_superopt.cpp_ComplexEdgeListSplit_UnevenCheck_FUN_005ca590,005ca590,shape/superopt.cpp,500,76,stack_param|sub_artifact|concat_artifact|badspacebase|pointer_cast|register_param,1290
shape_superopt.cpp_COptimize_FUN_005d71d0,005d71d0,shape/superopt.cpp,4,0,,4
shape_superopt.cpp_CObj_getVertex_FUN_005d3320,005d3320,shape/superopt.cpp,7,0,,7
shape_superopt.cpp_FUN_005c9100,005c9100,shape/superopt.cpp,48,6,stack_param,113
shape_superopt.cpp_FUN_005d8310,005d8310,shape/superopt.cpp,13,13,stack_param,148
shape_superopt.cpp_FUN_005d8190,005d8190,shape/superopt.cpp,12,14,stack_param,157
shape_superopt.cpp_CP2D_ctor_FUN_005d8130,005d8130,shape/superopt.cpp,4,0,,4
shape_superopt.cpp_FUN_005c7b20,005c7b20,shape/superopt.cpp,110,13,stack_param,245
shape_superopt.cpp_FUN_005c7fb0,005c7fb0,shape/superopt.cpp,71,48,stack_param|concat_artifact|unknown_field|badspacebase|pointer_cast|register_param,581
shape_superopt.cpp_CObj_allocatePolygons_FUN_005d2320,005d2320,shape/superopt.cpp,49,5,badspacebase|pointer_cast|register_param,114
shape_superopt.cpp_CObj_translateMasked_FUN_005d28d0,005d28d0,shape/superopt.cpp,30,0,,30
shape_superopt.cpp_CObj_scaleMasked_FUN_005d2ac0,005d2ac0,shape/superopt.cpp,91,16,concat_artifact|badspacebase|pointer_cast|register_param,271
shape_superopt.cpp_CObj_projectPlanarUVsWithFlag_FUN_005d3e80,005d3e80,shape/superopt.cpp,24,0,,24
shape_superopt.cpp_FUN_005c79a0,005c79a0,shape/superopt.cpp,11,7,stack_param,86
shape_superopt.cpp_FUN_005cbf90,005cbf90,shape/superopt.cpp,245,100,stack_param|sub_artifact|concat_artifact|unknown_field|badspacebase|register_param,1275
shape_superopt.cpp_COptimize_FUN_005d70d0,005d70d0,shape/superopt.cpp,8,5,stack_param|pointer_cast,68
shape_superopt.cpp_FUN_005d8470,005d8470,shape/superopt.cpp,12,14,stack_param,157
shape_superopt.cpp_FUN_005d8270,005d8270,shape/superopt.cpp,13,19,stack_param,208
shape_superopt.cpp_CObj_appendTo_FUN_005d2720,005d2720,shape/superopt.cpp,51,19,stack_param|unaffected_reg|pointer_cast,256
shape_superopt.cpp_closestPointOnSegment3D_FUN_005d6020,005d6020,shape/superopt.cpp,174,42,sub_artifact|concat_artifact|unaffected_reg|unknown_field|badspacebase|pointer_cast|register_param,629
shape_superopt.cpp_FUN_005cbb40,005cbb40,shape/superopt.cpp,98,32,stack_param|concat_artifact|unknown_field|badspacebase|pointer_cast|register_param,448
shape_superopt.cpp_CP3D_ctor_FUN_005d8120,005d8120,shape/superopt.cpp,4,0,,4
shape_superopt.cpp_COptimize_FUN_005d70f0,005d70f0,shape/superopt.cpp,5,2,stack_param,30
shape_superopt.cpp_CObj_removePolygonsByFlag_FUN_005d30f0,005d30f0,shape/superopt.cpp,21,0,,21
shape_superopt.cpp_CPoly_getCentroid_FUN_005d0d30,005d0d30,shape/superopt.cpp,63,11,unaffected_reg|badspacebase|pointer_cast|register_param,193
shape_superopt.cpp_CPoly_toggleVertexAttribFlags_FUN_005cd1a0,005cd1a0,shape/superopt.cpp,19,0,,19
shape_superopt.cpp_CObj_containsPolygon_FUN_005d3400,005d3400,shape/superopt.cpp,8,0,,8
shape_superopt.cpp_logToFile_FUN_005c7910,005c7910,shape/superopt.cpp,19,5,stack_param|badspacebase|register_param|stack_ref,89
shape_superopt.cpp_FUN_005d8440,005d8440,shape/superopt.cpp,17,19,stack_param,212
shape_superopt.cpp_CPoly_isValid_FUN_005d1ff0,005d1ff0,shape/superopt.cpp,90,12,sub_artifact|unknown_field|badspacebase|pointer_cast|register_param,235
shape_superopt.cpp_CPoly_saveVertexPositionsWithFlag_FUN_005cd560,005cd560,shape/superopt.cpp,45,18,pointer_cast,230
shape_superopt.cpp_CPoly_allVerticesHaveAttribFlags_FUN_005cd0b0,005cd0b0,shape/superopt.cpp,12,0,,12
shape_superopt.cpp_CObj_removeUnusedVertices_FUN_005d44d0,005d44d0,shape/superopt.cpp,106,25,unaffected_reg|badspacebase|pointer_cast|register_param|stack_ref,381
shape_superopt.cpp_FUN_005c7dc0,005c7dc0,shape/superopt.cpp,71,34,stack_param|unaffected_reg|pointer_cast,426
shape_superopt.cpp_FUN_005d8710,005d8710,shape/superopt.cpp,29,48,stack_param,514
shape_superopt.cpp_CPoly_copyFrom_FUN_005cc6a0,005cc6a0,shape/superopt.cpp,42,12,pointer_cast,167
shape_superopt.cpp_CObj_weldVertices_FUN_005d4160,005d4160,shape/superopt.cpp,130,34,stack_param|concat_artifact|unaffected_reg|badspacebase|pointer_cast|register_param,500
shape_superopt.cpp_FUN_005d8670,005d8670,shape/superopt.cpp,10,8,stack_param,95
shape_superopt.cpp_CPoly_setVertexStateFlagIfCondition_FUN_005cd2b0,005cd2b0,shape/superopt.cpp,29,0,,29
shape_superopt.cpp_CObj_translate_FUN_005d2880,005d2880,shape/superopt.cpp,21,0,,21
shape_superopt.cpp_CPoly_rayPlaneIntersect_FUN_005d0ce0,005d0ce0,shape/superopt.cpp,13,6,stack_param,78
shape_superopt.cpp_FUN_005d86d0,005d86d0,shape/superopt.cpp,11,14,stack_param,156
shape_superopt.cpp_COptimize_FUN_005d7170,005d7170,shape/superopt.cpp,8,5,stack_param|pointer_cast,68
shape_superopt.cpp_CPoly_restoreVertexPositionsWithFlag_FUN_005cd6f0,005cd6f0,shape/superopt.cpp,45,18,pointer_cast,230
shape_superopt.cpp_getSignedTriangleArea2D_FUN_005d6640,005d6640,shape/superopt.cpp,17,5,stack_param,72
shape_superopt.cpp_CObj_flipPolyNormalsWithFlag_FUN_005d3df0,005d3df0,shape/superopt.cpp,23,0,,23
shape_superopt.cpp_CPoly_transform_FUN_005ccc30,005ccc30,shape/superopt.cpp,180,26,badspacebase|pointer_cast|register_param,455
shape_superopt.cpp_FUN_005c79d0,005c79d0,shape/superopt.cpp,6,2,stack_param,31
shape_superopt.cpp_CObj_addPolygons_FUN_005d2410,005d2410,shape/superopt.cpp,43,5,badspacebase|pointer_cast|register_param,108
shape_superopt.cpp_CObj_addVertices_FUN_005d2580,005d2580,shape/superopt.cpp,15,0,,15
shape_superopt.cpp_COptimize_FUN_005d71c0,005d71c0,shape/superopt.cpp,6,2,stack_param,31
shape_superopt.cpp_CPoly_ctor_FUN_005cc620,005cc620,shape/superopt.cpp,10,4,stack_param|pointer_cast,60
shape_superopt.cpp_segmentIntersectsPolygon2D_FUN_005d5de0,005d5de0,shape/superopt.cpp,30,0,,30
shape_superopt.cpp_segmentsIntersect2D_FUN_005d5bb0,005d5bb0,shape/superopt.cpp,50,0,,50
shape_superopt.cpp_CObj_findAndRemovePolygon_FUN_005d3020,005d3020,shape/superopt.cpp,12,0,,12
shape_superopt.cpp_CObj_scale_FUN_005d2940,005d2940,shape/superopt.cpp,92,13,badspacebase|pointer_cast|register_param,237
shape_superopt.cpp_CObj_reset_FUN_005d2280,005d2280,shape/superopt.cpp,10,0,,10
shape_superopt.cpp_CObj_getPolygon_FUN_005d33d0,005d33d0,shape/superopt.cpp,7,0,,7
shape_superopt.cpp_CObj_ctor_FUN_005d2230,005d2230,shape/superopt.cpp,9,4,stack_param,54
shape_superopt.cpp_FUN_005c91e0,005c91e0,shape/superopt.cpp,59,13,stack_param,194
shape_superopt.cpp_FUN_005d8230,005d8230,shape/superopt.cpp,13,19,stack_param,208
shape_superopt.cpp_CObj_findVertexIndex_FUN_005d32e0,005d32e0,shape/superopt.cpp,10,2,stack_param,35
shape_superopt.cpp_CPoly_rayIntersect_FUN_005d0010,005d0010,shape/superopt.cpp,111,10,badspacebase|pointer_cast|register_param,226
shape_superopt.cpp_CObj_free_FUN_005d2600,005d2600,shape/superopt.cpp,14,0,,14
shape_superopt.cpp_CObj_containsVertex_FUN_005d3350,005d3350,shape/superopt.cpp,8,0,,8
shape_superopt.cpp_CObj_findAndRemoveVertex_FUN_005d3250,005d3250,shape/superopt.cpp,12,0,,12
shape_superopt.cpp_CPoly_setMaterialId_FUN_005ce3c0,005ce3c0,shape/superopt.cpp,5,0,,5
shape_superopt.cpp_COptimize_FUN_005d7120,005d7120,shape/superopt.cpp,8,5,stack_param|pointer_cast,68
shape_superopt.cpp_CP3D_dtor_FUN_005d87d0,005d87d0,shape/superopt.cpp,4,0,,4
shape_superopt.cpp_CObj_computeBoundingBox_FUN_005d3f60,005d3f60,shape/superopt.cpp,54,24,pointer_cast,299
shape_superopt.cpp_COptimize_ctor_FUN_005d6f90,005d6f90,shape/superopt.cpp,10,0,,10
shape_superopt.cpp_CPoly_getMaterialId_FUN_005ce3d0,005ce3d0,shape/superopt.cpp,4,0,,4
shape_superopt.cpp_pointInPolygon2D_FUN_005d5e60,005d5e60,shape/superopt.cpp,80,18,sub_artifact|concat_artifact|pointer_cast,275
shape_superopt.cpp_CObj_restoreVertexPositionsWithFlag_FUN_005d38b0,005d38b0,shape/superopt.cpp,45,2,pointer_cast,70
shape_superopt.cpp_CObj_hasPolyWithMaterial_FUN_005d4110,005d4110,shape/superopt.cpp,20,1,pointer_cast,35
shape_quantize.cpp_returnParameter_FUN_00556d60,00556d60,shape/quantize.cpp,4,0,,4
shape_quantize.cpp_CColorQuantizer_reset_FUN_00554d40,00554d40,shape/quantize.cpp,47,0,,47
shape_quantize.cpp_getAbsoluteValue_FUN_00556df0,00556df0,shape/quantize.cpp,7,0,,7
shape_quantize.cpp_CColorQuantizer_applyQuantization_FUN_00556180,00556180,shape/quantize.cpp,120,4,pointer_cast,165
shape_quantize.cpp_CBitmap_getWidth_FUN_00556d90,00556d90,shape/quantize.cpp,4,0,,4
shape_quantize.cpp_showError_FUN_00556ce0,00556ce0,shape/quantize.cpp,7,0,,7
shape_quantize.cpp_copyString_FUN_00556d70,00556d70,shape/quantize.cpp,5,0,,5
shape_quantize.cpp_CBitmap_dtor_FUN_00556c20,00556c20,shape/quantize.cpp,20,0,,20
shape_quantize.cpp_freeMemory_FUN_00556d40,00556d40,shape/quantize.cpp,5,0,,5
shape_quantize.cpp_CBitmap_getBytesPerRow_FUN_00556db0,00556db0,shape/quantize.cpp,4,0,,4
shape_quantize.cpp_reallocMemory_FUN_00556d20,00556d20,shape/quantize.cpp,5,0,,5
shape_quantize.cpp_CColorQuantizer_quantize_FUN_00554cc0,00554cc0,shape/quantize.cpp,20,0,,20
shape_quantize.cpp_CColorQuantizer_getPixelSortKey_FUN_00554ff0,00554ff0,shape/quantize.cpp,25,6,unknown_field,90
shape_quantize.cpp_CColorQuantizer_splitBox_FUN_00554e70,00554e70,shape/quantize.cpp,52,8,stack_param|pointer_cast,142
shape_quantize.cpp_CColorQuantizer_computeBoxStatistics_FUN_00555090,00555090,shape/quantize.cpp,121,20,concat_artifact|unknown_field|extra_output|pointer_cast,341
shape_quantize.cpp_CColorQuantizer_ctor_FUN_00554900,00554900,shape/quantize.cpp,10,5,stack_param,65
shape_quantize.cpp_CColorQuantizer_dtor_FUN_00554940,00554940,shape/quantize.cpp,38,0,,38
shape_quantize.cpp_CColorQuantizer_mapScanlineToPalette_FUN_005556f0,005556f0,shape/quantize.cpp,119,3,unaffected_reg,154
shape_quantize.cpp_CBitmap_getRowTable_FUN_00556dd0,00556dd0,shape/quantize.cpp,4,0,,4
shape_quantize.cpp_CBitmap_getHeight_FUN_00556da0,00556da0,shape/quantize.cpp,4,0,,4
shape_quantize.cpp_doNothing_FUN_00556d10,00556d10,shape/quantize.cpp,4,0,,4
shape_quantize.cpp_CColorQuantizer_quantizeBitmaps_FUN_005563d0,005563d0,shape/quantize.cpp,40,10,stack_param,145
shape_quantize.cpp_CColorQuantizer_errorDiffusionBuffers_FUN_00555500,00555500,shape/quantize.cpp,71,0,,71
shape_quantize.cpp_CBitmap_getBitDepth_FUN_00556dc0,00556dc0,shape/quantize.cpp,4,0,,4
shape_quantize.cpp_CColorQuantizer_importBitmap_FUN_00554a50,00554a50,shape/quantize.cpp,101,11,extra_output|pointer_cast,221
shape_quantize.cpp_CBitmap_ctor_FUN_00556a00,00556a00,shape/quantize.cpp,89,22,stack_param|badspacebase|pointer_cast|register_param|stack_ref,334
shape_quantize.cpp_quantizeRawPixelData_FUN_00556490,00556490,shape/quantize.cpp,172,54,stack_param|unaffected_reg|extra_output|badspacebase|pointer_cast|register_param|stack_ref,747
shape_quantize.cpp_displayProgressBar_FUN_005568f0,005568f0,shape/quantize.cpp,51,10,stack_param|badspacebase|register_param|stack_ref,171
shape_quantize.cpp_CColorQuantizer_quantizeBitmap_FUN_00556470,00556470,shape/quantize.cpp,7,0,,7
shape_quantize.cpp_CColorQuantizer_generateSortedPalette_FUN_00555ff0,00555ff0,shape/quantize.cpp,111,13,extra_output,246
shape_quantize.cpp_CColorQuantizer_reduceColors_FUN_00555a40,00555a40,shape/quantize.cpp,191,23,unknown_field|pointer_cast,431
shape_quantize.cpp_CBitmap_getPalette_FUN_00556de0,00556de0,shape/quantize.cpp,4,0,,4
shape_quantize.cpp_showError_FUN_00556cb0,00556cb0,shape/quantize.cpp,7,0,,7
shape_cramtex.cpp_findRightmostOverlappingX_FUN_004479a0,004479a0,shape/cramtex.cpp,24,0,,24
shape_cramtex.cpp_findLeftmostOverlappingX_FUN_00447a10,00447a10,shape/cramtex.cpp,23,0,,23
shape_cramtex.cpp_findHighestOverlappingY_FUN_004478c0,004478c0,shape/cramtex.cpp,24,0,,24
shape_cramtex.cpp_renderAllTexturesAndRectangles_FUN_00447ab0,00447ab0,shape/cramtex.cpp,54,11,stack_param,169
shape_cramtex.cpp_qsortRectanglesByActiveFlag_FUN_00446140,00446140,shape/cramtex.cpp,7,0,,7
shape_cramtex.cpp_findLowestOverlappingY_FUN_00447930,00447930,shape/cramtex.cpp,23,0,,23
shape_cramtex.cpp_printAtlasLayoutReport_FUN_004481d0,004481d0,shape/cramtex.cpp,39,0,,39
shape_cramtex.cpp_mapCoordinateToAtlas_FUN_00447a80,00447a80,shape/cramtex.cpp,6,0,,6
shape_cramtex.cpp_qsortByLargestDimension_FUN_004457f0,004457f0,shape/cramtex.cpp,14,0,,14
shape_cramtex.cpp_generateTextureAtlas_FUN_00445820,00445820,shape/cramtex.cpp,361,22,stack_param|pointer_cast,591
shape_cramtex.cpp_addTextureEntry_FUN_00446100,00446100,shape/cramtex.cpp,12,0,,12
shape_cramtex.cpp_placementCollisionCheck_FUN_00448260,00448260,shape/cramtex.cpp,60,3,pointer_cast,95
shape_cramtex.cpp_visualizeTextureAtlas_FUN_00447f20,00447f20,shape/cramtex.cpp,104,6,stack_param|badspacebase|register_param|stack_ref,184
shape_cramtex.cpp_renderTextureEntry_FUN_00447c20,00447c20,shape/cramtex.cpp,72,11,stack_param|unaffected_reg,192
shape_cramtex.cpp_generateTextureAtlasLayout_FUN_00444d90,00444d90,shape/cramtex.cpp,428,30,stack_param|pointer_cast,738
shape_cramtex.cpp_setupTextureForPlacement_FUN_004483e0,004483e0,shape/cramtex.cpp,22,0,,22
shape_cramtex.cpp_checkTextureCollision_FUN_00448390,00448390,shape/cramtex.cpp,13,0,,13
shape_cramtex.cpp_runInteractiveAtlasGeneration_FUN_00446160,00446160,shape/cramtex.cpp,860,26,undefined_type|stack_param|concat_artifact|pointer_cast,1140
shape_cramtex.cpp_maxInt_FUN_00448440,00448440,shape/cramtex.cpp,8,0,,8
shape_cramtex.cpp_calculateAtlasEfficiency_FUN_00447e80,00447e80,shape/cramtex.cpp,22,1,concat_artifact,37
shape_cramtex.cpp_performGapFillingOptimization_FUN_00447590,00447590,shape/cramtex.cpp,147,24,stack_param|unaffected_reg|pointer_cast,402
shape_design.c_translateAllVerticesAlongAxis_FUN_0045ec90,0045ec90,shape/design.c,75,9,stack_param|badspacebase|register_param|stack_ref,185
shape_design.c_configureFullPassPolygonReduction_FUN_00465810,00465810,shape/design.c,45,10,stack_param|badspacebase|register_param|stack_ref,165
shape_design.c_getAtlasMapIndex_FUN_0046e030,0046e030,shape/design.c,4,0,,4
shape_design.c_renderSinglePolygonWithColorOverlay_FUN_0045d1d0,0045d1d0,shape/design.c,37,2,badspacebase|register_param,67
shape_design.c_parseSpatialTreeFromFile_FUN_004580a0,004580a0,shape/design.c,43,5,extra_output|badspacebase|register_param|stack_ref,113
shape_design.c_showModelPartsList_FUN_0045dbe0,0045dbe0,shape/design.c,23,4,badspacebase|register_param|stack_ref,78
shape_design.c_selectVertexToMove_FUN_0045c530,0045c530,shape/design.c,29,5,badspacebase|register_param|stack_ref,94
shape_design.c_renderVertexPointsWithLabels_FUN_0045bff0,0045bff0,shape/design.c,75,4,badspacebase|register_param|stack_ref,130
shape_design.c_saveCurrentModel_FUN_00459de0,00459de0,shape/design.c,61,7,badspacebase|register_param|stack_ref,146
shape_design.c_deletePolygonRange_FUN_0045dd70,0045dd70,shape/design.c,50,7,badspacebase|pointer_cast|register_param|stack_ref,140
shape_design.c_interactiveGlobalWeld_FUN_00466040,00466040,shape/design.c,55,5,badspacebase|register_param|stack_ref,120
shape_design.c_initializeTextureManager_FUN_0046a880,0046a880,shape/design.c,11,0,,11
shape_design.c_showFacetPartEditor_FUN_0045f1d0,0045f1d0,shape/design.c,530,60,sub_artifact|badspacebase|pointer_cast|register_param|stack_ref,1155
shape_design.c_findTextureByFilename_FUN_0046dfc0,0046dfc0,shape/design.c,16,0,,16
shape_design.c_loadTextureData_FUN_0046b060,0046b060,shape/design.c,163,16,stack_param|sub_artifact|concat_artifact|badspacebase|pointer_cast|register_param|stack_ref,358
shape_design.c_generateGlobe_FUN_00468910,00468910,shape/design.c,88,12,stack_param|badspacebase|register_param|stack_ref,228
shape_design.c_loadModelBinary_FUN_00458170,00458170,shape/design.c,246,15,stack_param|badspacebase|register_param|stack_ref,416
shape_design.c_writeSpatialTree_FUN_0045a200,0045a200,shape/design.c,36,0,,36
shape_design.c_exportModelToBIN_FUN_0045aa80,0045aa80,shape/design.c,445,3,concat_artifact|badspacebase|register_param,490
shape_design.c_clearAllTextureNames_FUN_0046e6b0,0046e6b0,shape/design.c,8,0,,8
shape_design.c_removeDuplicatePolygons_FUN_004651b0,004651b0,shape/design.c,52,0,,52
shape_design.c_centerVerticesAroundPoint_FUN_0045ea90,0045ea90,shape/design.c,83,9,stack_param|badspacebase|register_param|stack_ref,193
shape_design.c_promptForModelNameAndLoad_FUN_00458a10,00458a10,shape/design.c,61,7,badspacebase|register_param|stack_ref,146
shape_design.c_checkNonFFBytes_FUN_0046ac70,0046ac70,shape/design.c,13,0,,13
shape_design.c_showShapeEditorMenu_FUN_0046f290,0046f290,shape/design.c,171,4,badspacebase|register_param|stack_ref,226
shape_design.c_initializeCramConfig_FUN_0046b6e0,0046b6e0,shape/design.c,15,0,,15
shape_design.c_fixupCramUV_FUN_0046e090,0046e090,shape/design.c,62,4,badspacebase|register_param|stack_ref,117
shape_design.c_weldNearbyVertices_FUN_00465c50,00465c50,shape/design.c,21,0,,21
shape_design.c_scaleModel_FUN_00467e70,00467e70,shape/design.c,37,4,stack_param|badspacebase|register_param,92
shape_design.c_exportModelToMDL_FUN_00459e80,00459e80,shape/design.c,66,5,sub_artifact|badspacebase|register_param|stack_ref,136
shape_design.c_sizeModelToZFeet_FUN_00466c70,00466c70,shape/design.c,68,5,badspacebase|register_param|stack_ref,133
shape_design.c_addVertexFromSphericalCoords_FUN_004686e0,004686e0,shape/design.c,27,0,,27
shape_design.c_swapFloats_FUN_00462160,00462160,shape/design.c,8,0,,8
shape_design.c_findVertexMatches_FUN_00461ae0,00461ae0,shape/design.c,18,0,,18
shape_design.c_showPolygonDetailsList_FUN_0045d9c0,0045d9c0,shape/design.c,108,7,badspacebase|register_param|stack_ref,193
shape_design.c_calculateAngleBetweenPolygonNormals_FUN_00461cb0,00461cb0,shape/design.c,18,7,stack_param|concat_artifact,98
shape_design.c_applyVertexCentering_FUN_004680f0,004680f0,shape/design.c,30,7,badspacebase|pointer_cast|register_param|stack_ref,120
shape_design.c_skipLines_FUN_00459360,00459360,shape/design.c,16,0,,16
shape_design.c_renderSinglePolygon_FUN_0045ce20,0045ce20,shape/design.c,109,4,badspacebase|register_param|stack_ref,164
shape_design.c_exportVertexListFile_FUN_0045a610,0045a610,shape/design.c,43,0,,43
shape_design.c_createBoxPrimitive_FUN_0045e520,0045e520,shape/design.c,40,5,badspacebase|register_param|stack_ref,105
shape_design.c_quantizePaletteColors_FUN_0046b770,0046b770,shape/design.c,67,0,,67
shape_design.c_sizeModelToXFeet_FUN_00466e40,00466e40,shape/design.c,68,5,badspacebase|register_param|stack_ref,133
shape_design.c_addVertexFromSphericalCoordsOctant_FUN_00469140,00469140,shape/design.c,26,0,,26
shape_design.c_removeDegenerateTriangles_FUN_00463a20,00463a20,shape/design.c,45,0,,45
shape_design.c_polygonReducer_FUN_004654e0,004654e0,shape/design.c,34,5,badspacebase|register_param|stack_ref,99
shape_design.c_processVerticesAndRenderPolygons_FUN_0045d5d0,0045d5d0,shape/design.c,85,2,badspacebase|register_param,115
shape_design.c_simpleTexture_FUN_00467350,00467350,shape/design.c,108,2,badspacebase|register_param,138
shape_design.c_swapDWords_FUN_00462130,00462130,shape/design.c,8,0,,8
shape_design.c_readPixelRowFromFile_FUN_0046abf0,0046abf0,shape/design.c,26,0,,26
shape_design.c_scaleXYZ_FUN_00467f30,00467f30,shape/design.c,34,5,badspacebase|register_param|stack_ref,99
shape_design.c_embedCopyrightWatermark_FUN_0046b9a0,0046b9a0,shape/design.c,54,7,badspacebase|pointer_cast|register_param|stack_ref,144
shape_design.c_sortPolygonsByTexture_FUN_0045b8b0,0045b8b0,shape/design.c,43,6,badspacebase|pointer_cast|register_param,118
shape_design.c_isAngleBelowThreshold_FUN_00461d30,00461d30,shape/design.c,12,2,stack_param,37
shape_design.c_renderPolygonVerticesWithLabels_FUN_0045c2f0,0045c2f0,shape/design.c,54,4,badspacebase|register_param|stack_ref,109
shape_design.c_calculatePolygonAngularArea_FUN_00461ee0,00461ee0,shape/design.c,80,6,sub_artifact|concat_artifact|badspacebase|register_param|stack_ref,165
shape_design.c_addQuadPolygonHalfSphere_FUN_00468d20,00468d20,shape/design.c,47,0,,47
shape_design.c_samplePixelAndAccumulate_FUN_0046ad00,0046ad00,shape/design.c,18,4,pointer_cast,63
shape_design.c_cramTextures_FUN_0046a970,0046a970,shape/design.c,114,2,badspacebase|register_param,144
shape_design.c_showPointEditor_FUN_0045c6c0,0045c6c0,shape/design.c,84,16,badspacebase|register_param|stack_ref,259
shape_design.c_sizeModelToYFeet_FUN_00467010,00467010,shape/design.c,68,5,badspacebase|register_param|stack_ref,133
shape_design.c_traverseSpatialTree_FUN_004616f0,004616f0,shape/design.c,20,0,,20
shape_design.c_detectMouseButtonClick_FUN_00464870,00464870,shape/design.c,12,0,,12
shape_design.c_crushModel_FUN_00469bd0,00469bd0,shape/design.c,19,0,,19
shape_design.c_configureSpatialSplittingPlane_FUN_004617c0,004617c0,shape/design.c,111,6,suspect_float|badspacebase|register_param|stack_ref,191
shape_design.c_createCenterVertex_FUN_00469690,00469690,shape/design.c,68,10,badspacebase|register_param|stack_ref,183
shape_design.c_writePolygonModel_FUN_0045a320,0045a320,shape/design.c,93,4,sub_artifact|concat_artifact,143
shape_design.c_removeDegeneratePolygons_FUN_00465310,00465310,shape/design.c,59,0,,59
shape_design.c_showHelpFile_FUN_00457f00,00457f00,shape/design.c,30,4,badspacebase|register_param|stack_ref,85
shape_design.c_squashShapeFor3DMorph_FUN_004685e0,004685e0,shape/design.c,29,0,,29
shape_design.c_doNothing_FUN_0045ce00,0045ce00,shape/design.c,4,0,,4
shape_design.c_generateShell_FUN_00468f20,00468f20,shape/design.c,81,12,stack_param|badspacebase|register_param|stack_ref,221
shape_design.c_removeUnusedVertices_FUN_00463830,00463830,shape/design.c,65,2,pointer_cast,90
shape_design.c_createPolygonFromVertexList_FUN_0045cc80,0045cc80,shape/design.c,41,4,badspacebase|register_param|stack_ref,96
shape_design.c_renderEditorBackgroundOverlay_FUN_0045d920,0045d920,shape/design.c,18,3,badspacebase|register_param|stack_ref,63
shape_design.c_renderPolygonWireframeAntialiased_FUN_0045d470,0045d470,shape/design.c,58,5,pointer_cast,113
shape_design.c_renderPolygonsByPart_FUN_004616a0,004616a0,shape/design.c,10,0,,10
shape_design.c_createRotationalSweepGeometry_FUN_0045e070,0045e070,shape/design.c,106,6,badspacebase|register_param|stack_ref,181
shape_design.c_turnModelInsideOut_FUN_004671e0,004671e0,shape/design.c,28,7,pointer_cast,103
shape_design.c_selectModelPart_FUN_0045de80,0045de80,shape/design.c,50,6,badspacebase|register_param|stack_ref,125
shape_design.c_comparePolygonIndices_FUN_00463800,00463800,shape/design.c,5,0,,5
shape_design.c_generateOctant_FUN_00469420,00469420,shape/design.c,93,13,stack_param|sub_artifact|badspacebase|register_param|stack_ref,248
shape_design.c_loadS3DModelFile_FUN_004593a0,004593a0,shape/design.c,222,9,badspacebase|pointer_cast|register_param|stack_ref,332
shape_design.c_realignObject_FUN_0045ee70,0045ee70,shape/design.c,60,0,,60
shape_design.c_duplicateSharedVertices_FUN_00465d50,00465d50,shape/design.c,57,0,,57
shape_design.c_mouseWheelPolygonReducer_FUN_004648e0,004648e0,shape/design.c,163,16,pointer_cast,328
shape_design.c_complexPolygonReduction_FUN_00463b30,00463b30,shape/design.c,324,12,suspect_float|badspacebase|pointer_cast|register_param|stack_ref,469
shape_design.c_getLastTextureProcessIndex_FUN_0046a860,0046a860,shape/design.c,4,0,,4
shape_design.c_clampedArccos_FUN_00461c50,00461c50,shape/design.c,18,10,stack_param|concat_artifact|unknown_field,133
shape_design.c_addQuadPolygonOctant_FUN_00469220,00469220,shape/design.c,55,0,,55
shape_design.c_handleEditorHotkeys_FUN_0045b990,0045b990,shape/design.c,29,0,,29
shape_design.c_getVertexCountFromModel_FUN_00468080,00468080,shape/design.c,14,1,pointer_cast,29
shape_design.c_qsortCompareByField4Wrapper_FUN_00466210,00466210,shape/design.c,6,0,,6
shape_design.c_setupViewMatrix_FUN_0045ba60,0045ba60,shape/design.c,42,0,,42
shape_design.c_createQuadPolygon_FUN_0045df60,0045df60,shape/design.c,19,8,stack_param,104
shape_design.c_setTextureQualityParameter_FUN_0046a8e0,0046a8e0,shape/design.c,13,2,badspacebase|register_param,43
shape_design.c_findClosestPolygonToMouse_FUN_00466250,00466250,shape/design.c,114,3,badspacebase|register_param|stack_ref,159
shape_design.c_triangulateDSE_FUN_0046e4d0,0046e4d0,shape/design.c,58,8,stack_param|pointer_cast,148
shape_design.c_detachFaces_FUN_0046eba0,0046eba0,shape/design.c,49,0,,49
shape_design.c_mergeTrianglesIntoQuad_FUN_00462190,00462190,shape/design.c,222,14,stack_param|concat_artifact|badspacebase|pointer_cast|register_param|stack_ref,392
shape_design.c_sizeForStadium_FUN_00469c70,00469c70,shape/design.c,106,16,stack_param|badspacebase|register_param|stack_ref,286
shape_design.c_combineTextureMaps_FUN_00469ee0,00469ee0,shape/design.c,80,3,badspacebase|register_param|stack_ref,125
shape_design.c_qsortByVertexX_FUN_004676f0,004676f0,shape/design.c,40,0,,40
shape_design.c_smoothMesh_FUN_0046ed00,0046ed00,shape/design.c,9,0,,9
shape_design.c_calculatePolygonNormal_FUN_0045caa0,0045caa0,shape/design.c,43,1,unknown_field,58
shape_design.c_showModelEditor_FUN_00461aa0,00461aa0,shape/design.c,8,0,,8
shape_design.c_calculateSamplingWeight_FUN_0046adc0,0046adc0,shape/design.c,18,19,stack_param|concat_artifact|unknown_field,223
shape_design.c_sampleAndFilterPixel_FUN_0046ae20,0046ae20,shape/design.c,78,20,sub_artifact|concat_artifact|extra_output|badspacebase|register_param,303
shape_design.c_checkVertexCountLimit_FUN_00460a10,00460a10,shape/design.c,20,6,badspacebase|register_param|stack_ref,95
shape_design.c_groundCenterObject_FUN_00466a30,00466a30,shape/design.c,59,2,sub_artifact|concat_artifact,89
shape_design.c_validateModelTextures_FUN_00459a20,00459a20,shape/design.c,148,5,badspacebase|register_param|stack_ref,213
shape_design.c_loadPalette_FUN_0046e810,0046e810,shape/design.c,213,5,badspacebase|register_param|stack_ref,278
shape_design.c_centerObject_FUN_00466610,00466610,shape/design.c,121,2,badspacebase|register_param,151
shape_design.c_loadModelFile_FUN_00458ac0,00458ac0,shape/design.c,285,6,badspacebase|pointer_cast|register_param|stack_ref,365
shape_design.c_addVertexFromSphericalCoordsHalfSphere_FUN_00468c40,00468c40,shape/design.c,27,0,,27
shape_design.c_convertWorldToScreenCoordinates_FUN_0045bd10,0045bd10,shape/design.c,43,7,unaffected_reg,118
shape_design.c_validatePolygonNormals_FUN_00461d80,00461d80,shape/design.c,11,0,,11
shape_design.c_interactiveWeldVertices_FUN_00465e90,00465e90,shape/design.c,59,5,badspacebase|register_param|stack_ref,124
shape_design.c_modelExportWizard_FUN_0045a7b0,0045a7b0,shape/design.c,137,9,badspacebase|register_param|stack_ref,242
shape_design.c_floatEpsilonCompare_FUN_004676b0,004676b0,shape/design.c,6,0,,6
shape_design.c_configureSinglePassPolygonReduction_FUN_00465560,00465560,shape/design.c,113,13,stack_param|badspacebase|register_param|stack_ref,263
shape_design.c_writeBinaryTreeNode_FUN_00457fd0,00457fd0,shape/design.c,16,0,,16
shape_design.c_sizeModelInOneDimension_FUN_00469850,00469850,shape/design.c,121,4,badspacebase|register_param|stack_ref,176
shape_design.c_createReversedQuadPolygon_FUN_0045e040,0045e040,shape/design.c,5,0,,5
shape_design.c_clampAndTransformUVCoordinates_FUN_0045f080,0045f080,shape/design.c,31,0,,31
shape_design.c_polygonMergerSelectAndProcess_FUN_00465160,00465160,shape/design.c,13,0,,13
shape_design.c_calculateVertexAngle_FUN_00462050,00462050,shape/design.c,60,12,stack_param|sub_artifact|concat_artifact|badspacebase|register_param|stack_ref,210
shape_design.c_polygonToolModeManager_FUN_00464c90,00464c90,shape/design.c,186,8,concat_artifact|badspacebase|register_param|stack_ref,286
shape_design.c_deleteSinglePolygon_FUN_0045dcc0,0045dcc0,shape/design.c,38,7,badspacebase|pointer_cast|register_param|stack_ref,128
shape_design.c_qsortCompareByField4_FUN_004661d0,004661d0,shape/design.c,4,2,pointer_cast,29
shape_design.c_polygonTextureNameComparator_FUN_0045b850,0045b850,shape/design.c,16,0,,16
shape_design.c_mergePolygonsWithValidation_FUN_00465b40,00465b40,shape/design.c,29,0,,29
shape_design.c_showFacetPartEditorHelp_FUN_00460ac0,00460ac0,shape/design.c,194,0,,194
shape_design.c_calculateVertexNormals_FUN_0045be40,0045be40,shape/design.c,48,0,,48
shape_design.c_addQuadPolygon_FUN_004687c0,004687c0,shape/design.c,26,0,,26
shape_design.c_findSharedEdge_FUN_004635b0,004635b0,shape/design.c,60,0,,60
shape_design.c_displayHeapStatus_FUN_0046e760,0046e760,shape/design.c,19,0,,19
shape_design.c_createKeyframeModel_FUN_00468320,00468320,shape/design.c,114,12,stack_param|badspacebase|pointer_cast|register_param|stack_ref,259
shape_design.c_allocateSpatialTreeNode_FUN_00457ed0,00457ed0,shape/design.c,7,0,,7
shape_design.c_selectVertexToDelete_FUN_0045c5b0,0045c5b0,shape/design.c,55,5,badspacebase|register_param|stack_ref,120
shape_design.c_doNothing_FUN_0045c510,0045c510,shape/design.c,4,0,,4
shape_design.c_normalizeUVCoordinates_FUN_0046e340,0046e340,shape/design.c,38,0,,38
shape_design.c_cramTextureList_FUN_0046bb80,0046bb80,shape/design.c,1047,4,badspacebase|register_param|stack_ref,1102
shape_design.c_drawMouseCoordinatesAndReferenceLine_FUN_0045bbc0,0045bbc0,shape/design.c,33,4,badspacebase|register_param|stack_ref,88
shape_design.c_multicramTextures_FUN_0046eb80,0046eb80,shape/design.c,5,0,,5
shape_design.c_mergeAdjacentPolygons_FUN_00462b70,00462b70,shape/design.c,226,13,stack_param|sub_artifact|badspacebase|pointer_cast|register_param,381
shape_design.c_calculateTextureQualityLevel_FUN_0046a930,0046a930,shape/design.c,12,0,,12
shape_design.c_normalizeVertex_FUN_00461e60,00461e60,shape/design.c,14,1,unknown_field,29
shape_design.c_doNothing_FUN_0045c4f0,0045c4f0,shape/design.c,4,0,,4
shape_design.c_renderPolygonWireframe_FUN_0045d300,0045d300,shape/design.c,117,15,stack_param|badspacebase|pointer_cast|register_param|stack_ref,292
shape_design.c_bisectMesh_FUN_0046ed50,0046ed50,shape/design.c,136,6,pointer_cast,201
shape_design.c_isNormalDotProductBelowThreshold_FUN_00461df0,00461df0,shape/design.c,10,0,,10
shape_design.c_tileTextureMaps_FUN_0046a180,0046a180,shape/design.c,331,5,suspect_float|badspacebase|register_param|stack_ref,401
shape_design.c_centerKeyframeModels_FUN_004681a0,004681a0,shape/design.c,49,5,badspacebase|register_param|stack_ref,114
shape_design.c_displayPalette_FUN_00461560,00461560,shape/design.c,39,6,badspacebase|register_param|stack_ref,114
shape_design.c_getTextureName_FUN_0046e060,0046e060,shape/design.c,4,0,,4
shape_design.c_arePolygonsCoplanar_FUN_00461b70,00461b70,shape/design.c,38,0,,38
shape_design.c_wrapCoordinate_FUN_0046acc0,0046acc0,shape/design.c,7,0,,7
shape_design.c_vertexReducer_FUN_00467850,00467850,shape/design.c,206,26,stack_param|badspacebase|pointer_cast|register_param|stack_ref,491
shape_design.c_findVertexListInModel_FUN_00468000,00468000,shape/design.c,15,1,pointer_cast,30
shape_design.c_displayMemoryStatus_FUN_0046e6f0,0046e6f0,shape/design.c,11,6,badspacebase|register_param|stack_ref,86
shape_design.c_qsortByOriginalIndex_FUN_004677c0,004677c0,shape/design.c,22,0,,22
shape_design.c_optimizePolygonMesh_FUN_004658e0,004658e0,shape/design.c,88,5,badspacebase|register_param|stack_ref,153
shape_dsemodel.cpp_CDSEModel_scaleX_FUN_0048fd70,0048fd70,shape/dsemodel.cpp,24,0,,24
shape_dsemodel.cpp_CDSEModel_convertVertex_FUN_0048f6f0,0048f6f0,shape/dsemodel.cpp,17,0,,17
shape_dsemodel.cpp_CDSEModel_logVertex_FUN_0048f660,0048f660,shape/dsemodel.cpp,18,0,,18
shape_dsemodel.cpp_CDSEModel_centerModel_FUN_0048fa50,0048fa50,shape/dsemodel.cpp,64,4,sub_artifact|concat_artifact,114
shape_dsemodel.cpp_CDSEModel_scaleZ_FUN_0048fcc0,0048fcc0,shape/dsemodel.cpp,24,0,,24
shape_dsemodel.cpp_CDSEModel_processModelPart_FUN_0048f770,0048f770,shape/dsemodel.cpp,72,1,pointer_cast,87
shape_dsemodel.cpp_CDSEModel_doNothing_FUN_00490020,00490020,shape/dsemodel.cpp,4,0,,4
shape_dsemodel.cpp_CDSEModel_scaleY_FUN_0048fe20,0048fe20,shape/dsemodel.cpp,24,0,,24
shape_dsemodel.cpp_CDSEModel_fitToExistingBIN_FUN_0048fed0,0048fed0,shape/dsemodel.cpp,57,5,stack_param|badspacebase|register_param|stack_ref,127
shape_dsemodel.cpp_CDSEModel_load_FUN_0048f960,0048f960,shape/dsemodel.cpp,43,2,pointer_cast,68
shape_multicrm.cpp_CMultiCram_getModelCount_FUN_0053ee40,0053ee40,shape/multicrm.cpp,6,0,,6
shape_multicrm.cpp_CMultiCram_run_FUN_0053ee70,0053ee70,shape/multicrm.cpp,91,22,badspacebase|register_param|stack_ref,326
shape_multicrm.cpp_CMultiCram_setModelCount_FUN_0053ee50,0053ee50,shape/multicrm.cpp,6,0,,6
shape_multicrm.cpp_CMultiCram_getSecondModel_FUN_0053ee30,0053ee30,shape/multicrm.cpp,4,0,,4
shape_multicrm.cpp_CMultiCram_setModelCount_FUN_0053ee60,0053ee60,shape/multicrm.cpp,6,0,,6
shape_multicrm.cpp_CMultiCram_getModels_FUN_0053ee00,0053ee00,shape/multicrm.cpp,8,0,,8
shape_memdbg.cpp_closeFile_FUN_0050f9b0,0050f9b0,shape/memdbg.cpp,62,8,stack_param|pointer_cast,152
shape_memdbg.cpp_acquireDebugMutex_FUN_0050ee5e,0050ee5e,shape/memdbg.cpp,10,0,,10
shape_memdbg.cpp_debugMemdump_FUN_0050f6c0,0050f6c0,shape/memdbg.cpp,22,0,,22
shape_memdbg.cpp_staticInit_FUN_0050ee40,0050ee40,shape/memdbg.cpp,6,0,,6
shape_memdbg.cpp_debugFree_FUN_0050f210,0050f210,shape/memdbg.cpp,9,0,,9
shape_memdbg.cpp_traceMemory_FUN_0050f150,0050f150,shape/memdbg.cpp,9,0,,9
shape_memdbg.cpp_CLeakChecker_ctor_FUN_0050fba0,0050fba0,shape/memdbg.cpp,8,4,stack_param|badspacebase|register_param,63
shape_memdbg.cpp_debugFree_FUN_0050f460,0050f460,shape/memdbg.cpp,26,1,pointer_cast,41
shape_memdbg.cpp_debugRealloc_FUN_0050f540,0050f540,shape/memdbg.cpp,59,5,stack_param|pointer_cast,119
shape_memdbg.cpp_debugAlloc_FUN_0050f1f0,0050f1f0,shape/memdbg.cpp,6,0,,6
shape_memdbg.cpp_SMemHead_remove_FUN_0050ef20,0050ef20,shape/memdbg.cpp,23,0,,23
shape_memdbg.cpp_SMemHead_recordSourceFile_FUN_0050eea0,0050eea0,shape/memdbg.cpp,25,0,,25
shape_memdbg.cpp_debugAlloc_FUN_0050f1b0,0050f1b0,shape/memdbg.cpp,6,0,,6
shape_memdbg.cpp_CLeakChecker_dtor_FUN_0050fbc0,0050fbc0,shape/memdbg.cpp,68,2,stack_param,93
shape_memdbg.cpp_openFile_FUN_0050f7a0,0050f7a0,shape/memdbg.cpp,103,14,stack_param,248
shape_memdbg.cpp_debugMalloc_FUN_0050f250,0050f250,shape/memdbg.cpp,39,6,stack_param,104
shape_memdbg.cpp_SMemHead_add_FUN_0050eef0,0050eef0,shape/memdbg.cpp,15,0,,15
shape_memdbg.cpp_SMemHead_checkAllMemory_FUN_0050efe0,0050efe0,shape/memdbg.cpp,14,0,,14
shape_memdbg.cpp_traceFile_FUN_0050f180,0050f180,shape/memdbg.cpp,9,0,,9
shape_memdbg.cpp_debugCalloc_FUN_0050f350,0050f350,shape/memdbg.cpp,46,4,stack_param,91
shape_memdbg.cpp_getMemoryHeaderFromPtr_FUN_0050efa0,0050efa0,shape/memdbg.cpp,11,3,stack_param|pointer_cast,51
shape_memdbg.cpp_releaseDebugMutex_FUN_0050ee90,0050ee90,shape/memdbg.cpp,5,0,,5
shape_memdbg.cpp_SMemHead_checkMemory_FUN_0050f020,0050f020,shape/memdbg.cpp,44,0,,44
shape_memdbg.cpp_debugAlloc_FUN_0050f1d0,0050f1d0,shape/memdbg.cpp,6,0,,6
shape_edittool.cpp_CInputString_insertChar_FUN_0049d480,0049d480,shape/edittool.cpp,25,2,stack_param,50
shape_edittool.cpp_CEditorTools_backupScreen_FUN_0049e410,0049e410,shape/edittool.cpp,49,7,sborrow_artifact|badspacebase|pointer_cast|register_param,139
shape_edittool.cpp_CPickList_sort_FUN_004a57f0,004a57f0,shape/edittool.cpp,18,2,stack_param,43
shape_edittool.cpp_CPickList_renderDialog_FUN_004a4d40,004a4d40,shape/edittool.cpp,132,47,stack_param|unaffected_reg|badspacebase|register_param|stack_ref,627
shape_edittool.cpp_drawDashedLine_FUN_0049d290,0049d290,shape/edittool.cpp,61,0,,61
shape_edittool.cpp_CEditorTools_createCenteredDialog_FUN_0049e940,0049e940,shape/edittool.cpp,17,4,stack_param,62
shape_edittool.cpp_CPickList_setCancelButtonText_FUN_004a3d90,004a3d90,shape/edittool.cpp,37,0,,37
shape_edittool.cpp_CPickList_displayChoicesAndWaitForInput_FUN_004a3e20,004a3e20,shape/edittool.cpp,32,4,stack_param,77
shape_edittool.cpp_CEdScrollBar_clampToValidRange_FUN_004a63b0,004a63b0,shape/edittool.cpp,18,0,,18
shape_edittool.cpp_CEditorTools_createCenteredModal_FUN_004a0890,004a0890,shape/edittool.cpp,30,4,stack_param,75
shape_edittool.cpp_CPickList_remove_FUN_004a56f0,004a56f0,shape/edittool.cpp,18,2,stack_param,43
shape_edittool.cpp_CEditorTools_promptForValidDouble_FUN_004a01f0,004a01f0,shape/edittool.cpp,46,15,stack_param|undefined_type|sub_artifact|concat_artifact|unknown_field|badspacebase|pointer_cast|register_param|stack_ref,241
shape_edittool.cpp_draw3DInsetBorder_FUN_004a59a0,004a59a0,shape/edittool.cpp,77,0,,77
shape_edittool.cpp_CEditorTools_updatePercentage_FUN_004a0530,004a0530,shape/edittool.cpp,97,14,unaffected_reg|extra_output,247
shape_edittool.cpp_CEditorTools_promptForValidInteger_FUN_004a0020,004a0020,shape/edittool.cpp,31,11,stack_param|undefined_type|unaffected_reg|badspacebase|register_param|stack_ref,171
shape_edittool.cpp_CStrList_copyFrom_FUN_004a2ac0,004a2ac0,shape/edittool.cpp,16,0,,16
shape_edittool.cpp_CEditorTools_showYesNoDialog_FUN_0049f0f0,0049f0f0,shape/edittool.cpp,18,8,badspacebase|register_param|stack_ref,113
shape_edittool.cpp_CEditorTools_draw3DAxisLabels_FUN_004a1ca0,004a1ca0,shape/edittool.cpp,104,32,stack_param|badspacebase|pointer_cast|register_param|stack_ref,449
shape_edittool.cpp_CEditorTools_showDirectoryBrowser_FUN_0049f420,0049f420,shape/edittool.cpp,302,86,stack_param|negative_offset|unknown_field|badspacebase|register_param|stack_ref,1192
shape_edittool.cpp_CEditorTools_getClipboardText_FUN_004a1b30,004a1b30,shape/edittool.cpp,47,0,,47
shape_edittool.cpp_calculateGridWidth_FUN_004a6490,004a6490,shape/edittool.cpp,4,0,,4
shape_edittool.cpp_CPickList_setSelectedResult_FUN_004a3e10,004a3e10,shape/edittool.cpp,6,0,,6
shape_edittool.cpp_CStrList_sort_FUN_004a2f00,004a2f00,shape/edittool.cpp,15,0,,15
shape_edittool.cpp_showTextInputDialog_FUN_0049db10,0049db10,shape/edittool.cpp,147,22,undefined_type|stack_param|concat_artifact|badspacebase|register_param|stack_ref,397
shape_edittool.cpp_CEditorTools_showCheatInputDialog_FUN_004a0400,004a0400,shape/edittool.cpp,10,0,,10
shape_edittool.cpp_CInputString_calcX_FUN_0049d8f0,0049d8f0,shape/edittool.cpp,31,2,unaffected_reg,56
shape_edittool.cpp_CStrList_populateWithFullPaths_FUN_004a39e0,004a39e0,shape/edittool.cpp,54,13,stack_param|badspacebase|register_param|stack_ref,204
shape_edittool.cpp_CStrList_dtor_FUN_004a2a40,004a2a40,shape/edittool.cpp,16,0,,16
shape_edittool.cpp_CPickList_insert_FUN_004a5670,004a5670,shape/edittool.cpp,18,2,stack_param,43
shape_edittool.cpp_CEdCheck_calculateBaseWidth_FUN_004a6bb0,004a6bb0,shape/edittool.cpp,8,0,,8
shape_edittool.cpp_getFontMaxCharWidth_FUN_004a6ef0,004a6ef0,shape/edittool.cpp,4,0,,4
shape_edittool.cpp_CEdButton_calculateAndSetBounds_FUN_004a6550,004a6550,shape/edittool.cpp,15,6,stack_param|unaffected_reg,85
shape_edittool.cpp_CEdCheck_dtor_FUN_004a6a40,004a6a40,shape/edittool.cpp,5,0,,5
shape_edittool.cpp_CInputString_pasteFromClipboard_FUN_0049d660,0049d660,shape/edittool.cpp,19,0,,19
shape_edittool.cpp_CEditorTools_drawPixelLine_FUN_004a2660,004a2660,shape/edittool.cpp,52,5,stack_param,107
shape_edittool.cpp_CStrList_findString_FUN_004a3030,004a3030,shape/edittool.cpp,20,2,unaffected_reg,45
shape_edittool.cpp_initEditorFontMetrics_FUN_0049d1f0,0049d1f0,shape/edittool.cpp,11,0,,11
shape_edittool.cpp_paintWindowBackground_FUN_0049e590,0049e590,shape/edittool.cpp,50,3,pointer_cast,85
shape_edittool.cpp_CEditorTools_draw3DAxisLabelsAt_FUN_004a1e90,004a1e90,shape/edittool.cpp,17,7,stack_param|badspacebase|register_param|stack_ref,107
shape_edittool.cpp_CStrList_getFieldAt_FUN_004a2f80,004a2f80,shape/edittool.cpp,38,2,badspacebase|register_param,68
shape_edittool.cpp_CEditorTools_drawWindowSeparator_FUN_004a1230,004a1230,shape/edittool.cpp,38,3,stack_param,73
shape_edittool.cpp_CStrList_sort_FUN_004a2ec0,004a2ec0,shape/edittool.cpp,5,0,,5
shape_edittool.cpp_CEdCheck_calculateSpacing_FUN_004a6be0,004a6be0,shape/edittool.cpp,6,0,,6
shape_edittool.cpp_CStrList_appendRange_FUN_004a2ba0,004a2ba0,shape/edittool.cpp,6,0,,6
shape_edittool.cpp_CPickList_validateScrollBounds_FUN_004a5240,004a5240,shape/edittool.cpp,51,0,,51
shape_edittool.cpp_calculateGridHeight_FUN_004a64b0,004a64b0,shape/edittool.cpp,6,0,,6
shape_edittool.cpp_assignInt_FUN_004a6f40,004a6f40,shape/edittool.cpp,5,0,,5
shape_edittool.cpp_assignInt_FUN_004a6f31,004a6f31,shape/edittool.cpp,6,3,register_param,41
shape_edittool.cpp_calculateButtonWidth_FUN_004a68e0,004a68e0,shape/edittool.cpp,16,0,,16
shape_edittool.cpp_CPickList_handleInput_FUN_004a3f20,004a3f20,shape/edittool.cpp,190,2,undefined_type|concat_artifact,220
shape_edittool.cpp_CPickList_initializeDialog_FUN_004a3ef0,004a3ef0,shape/edittool.cpp,10,0,,10
shape_edittool.cpp_CEditorTools_setMousePointerType_FUN_004a1380,004a1380,shape/edittool.cpp,168,4,undefined_type|stack_param|concat_artifact,223
shape_edittool.cpp_CEditorTools_setMousePointerType_FUN_004a2920,004a2920,shape/edittool.cpp,45,0,,45
shape_edittool.cpp_CEdScrollBar_computeThumb_FUN_004a5ea0,004a5ea0,shape/edittool.cpp,48,0,,48
shape_edittool.cpp_CPickList_setItemHotKey_FUN_004a5540,004a5540,shape/edittool.cpp,29,2,stack_param,54
shape_edittool.cpp_CPickList_getItemHotKey_FUN_004a5610,004a5610,shape/edittool.cpp,14,9,stack_param,109
shape_edittool.cpp_CEditorTools_showCenteredProgressDialog_FUN_004a0430,004a0430,shape/edittool.cpp,31,4,stack_param,76
shape_edittool.cpp_CEditorTools_restoreScreen_FUN_0049e4d0,0049e4d0,shape/edittool.cpp,49,7,sborrow_artifact|badspacebase|pointer_cast|register_param,139
shape_edittool.cpp_CStrList_allocate_FUN_004a2cc0,004a2cc0,shape/edittool.cpp,28,0,,28
shape_edittool.cpp_calculateButtonHeight_FUN_004a6970,004a6970,shape/edittool.cpp,18,0,,18
shape_edittool.cpp_staticInit_FUN_0049d170,0049d170,shape/edittool.cpp,6,0,,6
shape_edittool.cpp_CEdButton_wasClicked_FUN_004a6830,004a6830,shape/edittool.cpp,32,0,,32
shape_edittool.cpp_CPickList_enableItem_FUN_004a5410,004a5410,shape/edittool.cpp,29,2,stack_param,54
shape_edittool.cpp_CEditorTools_init_FUN_0049e020,0049e020,shape/edittool.cpp,36,0,,36
shape_edittool.cpp_CEdScrollBar_clampScrollPosition_FUN_004a6380,004a6380,shape/edittool.cpp,17,0,,17
shape_edittool.cpp_wildcardStringMatch_FUN_004a6e20,004a6e20,shape/edittool.cpp,49,0,,49
shape_edittool.cpp_CEdScrollBar_scrollToMakeVisible_FUN_004a6420,004a6420,shape/edittool.cpp,15,0,,15
shape_edittool.cpp_CInputString_copySelectionToClipboard_FUN_0049d610,0049d610,shape/edittool.cpp,24,0,,24
shape_edittool.cpp_CEdScrollBar_clampToVisibleRange_FUN_004a63e0,004a63e0,shape/edittool.cpp,23,0,,23
shape_edittool.cpp_CEditorTools_drawWindowStatusMessage_FUN_0049e870,0049e870,shape/edittool.cpp,24,6,stack_param|badspacebase|register_param|stack_ref,104
shape_edittool.cpp_CStrList_insertRange_FUN_004a2d80,004a2d80,shape/edittool.cpp,24,6,stack_param|pointer_cast,94
shape_edittool.cpp_CEditorTools_draw3DWireframeCube_FUN_004a2050,004a2050,shape/edittool.cpp,180,50,stack_param|unaffected_reg|unknown_field|badspacebase|pointer_cast|register_param|stack_ref,715
shape_edittool.cpp_CStrList_copy_FUN_004a2a90,004a2a90,shape/edittool.cpp,8,0,,8
shape_edittool.cpp_CEdScrollBar_ctor_FUN_004a5ae0,004a5ae0,shape/edittool.cpp,15,0,,15
shape_edittool.cpp_CStrList_findByFirstField_FUN_004a3070,004a3070,shape/edittool.cpp,45,2,badspacebase|register_param,75
shape_edittool.cpp_CPickList_swap_FUN_004a5870,004a5870,shape/edittool.cpp,17,2,stack_param,42
shape_edittool.cpp_CEditorTools_promptForValidVector_FUN_004a0300,004a0300,shape/edittool.cpp,33,12,unaffected_reg|badspacebase|register_param|stack_ref,173
shape_edittool.cpp_CEditorTools_showError_FUN_0049e740,0049e740,shape/edittool.cpp,9,3,badspacebase|register_param|stack_ref,54
shape_edittool.cpp_CEditorTools_showConfirmationDialog_FUN_0049f060,0049f060,shape/edittool.cpp,20,8,badspacebase|register_param|stack_ref,115
shape_edittool.cpp_CStrList_remove_FUN_004a2e00,004a2e00,shape/edittool.cpp,29,8,stack_param|sborrow_artifact,119
shape_edittool.cpp_CStrList_removeAt_FUN_004a2de0,004a2de0,shape/edittool.cpp,5,0,,5
shape_edittool.cpp_CStrList_ctor_FUN_004a2a20,004a2a20,shape/edittool.cpp,8,0,,8
shape_edittool.cpp_CStrList_copyToClipboard_FUN_004a3270,004a3270,shape/edittool.cpp,55,8,unaffected_reg,140
shape_edittool.cpp_CEditorTools_displayCenteredStatusMessage_FUN_0049e790,0049e790,shape/edittool.cpp,23,5,stack_param|badspacebase|register_param|stack_ref,93
shape_edittool.cpp_CEdCheck_calculateScaledWidth_FUN_004a6b70,004a6b70,shape/edittool.cpp,9,0,,9
shape_edittool.cpp_getFontBitmapCount_FUN_004a6ed0,004a6ed0,shape/edittool.cpp,4,0,,4
shape_edittool.cpp_getFontCharSpacing_FUN_004a6f00,004a6f00,shape/edittool.cpp,4,0,,4
shape_edittool.cpp_CPickList_setOkButtonText_FUN_004a3d20,004a3d20,shape/edittool.cpp,37,0,,37
shape_edittool.cpp_CEdScrollBar_setPosition_FUN_004a5b60,004a5b60,shape/edittool.cpp,32,0,,32
shape_edittool.cpp_CPickList_ctor_FUN_004a3b90,004a3b90,shape/edittool.cpp,67,4,negative_offset,112
shape_edittool.cpp_CEditorTools_dtor_FUN_0049dfb0,0049dfb0,shape/edittool.cpp,15,0,,15
shape_edittool.cpp_CEdCheck_render_FUN_004a6c00,004a6c00,shape/edittool.cpp,53,7,stack_param|unaffected_reg,133
shape_edittool.cpp_CEdScrollBar_handleInput_FUN_004a5fc0,004a5fc0,shape/edittool.cpp,162,2,unknown_field,187
shape_edittool.cpp_CPickList_isItemEnabled_FUN_004a54e0,004a54e0,shape/edittool.cpp,13,0,,13
shape_edittool.cpp_CEdButton_ctor_FUN_004a64e0,004a64e0,shape/edittool.cpp,14,0,,14
shape_edittool.cpp_CEditorTools_drawCenteredWireframeCube_FUN_004a2510,004a2510,shape/edittool.cpp,17,2,badspacebase|register_param,47
shape_edittool.cpp_CInputString_init_FUN_0049d3d0,0049d3d0,shape/edittool.cpp,36,1,pointer_cast,51
shape_edittool.cpp_CEditorTools_createModalWindow_FUN_004a0970,004a0970,shape/edittool.cpp,162,14,stack_param|pointer_cast,312
shape_edittool.cpp_CEditorTools_showWarning_FUN_0049e6f0,0049e6f0,shape/edittool.cpp,9,3,badspacebase|register_param|stack_ref,54
shape_edittool.cpp_CStrList_populateFromFileSearch_FUN_004a35b0,004a35b0,shape/edittool.cpp,76,8,stack_param|unknown_field|badspacebase|register_param|stack_ref,181
shape_edittool.cpp_CStrList_setStringAt_FUN_004a3120,004a3120,shape/edittool.cpp,50,2,stack_param,75
shape_edittool.cpp_CPickList_handleDialogInput_FUN_004a4340,004a4340,shape/edittool.cpp,84,1,unknown_field,99
shape_edittool.cpp_CEditorTools_displayMemoryDiagnostics_FUN_004a2590,004a2590,shape/edittool.cpp,53,3,badspacebase|register_param|stack_ref,98
shape_edittool.cpp_CEditorTools_paintCurrentWindow_FUN_004a0f80,004a0f80,shape/edittool.cpp,81,8,stack_param,166
shape_edittool.cpp_CEditorTools_showFilenameInputDialog_FUN_0049fb70,0049fb70,shape/edittool.cpp,226,44,undefined_type|stack_param|concat_artifact|badspacebase|register_param|stack_ref,696
shape_edittool.cpp_CEditorTools_showTextInputDialog_FUN_004a03d0,004a03d0,shape/edittool.cpp,10,0,,10
shape_edittool.cpp_CStrList_insert_FUN_004a2bc0,004a2bc0,shape/edittool.cpp,56,9,stack_param,151
shape_edittool.cpp_CEdScrollBar_clearActiveButtonIfMatch_FUN_004a5b40,004a5b40,shape/edittool.cpp,9,0,,9
shape_edittool.cpp_CStrList_swap_FUN_004a31f0,004a31f0,shape/edittool.cpp,22,0,,22
shape_edittool.cpp_showMultiChoiceDialog_FUN_0049e9d0,0049e9d0,shape/edittool.cpp,248,57,undefined_type|stack_param|negative_offset|concat_artifact|badspacebase|pointer_cast|register_param|stack_ref,858
shape_edittool.cpp_CInputString_handleKeyboardInput_FUN_0049d6c0,0049d6c0,shape/edittool.cpp,106,0,,106
shape_edittool.cpp_CEdButton_paint_FUN_004a65e0,004a65e0,shape/edittool.cpp,104,13,stack_param|badspacebase|register_param|stack_ref,254
shape_edittool.cpp_freeVector8_FUN_004a6f50,004a6f50,shape/edittool.cpp,5,0,,5
shape_edittool.cpp_CInputString_setSelectionToCursor_FUN_0049d460,0049d460,shape/edittool.cpp,6,0,,6
shape_edittool.cpp_CEdScrollBar_dtor_FUN_004a5b20,004a5b20,shape/edittool.cpp,5,0,,5
shape_edittool.cpp_drawSingleButtonPrompt_FUN_0049e130,0049e130,shape/edittool.cpp,62,16,undefined_type|stack_param|concat_artifact|badspacebase|register_param|stack_ref,252
shape_edittool.cpp_CPickList_getItemAtMousePosition_FUN_004a53a0,004a53a0,shape/edittool.cpp,16,0,,16
shape_edittool.cpp_CEditorTools_ctor_FUN_0049df80,0049df80,shape/edittool.cpp,7,0,,7
shape_edittool.cpp_CPickList_dtor_FUN_004a3c80,004a3c80,shape/edittool.cpp,27,2,negative_offset,52
shape_edittool.cpp_CEditorTools_getTimeCycledColorByte_FUN_004a1330,004a1330,shape/edittool.cpp,26,0,,26
shape_edittool.cpp_CInputString_deleteSelection_FUN_0049d580,0049d580,shape/edittool.cpp,18,0,,18
shape_edittool.cpp_CStrList_insertSortedFileRecord_FUN_004a3360,004a3360,shape/edittool.cpp,112,16,stack_param|badspacebase|register_param|stack_ref,292
shape_edittool.cpp_CStrList_add_FUN_004a2b80,004a2b80,shape/edittool.cpp,5,0,,5
shape_edittool.cpp_CEdCheck_clearActiveButtonIfMatch_FUN_004a6b50,004a6b50,shape/edittool.cpp,8,0,,8
shape_edittool.cpp_CEdCheck_handleInput_FUN_004a6d20,004a6d20,shape/edittool.cpp,41,0,,41
shape_edittool.cpp_CEditorTools_showMessage_FUN_0049e6a0,0049e6a0,shape/edittool.cpp,9,3,badspacebase|register_param|stack_ref,54
shape_edittool.cpp_extractTabDelimitedField_FUN_0049d250,0049d250,shape/edittool.cpp,21,0,,21
shape_edittool.cpp_CEditorTools_popWindowState_FUN_004a0ea0,004a0ea0,shape/edittool.cpp,27,0,,27
shape_edittool.cpp_CEdScrollBar_render_FUN_004a5c10,004a5c10,shape/edittool.cpp,92,0,,92
shape_edittool.cpp_assignInt_FUN_004a6f21,004a6f21,shape/edittool.cpp,6,3,register_param,41
shape_edittool.cpp_CEdButton_dtor_FUN_004a6510,004a6510,shape/edittool.cpp,5,0,,5
shape_edittool.cpp_CEditorTools_draw3DProjectedLine_FUN_004a28a0,004a28a0,shape/edittool.cpp,21,5,stack_param|badspacebase|register_param|stack_ref,91
shape_edittool.cpp_CEdCheck_ctor_FUN_004a6a00,004a6a00,shape/edittool.cpp,16,0,,16
shape_edittool.cpp_CPickList_clear_FUN_004a5770,004a5770,shape/edittool.cpp,17,0,,17
shape_edittool.cpp_CStrList_getStringAt_FUN_004a2f70,004a2f70,shape/edittool.cpp,4,0,,4
shape_edittool.cpp_CStrList_qsortByString_FUN_004a2ee0,004a2ee0,shape/edittool.cpp,6,0,,6
shape_edittool.cpp_CInputString_deleteRange_FUN_0049d510,0049d510,shape/edittool.cpp,24,0,,24
shape_edittool.cpp_CEditorTools_showFileSelectionDialog_FUN_0049f270,0049f270,shape/edittool.cpp,93,39,stack_param|undefined_type|badspacebase|register_param|stack_ref,508
shape_edittool.cpp_CEditorTools_restoreWindowAndCleanup_FUN_004a0dd0,004a0dd0,shape/edittool.cpp,54,10,stack_param|sborrow_artifact|badspacebase|pointer_cast|register_param|stack_ref,184
shape_edittool.cpp_CEditorTools_setClipboardText_FUN_004a1bc0,004a1bc0,shape/edittool.cpp,70,0,,70
shape_edittool.cpp_CInputString_draw_FUN_0049d9b0,0049d9b0,shape/edittool.cpp,48,2,unaffected_reg,73
shape_edittool.cpp_getFontMaxCharHeight_FUN_004a6ee0,004a6ee0,shape/edittool.cpp,4,0,,4
shape_edittool.cpp_CEdButton_clearActiveButtonIfMatch_FUN_004a6530,004a6530,shape/edittool.cpp,8,0,,8
shape_edittool.cpp_CPickList_calculateLayoutAndCreateComponents_FUN_004a45d0,004a45d0,shape/edittool.cpp,236,59,stack_param|unaffected_reg|badspacebase|register_param|stack_ref,851
shape_edittool.cpp_draw3DBorder_FUN_004a58f0,004a58f0,shape/edittool.cpp,23,7,stack_param,98
shape_edittool.cpp_CEdCheck_setupWithText_FUN_004a6a60,004a6a60,shape/edittool.cpp,41,0,,41
shape_edittool.cpp_draw3DInterpolatedLine_FUN_004a1f40,004a1f40,shape/edittool.cpp,48,14,stack_param|unknown_field|badspacebase|pointer_cast|register_param|stack_ref,218
shape_edittool.cpp_CStrList_clear_FUN_004a2b10,004a2b10,shape/edittool.cpp,26,0,,26
shape_edittool.cpp_plotPixelWithClipping_FUN_0049d190,0049d190,shape/edittool.cpp,13,0,,13
shape_edittool.cpp_CInputString_backspace_FUN_0049d5d0,0049d5d0,shape/edittool.cpp,13,0,,13
shape_edittool.cpp_getFontSpaceCharWidth_FUN_004a6f10,004a6f10,shape/edittool.cpp,4,0,,4
shape_edittool.cpp_CEditorTools_promptForValidFloat_FUN_004a00f0,004a00f0,shape/edittool.cpp,37,12,stack_param|undefined_type|sub_artifact|unaffected_reg|badspacebase|register_param|stack_ref,192
shape_edittool.cpp_CEdButton_setBoundsAndText_FUN_004a6590,004a6590,shape/edittool.cpp,22,0,,22
shape_edittool.cpp_CStrList_populateFromFilesNoDuplicates_FUN_004a37b0,004a37b0,shape/edittool.cpp,96,11,stack_param|badspacebase|register_param|stack_ref,226
shape_edittool.cpp_CEditorTools_showConfirmationDialog_FUN_0049f180,0049f180,shape/edittool.cpp,30,9,badspacebase|register_param|stack_ref,135
shape_edittool.cpp_CEdScrollBar_updateWithSelection_FUN_004a6450,004a6450,shape/edittool.cpp,10,0,,10
shape_spotview.cpp_CSpotView_FUN_005b9950,005b9950,shape/spotview.cpp,49,0,,49
shape_spotview.cpp_CSpotView_FUN_005b9a20,005b9a20,shape/spotview.cpp,30,7,unknown_field|badspacebase|register_param|stack_ref,120
shape_spotview.cpp_CSpotView_FUN_005b9670,005b9670,shape/spotview.cpp,122,20,stack_param|unaffected_reg|suspect_float,337
shape_spotview.cpp_CSpotView_FUN_005b9620,005b9620,shape/spotview.cpp,22,6,stack_param,87
shape_spotview.cpp_staticInit_FUN_005b95b0,005b95b0,shape/spotview.cpp,5,0,,5
shape_spotview.cpp_CSpotView_ctor_FUN_005b95c0,005b95c0,shape/spotview.cpp,31,0,,31
sound_snddx.cpp_CDirectSoundDevice_set3DListenerVelocity_FUN_005aeed0,005aeed0,sound/snddx.cpp,11,0,,11
sound_snddx.cpp_CDirectSoundDevice_startSfx_FUN_005afe80,005afe80,sound/snddx.cpp,53,9,stack_param|badspacebase|register_param|stack_ref,163
sound_snddx.cpp_enumerateDirectSoundDevice_FUN_005b0390,005b0390,sound/snddx.cpp,23,0,,23
sound_snddx.cpp_getDirectSoundDevice_FUN_005b0440,005b0440,sound/snddx.cpp,86,14,stack_param|badspacebase|register_param|stack_ref,246
sound_snddx.cpp_CDirectSoundDevice_hasHardware3D_FUN_005aee20,005aee20,sound/snddx.cpp,5,0,,5
sound_snddx.cpp_CDirectSoundDevice_allocateSample_FUN_005aef40,005aef40,sound/snddx.cpp,74,10,stack_param|concat_artifact|badspacebase|pointer_cast|register_param|stack_ref,204
sound_snddx.cpp_CDirectSoundDevice_poll_FUN_005aed50,005aed50,sound/snddx.cpp,44,3,badspacebase|register_param|stack_ref,89
sound_snddx.cpp_isValidSampleBuffer_FUN_005af150,005af150,sound/snddx.cpp,9,0,,9
sound_snddx.cpp_CDirectSoundDevice_freeSample_FUN_005af190,005af190,sound/snddx.cpp,20,0,,20
sound_snddx.cpp_fillStreamBuffer_FUN_005adff0,005adff0,sound/snddx.cpp,67,16,stack_param|badspacebase|pointer_cast|register_param|stack_ref,252
sound_snddx.cpp_CDirectSoundDevice_allocateSfx_FUN_005af410,005af410,sound/snddx.cpp,119,3,badspacebase|register_param|stack_ref,164
sound_snddx.cpp_CDirectSoundDevice_setMode_FUN_005ae830,005ae830,sound/snddx.cpp,155,8,unknown_field|badspacebase|register_param|stack_ref,255
sound_snddx.cpp_staticInit_FUN_005ade60,005ade60,sound/snddx.cpp,5,0,,5
sound_snddx.cpp_checkDirectSoundError_FUN_005adf90,005adf90,sound/snddx.cpp,16,5,stack_param|badspacebase|register_param|stack_ref,86
sound_snddx.cpp_CDirectSoundDevice_initPropertySet_FUN_005ae660,005ae660,sound/snddx.cpp,59,9,unknown_field|badspacebase|register_param,164
sound_snddx.cpp_CDirectSoundDevice_close_FUN_005ae270,005ae270,sound/snddx.cpp,38,0,,38
sound_snddx.cpp_CDirectSoundDevice_start_FUN_005ae340,005ae340,sound/snddx.cpp,64,2,badspacebase|register_param,94
sound_snddx.cpp_CDirectSoundDevice_set3DListenerPos_FUN_005aee30,005aee30,sound/snddx.cpp,11,0,,11
sound_snddx.cpp_CDirectSoundDevice_unlockSample_FUN_005af320,005af320,sound/snddx.cpp,33,3,badspacebase|register_param|stack_ref,78
sound_snddx.cpp_CDirectSoundDevice_commitDeferredSettings_FUN_005b0340,005b0340,sound/snddx.cpp,13,2,badspacebase|register_param,43
sound_snddx.cpp_getDirectSoundErrorString_FUN_005ade70,005ade70,sound/snddx.cpp,73,0,,73
sound_snddx.cpp_CDirectSoundDevice_reset_FUN_005ae4b0,005ae4b0,sound/snddx.cpp,73,2,badspacebase|register_param,103
sound_snddx.cpp_directSoundEnumerationCallback_FUN_005b0120,005b0120,sound/snddx.cpp,85,3,badspacebase|pointer_cast|register_param,130
sound_snddx.cpp_CDirectSoundDevice_getSfxPlaybackPos_FUN_005afd60,005afd60,sound/snddx.cpp,35,5,stack_param|badspacebase|register_param|stack_ref,105
sound_snddx.cpp_CDirectSoundDevice_setSfxPos_FUN_005af750,005af750,sound/snddx.cpp,196,7,unknown_field|extra_output|badspacebase|pointer_cast|register_param,291
sound_snddx.cpp_isValidSfxHandle_FUN_005af720,005af720,sound/snddx.cpp,9,0,,9
sound_snddx.cpp_releaseSfxHardwareBuffers_FUN_005ae1c0,005ae1c0,sound/snddx.cpp,31,3,badspacebase|register_param|stack_ref,76
sound_snddx.cpp_CDirectSoundDevice_isSfxPlaying_FUN_005afcc0,005afcc0,sound/snddx.cpp,30,3,badspacebase|register_param|stack_ref,75
sound_snddx.cpp_CDirectSoundDevice_set3DListenerDistanceFactor_FUN_005aef10,005aef10,sound/snddx.cpp,12,0,,12
sound_snddx.cpp_CDirectSoundDevice_lockSample_FUN_005af220,005af220,sound/snddx.cpp,37,5,stack_param|badspacebase|register_param|stack_ref,107
sound_snddx.cpp_CDirectSoundDevice_set3DListenerOrient_FUN_005aee70,005aee70,sound/snddx.cpp,16,6,stack_param,81
sound_snddx.cpp_CDirectSoundDevice_killSfx_FUN_005b0030,005b0030,sound/snddx.cpp,44,3,badspacebase|register_param|stack_ref,89
sound_sndmain.cpp_closeSoundDevice_FUN_005ab660,005ab660,sound/sndmain.cpp,25,0,,25
sound_sndmain.cpp_setNextSfxDelay_FUN_005a8b40,005a8b40,sound/sndmain.cpp,5,0,,5
sound_sndmain.cpp_setSfxFade_FUN_005a9c70,005a9c70,sound/sndmain.cpp,16,2,stack_param,41
sound_sndmain.cpp_freeSfxSamples_FUN_005ade40,005ade40,sound/sndmain.cpp,5,0,,5
sound_sndmain.cpp_initializeSoundDevice_FUN_005ab5b0,005ab5b0,sound/sndmain.cpp,27,0,,27
sound_sndmain.cpp_mixResampleStereoToStereo_FUN_005a5fb0,005a5fb0,sound/sndmain.cpp,64,22,stack_param|concat_artifact|unknown_field,299
sound_sndmain.cpp_CSfxSlot_kill_FUN_005a7e60,005a7e60,sound/sndmain.cpp,51,0,,51
sound_sndmain.cpp_setNextSfxBaseFrequency_FUN_005a8a80,005a8a80,sound/sndmain.cpp,5,0,,5
sound_sndmain.cpp_setSoundOutputMode_FUN_005ab170,005ab170,sound/sndmain.cpp,33,12,stack_param|badspacebase|register_param|stack_ref,173
sound_sndmain.cpp_getSampleInfo_FUN_005aa3f0,005aa3f0,sound/sndmain.cpp,97,15,stack_param|badspacebase|pointer_cast|register_param|stack_ref,272
sound_sndmain.cpp_setNextSfxTrackedDoublePosition_FUN_005a8970,005a8970,sound/sndmain.cpp,9,0,,9
sound_sndmain.cpp_CSfxSlot_pollHwHandle_FUN_005a7fe0,005a7fe0,sound/sndmain.cpp,60,0,,60
sound_sndmain.cpp_formatSfxOptionsToString_FUN_005a8d00,005a8d00,sound/sndmain.cpp,73,12,stack_param|pointer_cast,203
sound_sndmain.cpp_getSoundMemoryStats_FUN_005aa6a0,005aa6a0,sound/sndmain.cpp,54,0,,54
sound_sndmain.cpp_setAudioBitDepth_FUN_005ab280,005ab280,sound/sndmain.cpp,9,2,stack_param,34
sound_sndmain.cpp_setSfxTrackedFloatVelocity_FUN_005a9a00,005a9a00,sound/sndmain.cpp,23,2,stack_param,48
sound_sndmain.cpp_setNextSfxFlagBits_FUN_005a8b90,005a8b90,sound/sndmain.cpp,5,0,,5
sound_sndmain.cpp_setNextSfxStaticVelocity_FUN_005a89a0,005a89a0,sound/sndmain.cpp,12,0,,12
sound_sndmain.cpp_CSfxSample_freeSampleData_FUN_005a6400,005a6400,sound/sndmain.cpp,9,0,,9
sound_sndmain.cpp_getChannelLevels_FUN_005ac990,005ac990,sound/sndmain.cpp,45,0,,45
sound_sndmain.cpp_getSfxSample_FUN_005a4c80,005a4c80,sound/sndmain.cpp,192,35,stack_param|badspacebase|pointer_cast|register_param|stack_ref,567
sound_sndmain.cpp_CSfxSample_getBytesPerFrame_FUN_005a8550,005a8550,sound/sndmain.cpp,8,0,,8
sound_sndmain.cpp_setMemoryBudget_FUN_005aa340,005aa340,sound/sndmain.cpp,7,0,,7
sound_sndmain.cpp_CSfxSlot_pollHwPlaybackPos_FUN_005a80e0,005a80e0,sound/sndmain.cpp,21,6,stack_param|concat_artifact|extra_output,96
sound_sndmain.cpp_setNextSfxFlags_FUN_005a8b70,005a8b70,sound/sndmain.cpp,5,0,,5
sound_sndmain.cpp_getCurrentRecordingDevice_FUN_005ab990,005ab990,sound/sndmain.cpp,4,0,,4
sound_sndmain.cpp_isWithinListenerRadius_FUN_005aa290,005aa290,sound/sndmain.cpp,11,0,,11
sound_sndmain.cpp_getSfxSampleInfo_FUN_005a96e0,005a96e0,sound/sndmain.cpp,22,5,stack_param|pointer_cast,82
sound_sndmain.cpp_setSfxUserData_FUN_005a9ba0,005a9ba0,sound/sndmain.cpp,17,2,stack_param,42
sound_sndmain.cpp_convertMp3ToSfxMetadata_FUN_005acf20,005acf20,sound/sndmain.cpp,170,17,stack_param|badspacebase|register_param|stack_ref,360
sound_sndmain.cpp_setAudioChannelCount_FUN_005ab2a0,005ab2a0,sound/sndmain.cpp,9,0,,9
sound_sndmain.cpp_getSfxSlotFromHandle_FUN_005a5d00,005a5d00,sound/sndmain.cpp,37,0,,37
sound_sndmain.cpp_getSoundDeviceInfo_FUN_005ab370,005ab370,sound/sndmain.cpp,22,5,stack_param|pointer_cast,82
sound_sndmain.cpp_analyzeFrequencyBand_FUN_005ac400,005ac400,sound/sndmain.cpp,177,4,sub_artifact|concat_artifact,227
sound_sndmain.cpp_pollAllSfxSlots_FUN_005acdb0,005acdb0,sound/sndmain.cpp,35,8,unaffected_reg,120
sound_sndmain.cpp_getAudioFormat_FUN_005ab210,005ab210,sound/sndmain.cpp,15,0,,15
sound_sndmain.cpp_killAllSfx_FUN_005a9cc0,005a9cc0,sound/sndmain.cpp,12,0,,12
sound_sndmain.cpp_startNonPositionalSfx_FUN_005a9550,005a9550,sound/sndmain.cpp,10,2,stack_param,35
sound_sndmain.cpp_setSfxTrackedDoubleVelocity_FUN_005a9a70,005a9a70,sound/sndmain.cpp,23,2,stack_param,48
sound_sndmain.cpp_CSfxSample_getLoopMode_FUN_005a87d0,005a87d0,sound/sndmain.cpp,12,0,,12
sound_sndmain.cpp_formatActiveSounds_FUN_005a9f80,005a9f80,sound/sndmain.cpp,26,6,stack_param|pointer_cast,96
sound_sndmain.cpp_isSoundBusy_FUN_005ab540,005ab540,sound/sndmain.cpp,9,0,,9
sound_sndmain.cpp_CSfxSlot_compute_FUN_005a7100,005a7100,sound/sndmain.cpp,142,10,sub_artifact|concat_artifact|unknown_field,257
sound_sndmain.cpp_popSfxOptions_FUN_005a8cb0,005a8cb0,sound/sndmain.cpp,11,0,,11
sound_sndmain.cpp_audioThreadProc_FUN_005abba0,005abba0,sound/sndmain.cpp,16,3,concat_artifact|unknown_field,56
sound_sndmain.cpp_freeMixBuffers_FUN_005a5900,005a5900,sound/sndmain.cpp,32,4,pointer_cast,77
sound_sndmain.cpp_setNextSfxChannel_FUN_005a8af0,005a8af0,sound/sndmain.cpp,10,0,,10
sound_sndmain.cpp_isRecordingStarted_FUN_005ab980,005ab980,sound/sndmain.cpp,9,0,,9
sound_sndmain.cpp_freeSampleByName_FUN_005aa360,005aa360,sound/sndmain.cpp,25,3,stack_param|pointer_cast,65
sound_sndmain.cpp_CSfxSlot_ctor_FUN_005ade00,005ade00,sound/sndmain.cpp,5,0,,5
sound_sndmain.cpp_startRecording_FUN_005aba90,005aba90,sound/sndmain.cpp,29,0,,29
sound_sndmain.cpp_doNothing_FUN_005addf0,005addf0,sound/sndmain.cpp,4,0,,4
sound_sndmain.cpp_getSfxOptions_FUN_005a97e0,005a97e0,sound/sndmain.cpp,21,5,stack_param|pointer_cast,81
sound_sndmain.cpp_isSfxChannelEnabled_FUN_005a9ea0,005a9ea0,sound/sndmain.cpp,10,0,,10
sound_sndmain.cpp_setSfxChannelVol_FUN_005a9cf0,005a9cf0,sound/sndmain.cpp,31,2,stack_param,56
sound_sndmain.cpp_CSfxSample_releaseSoundBuffer_FUN_005a6540,005a6540,sound/sndmain.cpp,11,0,,11
sound_sndmain.cpp_getAudioChannelCount_FUN_005ab270,005ab270,sound/sndmain.cpp,4,0,,4
sound_sndmain.cpp_startSfxTrackedDoublePosition_FUN_005a9620,005a9620,sound/sndmain.cpp,13,3,stack_param,48
sound_sndmain.cpp_readIni_FUN_005abf20,005abf20,sound/sndmain.cpp,107,37,stack_param|badspacebase|register_param|stack_ref,497
sound_sndmain.cpp_findBestRecordingDevice_FUN_005ab7e0,005ab7e0,sound/sndmain.cpp,34,3,badspacebase|register_param|stack_ref,79
sound_sndmain.cpp_CSfxOptions_dtor_FUN_005ade30,005ade30,sound/sndmain.cpp,4,0,,4
sound_sndmain.cpp_generateSilence_FUN_005a5db0,005a5db0,sound/sndmain.cpp,22,0,,22
sound_sndmain.cpp_nextMixingBuffer_FUN_005a59c0,005a59c0,sound/sndmain.cpp,105,27,stack_param|unknown_field|badspacebase|pointer_cast|register_param|stack_ref,405
sound_sndmain.cpp_enableSoundSystem_FUN_005aaef0,005aaef0,sound/sndmain.cpp,75,40,concat_artifact|unknown_field|pointer_cast,490
sound_sndmain.cpp_getMaxSwLatency_FUN_005abea0,005abea0,sound/sndmain.cpp,4,0,,4
sound_sndmain.cpp_getActiveSfxCount_FUN_005a43a0,005a43a0,sound/sndmain.cpp,24,1,pointer_cast,39
sound_sndmain.cpp_shutdownSoundSystem_FUN_005aaeb0,005aaeb0,sound/sndmain.cpp,20,0,,20
sound_sndmain.cpp_isSfxPlaying_FUN_005a9660,005a9660,sound/sndmain.cpp,17,3,stack_param,52
sound_sndmain.cpp_startSoundThread_FUN_005abc00,005abc00,sound/sndmain.cpp,41,12,sub_artifact|concat_artifact|unknown_field|extra_output,181
sound_sndmain.cpp_setNextSfxStaticPosition_FUN_005a88e0,005a88e0,sound/sndmain.cpp,12,0,,12
sound_sndmain.cpp_setSfxIsActive_FUN_005a9c10,005a9c10,sound/sndmain.cpp,12,2,stack_param,37
sound_sndmain.cpp_lockSound_FUN_005abd30,005abd30,sound/sndmain.cpp,20,0,,20
sound_sndmain.cpp_trimLineAndRemoveComments_FUN_005a4530,005a4530,sound/sndmain.cpp,42,0,,42
sound_sndmain.cpp_ensureSoundMemoryAvailable_FUN_005a4450,005a4450,sound/sndmain.cpp,46,2,pointer_cast,71
sound_sndmain.cpp_set3DListenerVelocity_FUN_005aa1c0,005aa1c0,sound/sndmain.cpp,14,0,,14
sound_sndmain.cpp_startSfxAtStaticPosition_FUN_005a9580,005a9580,sound/sndmain.cpp,15,6,stack_param|concat_artifact|unknown_field,90
sound_sndmain.cpp_pushSfxOptions_FUN_005a8c30,005a8c30,sound/sndmain.cpp,22,2,pointer_cast,47
sound_sndmain.cpp_enableHwSoundMixing_FUN_005ab550,005ab550,sound/sndmain.cpp,16,4,stack_param,61
sound_sndmain.cpp_getSfxChannelVol_FUN_005a9d90,005a9d90,sound/sndmain.cpp,10,0,,10
sound_sndmain.cpp_processAudio_FUN_005abe20,005abe20,sound/sndmain.cpp,17,0,,17
sound_sndmain.cpp_logSoundError_FUN_005adba0,005adba0,sound/sndmain.cpp,55,5,badspacebase|register_param|stack_ref,120
sound_sndmain.cpp_computeComplexFFT_FUN_005a39a0,005a39a0,sound/sndmain.cpp,110,0,,110
sound_sndmain.cpp_isHardwareMixingEnabled_FUN_005ab590,005ab590,sound/sndmain.cpp,4,0,,4
sound_sndmain.cpp_findFreeSampleSlot_FUN_005a4400,005a4400,sound/sndmain.cpp,18,0,,18
sound_sndmain.cpp_getNextActiveSfx_FUN_005a9f30,005a9f30,sound/sndmain.cpp,19,2,pointer_cast,44
sound_sndmain.cpp_CSfxSlot_autoCalcDelayRemaining_FUN_005a7070,005a7070,sound/sndmain.cpp,22,1,pointer_cast,37
sound_sndmain.cpp_allocMixBuffers_FUN_005a5730,005a5730,sound/sndmain.cpp,58,4,pointer_cast,103
sound_sndmain.cpp_writeIni_FUN_005ac220,005ac220,sound/sndmain.cpp,73,12,unaffected_reg|badspacebase|register_param|stack_ref,213
sound_sndmain.cpp_setSfxPosition_FUN_005a9820,005a9820,sound/sndmain.cpp,25,6,stack_param|unknown_field|pointer_cast,100
sound_sndmain.cpp_selectSoundDevice_FUN_005ab4c0,005ab4c0,sound/sndmain.cpp,21,0,,21
sound_sndmain.cpp_resetSoundDevice_FUN_005ab130,005ab130,sound/sndmain.cpp,16,0,,16
sound_sndmain.cpp_enableSfxChannel_FUN_005a9e20,005a9e20,sound/sndmain.cpp,23,2,pointer_cast,48
sound_sndmain.cpp_testSoundFile_FUN_005ad3b0,005ad3b0,sound/sndmain.cpp,69,13,stack_param|badspacebase|register_param|stack_ref,219
sound_sndmain.cpp_pollAndMixSfx_FUN_005aca90,005aca90,sound/sndmain.cpp,166,45,stack_param|unknown_field|sborrow_artifact|badspacebase|pointer_cast|register_param|stack_ref,651
sound_sndmain.cpp_setNextSfxTrackedFloatPosition_FUN_005a8940,005a8940,sound/sndmain.cpp,9,0,,9
sound_sndmain.cpp_CSfxSlot_seek_FUN_005a8390,005a8390,sound/sndmain.cpp,37,8,stack_param|sub_artifact|concat_artifact|pointer_cast,137
sound_sndmain.cpp_CSfxSample_freeMemory_FUN_005a62c0,005a62c0,sound/sndmain.cpp,29,0,,29
sound_sndmain.cpp_stopRecordingDevice_FUN_005abb60,005abb60,sound/sndmain.cpp,18,0,,18
sound_sndmain.cpp_isRecordingSystemActive_FUN_005ab970,005ab970,sound/sndmain.cpp,4,0,,4
sound_sndmain.cpp_CSfxSlot_updatePlaybackPos_FUN_005a8170,005a8170,sound/sndmain.cpp,70,13,sub_artifact|concat_artifact|unknown_field|extra_output|pointer_cast,225
sound_sndmain.cpp_resetSoundSystemDefaults_FUN_005aae00,005aae00,sound/sndmain.cpp,25,0,,25
sound_sndmain.cpp_setAudioSampleRate_FUN_005ab2c0,005ab2c0,sound/sndmain.cpp,9,0,,9
sound_sndmain.cpp_CSfxOptions_ctor_FUN_005add70,005add70,sound/sndmain.cpp,5,0,,5
sound_sndmain.cpp_convert8BitAudioSignedness_FUN_005aa7b0,005aa7b0,sound/sndmain.cpp,11,0,,11
sound_sndmain.cpp_resampleAndConvertAudio_FUN_005aa7f0,005aa7f0,sound/sndmain.cpp,320,90,extra_output|pointer_cast,1230
sound_sndmain.cpp_convertMixBufToOutput_FUN_005a5b80,005a5b80,sound/sndmain.cpp,65,2,pointer_cast,90
sound_sndmain.cpp_CSfxSample_dtor_FUN_005a6150,005a6150,sound/sndmain.cpp,5,0,,5
sound_sndmain.cpp_loadStreamingSoundFile_FUN_005a5200,005a5200,sound/sndmain.cpp,124,22,stack_param|extra_output|badspacebase|register_param|stack_ref,369
sound_sndmain.cpp_isSampleLoaded_FUN_005aa3c0,005aa3c0,sound/sndmain.cpp,9,2,stack_param,34
sound_sndmain.cpp_CSfxSample_hasAdvancedLoopMode_FUN_005a8810,005a8810,sound/sndmain.cpp,6,0,,6
sound_sndmain.cpp_getSfxPlaybackPosition_FUN_005a9720,005a9720,sound/sndmain.cpp,27,7,stack_param|sub_artifact|concat_artifact|pointer_cast,117
sound_sndmain.cpp_CSampleInfo_getBitDepth_FUN_005addd0,005addd0,sound/sndmain.cpp,4,0,,4
sound_sndmain.cpp_setSfxTrackedFloatPosition_FUN_005a98b0,005a98b0,sound/sndmain.cpp,21,2,stack_param,46
sound_sndmain.cpp_startSfxTrackedFloatPosition_FUN_005a95e0,005a95e0,sound/sndmain.cpp,13,3,stack_param,48
sound_sndmain.cpp_CSfxSample_seek_FUN_005a65a0,005a65a0,sound/sndmain.cpp,56,6,stack_param|sub_artifact,126
sound_sndmain.cpp_getMixBufferCount_FUN_005ab6d0,005ab6d0,sound/sndmain.cpp,4,0,,4
sound_sndmain.cpp_doNothing_FUN_005adde0,005adde0,sound/sndmain.cpp,4,0,,4
sound_sndmain.cpp_releaseRecordingDevice_FUN_005ab930,005ab930,sound/sndmain.cpp,22,4,stack_param,67
sound_sndmain.cpp_calculateDistanceGain_FUN_005a56c0,005a56c0,sound/sndmain.cpp,15,0,,15
sound_sndmain.cpp_set3DListenerOrient_FUN_005aa0a0,005aa0a0,sound/sndmain.cpp,21,0,,21
sound_sndmain.cpp_CSampleInfo_getStreamingFlag_FUN_005addc0,005addc0,sound/sndmain.cpp,4,0,,4
sound_sndmain.cpp_CSampleInfo_normalizePlaybackPos_FUN_005a86f0,005a86f0,sound/sndmain.cpp,36,20,stack_param|sub_artifact|concat_artifact|unknown_field,256
sound_sndmain.cpp_setRecordingFormat_FUN_005ab9a0,005ab9a0,sound/sndmain.cpp,28,5,stack_param,83
sound_sndmain.cpp_isSoundEnabled_FUN_005a96b0,005a96b0,sound/sndmain.cpp,4,0,,4
sound_sndmain.cpp_testSoundFiles_FUN_005ad5c0,005ad5c0,sound/sndmain.cpp,215,57,stack_param|unknown_field|badspacebase|register_param|stack_ref,810
sound_sndmain.cpp_getRecordingDeviceCount_FUN_005ab720,005ab720,sound/sndmain.cpp,22,0,,22
sound_sndmain.cpp_CSfxSlot_dtor_FUN_005ade20,005ade20,sound/sndmain.cpp,4,0,,4
sound_sndmain.cpp_setNextSfxTrackedVelocity_FUN_005a8a30,005a8a30,sound/sndmain.cpp,9,0,,9
sound_sndmain.cpp_pollAllStreams_FUN_005ace90,005ace90,sound/sndmain.cpp,22,0,,22
sound_sndmain.cpp_set3DListenerDistanceFactor_FUN_005aa240,005aa240,sound/sndmain.cpp,10,0,,10
sound_sndmain.cpp_initializeRecordingDevice_FUN_005ab8d0,005ab8d0,sound/sndmain.cpp,21,0,,21
sound_sndmain.cpp_selectRecordingDevice_FUN_005ab860,005ab860,sound/sndmain.cpp,20,0,,20
sound_sndmain.cpp_calculateVirtualSpeakerPositions_FUN_005a5530,005a5530,sound/sndmain.cpp,38,4,sborrow_artifact|pointer_cast,88
sound_sndmain.cpp_setNextSfxTrackedVelocity_FUN_005a8a00,005a8a00,sound/sndmain.cpp,9,0,,9
sound_sndmain.cpp_countActiveSfx_FUN_005a9ff0,005a9ff0,sound/sndmain.cpp,14,0,,14
sound_sndmain.cpp_CSfxSlot_computeChannelDelays_FUN_005a6df0,005a6df0,sound/sndmain.cpp,62,5,extra_output,117
sound_sndmain.cpp_findBestSoundDevice_FUN_005ab3d0,005ab3d0,sound/sndmain.cpp,57,5,unaffected_reg|badspacebase|register_param|stack_ref,127
sound_sndmain.cpp_convert16BitAudioSignedness_FUN_005aa7d0,005aa7d0,sound/sndmain.cpp,12,2,pointer_cast,37
sound_sndmain.cpp_getCurrentSoundDevice_FUN_005ab6c0,005ab6c0,sound/sndmain.cpp,4,0,,4
sound_sndmain.cpp_setNumberOfSfxChannels_FUN_005a9de0,005a9de0,sound/sndmain.cpp,13,2,stack_param,38
sound_sndmain.cpp_killSfxByName_FUN_005aa2f0,005aa2f0,sound/sndmain.cpp,21,1,pointer_cast,36
sound_sndmain.cpp_CSfxSample_getStreamingBufferSizeBytes_FUN_005add90,005add90,sound/sndmain.cpp,8,2,stack_param,33
sound_sndmain.cpp_setSfxBaseFrequency_FUN_005a9b40,005a9b40,sound/sndmain.cpp,18,2,stack_param,43
sound_sndmain.cpp_resetCurrentSfxOptions_FUN_005a8c10,005a8c10,sound/sndmain.cpp,5,0,,5
sound_sndmain.cpp_getRecordingDeviceCaps_FUN_005abb10,005abb10,sound/sndmain.cpp,16,2,stack_param,41
sound_sndmain.cpp_getSoundDeviceCount_FUN_005ab2e0,005ab2e0,sound/sndmain.cpp,27,0,,27
sound_sndmain.cpp_getAudioSampleRate_FUN_005ab260,005ab260,sound/sndmain.cpp,4,0,,4
sound_sndmain.cpp_isSoundSystemActive_FUN_005ab530,005ab530,sound/sndmain.cpp,4,0,,4
sound_sndmain.cpp_unlockSound_FUN_005abdc0,005abdc0,sound/sndmain.cpp,11,0,,11
sound_sndmain.cpp_CSfxSample_parseConfigFile_FUN_005a45c0,005a45c0,sound/sndmain.cpp,230,18,sub_artifact|unaffected_reg|unknown_field|badspacebase|pointer_cast|register_param|stack_ref,445
sound_sndmain.cpp_getFirstActiveSfx_FUN_005a9ef0,005a9ef0,sound/sndmain.cpp,17,2,pointer_cast,42
sound_sndmain.cpp_getRecordingFormat_FUN_005aba40,005aba40,sound/sndmain.cpp,19,0,,19
sound_sndmain.cpp_returnZero_FUN_005a8cf0,005a8cf0,sound/sndmain.cpp,4,0,,4
sound_sndmain.cpp_killSfx_FUN_005a9c40,005a9c40,sound/sndmain.cpp,11,0,,11
sound_sndmain.cpp_CSfxSample_ctor_FUN_005a60f0,005a60f0,sound/sndmain.cpp,14,0,,14
sound_sndmain.cpp_mixResampleMonoToStereo_FUN_005a5e70,005a5e70,sound/sndmain.cpp,64,22,stack_param|concat_artifact|unknown_field,299
sound_sndmain.cpp_setSfxVelocity_FUN_005a9970,005a9970,sound/sndmain.cpp,25,6,stack_param|unknown_field|pointer_cast,100
sound_sndmain.cpp_CSfxSlot_computeDistancesToSpeakers_FUN_005a6d80,005a6d80,sound/sndmain.cpp,28,5,pointer_cast|register_param,88
sound_sndmain.cpp_CSfxSlot_mix_FUN_005a75e0,005a75e0,sound/sndmain.cpp,352,55,concat_artifact|unknown_field|extra_output|badspacebase|pointer_cast|register_param,932
sound_sndmain.cpp_setMaxSwSoundLatency_FUN_005abeb0,005abeb0,sound/sndmain.cpp,20,5,stack_param,75
sound_sndmain.cpp_setNextSfxVolume_FUN_005a8a60,005a8a60,sound/sndmain.cpp,5,0,,5
sound_sndmain.cpp_staticInit_FUN_005a3940,005a3940,sound/sndmain.cpp,10,0,,10
sound_sndmain.cpp_clearNextSfxFlagBits_FUN_005a8bb0,005a8bb0,sound/sndmain.cpp,5,0,,5
sound_sndmain.cpp_return16_FUN_005addb0,005addb0,sound/sndmain.cpp,4,0,,4
sound_sndmain.cpp_CSfxSample_lock_FUN_005a6430,005a6430,sound/sndmain.cpp,37,0,,37
sound_sndmain.cpp_setNextSfxUserData_FUN_005a8aa0,005a8aa0,sound/sndmain.cpp,11,2,stack_param,36
sound_sndmain.cpp_CSfxSample_computeDataSize_FUN_005a8520,005a8520,sound/sndmain.cpp,9,0,,9
sound_sndmain.cpp_startSfx_FUN_005a8e90,005a8e90,sound/sndmain.cpp,282,33,stack_param|unknown_field|extra_output|badspacebase|pointer_cast|register_param|stack_ref,647
sound_sndmain.cpp_isStreamableFile_FUN_005a5180,005a5180,sound/sndmain.cpp,19,4,badspacebase|register_param|stack_ref,74
sound_sndmain.cpp_CSampleInfo_cvtPlaybackPos_FUN_005a8580,005a8580,sound/sndmain.cpp,72,42,stack_param|sub_artifact|concat_artifact|unknown_field,512
sound_sndmain.cpp_set3DListenerPos_FUN_005aa020,005aa020,sound/sndmain.cpp,11,0,,11
sound_sndmain.cpp_convertDoubleToFixed_FUN_005a5e10,005a5e10,sound/sndmain.cpp,20,6,concat_artifact|unaffected_reg|unknown_field|extra_output,100
sound_sndmain.cpp_allocateHwSample_FUN_005a5620,005a5620,sound/sndmain.cpp,32,0,,32
sound_sndmain.cpp_CSfxOptions_reset_FUN_005a8830,005a8830,sound/sndmain.cpp,29,3,pointer_cast,64
sound_sndmain.cpp_CSfxSample_allocateHwSample_FUN_005a6170,005a6170,sound/sndmain.cpp,68,14,stack_param,213
sound_sndmain.cpp_CSfxSample_releaseBufferId_FUN_005a63b0,005a63b0,sound/sndmain.cpp,12,0,,12
sound_sndmain.cpp_getRecordingDeviceInfo_FUN_005ab780,005ab780,sound/sndmain.cpp,22,5,stack_param|pointer_cast,82
sound_sndmain.cpp_setSfxVolume_FUN_005a9ae0,005a9ae0,sound/sndmain.cpp,20,2,stack_param,45
sound_sndmain.cpp_parseWavFile_FUN_005a3fe0,005a3fe0,sound/sndmain.cpp,114,33,stack_param|unaffected_reg|badspacebase|register_param|stack_ref,469
sound_sndmain.cpp_set3DListenerOrientRight_FUN_005ab6e0,005ab6e0,sound/sndmain.cpp,13,0,,13
sound_sndmain.cpp_setSfxTrackedDoublePosition_FUN_005a9910,005a9910,sound/sndmain.cpp,21,2,stack_param,46
sound_sndmain.cpp_CSampleInfo_getSampleDuration_FUN_005a84d0,005a84d0,sound/sndmain.cpp,9,4,stack_param,54
sound_sndmain.cpp_CSfxSample_init_FUN_005a8480,005a8480,sound/sndmain.cpp,14,0,,14
sound_sndmain.cpp_CSfxSlot_updateBoundPositionAndVelocity_FUN_005a6ce0,005a6ce0,sound/sndmain.cpp,45,6,pointer_cast,110
sound_sndmain.cpp_setNextSfxTriggerTime_FUN_005a8be0,005a8be0,sound/sndmain.cpp,9,0,,9
sound_sndmain.cpp_hasHardware3DSound_FUN_005ab5a0,005ab5a0,sound/sndmain.cpp,9,0,,9
sound_sndmain.cpp_killSoundThread_FUN_005abcb0,005abcb0,sound/sndmain.cpp,18,0,,18
sound_sndmain.cpp_getAudioBitDepth_FUN_005ab250,005ab250,sound/sndmain.cpp,4,0,,4
sound_sndmain.cpp_freeAllSamples_FUN_005aa660,005aa660,sound/sndmain.cpp,13,0,,13
sound_sndmain.cpp_CSfxSlot_computeChannelVolumes_FUN_005a6f00,005a6f00,sound/sndmain.cpp,69,5,sub_artifact|concat_artifact,129
sound_sndmain.cpp_computeFFT_FUN_005a3c90,005a3c90,sound/sndmain.cpp,107,0,,107
sound_sndmain.cpp_setSoundEnabled_FUN_005a96c0,005a96c0,sound/sndmain.cpp,20,0,,20
sound_sndmain.cpp_CSfxSample_pollStream_FUN_005a6730,005a6730,sound/sndmain.cpp,239,9,stack_param|extra_output|pointer_cast,344
sound_mp3.cpp_CMP3Decoder_readLayer3SideInfo_FUN_005307a0,005307a0,sound/mp3.cpp,243,68,stack_param|unaffected_reg|pointer_cast,938
sound_mp3.cpp_CFileBitStream_readQuantizedSamples_FUN_0052fb50,0052fb50,sound/mp3.cpp,59,3,pointer_cast,94
sound_mp3.cpp_CFileBitStream_reset_FUN_0052eca0,0052eca0,sound/mp3.cpp,11,0,,11
sound_mp3.cpp_CMP3Decoder_ctor_FUN_005344f0,005344f0,sound/mp3.cpp,8,0,,8
sound_mp3.cpp_initializeHuffmanTables_FUN_00533f80,00533f80,sound/mp3.cpp,114,20,stack_param|unaffected_reg|badspacebase|pointer_cast|register_param,339
sound_mp3.cpp_testMP3DecoderBenchmark_FUN_00534210,00534210,sound/mp3.cpp,89,29,stack_param|unaffected_reg|badspacebase|register_param|stack_ref,404
sound_mp3.cpp_CFileBitStream_getErrorFlag_FUN_0052f0d0,0052f0d0,sound/mp3.cpp,4,0,,4
sound_mp3.cpp_calculateMainDataSize_FUN_00533c50,00533c50,sound/mp3.cpp,34,2,extra_output,59
sound_mp3.cpp_CFileBitStream_init_FUN_0052ecf0,0052ecf0,sound/mp3.cpp,39,5,stack_param,94
sound_mp3.cpp_CMP3Decoder_readLayer3ScalefactorsLSF_FUN_00531480,00531480,sound/mp3.cpp,91,4,pointer_cast,136
sound_mp3.cpp_CMP3Decoder_synthesisFilterbank_FUN_005304f0,005304f0,sound/mp3.cpp,124,6,extra_output|badspacebase|register_param,199
sound_mp3.cpp_CMP3Decoder_decodeFrame_FUN_00534d40,00534d40,sound/mp3.cpp,547,100,stack_param|negative_offset|unaffected_reg|unknown_field|extra_output|badspacebase|pointer_cast|register_param|stack_ref,1592
sound_mp3.cpp_requantizeLayer3Samples_FUN_00531d50,00531d50,sound/mp3.cpp,193,23,extra_output|pointer_cast,433
sound_mp3.cpp_CMP3Decoder_synthesisPoly_FUN_00533ba0,00533ba0,sound/mp3.cpp,32,3,badspacebase|pointer_cast|register_param,77
sound_mp3.cpp_initializeSynthesisDctTable_FUN_00530400,00530400,sound/mp3.cpp,54,9,concat_artifact|unknown_field|extra_output|badspacebase|register_param,169
sound_mp3.cpp_applyScalefactorsToLayer2Samples_FUN_005303a0,005303a0,sound/mp3.cpp,29,2,pointer_cast,54
sound_mp3.cpp_initializeHuffmanTables_FUN_00533d30,00533d30,sound/mp3.cpp,110,24,unaffected_reg|badspacebase|pointer_cast|register_param|stack_ref,375
sound_mp3.cpp_CFileBitStream_readAllocationTable_FUN_0052f7a0,0052f7a0,sound/mp3.cpp,46,1,pointer_cast,61
sound_mp3.cpp_calculateMpegFrame_FUN_0052ea80,0052ea80,sound/mp3.cpp,68,6,extra_output,133
sound_mp3.cpp_CMP3Decoder_dtor_FUN_00534530,00534530,sound/mp3.cpp,5,0,,5
sound_mp3.cpp_reorderShortBlockSamples_FUN_00532200,00532200,sound/mp3.cpp,141,0,,141
sound_mp3.cpp_CMP3Decoder_putByte_FUN_0052f260,0052f260,sound/mp3.cpp,16,0,,16
sound_mp3.cpp_CFileBitStream_close_FUN_0052edf0,0052edf0,sound/mp3.cpp,21,0,,21
sound_mp3.cpp_CMP3Decoder_parseHeader_FUN_00534630,00534630,sound/mp3.cpp,126,19,stack_param|unaffected_reg|extra_output|badspacebase|register_param,341
sound_mp3.cpp_CFileBitStream_readBit_FUN_0052ee50,0052ee50,sound/mp3.cpp,46,0,,46
sound_mp3.cpp_CFileBitStream_readQuantizedSamplesGrouped_FUN_0052fc50,0052fc50,sound/mp3.cpp,109,13,pointer_cast,244
sound_mp3.cpp_CMP3Decoder_decodeScalefacCompress_FUN_005310f0,005310f0,sound/mp3.cpp,143,9,concat_artifact|unknown_field|badspacebase|register_param,253
sound_mp3.cpp_antiAliasingButterfly_FUN_005334b0,005334b0,sound/mp3.cpp,103,11,sub_artifact|pointer_cast,223
sound_mp3.cpp_CFileBitStream_readScaleFactorsSCFSI_FUN_0052f8e0,0052f8e0,sound/mp3.cpp,122,7,pointer_cast,197
sound_mp3.cpp_CMP3Decoder_seek_FUN_00534ba0,00534ba0,sound/mp3.cpp,52,0,,52
sound_mp3.cpp_CFileBitStream_readAllocationValues_FUN_0052f670,0052f670,sound/mp3.cpp,69,6,pointer_cast,134
sound_mp3.cpp_getMpegLayer2AllocationTable_FUN_0052ea10,0052ea10,sound/mp3.cpp,11,0,,11
sound_mp3.cpp_CMP3Decoder_huffmanDecode_FUN_0052f350,0052f350,sound/mp3.cpp,91,12,extra_output,216
sound_mp3.cpp_CMP3Decoder_readLayer3Scalefactors_FUN_00530d20,00530d20,sound/mp3.cpp,135,6,pointer_cast,200
sound_mp3.cpp_mpegLayer3StereoProcess_FUN_005325e0,005325e0,sound/mp3.cpp,533,43,concat_artifact|badspacebase|pointer_cast|register_param,983
sound_mp3.cpp_CMP3Decoder_getTotalBitsRead_FUN_0052f160,0052f160,sound/mp3.cpp,4,0,,4
sound_mp3.cpp_CMP3Decoder_unreadBits_FUN_0052f2c0,0052f2c0,sound/mp3.cpp,15,0,,15
sound_mp3.cpp_CMP3Decoder_read_FUN_00534a60,00534a60,sound/mp3.cpp,71,2,pointer_cast,96
sound_mp3.cpp_CFileBitStream_syncToPattern_FUN_0052f0e0,0052f0e0,sound/mp3.cpp,18,0,,18
sound_mp3.cpp_CMP3Decoder_openFile_FUN_00534550,00534550,sound/mp3.cpp,36,0,,36
sound_mp3.cpp_validateLayer2AllocationTable_FUN_0052e8d0,0052e8d0,sound/mp3.cpp,47,6,extra_output,112
sound_mp3.cpp_CMP3Decoder_getTotalSamples_FUN_00534d10,00534d10,sound/mp3.cpp,13,0,,13
sound_mp3.cpp_CFileBitStream_getTotalBitsRead_FUN_0052f0c0,0052f0c0,sound/mp3.cpp,4,0,,4
sound_mp3.cpp_requantizeLayer3Samples_FUN_0052fee0,0052fee0,sound/mp3.cpp,102,2,pointer_cast,127
sound_mp3.cpp_CMP3Decoder_rewindBytes_FUN_0052f320,0052f320,sound/mp3.cpp,8,0,,8
sound_mp3.cpp_calculateIntensityStereoRatio_FUN_00532540,00532540,sound/mp3.cpp,25,0,,25
sound_mp3.cpp_requantizeSamples_FUN_005301b0,005301b0,sound/mp3.cpp,55,4,pointer_cast,100
sound_mp3.cpp_CFileBitStream_readScalefactors_FUN_0052f850,0052f850,sound/mp3.cpp,35,2,pointer_cast,60
sound_mp3.cpp_CFileBitStream_fillBuffer_FUN_0052ec40,0052ec40,sound/mp3.cpp,29,0,,29
sound_mp3.cpp_CMP3Decoder_free_FUN_005349e0,005349e0,sound/mp3.cpp,28,0,,28
sound_mp3.cpp_applyScalefactorsToSubbands_FUN_005302f0,005302f0,sound/mp3.cpp,36,1,pointer_cast,51
sound_mp3.cpp_CFileBitStream_readBits_FUN_0052ef40,0052ef40,sound/mp3.cpp,75,4,unaffected_reg,120
sound_mp3.cpp_CFileBitStream_readFrameHeader_FUN_0052f5b0,0052f5b0,sound/mp3.cpp,33,0,,33
sound_mp3.cpp_CMP3Decoder_huffmanDecodeLayer3Samples_FUN_00531680,00531680,sound/mp3.cpp,210,59,stack_param|unaffected_reg|badspacebase|pointer_cast|register_param|stack_ref,830
sound_mp3.cpp_CMP3Decoder_readBits_FUN_0052f170,0052f170,sound/mp3.cpp,39,0,,39
sound_mp3.cpp_applyPolyphaseWindow_FUN_00533690,00533690,sound/mp3.cpp,271,41,badspacebase|pointer_cast|register_param,696
sound_mp3.cpp_CMP3Decoder_readBit_FUN_0052f250,0052f250,sound/mp3.cpp,5,0,,5
sound_sndwav.cpp_CWavOutDevice_setSfxPos_FUN_005b1700,005b1700,sound/sndwav.cpp,6,0,,6
sound_sndwav.cpp_CWavOutDevice_unlockSample_FUN_005b16e0,005b16e0,sound/sndwav.cpp,5,0,,5
sound_sndwav.cpp_CWavOutDevice_commitDeferredSettings_FUN_005b16a0,005b16a0,sound/sndwav.cpp,5,0,,5
sound_sndwav.cpp_CWavInDevice_start_FUN_005b0e20,005b0e20,sound/sndwav.cpp,37,3,pointer_cast,72
sound_sndwav.cpp_CWavInDevice_close_FUN_005b0d70,005b0d70,sound/sndwav.cpp,34,8,pointer_cast,119
sound_sndwav.cpp_CWavOutDevice_allocateSample_FUN_005b16b0,005b16b0,sound/sndwav.cpp,7,0,,7
sound_sndwav.cpp_getWavOutBufferSizeBytes_FUN_005b0690,005b0690,sound/sndwav.cpp,6,0,,6
sound_sndwav.cpp_CWavOutDevice_set3DListenerPos_FUN_005b1660,005b1660,sound/sndwav.cpp,6,0,,6
sound_sndwav.cpp_CWavOutDevice_set3DListenerDistanceFactor_FUN_005b1690,005b1690,sound/sndwav.cpp,6,0,,6
sound_sndwav.cpp_CWavOutDevice_reset_FUN_005b09c0,005b09c0,sound/sndwav.cpp,26,2,pointer_cast,51
sound_sndwav.cpp_CWavInDevice_poll_FUN_005b12e0,005b12e0,sound/sndwav.cpp,60,11,stack_param|pointer_cast,180
sound_sndwav.cpp_CWavOutDevice_hasHardware3D_FUN_005b1650,005b1650,sound/sndwav.cpp,4,0,,4
sound_sndwav.cpp_CWavOutDevice_getSfxPlaybackPos_FUN_005b1710,005b1710,sound/sndwav.cpp,6,0,,6
sound_sndwav.cpp_getWavOutDevice_FUN_005b1510,005b1510,sound/sndwav.cpp,18,7,stack_param|badspacebase|register_param|stack_ref,108
sound_sndwav.cpp_writeWavInBuffer_FUN_005b0cc0,005b0cc0,sound/sndwav.cpp,25,0,,25
sound_sndwav.cpp_CWavOutDevice_killSfx_FUN_005b1740,005b1740,sound/sndwav.cpp,5,0,,5
sound_sndwav.cpp_enumerateWavOutDevice_FUN_005b1470,005b1470,sound/sndwav.cpp,58,6,negative_offset|badspacebase|pointer_cast|register_param|stack_ref,143
sound_sndwav.cpp_CWavOutDevice_set3DListenerOrient_FUN_005b1670,005b1670,sound/sndwav.cpp,7,0,,7
sound_sndwav.cpp_CWavOutDevice_isSfxPlaying_FUN_005b1750,005b1750,sound/sndwav.cpp,5,0,,5
sound_sndwav.cpp_getWavInBufferSizeBytes_FUN_005b0c90,005b0c90,sound/sndwav.cpp,6,0,,6
sound_sndwav.cpp_CWavInDevice_setMode_FUN_005b0f70,005b0f70,sound/sndwav.cpp,122,20,stack_param|unknown_field|badspacebase|pointer_cast|register_param,347
sound_sndwav.cpp_writeWavOutBuffer_FUN_005b06c0,005b06c0,sound/sndwav.cpp,56,9,stack_param|badspacebase|pointer_cast|register_param|stack_ref,171
sound_sndwav.cpp_CWavOutDevice_startSfx_FUN_005b1730,005b1730,sound/sndwav.cpp,5,0,,5
sound_sndwav.cpp_CWavOutDevice_setMode_FUN_005b0a30,005b0a30,sound/sndwav.cpp,69,17,stack_param|unknown_field|badspacebase|pointer_cast|register_param,264
sound_sndwav.cpp_getWavInDevice_FUN_005b1600,005b1600,sound/sndwav.cpp,18,7,stack_param|badspacebase|register_param|stack_ref,108
sound_sndwav.cpp_CWavOutDevice_poll_FUN_005b0c10,005b0c10,sound/sndwav.cpp,25,3,pointer_cast,60
sound_sndwav.cpp_CWavOutDevice_freeSample_FUN_005b16c0,005b16c0,sound/sndwav.cpp,5,0,,5
sound_sndwav.cpp_CWavOutDevice_start_FUN_005b08f0,005b08f0,sound/sndwav.cpp,35,6,stack_param|pointer_cast,105
sound_sndwav.cpp_CWavOutDevice_lockSample_FUN_005b16d0,005b16d0,sound/sndwav.cpp,6,0,,6
sound_sndwav.cpp_staticInit_FUN_005b0670,005b0670,sound/sndwav.cpp,6,0,,6
sound_sndwav.cpp_CWavOutDevice_close_FUN_005b0840,005b0840,sound/sndwav.cpp,34,8,pointer_cast,119
sound_sndwav.cpp_CWavOutDevice_set3DListenerVelocity_FUN_005b1680,005b1680,sound/sndwav.cpp,6,0,,6
sound_sndwav.cpp_CWavOutDevice_allocateSfx_FUN_005b16f0,005b16f0,sound/sndwav.cpp,6,0,,6
sound_sndwav.cpp_enumerateWavInDevice_FUN_005b1560,005b1560,sound/sndwav.cpp,56,6,negative_offset|badspacebase|pointer_cast|register_param|stack_ref,141
sound_sndwav.cpp_CWavInDevice_reset_FUN_005b0f10,005b0f10,sound/sndwav.cpp,22,2,pointer_cast,47
wincore_windll.cpp_fillDepthRegion_FUN_005b3fc2,005b3fc2,wincore/windll.cpp,25,0,,25
wincore_windll.cpp_transformAndProjectPoint_FUN_005b575c,005b575c,wincore/windll.cpp,111,2,sborrow_artifact,136
wincore_windll.cpp_updateTextureBGRA_FUN_005b73f6,005b73f6,wincore/windll.cpp,11,0,,11
wincore_windll.cpp_updateTexture_FUN_005b72fb,005b72fb,wincore/windll.cpp,11,0,,11
wincore_windll.cpp_clearScreen_FUN_005b3f37,005b3f37,wincore/windll.cpp,41,1,pointer_cast,56
wincore_windll.cpp_drawPolyList2_FUN_005b7780,005b7780,wincore/windll.cpp,39,13,stack_param|badspacebase|pointer_cast|register_param,189
wincore_windll.cpp_CExternalRenderer_setProcessingDataAndValidate_FUN_005b5cf0,005b5cf0,wincore/windll.cpp,11,0,,11
wincore_windll.cpp_addParticle_FUN_005b7985,005b7985,wincore/windll.cpp,9,0,,9
wincore_windll.cpp_drawFullScreenQuad_FUN_005b7a50,005b7a50,wincore/windll.cpp,31,5,stack_param|badspacebase|register_param|stack_ref,101
wincore_windll.cpp_lockHoldBuffer_FUN_005b7df0,005b7df0,wincore/windll.cpp,9,0,,9
wincore_windll.cpp_transformPoint_FUN_005b5a25,005b5a25,wincore/windll.cpp,111,2,sborrow_artifact,136
wincore_windll.cpp_unlockFrameX_FUN_005b7f40,005b7f40,wincore/windll.cpp,15,0,,15
wincore_windll.cpp_setColorTable16_FUN_005b7579,005b7579,wincore/windll.cpp,14,0,,14
wincore_windll.cpp_renderScanline_FUN_005b5710,005b5710,wincore/windll.cpp,8,0,,8
wincore_windll.cpp_lockFrameX_FUN_005b7f0b,005b7f0b,wincore/windll.cpp,16,0,,16
wincore_windll.cpp_getVideoMemory_FUN_005b7d60,005b7d60,wincore/windll.cpp,11,0,,11
wincore_windll.cpp_clearZBuffer_FUN_005b3ed4,005b3ed4,wincore/windll.cpp,25,0,,25
wincore_windll.cpp_renderScanlineSaved_FUN_005b5716,005b5716,wincore/windll.cpp,18,14,unaffected_reg|register_param,168
wincore_windll.cpp_renderAlphaRow16_FUN_005b55f7,005b55f7,wincore/windll.cpp,109,18,undefined_type|concat_artifact,299
wincore_windll.cpp_renderMMXPerspectiveScanline32_FUN_005b4031,005b4031,wincore/windll.cpp,569,124,undefined_type|sub_artifact|concat_artifact|pointer_cast,1829
wincore_windll.cpp_lockTexture_FUN_005b7e23,005b7e23,wincore/windll.cpp,9,0,,9
wincore_windll.cpp_CExternalRenderer_setProcessingData_FUN_005b5d10,005b5d10,wincore/windll.cpp,7,0,,7
wincore_windll.cpp_restoreVideoMode_FUN_005b75b0,005b75b0,wincore/windll.cpp,10,0,,10
wincore_windll.cpp_clearZBuffer_FUN_005b7be0,005b7be0,wincore/windll.cpp,9,0,,9
wincore_windll.cpp_selectTextureBGRA_FUN_005b73be,005b73be,wincore/windll.cpp,11,0,,11
wincore_windll.cpp_setFogColor_FUN_005b7b80,005b7b80,wincore/windll.cpp,12,0,,12
wincore_windll.cpp_selectCard_FUN_005b7d90,005b7d90,wincore/windll.cpp,9,0,,9
wincore_windll.cpp_drawPolygon2_FUN_005b7610,005b7610,wincore/windll.cpp,11,0,,11
wincore_windll.cpp_CExternalRenderer_validate_FUN_005b7fe0,005b7fe0,wincore/windll.cpp,58,4,unknown_field,103
wincore_windll.cpp_CExternalRenderer_switchRenderer_FUN_005b8117,005b8117,wincore/windll.cpp,9,0,,9
wincore_windll.cpp_kill_FUN_005b71e0,005b71e0,wincore/windll.cpp,9,0,,9
wincore_windll.cpp_flushParticleList_FUN_005b79b2,005b79b2,wincore/windll.cpp,9,0,,9
wincore_windll.cpp_masterZBuffer_FUN_005b7d00,005b7d00,wincore/windll.cpp,9,0,,9
wincore_windll.cpp_isExternalRendererActive_FUN_005b7200,005b7200,wincore/windll.cpp,4,0,,4
wincore_windll.cpp_selectTexture_FUN_005b7340,005b7340,wincore/windll.cpp,11,0,,11
wincore_windll.cpp_drawPolyList3_FUN_005b78c0,005b78c0,wincore/windll.cpp,31,8,badspacebase|pointer_cast|register_param,126
wincore_windll.cpp_renderMMXPerspectiveScanline16_FUN_005b4823,005b4823,wincore/windll.cpp,586,120,undefined_type|sub_artifact|concat_artifact|pointer_cast,1806
wincore_windll.cpp_setResolutionAndColorTable_FUN_005b7460,005b7460,wincore/windll.cpp,58,0,,58
wincore_windll.cpp_toggleX_FUN_005b7f66,005b7f66,wincore/windll.cpp,9,0,,9
wincore_windll.cpp_clearZBox_FUN_005b7c00,005b7c00,wincore/windll.cpp,9,0,,9
wincore_windll.cpp_lockFrame_FUN_005b7210,005b7210,wincore/windll.cpp,17,0,,17
wincore_windll.cpp_loadExternalRenderer_FUN_005b6750,005b6750,wincore/windll.cpp,410,4,undefined_type|concat_artifact|badspacebase|register_param,470
wincore_windll.cpp_setMipMapLevel_FUN_005b7436,005b7436,wincore/windll.cpp,9,0,,9
wincore_windll.cpp_renderPerspectiveCorrectScanline32_FUN_005b50ec,005b50ec,wincore/windll.cpp,119,8,concat_artifact|pointer_cast,209
wincore_windll.cpp_endScene_FUN_005b72a0,005b72a0,wincore/windll.cpp,9,0,,9
wincore_windll.cpp_buildCardList_FUN_005b7db0,005b7db0,wincore/windll.cpp,13,0,,13
wincore_windll.cpp_add3dLine_FUN_005b79d3,005b79d3,wincore/windll.cpp,10,0,,10
wincore_windll.cpp_unlockTexture_FUN_005b7e4b,005b7e4b,wincore/windll.cpp,9,0,,9
wincore_windll.cpp_unlockHoldBuffer_FUN_005b7e10,005b7e10,wincore/windll.cpp,9,0,,9
wincore_windll.cpp_switchRenderer_FUN_005b8140,005b8140,wincore/windll.cpp,21,2,stack_param,46
wincore_windll.cpp_presentToExternalRenderer_FUN_005b7c30,005b7c30,wincore/windll.cpp,48,3,pointer_cast,83
wincore_windll.cpp_shutdownExternalRenderer_FUN_005b5d20,005b5d20,wincore/windll.cpp,67,0,,67
wincore_windll.cpp_unlockFrame_FUN_005b7250,005b7250,wincore/windll.cpp,12,0,,12
wincore_windll.cpp_drawPolygon_FUN_005b75e0,005b75e0,wincore/windll.cpp,11,0,,11
wincore_windll.cpp_renderAlphaRow32_FUN_005b555c,005b555c,wincore/windll.cpp,100,19,concat_artifact,295
wincore_windll.cpp_clearScreen_FUN_005b3e70,005b3e70,wincore/windll.cpp,30,0,,30
wincore_windll.cpp_clear_FUN_005b7a30,005b7a30,wincore/windll.cpp,9,0,,9
wincore_windll.cpp_sync_FUN_005b7bc0,005b7bc0,wincore/windll.cpp,9,0,,9
wincore_windll.cpp_getTextureInfo_FUN_005b7e70,005b7e70,wincore/windll.cpp,9,0,,9
wincore_windll.cpp_drawPolyList_FUN_005b7640,005b7640,wincore/windll.cpp,46,29,badspacebase|pointer_cast|register_param,351
wincore_windll.cpp_renderPerspectiveCorrectScanline16_FUN_005b5322,005b5322,wincore/windll.cpp,121,7,concat_artifact|pointer_cast,201
wincore_windll.cpp_getCurrentRenderer_FUN_005b8185,005b8185,wincore/windll.cpp,5,0,,5
wincore_windll.cpp_flushLineList_FUN_005b7a09,005b7a09,wincore/windll.cpp,9,0,,9
wincore_windll.cpp_updateTexture_FUN_005b7380,005b7380,wincore/windll.cpp,12,0,,12
wincore_windll.cpp_setVideoModeX_FUN_005b7e8b,005b7e8b,wincore/windll.cpp,17,0,,17
wincore_windll.cpp_beginScene_FUN_005b7280,005b7280,wincore/windll.cpp,9,0,,9
wincore_windll.cpp_restoreZBuffer_FUN_005b7d20,005b7d20,wincore/windll.cpp,10,0,,10
wincore_windll.cpp_restoreVideoModeX_FUN_005b7ede,005b7ede,wincore/windll.cpp,9,0,,9
wincore_windll.cpp_initializeExternalRenderer_FUN_005b5ec0,005b5ec0,wincore/windll.cpp,352,4,undefined_type|concat_artifact|badspacebase|register_param,412
wincore_windll.cpp_setFogColorFromPalette_FUN_005b7b01,005b7b01,wincore/windll.cpp,13,0,,13
wincore_windll.cpp_CExternalRenderer_ctor_FUN_005b7f90,005b7f90,wincore/windll.cpp,9,0,,9
wincore_windll.cpp_selectTexture_FUN_005b72b3,005b72b3,wincore/windll.cpp,11,0,,11
wincore_winvideo.cpp_closeMovie_FUN_005f46b0,005f46b0,wincore/winvideo.cpp,13,3,stack_param,48
wincore_winvideo.cpp_toggleMoviePlayback_FUN_005f4990,005f4990,wincore/winvideo.cpp,24,0,,24
wincore_winvideo.cpp_playMovie_FUN_005f4a00,005f4a00,wincore/winvideo.cpp,112,4,undefined_type|concat_artifact|badspacebase|register_param,172
wincore_winvideo.cpp_openMovie_FUN_005f4700,005f4700,wincore/winvideo.cpp,80,29,stack_param|badspacebase|register_param|stack_ref,390
wincore_winvideo.cpp_positionMovieWindow_FUN_005f4500,005f4500,wincore/winvideo.cpp,50,24,stack_param|badspacebase|register_param|stack_ref,310
wincore_wddvmem.cpp_analyzePixelFormat_FUN_005ed730,005ed730,wincore/wddvmem.cpp,91,15,stack_param|badspacebase|register_param|stack_ref,261
wincore_wddvmem.cpp_initializeScanlinePointers_FUN_005ece60,005ece60,wincore/wddvmem.cpp,27,1,pointer_cast,42
wincore_wddvmem.cpp_loadLibrary_FUN_005ede10,005ede10,wincore/wddvmem.cpp,6,0,,6
wincore_wddvmem.cpp_allocateRenderBuffers_FUN_005ecac0,005ecac0,wincore/wddvmem.cpp,24,2,pointer_cast,49
wincore_wddvmem.cpp_convertPaletteToDirectColor_FUN_004f41c0,004f41c0,wincore/wddvmem.cpp,60,8,unknown_field|pointer_cast,150
wincore_wddvmem.cpp_cleanupGraphicsSystem_FUN_005ecd90,005ecd90,wincore/wddvmem.cpp,34,0,,34
wincore_wddvmem.cpp_findMostSignificantBit_FUN_005ed710,005ed710,wincore/wddvmem.cpp,12,0,,12
wincore_wddvmem.cpp_getProcAddress_FUN_005ede20,005ede20,wincore/wddvmem.cpp,6,0,,6
wincore_wddvmem.cpp_setupColorPalette_FUN_005ed8f0,005ed8f0,wincore/wddvmem.cpp,48,0,,48
wincore_wddvmem.cpp_freeLibrary_FUN_005ede00,005ede00,wincore/wddvmem.cpp,6,0,,6
wincore_wddvmem.cpp_freeTextureCache_FUN_005dd7a0,004037a0,wincore/wddvmem.cpp,5,0,,5
wincore_wddvmem.cpp_swapBuffers_FUN_005eda20,005eda20,wincore/wddvmem.cpp,117,17,stack_param|badspacebase|pointer_cast|register_param|stack_ref,312
wincore_wddvmem.cpp_initializeColorMasks_FUN_004f3ff0,004f3ff0,wincore/wddvmem.cpp,41,8,concat_artifact|unknown_field|pointer_cast,136
wincore_wddvmem.cpp_restoreVideoAndMinimizeWindow_FUN_005edc50,005edc50,wincore/wddvmem.cpp,9,0,,9
wincore_wddvmem.cpp_initializeGraphicsSystem_FUN_005ecc10,005ecc10,wincore/wddvmem.cpp,47,1,pointer_cast,62
wincore_wddvmem.cpp_freeRenderBuffers_FUN_005ecba0,005ecba0,wincore/wddvmem.cpp,19,0,,19
wincore_wddvmem.cpp_reinitializeGraphicsSystem_FUN_005ed4b0,005ed4b0,wincore/wddvmem.cpp,34,0,,34
wincore_wddvmem.cpp_initTextureCache_FUN_005dd760,00403790,wincore/wddvmem.cpp,12,0,,12
wincore_wddvmem.cpp_reinitializeDirectDraw_FUN_005ec980,005ec980,wincore/wddvmem.cpp,30,0,,30
wincore_wddvmem.cpp_videoRestore_FUN_005edc80,005edc80,wincore/wddvmem.cpp,58,0,,58
wincore_wddvmem.cpp_stubFunction_FUN_005edd80,005edd80,wincore/wddvmem.cpp,4,0,,4
wincore_wddvmem.cpp_cleanupDirectDrawSurfaces_FUN_005ec920,005ec920,wincore/wddvmem.cpp,17,0,,17
wincore_wddvmem.cpp_setScreenResolution_FUN_005ecef0,005ecef0,wincore/wddvmem.cpp,150,23,stack_param|badspacebase|pointer_cast|register_param|stack_ref,405
wincore_wddvmem.cpp_populateColorTable_FUN_004f4140,004f4140,wincore/wddvmem.cpp,26,2,concat_artifact|pointer_cast,56
wincore_wddvmem.cpp_resetGraphicsSystem_FUN_005ed2a0,005ed2a0,wincore/wddvmem.cpp,75,0,,75
wincore_wddvmem.cpp_openScreenDevice_FUN_005ed580,005ed580,wincore/wddvmem.cpp,37,5,sborrow_artifact|badspacebase|pointer_cast|register_param|stack_ref,112
wincore_wddvmem.cpp_closeScreenDevice_FUN_005ed630,005ed630,wincore/wddvmem.cpp,41,2,pointer_cast,66
wincore_wddvmem.cpp_shutdownDirectDraw_FUN_005eca30,005eca30,wincore/wddvmem.cpp,22,0,,22
wincore_winrun.cpp_getTime_FUN_005f2dc0,005f2dc0,wincore/winrun.cpp,22,1,unknown_field,37
wincore_winrun.cpp_endPeriod_FUN_005f2db0,005f2db0,wincore/winrun.cpp,5,0,,5
wincore_winrun.cpp_setRegistryStringValue_FUN_005f4290,005f4290,wincore/winrun.cpp,36,8,stack_param|badspacebase|register_param,131
wincore_winrun.cpp_waitForMutexTimeout_FUN_005f4010,005f4010,wincore/winrun.cpp,15,0,,15
wincore_winrun.cpp_getKeyName_FUN_005f3980,005f3980,wincore/winrun.cpp,347,0,,347
wincore_winrun.cpp_releaseMutex_FUN_005f4050,005f4050,wincore/winrun.cpp,8,0,,8
wincore_winrun.cpp_getRegistryStringValue_FUN_005f4210,005f4210,wincore/winrun.cpp,26,13,stack_param|badspacebase|register_param|stack_ref,176
wincore_winrun.cpp_setValue_FUN_005f2f70,005f2f70,wincore/winrun.cpp,5,0,,5
wincore_winrun.cpp_winMain_FUN_005f3680,005f3680,wincore/winrun.cpp,127,3,badspacebase|pointer_cast|register_param,172
wincore_winrun.cpp_processWindowMessages_FUN_005f35e0,005f35e0,wincore/winrun.cpp,31,7,badspacebase|pointer_cast|register_param|stack_ref,121
wincore_winrun.cpp_waitForMutex_FUN_005f3ff0,005f3ff0,wincore/winrun.cpp,9,0,,9
wincore_winrun.cpp_createMutex_FUN_005f3fe0,005f3fe0,wincore/winrun.cpp,6,0,,6
wincore_winrun.cpp_wasKeyPressed_FUN_005f2f00,005f2f00,wincore/winrun.cpp,4,0,,4
wincore_winrun.cpp_doNothing_FUN_005f2f80,005f2f80,wincore/winrun.cpp,4,0,,4
wincore_winrun.cpp_enqueueInput_FUN_005f2f30,005f2f30,wincore/winrun.cpp,13,0,,13
wincore_winrun.cpp_plotClippedPixel_FUN_005f2f90,005f2f90,wincore/winrun.cpp,9,0,,9
wincore_winrun.cpp_drawCrosshair_FUN_005f2fd0,005f2fd0,wincore/winrun.cpp,40,0,,40
wincore_winrun.cpp_doNothing_FUN_005f4380,005f4380,wincore/winrun.cpp,4,0,,4
wincore_winrun.cpp_getValue_FUN_005f2f20,005f2f20,wincore/winrun.cpp,4,0,,4
wincore_winrun.cpp_initJoystick_FUN_005f4310,005f4310,wincore/winrun.cpp,24,3,badspacebase|register_param|stack_ref,69
wincore_winrun.cpp_clearKeypresses_FUN_005f2e70,005f2e70,wincore/winrun.cpp,7,0,,7
wincore_winrun.cpp_sleep_FUN_005f40e0,005f40e0,wincore/winrun.cpp,12,0,,12
wincore_winrun.cpp_setThreadPriority_FUN_005f40a0,005f40a0,wincore/winrun.cpp,23,0,,23
wincore_winrun.cpp_mainWindowProc_FUN_005f3150,005f3150,wincore/winrun.cpp,173,6,unknown_field,238
wincore_winrun.cpp_calibrateCPUSpeed_FUN_005f2b80,005f2b80,wincore/winrun.cpp,42,3,stack_param|unknown_field,82
wincore_winrun.cpp_getJoystickState_FUN_005f43a0,005f43a0,wincore/winrun.cpp,66,2,badspacebase|register_param,96
wincore_winrun.cpp_getNextKeypress_FUN_005f2e90,005f2e90,wincore/winrun.cpp,24,3,undefined_type|concat_artifact,64
wincore_winrun.cpp_addWindowsMessageHook_FUN_005f3100,005f3100,wincore/winrun.cpp,13,2,unaffected_reg,38
wincore_winrun.cpp_displayMessageBoxAndQuit_FUN_005f3920,005f3920,wincore/winrun.cpp,9,0,,9
wincore_winrun.cpp_createThread_FUN_005f4070,005f4070,wincore/winrun.cpp,9,2,badspacebase|register_param,39
wincore_winrun.cpp_clearMouseClicks_FUN_005f30c0,005f30c0,wincore/winrun.cpp,5,0,,5
wincore_winrun.cpp_getComputerAndUserName_FUN_005f4140,005f4140,wincore/winrun.cpp,45,4,badspacebase|register_param|stack_ref,100
wincore_winrun.cpp_setCursorPosition_FUN_005f30d0,005f30d0,wincore/winrun.cpp,9,4,stack_param,54
crt_signal.c_consoleCtrlHandler_FUN_0060cf20,0060cf20,crt/signal.c,25,0,,25
crt_signal.c_raiseFPE_FUN_0060d028,0060d028,crt/signal.c,12,0,,12
crt_signal.c_processSignal_FUN_0060d128,0060d128,crt/signal.c,41,0,,41
crt_signal.c_unregisterConsoleHandler_FUN_0060cfe4,0060cfe4,crt/signal.c,11,0,,11
crt_signal.c_setSignalHandler_FUN_0060ce60,0060ce60,crt/signal.c,16,0,,16
crt_signal.c_getSignalHandler_FUN_0060ceb4,0060ceb4,crt/signal.c,9,0,,9
crt_signal.c_registerConsoleHandler_FUN_0060cfb8,0060cfb8,crt/signal.c,11,0,,11
crt_env.c_getenv_FUN_006013f0,006013f0,crt/env.c,28,0,,28
crt_env.c_findEnvVar_FUN_0060f1f0,0060f1f0,crt/env.c,66,2,stack_param,91
crt_env.c_updateEnvironTable_FUN_0060f04c,0060f04c,crt/env.c,94,16,stack_param|unaffected_reg|pointer_cast|register_param,274
crt_env.c_putenv_internal_FUN_0060ee80,0060ee80,crt/env.c,97,21,stack_param|unaffected_reg,317
crt_strtod.c_staticInit_FUN_00603bb0,00603bb0,crt/strtod.c,6,0,,6
crt_system.c_sleep_FUN_00600790,00600790,crt/system.c,5,0,,5
crt_stdlib.c_rand_FUN_005feb5c,005feb5c,crt/stdlib.c,12,0,,12
crt_stdlib.c_srand_FUN_005feb80,005feb80,crt/stdlib.c,10,2,stack_param,35
crt_stdlib.c_atexitRegisterNode_FUN_00605b89,00605b89,crt/stdlib.c,6,0,,6
crt_stdlib.c_utoa_FUN_0060ae50,0060ae50,crt/stdlib.c,26,2,badspacebase|register_param,56
crt_stdlib.c_median_of_3_FUN_005fdea0,005fdea0,crt/stdlib.c,29,5,stack_param,84
crt_stdlib.c_i64toa_FUN_0060ad40,0060ad40,crt/stdlib.c,39,8,concat_artifact|unaffected_reg|unknown_field|badspacebase|register_param,144
crt_stdlib.c_atexit_FUN_005ff060,005ff060,crt/stdlib.c,5,0,,5
crt_stdlib.c_atoi_FUN_005ffef0,005ffef0,crt/stdlib.c,23,0,,23
crt_stdlib.c_charToDigit_FUN_0060ee18,0060ee18,crt/stdlib.c,20,0,,20
crt_stdlib.c_GetRandomSeedPointer_FUN_005feb50,005feb50,crt/stdlib.c,6,0,,6
crt_stdlib.c_strtoul_FUN_0060ede0,0060ede0,crt/stdlib.c,6,0,,6
crt_stdlib.c_memory_swap_FUN_005fdf10,005fdf10,crt/stdlib.c,33,24,unaffected_reg|pointer_cast|register_param,288
crt_stdlib.c_itoa_FUN_00607cc0,00607cc0,crt/stdlib.c,24,2,badspacebase|register_param,54
crt_stdlib.c_system_FUN_00602130,00602130,crt/stdlib.c,35,6,stack_param|concat_artifact|badspacebase|register_param|stack_ref,120
crt_stdlib.c_strtol_FUN_0060edfc,0060edfc,crt/stdlib.c,6,0,,6
crt_stdlib.c_strtol_internal_FUN_0060ec70,0060ec70,crt/stdlib.c,82,18,stack_param|unaffected_reg|pointer_cast,277
crt_stdlib.c_qsort_FUN_005fdf38,005fdf38,crt/stdlib.c,303,38,unaffected_reg|extra_output|badspacebase|pointer_cast|register_param,708
crt_unknown.c_SomethingWithUppercaseCharacterConvert_FUN_0060e5d0,0060e5d0,crt/unknown.c,31,12,concat_artifact|unaffected_reg|badspacebase|pointer_cast|register_param|stack_ref,181
crt_unknown.c_FUN_00600a64,00600a64,crt/unknown.c,24,6,stack_param,89
crt_unknown.c_FUN_00607858,00607858,crt/unknown.c,51,20,stack_param|badspacebase|pointer_cast|register_param,271
crt_unknown.c_FUN_0060501c,0060501c,crt/unknown.c,24,6,stack_param,89
crt_unknown.c_FUN_006040ed,006040ed,crt/unknown.c,19,6,undefined_type|concat_artifact|unaffected_reg,94
crt_unknown.c_FUN_0060b07a,0060b07a,crt/unknown.c,17,7,stack_param,92
crt_unknown.c_FUN_00607080,00607080,crt/unknown.c,19,9,stack_param,114
crt_unknown.c_FUN_00608e14,00608e14,crt/unknown.c,9,0,,9
crt_unknown.c_FUN_0060fcf4,0060fcf4,crt/unknown.c,78,9,stack_param|unaffected_reg,178
crt_unknown.c_FUN_0060b0c8,0060b0c8,crt/unknown.c,19,11,stack_param,134
crt_unknown.c_FUN_0060fa80,0060fa80,crt/unknown.c,5,0,,5
crt_unknown.c_FUN_00604824,00604824,crt/unknown.c,4,0,,4
crt_unknown.c_SomethingThatCallsExitThreadAfterCommunicate_FUN_0060e878,0060e878,crt/unknown.c,6,0,,6
crt_unknown.c_FUN_0060d480,0060d480,crt/unknown.c,6,1,pointer_cast,21
crt_unknown.c_FUN_0060d1ec,0060d1ec,crt/unknown.c,11,0,,11
crt_unknown.c_FUN_006040d7,006040d7,crt/unknown.c,25,5,concat_artifact|unaffected_reg,85
crt_unknown.c_FUN_0060b133,0060b133,crt/unknown.c,5,0,,5
crt_unknown.c_staticFinal_FUN_0060a4cc,0060a4cc,crt/unknown.c,21,0,,21
crt_unknown.c_FUN_00605950,00605950,crt/unknown.c,6,0,,6
crt_unknown.c_FUN_0060eb3a,0060eb3a,crt/unknown.c,4,0,,4
crt_unknown.c_FUN_0060b586,0060b586,crt/unknown.c,49,3,unaffected_reg,84
crt_unknown.c_DeleteCritcalSectionsMaybe_FUN_00609ff4,00609ff4,crt/unknown.c,23,0,,23
crt_unknown.c_ReturnZero6_FUN_0060e850,0060e850,crt/unknown.c,5,0,,5
crt_unknown.c_SomethingFPUControlWord_FUN_0060e8e0,0060e8e0,crt/unknown.c,13,6,stack_param,78
crt_unknown.c_DoSomethingAndSetCtrlHandler_FUN_0060d068,0060d068,crt/unknown.c,30,10,stack_param,135
crt_unknown.c_FUN_0060411c,0060411c,crt/unknown.c,15,8,unaffected_reg,100
crt_unknown.c_FUN_0060b670,0060b670,crt/unknown.c,33,19,stack_param,228
crt_unknown.c_FUN_0060a394,0060a394,crt/unknown.c,8,0,,8
crt_unknown.c_FUN_0060b106,0060b106,crt/unknown.c,7,0,,7
crt_unknown.c_FUN_0060b190,0060b190,crt/unknown.c,18,2,concat_artifact,43
crt_unknown.c_FUN_0060cf80,0060cf80,crt/unknown.c,13,0,,13
crt_unknown.c_CallReturnZero6_FUN_0060e880,0060e880,crt/unknown.c,6,0,,6
crt_unknown.c_FUN_00600ee4,00600ee4,crt/unknown.c,18,9,stack_param|pointer_cast,118
crt_unknown.c_FUN_00604104,00604104,crt/unknown.c,15,3,unaffected_reg,50
crt_unknown.c_FUN_00604478,00604478,crt/unknown.c,181,77,stack_param|concat_artifact|unknown_field|pointer_cast|register_param,976
crt_unknown.c_FUN_0060ccb4,0060cd20,crt/unknown.c,17,0,,17
crt_unknown.c_FUN_00603bf5,00603bf5,crt/unknown.c,16,15,stack_param|unknown_field,176
crt_unknown.c_FUN_0060e4f0,0060e4f0,crt/unknown.c,30,0,,30
crt_unknown.c_FUN_00610970,00610970,crt/unknown.c,8,6,stack_param,73
crt_unknown.c_FUN_0060ade0,0060ade0,crt/unknown.c,24,13,stack_param|badspacebase|register_param,169
crt_unknown.c_FUN_0060fa90,0060fa90,crt/unknown.c,14,4,stack_param,59
crt_unknown.c_FUN_00607c88,00607c88,crt/unknown.c,16,12,stack_param,141
crt_unknown.c_SetStdHandleToSomething_FUN_00608a1c,00608a1c,crt/unknown.c,43,19,stack_param|sborrow_artifact|pointer_cast,248
crt_unknown.c_AnotherFunctorCall2_FUN_00601258,00601258,crt/unknown.c,11,6,stack_param,76
crt_unknown.c_FUN_00603d60,00603d60,crt/unknown.c,10,3,stack_param,45
crt_unknown.c_FUN_00607958,00607958,crt/unknown.c,22,8,stack_param,107
crt_unknown.c_FUN_00608fdc,00608fdc,crt/unknown.c,33,3,stack_param|pointer_cast,73
crt_unknown.c_staticFinal_FUN_00602748,00602748,crt/unknown.c,12,0,,12
crt_unknown.c_thunk_FUN_0060b142,0060477a,crt/unknown.c,10,4,stack_param,55
crt_unknown.c_FUN_0060445e,0060445e,crt/unknown.c,5,0,,5
crt_unknown.c_FUN_0060d576,0060d576,crt/unknown.c,34,10,stack_param|pointer_cast,144
crt_unknown.c_FUN_00603c74,00603c74,crt/unknown.c,19,11,stack_param|pointer_cast,139
crt_unknown.c_staticFinal_FUN_00605b62,00605b62,crt/unknown.c,10,0,,10
crt_unknown.c_FUN_00603bc9,00603bc9,crt/unknown.c,12,6,stack_param|sub_artifact,82
crt_unknown.c_FUN_00610900,00610900,crt/unknown.c,27,0,,27
crt_unknown.c_FUN_00609fc8,00609fc8,crt/unknown.c,15,0,,15
crt_unknown.c_FUN_0060a1dc,0060a1dc,crt/unknown.c,5,0,,5
crt_unknown.c_FUN_0060d1a8,0060d1a8,crt/unknown.c,22,5,pointer_cast|register_param,82
crt_unknown.c_staticInit_FUN_0060240e,0060240e,crt/unknown.c,5,0,,5
crt_unknown.c_FUN_0060b5e8,0060b5e8,crt/unknown.c,43,5,concat_artifact|unaffected_reg,103
crt_unknown.c_FUN_006093e8,006093e8,crt/unknown.c,12,0,,12
crt_unknown.c_FUN_0060b142,0060b142,crt/unknown.c,10,4,stack_param,55
crt_unknown.c_FUN_0060c640,0060c640,crt/unknown.c,6,2,stack_param,31
crt_unknown.c_FUN_0060e256,0060e256,crt/unknown.c,25,4,concat_artifact|unaffected_reg,75
crt_unknown.c_FUN_0060fac0,0060fac0,crt/unknown.c,33,19,stack_param,228
crt_unknown.c_FUN_0060ced8,0060ced8,crt/unknown.c,12,2,unaffected_reg,37
crt_unknown.c_FUN_006107c0,006107c0,crt/unknown.c,17,9,stack_param,112
crt_unknown.c_ReadFileBytesMaybe_FUN_0060e930,0060e930,crt/unknown.c,105,20,unaffected_reg|badspacebase|register_param|stack_ref,325
crt_unknown.c_FUN_006047a4,006047a4,crt/unknown.c,11,0,,11
crt_unknown.c_staticFinal_FUN_00608fc0,00608fc0,crt/unknown.c,6,0,,6
crt_unknown.c_FUN_0060d48c,0060d48c,crt/unknown.c,12,6,stack_param,77
crt_unknown.c_FUN_0060403f,0060403f,crt/unknown.c,109,57,unaffected_reg,684
crt_unknown.c_FUN_0060eb4b,0060eb4b,crt/unknown.c,6,0,,6
crt_unknown.c_FUN_0060fb40,0060fb40,crt/unknown.c,70,13,stack_param|pointer_cast,210
crt_unknown.c_FUN_0060fe94,0060fe94,crt/unknown.c,67,5,stack_param,122
crt_unknown.c_FUN_0060eb57,0060eb57,crt/unknown.c,7,2,stack_param,32
crt_unknown.c_FUN_0060dcf6,0060dcf6,crt/unknown.c,181,27,sub_artifact|concat_artifact|unaffected_reg,466
crt_unknown.c_FUN_005ff0d0,005ff0d0,crt/unknown.c,9,5,stack_param|badspacebase|register_param|stack_ref,79
crt_unknown.c_FUN_00600c80,00600c80,crt/unknown.c,24,15,stack_param|badspacebase|register_param|stack_ref,194
crt_unknown.c_FUN_00600990,00600990,crt/unknown.c,60,3,stack_param|pointer_cast,100
crt_unknown.c_MultipleDoNothingCalls_FUN_00601a94,00601a94,crt/unknown.c,34,2,unaffected_reg,59
crt_unknown.c_FUN_00603dc8,00603dc8,crt/unknown.c,247,68,stack_param|sub_artifact|concat_artifact|badspacebase|register_param,952
crt_unknown.c_FUN_006107f0,006107f0,crt/unknown.c,51,22,stack_param,276
crt_unknown.c_CondCallDoNothing_FUN_00603ccc,00603ccc,crt/unknown.c,20,10,stack_param|concat_artifact,130
crt_unknown.c_staticFinal_FUN_00608bb0,00608bb0,crt/unknown.c,8,0,,8
crt_unknown.c_BaseStart_FUN_00401000,00401000,crt/unknown.c,7,0,,7
crt_unknown.c_FUN_00604267,00604267,crt/unknown.c,136,85,stack_param,991
crt_unknown.c_FUN_0060af5d,0060af5d,crt/unknown.c,43,27,stack_param|concat_artifact|extra_output|register_param,333
crt_startup.c_ExitApplication_FUN_0060b534,0060b534,crt/startup.c,9,0,,9
crt_startup.c_PlaceholderStub_FUN_0060ca80,0060ca80,crt/startup.c,4,0,,4
crt_startup.c_FUN_0060d230,0060d230,crt/startup.c,63,2,badspacebase|register_param,93
crt_startup.c_GetModuleFileNameCompat_FUN_0060a560,0060a560,crt/startup.c,28,0,,28
crt_startup.c_initialize_runtime_FUN_0060245c,0060245c,crt/startup.c,98,11,stack_param|unaffected_reg|pointer_cast,223
crt_startup.c_HandleRuntimeError_FUN_00606660,00606660,crt/startup.c,11,4,stack_param|register_param,61
crt_startup.c_notifyAbnormalTermination_FUN_00601620,00601620,crt/startup.c,6,0,,6
crt_startup.c_WriteErrorAndExit_FUN_00606620,00606620,crt/startup.c,19,4,stack_param|badspacebase|register_param,74
crt_startup.c_reportAbnormalTermination_FUN_00601628,00601628,crt/startup.c,5,0,,5
crt_startup.c_staticInit_FUN_0060aef4,0060aef4,crt/startup.c,5,0,,5
crt_fltused.c_staticInit_FUN_005fde60,005fde60,crt/fltused.c,12,0,,12
crt_time.c_parse_timezone_spec_FUN_00607348,00607348,crt/time.c,65,11,stack_param|unaffected_reg|badspacebase|register_param,195
crt_time.c_asctime_FUN_00601768,00601768,crt/time.c,8,0,,8
crt_time.c_formatTwoDigits_FUN_00601640,00601640,crt/time.c,10,0,,10
crt_time.c_strftime_FUN_006002d4,006002d4,crt/time.c,239,2,badspacebase|register_param,269
crt_time.c_gmtime_r_FUN_00607690,00607690,crt/time.c,45,4,unaffected_reg,90
crt_time.c_asctimeFormat_FUN_00601678,00601678,crt/time.c,34,0,,34
crt_time.c_tzset_FUN_006072f8,006072f8,crt/time.c,51,7,stack_param|unaffected_reg|badspacebase|register_param|stack_ref,146
crt_time.c_is_leap_year_FUN_00607820,00607820,crt/time.c,12,0,,12
crt_time.c_filetime_to_time_t_FUN_00609da0,00609da0,crt/time.c,35,16,stack_param|unaffected_reg|unknown_field|badspacebase|register_param|stack_ref,225
crt_time.c_mktime_FUN_00600f80,00600f80,crt/time.c,58,0,,58
crt_time.c_dos_datetime_to_time_t_FUN_0060c1e0,0060c1e0,crt/time.c,15,2,badspacebase|register_param,45
crt_time.c_localtime_FUN_00600288,00600288,crt/time.c,8,0,,8
crt_time.c_time_with_rounding_FUN_006001f0,006001f0,crt/time.c,16,5,extra_output|badspacebase|register_param|stack_ref,86
crt_time.c_determine_dst_status_FUN_006079b4,006079b4,crt/time.c,120,28,unaffected_reg|pointer_cast,410
crt_time.c_filetime_to_dos_datetime_FUN_00609cb0,00609cb0,crt/time.c,9,6,stack_param|badspacebase|register_param|stack_ref,89
crt_time.c_get_local_time_FUN_00607150,00607150,crt/time.c,16,5,unaffected_reg|badspacebase|register_param,81
crt_time.c_parse_tz_string_FUN_0060756c,0060756c,crt/time.c,31,5,unaffected_reg|badspacebase|register_param|stack_ref,101
crt_time.c_localtime_r_FUN_00600230,00600230,crt/time.c,13,0,,13
crt_time.c_parse_dst_rule_FUN_00607464,00607464,crt/time.c,50,11,unaffected_reg|badspacebase|register_param|stack_ref,180
crt_operation.c_always_zero_FUN_0060fa8b,0060fa8b,crt/operation.c,4,0,,4
crt_process.c_spawnvp_FUN_0060f39c,0060f39c,crt/process.c,207,24,undefined_type|stack_param|concat_artifact|extra_output|badspacebase|register_param|stack_ref,482
crt_process.c_build_file_info_env_FUN_0060ffd0,0060ffd0,crt/process.c,203,7,unknown_field|badspacebase|register_param|stack_ref,293
crt_process.c_set_shell_execute_flag_FUN_00609c80,00609c80,crt/process.c,7,0,,7
crt_process.c_execv_FUN_006101f0,006101f0,crt/process.c,14,0,,14
crt_process.c_build_cmdline_FUN_00610258,00610258,crt/process.c,79,6,stack_param|unaffected_reg,149
crt_process.c_build_command_line_FUN_006103a4,006103a4,crt/process.c,24,0,,24
crt_process.c_spawnCommand_FUN_00609c90,00609c90,crt/process.c,9,2,badspacebase|register_param,39
crt_process.c_spawnvp_FUN_0060ca20,0060ca20,crt/process.c,6,0,,6
crt_process.c_spawn_FUN_006105a0,006105a0,crt/process.c,78,4,stack_param|badspacebase|register_param,133
crt_process.c_spawnvp_with_path_search_FUN_0060e6a0,0060e6a0,crt/process.c,64,2,badspacebase|register_param,94
crt_process.c_getpid_FUN_006099c0,006099c0,crt/process.c,5,0,,5
crt_process.c_execvp_FUN_00610790,00610790,crt/process.c,7,2,badspacebase|register_param,37
crt_ioinit.c_staticInit_FUN_00608f20,00608f20,crt/ioinit.c,29,2,pointer_cast,54
crt_fstream.cpp_filebuf_setbuf_FUN_0060db8c,0060db8c,crt/fstream.cpp,21,0,,21
crt_fstream.cpp_ofstream_destructor_thunk_from_ios_FUN_005ff7a4,005ff7a4,crt/fstream.cpp,9,2,negative_offset|pointer_cast,39
crt_fstream.cpp_filebuf_open_FUN_00608c15,00608c15,crt/fstream.cpp,29,2,badspacebase|register_param,59
crt_fstream.cpp_ifstream_dtor_FUN_005ff856,005ff856,crt/fstream.cpp,41,6,negative_offset|unaffected_reg|pointer_cast,116
crt_fstream.cpp_filebuf_overflow_FUN_0060d881,0060d881,crt/fstream.cpp,94,7,unaffected_reg|badspacebase|register_param|stack_ref,184
crt_fstream.cpp_ifstream_destructor_thunk_from_istream_FUN_005ff6e2,005ff6e2,crt/fstream.cpp,10,1,negative_offset,25
crt_fstream.cpp_ofstream_destructor_thunk_from_ostream_FUN_005ff78e,005ff78e,crt/fstream.cpp,10,1,negative_offset,25
crt_fstream.cpp_filebuf_underflow_FUN_0060da87,0060da87,crt/fstream.cpp,59,0,,59
crt_fstream.cpp_convertModesAndOpenFile_FUN_0060c340,0060c340,crt/fstream.cpp,66,7,stack_param|badspacebase|register_param,151
crt_fstream.cpp_openFile_FUN_00600e85,00600e85,crt/fstream.cpp,28,3,pointer_cast,63
crt_fstream.cpp_filebuf_seekoff_FUN_0060dbe8,0060dbe8,crt/fstream.cpp,27,0,,27
crt_fstream.cpp_ifstream_constructor_FUN_005ff664,005ff664,crt/fstream.cpp,29,9,negative_offset|extra_output|pointer_cast,134
crt_fstream.cpp_filebuf_pbackfail_FUN_0060d7ae,0060d7ae,crt/fstream.cpp,54,0,,54
crt_fstream.cpp_filebuf_sync_FUN_0060dc5e,0060dc5e,crt/fstream.cpp,37,0,,37
crt_fstream.cpp_ofstream_ctor_FUN_005ff95c,005ff95c,crt/fstream.cpp,24,3,negative_offset,59
crt_fstream.cpp_ofstream_constructor_FUN_005ff710,005ff710,crt/fstream.cpp,28,5,negative_offset|extra_output,88
crt_fstream.cpp_fstream_destructor_thunk_from_ios_FUN_006064f1,006064f1,crt/fstream.cpp,9,2,negative_offset|pointer_cast,39
crt_fstream.cpp_filebuf_ctor_FUN_0060bddd,0060bddd,crt/fstream.cpp,8,0,,8
crt_fstream.cpp_filebuf_dtor_FUN_0060bdf9,0060bdf9,crt/fstream.cpp,26,0,,26
crt_fstream.cpp_fstreambase_ctor_FUN_0060658f,0060658f,crt/fstream.cpp,28,5,negative_offset|pointer_cast,88
crt_fstream.cpp_ifstream_ctor_FUN_005ff8f0,005ff8f0,crt/fstream.cpp,25,7,negative_offset|pointer_cast,105
crt_fstream.cpp_filebuf_close_FUN_00608bcc,00608bcc,crt/fstream.cpp,16,0,,16
crt_fstream.cpp_fstreambase_constructor_FUN_00606456,00606456,crt/fstream.cpp,35,8,stack_param|negative_offset|unaffected_reg,130
crt_fstream.cpp_fstreambase_dtor_FUN_00606509,00606509,crt/fstream.cpp,35,6,negative_offset|unaffected_reg|pointer_cast,110
crt_fstream.cpp_ofstream_dtor_FUN_005ff7bc,005ff7bc,crt/fstream.cpp,41,6,negative_offset|unaffected_reg|pointer_cast,116
crt_fstream.cpp_ifstream_destructor_thunk_from_ios_FUN_005ff6f8,005ff6f8,crt/fstream.cpp,9,2,negative_offset|pointer_cast,39
crt_heap.c_CalculateHeapBlockSize_FUN_0060972c,0060972c,crt/heap.c,23,0,,23
crt_heap.c_TryResizeInPlace_FUN_00609974,00609974,crt/heap.c,15,6,concat_artifact|register_param,85
crt_heap.c_AllocatorFallbackStub_FUN_00609780,00609780,crt/heap.c,4,0,,4
crt_heap.c_SystemAllocWrapper_FUN_00609718,00609718,crt/heap.c,8,2,stack_param,33
crt_heap.c_AllocateFromFreeList_FUN_00609410,00609410,crt/heap.c,59,15,unaffected_reg|pointer_cast,219
crt_heap.c_GetBlockSize_FUN_00609790,00609790,crt/heap.c,4,1,pointer_cast,19
crt_heap.c_heapCheckWrapper_FUN_006012c0,006012c0,crt/heap.c,6,0,,6
crt_heap.c_ResizeBlockInPlace_FUN_006097b8,006097b8,crt/heap.c,96,33,stack_param|negative_offset|pointer_cast|register_param,446
crt_heap.c_heapCheck_FUN_00601374,00601374,crt/heap.c,8,0,,8
crt_heap.c_VirtualFreeBlock_FUN_0060c95c,0060c95c,crt/heap.c,19,0,,19
crt_heap.c_heapWalk_FUN_006012d0,006012d0,crt/heap.c,47,4,pointer_cast|register_param,97
crt_heap.c_UnlinkAndFreeBlock_FUN_0060c9bc,0060c9bc,crt/heap.c,22,0,,22
crt_heap.c_InternalHeapAlloc_FUN_00601bc0,00601bc0,crt/heap.c,57,2,register_param,82
crt_heap.c_ValidateHeapIntegrity_FUN_00601ce0,00601ce0,crt/heap.c,43,9,pointer_cast|register_param,143
crt_heap.c_CoalesceAndAddFreeBlock_FUN_006094c0,006094c0,crt/heap.c,96,4,concat_artifact|pointer_cast,146
crt_heap.c_CompactHeapBlocks_FUN_0060c920,0060c920,crt/heap.c,15,0,,15
crt_heap.c_AllocateNewHeapBlock_FUN_00609668,00609668,crt/heap.c,39,7,stack_param|badspacebase|register_param,124
crt_heap.c_InsertHeapBlockInOrder_FUN_006095f0,006095f0,crt/heap.c,48,1,negative_offset,63
crt_environ.c_staticFinal_FUN_0060c73c,0060c73c,crt/environ.c,16,0,,16
crt_environ.c_staticInit_FUN_0060c650,0060c650,crt/environ.c,55,0,,55
crt_util.c_invokeRuntimeHandler_FUN_0060ac20,0060ac20,crt/util.c,7,0,,7
crt_watcom.c_heapchk_FUN_00600ad0,00600ad0,crt/watcom.c,43,2,badspacebase|register_param,73
crt_watcom.c_memavl_FUN_006008f0,006008f0,crt/watcom.c,16,0,,16
crt_watcom.c_memmax_FUN_00600940,00600940,crt/watcom.c,20,0,,20
crt_stack.c_GetStackUsage_FUN_0060c260,0060c260,crt/stack.c,7,3,badspacebase|register_param|stack_ref,52
crt_stack.c_ProbeStackSpace_FUN_005ffa2f,005ffa2f,crt/stack.c,16,3,badspacebase|register_param|stack_ref,61
crt_stack.c_check_stack_target_FUN_005ffa03,005ffa03,crt/stack.c,28,5,badspacebase|register_param|stack_ref,93
crt_stack.c_stack_probe_FUN_005ff9f3,005ff9f3,crt/stack.c,8,2,stack_param,33
crt_stack.c_stack_overflow_handler_FUN_005ffa22,005ffa22,crt/stack.c,17,3,badspacebase|register_param|stack_ref,62
crt_file.c_get_file_attributes_FUN_006082e0,006082e0,crt/file.c,40,2,badspacebase|register_param,70
crt_file.c_splitpath_s_FUN_00610460,00610460,crt/file.c,69,5,stack_param|concat_artifact,129
crt_file.c_create_directory_FUN_00600e10,00600e10,crt/file.c,13,0,,13
crt_file.c_makepath_FUN_005febfc,005febfc,crt/file.c,105,18,stack_param|concat_artifact|unaffected_reg|badspacebase|register_param|stack_ref,315
crt_file.c_extract_path_component_FUN_00610400,00610400,crt/file.c,22,0,,22
crt_file.c_setReadonlyAttribute_FUN_00600c30,00600c30,crt/file.c,21,2,stack_param,46
crt_file.c_normalize_path_separator_FUN_005febe0,005febe0,crt/file.c,12,1,stack_param,27
crt_thread.c_InitializeThreadContext_FUN_0060ccf0,0060ccf0,crt/thread.c,11,0,,11
crt_thread.c_staticInit_FUN_0060d214,0060d214,crt/thread.c,6,0,,6
crt_thread.c_exit_thread_FUN_0060fa58,0060fa58,crt/thread.c,10,0,,10
crt_thread.c_noop_lock_FUN_0060b180,0060b180,crt/thread.c,4,0,,4
crt_thread.c_threadStartupWrapper_FUN_0060f8c0,0060f8c0,crt/thread.c,41,12,badspacebase|pointer_cast|register_param|stack_ref,181
crt_thread.c_GetTLS_FUN_0060242c,0060242c,crt/thread.c,4,0,,4
crt_thread.c_create_thread_with_sync_FUN_0060f960,0060f960,crt/thread.c,66,3,badspacebase|register_param|stack_ref,111
crt_stdio.c_fgets_FUN_005fefd0,005fefd0,crt/stdio.c,30,6,unaffected_reg,95
crt_stdio.c_lseek_FUN_00606690,00606690,crt/stdio.c,29,6,stack_param,94
crt_stdio.c_fputc_FUN_006007a0,006007a0,crt/stdio.c,58,6,stack_param|pointer_cast,128
crt_stdio.c_vsscanf_FUN_00600100,00600100,crt/stdio.c,14,2,badspacebase|register_param,44
crt_stdio.c_remove_FUN_00606600,00606600,crt/stdio.c,13,0,,13
crt_stdio.c_scanf_integer_FUN_0060547c,0060547c,crt/stdio.c,199,35,stack_param|concat_artifact|unaffected_reg|unknown_field|badspacebase|pointer_cast|register_param|stack_ref,589
crt_stdio.c_InitializeFileBuffer_FUN_006027e0,006027e0,crt/stdio.c,37,3,pointer_cast,72
crt_stdio.c_vfprintf_FUN_00604850,00604850,crt/stdio.c,46,10,stack_param|pointer_cast,156
crt_stdio.c_ReadFileWithDeviceAbstraction_FUN_00602880,00602880,crt/stdio.c,42,11,stack_param|badspacebase|register_param,167
crt_stdio.c_scanf_float_FUN_00605178,00605178,crt/stdio.c,188,41,undefined_ptr_cast|stack_param|concat_artifact|unaffected_reg|unknown_field|badspacebase|register_param|stack_ref,638
crt_stdio.c_formatTwoDigits_FUN_006002a0,006002a0,crt/stdio.c,7,0,,7
crt_stdio.c_CreateFileImpl_FUN_006090a0,006090a0,crt/stdio.c,115,8,unaffected_reg|badspacebase|register_param|stack_ref,215
crt_stdio.c_WideCharToSingleByte_FUN_0060acf0,0060acf0,crt/stdio.c,16,3,stack_param|badspacebase|register_param,61
crt_stdio.c_fgetc_buffered_FUN_0060d510,0060d510,crt/stdio.c,22,2,pointer_cast,47
crt_stdio.c_setvbuf_FUN_00601490,00601490,crt/stdio.c,39,1,pointer_cast,54
crt_stdio.c_SetupConsoleInputMode_FUN_006059b0,006059b0,crt/stdio.c,11,0,,11
crt_stdio.c_prepare_stream_for_write_FUN_00606055,00606055,crt/stdio.c,15,2,pointer_cast,40
crt_stdio.c_reportCPPFloatingPointSupportProblem_FUN_0060477f,0060477f,crt/stdio.c,5,0,,5
crt_stdio.c_seek_within_buffer_FUN_005ffa70,005ffa70,crt/stdio.c,10,0,,10
crt_stdio.c_StringBufferCallback_FUN_005fdb90,005fdb90,crt/stdio.c,10,0,,10
crt_stdio.c_stream_setup_FUN_00605f20,00605f20,crt/stdio.c,26,7,stack_param|pointer_cast,106
crt_stdio.c_GetConsoleOutputHandle_FUN_0060ce3c,0060ce3c,crt/stdio.c,5,0,,5
crt_stdio.c_fwrite_FUN_005fdc00,005fdc00,crt/stdio.c,113,13,unaffected_reg|pointer_cast,253
crt_stdio.c_fopenThreadSafe_FUN_00601b14,00601b14,crt/stdio.c,28,7,stack_param|badspacebase|register_param|stack_ref,118
crt_stdio.c_fgetc_outptr_FUN_005ff245,005ff245,crt/stdio.c,29,3,pointer_cast,64
crt_stdio.c_FormatHexWithPadding_FUN_00602ff8,00602ff8,crt/stdio.c,40,3,stack_param,75
crt_stdio.c_ftell_FUN_00601560,00601560,crt/stdio.c,23,0,,23
crt_stdio.c_skip_whitespace_FUN_00604d18,00604d18,crt/stdio.c,15,0,,15
crt_stdio.c_ParseFormatFlags_FUN_00602edc,00602edc,crt/stdio.c,41,0,,41
crt_stdio.c_closeUnsupported_FUN_0060b9b7,0060b9b7,crt/stdio.c,4,0,,4
crt_stdio.c_char_to_digit_FUN_006058e8,006058e8,crt/stdio.c,12,0,,12
crt_stdio.c_FormatEngine_FUN_00602950,00602950,crt/stdio.c,216,19,unknown_field|extra_output|badspacebase|pointer_cast|register_param|stack_ref,436
crt_stdio.c_stream_write_internal_FUN_005ffcb3,005ffcb3,crt/stdio.c,49,11,undefined_type|concat_artifact|pointer_cast,174
crt_stdio.c_store_count_FUN_00604fb0,00604fb0,crt/stdio.c,33,1,undefined_ptr_cast,48
crt_stdio.c_string_getc_FUN_006000d0,006000d0,crt/stdio.c,12,1,pointer_cast,27
crt_stdio.c_write_FUN_006038c0,006038c0,crt/stdio.c,58,14,stack_param|badspacebase|register_param|stack_ref,218
crt_stdio.c_fputc_FUN_005ff2d7,005ff2d7,crt/stdio.c,34,8,undefined_type|concat_artifact|pointer_cast,129
crt_stdio.c_scanf_getc_wrapper_FUN_00604930,00604930,crt/stdio.c,6,0,,6
crt_stdio.c_ReportFloatingPointNotLoaded_FUN_0060ad30,0060ad30,crt/stdio.c,5,0,,5
crt_stdio.c_fputc_FUN_005fea10,005fea10,crt/stdio.c,50,2,stack_param,75
crt_stdio.c_AllocateFileStruct_FUN_006092f0,006092f0,crt/stdio.c,43,0,,43
crt_stdio.c_closeAndDeallocateFile_FUN_00601ee4,00601ee4,crt/stdio.c,7,0,,7
crt_stdio.c_vfscanf_FUN_005fe738,005fe738,crt/stdio.c,21,7,stack_param|badspacebase|register_param|stack_ref,111
crt_stdio.c_scanf_ungetc_wrapper_FUN_0060493c,0060493c,crt/stdio.c,6,0,,6
crt_stdio.c_getc_helper_FUN_005fe700,005fe700,crt/stdio.c,9,0,,9
crt_stdio.c_CreateFileVariadic_FUN_00609074,00609074,crt/stdio.c,10,3,badspacebase|register_param|stack_ref,55
crt_stdio.c_OpenModeStringParser_FUN_006017d0,006017d0,crt/stdio.c,103,0,,103
crt_stdio.c_sscanf_FUN_0060013c,0060013c,crt/stdio.c,9,3,badspacebase|register_param|stack_ref,54
crt_stdio.c_IntegerToString_FUN_00607d18,00607d18,crt/stdio.c,12,0,,12
crt_stdio.c_IsRelevantKeyEvent_FUN_0060cd90,0060cd90,crt/stdio.c,9,0,,9
crt_stdio.c_sprintf_FUN_005fdbd0,005fdbd0,crt/stdio.c,9,3,badspacebase|register_param|stack_ref,54
crt_stdio.c_WideStringToMultiByteLen_FUN_00602f7c,00602f7c,crt/stdio.c,39,2,badspacebase|register_param,69
crt_stdio.c_OpenFileAndInitialize_FUN_0060190c,0060190c,crt/stdio.c,62,5,stack_param|undefined_type|concat_artifact|pointer_cast,132
crt_stdio.c_flushFileBuffers_FUN_0060af00,0060af00,crt/stdio.c,21,0,,21
crt_stdio.c_fprintf_FUN_005fe6d0,005fe6d0,crt/stdio.c,9,3,badspacebase|register_param|stack_ref,54
crt_stdio.c_fopen_FUN_00601a7c,00601a7c,crt/stdio.c,6,0,,6
crt_stdio.c_DrainConsoleInputAndSetup_FUN_0060b3f8,0060b3f8,crt/stdio.c,29,7,stack_param|badspacebase|register_param|stack_ref,119
crt_stdio.c_scanf_char_FUN_00604d54,00604d54,crt/stdio.c,70,18,undefined_ptr_cast|concat_artifact|unaffected_reg|badspacebase|pointer_cast|register_param|stack_ref,285
crt_stdio.c_FlushFilesByMask_FUN_0060595c,0060595c,crt/stdio.c,17,0,,17
crt_stdio.c_fgetcInternal_FUN_00605fad,00605fad,crt/stdio.c,28,2,pointer_cast,53
crt_stdio.c_FillBufferAndGetChar_FUN_005fe910,005fe910,crt/stdio.c,13,0,,13
crt_stdio.c_ConvertFormatSpec_FUN_00603238,00603238,crt/stdio.c,397,51,unknown_field|badspacebase|pointer_cast|register_param,927
crt_stdio.c_DeallocateFileStruct_FUN_006093b0,006093b0,crt/stdio.c,18,0,,18
crt_stdio.c_fopenWithFlags_FUN_00601a20,00601a20,crt/stdio.c,18,9,stack_param|unaffected_reg|badspacebase|register_param|stack_ref,133
crt_stdio.c_FormatFixedPoint_FUN_0060305c,0060305c,crt/stdio.c,79,5,unaffected_reg,134
crt_stdio.c_scanf_string_FUN_00604e4c,00604e4c,crt/stdio.c,90,17,undefined_ptr_cast|concat_artifact|unaffected_reg|badspacebase|register_param|stack_ref,290
crt_stdio.c_fflush_FUN_00601540,00601540,crt/stdio.c,10,0,,10
crt_stdio.c_ungetc_helper_FUN_005fe720,005fe720,crt/stdio.c,6,0,,6
crt_stdio.c_scanf_scanset_FUN_00605064,00605064,crt/stdio.c,64,14,undefined_ptr_cast|unaffected_reg|badspacebase|register_param|stack_ref,229
crt_stdio.c_scanf_getc_with_width_FUN_00605918,00605918,crt/stdio.c,11,0,,11
crt_stdio.c_fgetc_FUN_005fe840,005fe840,crt/stdio.c,53,3,unaffected_reg,88
crt_stdio.c_DrainConsoleInputWithBuffering_FUN_0060b2e0,0060b2e0,crt/stdio.c,51,9,unaffected_reg|badspacebase|register_param|stack_ref,161
crt_stdio.c_rename_FUN_006015d0,006015d0,crt/stdio.c,11,0,,11
crt_stdio.c_clear_and_preserve_state_FUN_00600e64,00600e64,crt/stdio.c,9,0,,9
crt_stdio.c_fflushInternal_FUN_006039d0,006039d0,crt/stdio.c,56,2,pointer_cast,81
crt_stdio.c_FloatingPointStub_FUN_00603160,00603160,crt/stdio.c,8,0,,8
crt_stdio.c_fseek_FUN_005ffacc,005ffacc,crt/stdio.c,79,0,,79
crt_stdio.c_fflush_FUN_00600e29,00600e29,crt/stdio.c,16,4,extra_output|pointer_cast,66
crt_stdio.c_GetConsoleInputHandle_FUN_0060ce30,0060ce30,crt/stdio.c,5,0,,5
crt_stdio.c_fscanf_FUN_005fe7c0,005fe7c0,crt/stdio.c,9,3,badspacebase|register_param|stack_ref,54
crt_stdio.c_FormatWideString_FUN_006031c0,006031c0,crt/stdio.c,35,6,stack_param|badspacebase|register_param|stack_ref,115
crt_stdio.c_fputs_FUN_0060ebb0,0060ebb0,crt/stdio.c,42,6,pointer_cast,107
crt_stdio.c_string_ungetc_FUN_006000f8,006000f8,crt/stdio.c,5,1,pointer_cast,20
crt_stdio.c_stream_valid_FUN_00608cd1,00608cd1,crt/stdio.c,12,3,pointer_cast,47
crt_stdio.c_fread_FUN_005fd990,005fd990,crt/stdio.c,111,12,stack_param,236
crt_stdio.c_parse_format_spec_FUN_00604c1c,00604c1c,crt/stdio.c,55,0,,55
crt_stdio.c_stream_flush_FUN_006060bb,006060bb,crt/stdio.c,14,3,pointer_cast,49
crt_stdio.c_InitializeConsoleHandles_FUN_0060cdbc,0060cdbc,crt/stdio.c,16,0,,16
crt_stdio.c_get_standard_file_handle_FUN_0060b7a0,0060b7a0,crt/stdio.c,7,1,pointer_cast,22
crt_stdio.c_closeTrackedFile_FUN_00601ea0,00601ea0,crt/stdio.c,18,0,,18
crt_stdio.c_ScanFormatSpec_FUN_00602d78,00602d78,crt/stdio.c,93,4,pointer_cast,138
crt_stdio.c_storeErrorState_FUN_0060b78e,0060b78e,crt/stdio.c,5,0,,5
crt_stdio.c_FillInputBuffer_FUN_005fe940,005fe940,crt/stdio.c,43,0,,43
crt_stdio.c_fprintf_FUN_006021c0,006021c0,crt/stdio.c,6,2,stack_param,31
crt_stdio.c_WriteConsoleChar_FUN_0060b490,0060b490,crt/stdio.c,22,3,badspacebase|register_param|stack_ref,67
crt_stdio.c_DetectDeviceAndSetBuffering_FUN_00608ee0,00608ee0,crt/stdio.c,16,3,pointer_cast,51
crt_stdio.c_CalculateZeroPadding_FUN_0060317c,0060317c,crt/stdio.c,14,1,pointer_cast,29
crt_stdio.c_vsprintf_FUN_005fdba8,005fdba8,crt/stdio.c,8,0,,8
crt_stdio.c_fclose_force_FUN_00601fd0,00601fd0,crt/stdio.c,44,7,stack_param|badspacebase|register_param|stack_ref,134
crt_stdio.c_OutputCallback_FUN_00604830,00604830,crt/stdio.c,7,0,,7
crt_stdio.c_doscan_FUN_00604950,00604950,crt/stdio.c,155,15,badspacebase|pointer_cast|register_param|stack_ref,325
crt_stdio.c_reportStreamError_FUN_00606020,00606020,crt/stdio.c,15,2,badspacebase|register_param,45
crt_iostream.cpp_streambuf_do_sputn_FUN_00606780,00606780,crt/iostream.cpp,55,1,pointer_cast,70
crt_iostream.cpp_streambuf_constructor_FUN_0060b7c2,0060b7c2,crt/iostream.cpp,15,0,,15
crt_iostream.cpp_streambuf_setbuf_FUN_0060d5ff,0060d5ff,crt/iostream.cpp,22,1,pointer_cast,37
crt_iostream.cpp_istream_dtor_FUN_006063e1,006063e1,crt/iostream.cpp,28,3,negative_offset|unaffected_reg,68
crt_iostream.cpp_istream_destructor_thunk_from_ios_FUN_006063c9,006063c9,crt/iostream.cpp,9,2,negative_offset|pointer_cast,39
crt_iostream.cpp_streambuf_do_sgetn_FUN_0060b932,0060b932,crt/iostream.cpp,46,1,pointer_cast,61
crt_iostream.cpp_validateBufferSeek_FUN_0060d725,0060d725,crt/iostream.cpp,34,0,,34
crt_iostream.cpp_doallocate_FUN_0060d677,0060d677,crt/iostream.cpp,12,3,stack_param|pointer_cast,52
crt_iostream.cpp_streambuf_destructor_FUN_0060d64f,0060d64f,crt/iostream.cpp,11,0,,11
crt_iostream.cpp_ostream_ctor_FUN_006061a2,006061a2,crt/iostream.cpp,16,1,negative_offset,31
crt_iostream.cpp_setBuffer_FUN_0060d6a8,0060d6a8,crt/iostream.cpp,26,2,stack_param,51
crt_iostream.cpp_streambuf_seekoff_FUN_00610ab0,00610ab0,crt/iostream.cpp,6,0,,6
crt_iostream.cpp_streambuf_seekoff_FUN_0060bb5f,0060bb5f,crt/iostream.cpp,6,0,,6
crt_iostream.cpp_ios_ctor_FUN_006061fc,006061fc,crt/iostream.cpp,5,0,,5
crt_iostream.cpp_streambuf_initBuffer_FUN_0060b815,0060b8da,crt/iostream.cpp,19,0,,19
crt_iostream.cpp_ios_dtor_FUN_0060632c,0060632c,crt/iostream.cpp,17,0,,17
crt_iostream.cpp_istream_ctor_FUN_00606376,00606376,crt/iostream.cpp,20,1,negative_offset,35
crt_iostream.cpp_ostream_dtor_FUN_00606231,00606231,crt/iostream.cpp,28,3,negative_offset|unaffected_reg,68
crt_iostream.cpp_ios_freeBufferChain_FUN_0060bdc0,0060bdc0,crt/iostream.cpp,12,0,,12
crt_iostream.cpp_streambuf_sync_FUN_00610ab6,00610ab6,crt/iostream.cpp,8,0,,8
crt_iostream.cpp_streambuf_allocBuffer_FUN_0060d790,0060d790,crt/iostream.cpp,6,0,,6
crt_iostream.cpp_freeBuffer_FUN_0060d7a0,0060d7a0,crt/iostream.cpp,5,0,,5
crt_iostream.cpp_ostream_destructor_thunk_FUN_006061e4,006061e4,crt/iostream.cpp,8,2,negative_offset|pointer_cast,38
crt_fpemu.c_staticInit_FUN_0060be80,0060be80,crt/fpemu.c,23,6,sub_artifact|concat_artifact|unaffected_reg|unknown_field|sborrow_artifact,108
crt_cpp.c_pureVirtualStub_FUN_005fee9f,005fee9f,crt/cpp.c,5,0,,5
crt_cpp.c_handlePureVirtualCall_FUN_006015f1,006015f1,crt/cpp.c,9,0,,9
crt_cpp.c_reportPureVirtualError_FUN_00605b23,00605b23,crt/cpp.c,13,5,stack_param|register_param,73
crt_stub.c_staticFinal_FUN_005fde93,005fde93,crt/stub.c,4,0,,4
crt_stub.c_staticInit_FUN_005fde92,005fde92,crt/stub.c,4,0,,4
crt_stub.c_staticInit_FUN_005ff9f2,005ff9f2,crt/stub.c,4,0,,4
crt_strstream.cpp_strstreambase_constructor_FUN_006060fe,006060fe,crt/strstream.cpp,34,8,stack_param|negative_offset|pointer_cast,129
crt_strstream.cpp_strstreambuf_init_FUN_0060b815,0060b815,crt/strstream.cpp,61,0,,61
crt_strstream.cpp_ostrstream_dtor_FUN_005ff48a,005ff48a,crt/strstream.cpp,41,8,stack_param|negative_offset|unaffected_reg,136
crt_strstream.cpp_strstreambuf_ctor_FUN_0060bbf8,0060bbf8,crt/strstream.cpp,9,0,,9
crt_strstream.cpp_istrstream_destructor_thunk_from_ios_FUN_005ff5b2,005ff5b2,crt/strstream.cpp,7,2,negative_offset|pointer_cast,37
crt_strstream.cpp_strstreambuf_overflow_FUN_0060b9bd,0060b9bd,crt/strstream.cpp,34,0,,34
crt_strstream.cpp_strstreambase_destructor_thunk_FUN_0060618a,0060618a,crt/strstream.cpp,9,2,negative_offset|pointer_cast,39
crt_strstream.cpp_ostrstream_destructor_thunk_from_ostream_FUN_005ff42f,005ff42f,crt/strstream.cpp,8,1,negative_offset,23
crt_strstream.cpp_ostrstream_ctor_FUN_005ff384,005ff384,crt/strstream.cpp,53,9,stack_param|negative_offset|pointer_cast,158
crt_strstream.cpp_strstreambase_dtor_FUN_006062a6,006062a6,crt/strstream.cpp,35,2,negative_offset,60
crt_strstream.cpp_istrstream_dtor_FUN_005ff5ca,005ff5ca,crt/strstream.cpp,42,7,stack_param|negative_offset|unaffected_reg,127
crt_strstream.cpp_strstreambuf_sync_FUN_0060bb7c,0060bb7c,crt/strstream.cpp,4,0,,4
crt_strstream.cpp_strstreambuf_dtor_FUN_0060bb7f,0060bb7f,crt/strstream.cpp,30,0,,30
crt_strstream.cpp_ostrstream_destructor_thunk_from_ios_FUN_005ff445,005ff445,crt/strstream.cpp,7,2,negative_offset|pointer_cast,37
crt_strstream.cpp_istrstream_destructor_thunk_from_istream_FUN_005ff59c,005ff59c,crt/strstream.cpp,8,1,negative_offset,23
crt_strstream.cpp_ostrstream_tellp_FUN_005ff45d,005ff45d,crt/strstream.cpp,11,0,,11
crt_strstream.cpp_istrstream_constructor_FUN_005ff524,005ff524,crt/strstream.cpp,26,2,negative_offset,51
crt_strstream.cpp_strstreambuf_doallocate_FUN_0060bc22,0060bc22,crt/strstream.cpp,104,0,,104
crt_strstream.cpp_strstreambuf_seekoff_FUN_0060ba80,0060ba80,crt/strstream.cpp,48,15,unknown_field|register_param,208
crt_strstream.cpp_strstreambuf_underflow_FUN_0060ba25,0060ba25,crt/strstream.cpp,24,0,,24
crt_strstream.cpp_strstreambuf_setbuf_FUN_0060ba70,0060ba70,crt/strstream.cpp,9,0,,9
crt_debug.c_TriggerDebuggerBreak_FUN_0060b500,0060b500,crt/debug.c,11,0,,11
crt_string.c_strupr_FUN_0060389c,0060389c,crt/string.c,13,4,register_param,58
crt_string.c_strcmp_FUN_005fef20,005fef20,crt/string.c,63,8,pointer_cast,148
crt_string.c_memmove_FUN_005fe5e0,005fe5e0,crt/string.c,44,8,pointer_cast,129
crt_string.c_compare_mb_chars_ci_FUN_0060c790,0060c790,crt/string.c,17,11,stack_param|badspacebase|register_param|stack_ref,147
crt_string.c_strtod_FUN_005ff0f3,005ff0f3,crt/string.c,7,2,stack_param,32
crt_string.c_char_in_set_FUN_0060e340,0060e340,crt/string.c,26,8,stack_param|badspacebase|register_param|stack_ref,126
crt_string.c_strnicmp_FUN_005ff070,005ff070,crt/string.c,29,3,concat_artifact,64
crt_string.c_mbtowc_peek_FUN_006059e0,006059e0,crt/string.c,7,1,concat_artifact,22
crt_string.c_mbstring_termination_check_FUN_0060b630,0060b630,crt/string.c,11,0,,11
crt_string.c_strcpy_advance_FUN_00610240,00610240,crt/string.c,8,0,,8
crt_string.c_strlen_far_FUN_00602f4c,00602f4c,crt/string.c,10,0,,10
crt_string.c_mb_get_last_char_FUN_00605aa0,00605aa0,crt/string.c,19,0,,19
crt_string.c_parseFloatString_FUN_00605b9b,00605b9b,crt/string.c,126,9,badspacebase|pointer_cast|register_param,231
crt_string.c_strtod_main_FUN_00605d5d,00605d5d,crt/string.c,67,23,stack_param|concat_artifact|unknown_field|badspacebase|register_param,322
crt_string.c_mbstrnicmp_FUN_00608e50,00608e50,crt/string.c,24,0,,24
crt_string.c_mbstrnlen_FUN_00605e50,00605e50,crt/string.c,17,0,,17
crt_string.c_memcpy_FUN_0060cd60,0060cd60,crt/string.c,19,3,pointer_cast,54
crt_string.c_strdup_FUN_0060a610,0060a610,crt/string.c,34,0,,34
crt_string.c_strlen_FUN_0060f870,0060f870,crt/string.c,13,0,,13
crt_string.c_wcsdup_FUN_0060a660,0060a660,crt/string.c,14,4,stack_param,59
crt_string.c_strupr_FUN_00600770,00600770,crt/string.c,11,0,,11
crt_string.c_mbtowc_next_FUN_00605a70,00605a70,crt/string.c,8,0,,8
crt_string.c_strtok_FUN_005fff50,005fff50,crt/string.c,42,2,badspacebase|register_param,72
crt_string.c_wcstombs_FUN_0060c0c0,0060c0c0,crt/string.c,60,10,stack_param|badspacebase|pointer_cast|register_param|stack_ref,185
crt_string.c_strstr_FUN_005fedd0,005fedd0,crt/string.c,105,0,,105
crt_string.c_strchr_FUN_0060f890,0060f890,crt/string.c,15,0,,15
crt_string.c_strcpy_FUN_00610760,00610760,crt/string.c,18,0,,18
crt_string.c_parse_uint_FUN_00607318,00607318,crt/string.c,16,0,,16
crt_string.c_mbcmp_FUN_0060e640,0060e640,crt/string.c,12,0,,12
crt_string.c_hexDigitToChar_FUN_00601f0c,00601f0c,crt/string.c,9,0,,9
crt_string.c_strpbrk_FUN_0060c190,0060c190,crt/string.c,17,0,,17
crt_string.c_strerror_FUN_00601470,00601470,crt/string.c,7,0,,7
crt_string.c_splitpath_FUN_005ff178,005ff178,crt/string.c,55,3,stack_param|concat_artifact,95
crt_string.c_mbstrncpy_core_FUN_0060b670,0060b6d7,crt/string.c,11,0,,11
crt_string.c_strncpy_safe_FUN_005ff130,005ff130,crt/string.c,16,0,,16
crt_string.c_mbstrnbytes_FUN_00605ec0,00605ec0,crt/string.c,21,0,,21
crt_string.c_strncpy_FUN_00600f40,00600f40,crt/string.c,25,0,,25
crt_string.c_wcslen_FUN_0060cd30,0060cd30,crt/string.c,14,0,,14
crt_string.c_stricmp_FUN_005fe7f0,006020fc,crt/string.c,6,0,,6
crt_string.c_mbstrncpy_FUN_00605e90,00605e90,crt/string.c,6,0,,6
crt_init.c_ProcessInitTermHandlers_FUN_0060ac30,0060ac30,crt/init.c,22,0,,22
crt_windows.c_has_active_window_FUN_0060a710,0060a710,crt/windows.c,16,0,,16
crt_math.c_generate_nan_FUN_00606a9d,00606a9d,crt/math.c,5,0,,5
crt_math.c_handle_math_error_FUN_0060c02b,0060c02b,crt/math.c,37,15,stack_param|sub_artifact|concat_artifact|badspacebase|register_param|stack_ref,217
crt_math.c_FUN_00606eff,00606eff,crt/math.c,7,0,,7
crt_math.c_FUN_00606deb,00606deb,crt/math.c,11,0,,11
crt_math.c_function_dispatch_FUN_00606a77,00606a77,crt/math.c,7,0,,7
crt_math.c_generate_nan_FUN_00606a97,00606a97,crt/math.c,5,0,,5
crt_math.c_FUN_00606b7a,00606b7a,crt/math.c,16,4,stack_param|undefined_type|concat_artifact,71
crt_math.c_atan2_epilogue_FUN_0060c5a0,0060c5a0,crt/math.c,5,0,,5
crt_math.c_atan2_minus_pi_epilogue_FUN_0060c5cb,0060c5cb,crt/math.c,5,0,,5
crt_math.c_FUN_00606eae,00606eae,crt/math.c,16,4,stack_param|undefined_type|concat_artifact,71
crt_math.c_FUN_00606bff,00606bff,crt/math.c,11,0,,11
crt_math.c_FUN_00606b5b,00606b5b,crt/math.c,11,0,,11
crt_math.c_fdiv_thunk_FUN_00606b17,00606b17,crt/math.c,18,5,stack_param|undefined_type|concat_artifact,83
crt_math.c_fdiv_thunk_FUN_00606ee7,00606ee7,crt/math.c,18,5,stack_param|undefined_type|concat_artifact,83
crt_math.c_atan2_FUN_006013b1,006013b1,crt/math.c,11,0,,11
crt_math.c_set_domain_error_errno_FUN_006027a0,006027a0,crt/math.c,5,0,,5
crt_math.c_set_math_errno_FUN_0060befa,0060befa,crt/math.c,6,0,,6
crt_math.c_FUN_00606ca8,00606ca8,crt/math.c,8,0,,8
crt_math.c_atan2_minus_pi_half_epilogue_FUN_0060c5f3,0060c5f3,crt/math.c,5,0,,5
crt_math.c_generate_nan_FUN_00606a8c,00606a8c,crt/math.c,5,0,,5
crt_math.c_FUN_00606d8b,00606d8b,crt/math.c,7,0,,7
crt_math.c_floor_FUN_005feb90,005feb90,crt/math.c,11,2,badspacebase|register_param,41
crt_math.c_FUN_00606c83,00606c83,crt/math.c,8,0,,8
crt_math.c_generate_nan_FUN_00606aa9,00606aa9,crt/math.c,5,0,,5
crt_math.c_acos_FUN_00600162,00600162,crt/math.c,26,2,extra_output,51
crt_math.c_FUN_00606bdf,00606bdf,crt/math.c,8,0,,8
crt_math.c_fdiv_thunk_FUN_00606bb3,00606bb3,crt/math.c,18,5,stack_param|undefined_type|concat_artifact,83
crt_math.c_exp_FUN_006068e2,006068e2,crt/math.c,23,2,register_param,48
crt_math.c_fdiv_thunk_FUN_00606cfb,00606cfb,crt/math.c,18,5,stack_param|undefined_type|concat_artifact,83
crt_math.c_FUN_00606c6f,00606c6f,crt/math.c,7,0,,7
crt_math.c_pentiumFdivBugWorkaroundDouble_FUN_00606f98,00606f98,crt/math.c,18,1,unknown_field,33
crt_math.c_FUN_00606e8f,00606e8f,crt/math.c,11,0,,11
crt_math.c_sqrt_FUN_0060710c,0060710c,crt/math.c,13,0,,13
crt_math.c_round_FUN_005fe6b0,005fe6b0,crt/math.c,4,0,,4
crt_math.c_FUN_00606d27,00606d27,crt/math.c,8,0,,8
crt_math.c_FUN_00606b2b,00606b2b,crt/math.c,7,0,,7
crt_math.c_atan2_negate_epilogue_FUN_0060c5ab,0060c5ab,crt/math.c,5,0,,5
crt_math.c_FUN_00606d47,00606d47,crt/math.c,11,0,,11
crt_math.c_integer_power_FUN_005ffeb2,005ffeb2,crt/math.c,32,9,register_param,127
crt_math.c_fdiv_FUN_00606960,00606960,crt/math.c,46,36,stack_param|sub_artifact|concat_artifact,421
crt_math.c_FUN_00606e6f,00606e6f,crt/math.c,8,0,,8
crt_math.c_pow_FUN_005ffd76,005ffd76,crt/math.c,96,17,undefined_type|sub_artifact|concat_artifact|unknown_field|extra_output,291
crt_math.c_FUN_00606db7,00606db7,crt/math.c,7,0,,7
crt_math.c_FUN_00606c04,00606c04,crt/math.c,8,0,,8
crt_math.c_fatal_math_error_FUN_00606a87,00606a87,crt/math.c,7,0,,7
crt_math.c_FUN_00606d4c,00606d4c,crt/math.c,8,0,,8
crt_math.c_fdiv_thunk_FUN_00606e0f,00606e0f,crt/math.c,13,4,stack_param|undefined_type|concat_artifact,68
crt_math.c_pentiumFdivpWorkaround_FUN_00606f13,00606f13,crt/math.c,6,0,,6
crt_math.c_generate_nan_FUN_00606aa3,00606aa3,crt/math.c,5,0,,5
crt_math.c_doubleToFloat_FUN_0060b26c,0060b26c,crt/math.c,22,1,sub_artifact,37
crt_math.c_FUN_00606e94,00606e94,crt/math.c,8,0,,8
crt_math.c_multiply64_FUN_0060b2b8,0060b2b8,crt/math.c,7,0,,7
crt_math.c_ldexp_FUN_00600002,00600002,crt/math.c,51,19,stack_param|sub_artifact|concat_artifact|unknown_field,261
crt_math.c_FUN_00606d13,00606d13,crt/math.c,7,0,,7
crt_math.c_atan2_pi_half_minus_epilogue_FUN_0060c5e0,0060c5e0,crt/math.c,5,0,,5
crt_math.c_fdiv_thunk_FUN_00606b7f,00606b7f,crt/math.c,13,4,stack_param|undefined_type|concat_artifact,68
crt_math.c_atan2_FUN_0060c440,0060c440,crt/math.c,33,0,,33
crt_math.c_process_math_error_FUN_0060bf2d,0060bf2d,crt/math.c,63,16,unaffected_reg|unknown_field|badspacebase|pointer_cast|register_param,248
crt_math.c_ceil_FUN_006001b2,006001b2,crt/math.c,6,0,,6
crt_math.c_fdiv_thunk_FUN_00606aeb,00606aeb,crt/math.c,13,4,stack_param|undefined_type|concat_artifact,68
crt_math.c_fdiv_thunk_FUN_00606e43,00606e43,crt/math.c,18,5,stack_param|undefined_type|concat_artifact,83
crt_math.c_asin_FUN_00600b94,00600b94,crt/math.c,12,2,extra_output,37
crt_math.c_fdiv_thunk_FUN_00606cc7,00606cc7,crt/math.c,13,4,stack_param|undefined_type|concat_artifact,68
crt_math.c_FUN_00606b9f,00606b9f,crt/math.c,7,0,,7
crt_math.c_FUN_00606eb3,00606eb3,crt/math.c,13,4,stack_param|undefined_type|concat_artifact,68
crt_math.c_fdiv_thunk_FUN_00606d6b,00606d6b,crt/math.c,13,4,stack_param|undefined_type|concat_artifact,68
crt_math.c_FUN_00606cc2,00606cc2,crt/math.c,16,4,stack_param|undefined_type|concat_artifact,71
crt_math.c_FUN_00606dcb,00606dcb,crt/math.c,8,0,,8
crt_math.c_FUN_00606bcb,00606bcb,crt/math.c,7,0,,7
crt_math.c_udivmod64_FUN_0060d3ed,0060d3ed,crt/math.c,94,7,concat_artifact,169
crt_math.c_FUN_00606ca3,00606ca3,crt/math.c,11,0,,11
crt_math.c_FUN_00606df0,00606df0,crt/math.c,8,0,,8
crt_math.c_FUN_00606c43,00606c43,crt/math.c,7,0,,7
crt_math.c_fatal_math_error_FUN_00606a92,00606a92,crt/math.c,7,0,,7
crt_math.c_FUN_00606b3b,00606b3b,crt/math.c,8,0,,8
crt_math.c_print_error_message_FUN_0060e298,0060e298,crt/math.c,10,0,,10
crt_math.c_FUN_00606e0a,00606e0a,crt/math.c,16,4,stack_param|undefined_type|concat_artifact,71
crt_math.c_modf_FUN_00602102,00602102,crt/math.c,9,1,unknown_field,24
crt_math.c_FUN_00606c57,00606c57,crt/math.c,16,3,undefined_type|concat_artifact,56
crt_math.c_atan2_pi_half_plus_epilogue_FUN_0060c608,0060c608,crt/math.c,5,0,,5
crt_math.c_generate_nan_FUN_00606a81,00606a81,crt/math.c,5,0,,5
crt_math.c_FUN_00606b60,00606b60,crt/math.c,8,0,,8
crt_math.c_FUN_00606acb,00606acb,crt/math.c,10,0,,10
crt_math.c_atan2_pi_minus_epilogue_FUN_0060c5b8,0060c5b8,crt/math.c,5,0,,5
crt_math.c_FUN_00606c1e,00606c1e,crt/math.c,16,4,stack_param|undefined_type|concat_artifact,71
crt_math.c_dmul_FUN_0060e0b9,0060e0b9,crt/math.c,144,16,sub_artifact|concat_artifact,314
crt_math.c_dadd_FUN_0060defc,0060defc,crt/math.c,166,14,sub_artifact|concat_artifact,316
crt_math.c_FUN_00606ed3,00606ed3,crt/math.c,7,0,,7
crt_math.c_FUN_00606d66,00606d66,crt/math.c,16,4,stack_param|undefined_type|concat_artifact,71
crt_math.c_FUN_00606b07,00606b07,crt/math.c,7,0,,7
crt_math.c_dispatch_divide_FUN_00606aaf,00606aaf,crt/math.c,8,0,,8
crt_math.c_FUN_00606e5b,00606e5b,crt/math.c,7,0,,7
crt_math.c_set_range_error_errno_FUN_006027ac,006027ac,crt/math.c,5,0,,5
crt_math.c_FUN_00606ce7,00606ce7,crt/math.c,7,0,,7
crt_math.c_FUN_00606e2f,00606e2f,crt/math.c,7,0,,7
crt_math.c_FUN_00606c23,00606c23,crt/math.c,13,4,stack_param|undefined_type|concat_artifact,68
crt_math.c_fdiv_thunk_FUN_00606d9f,00606d9f,crt/math.c,18,5,stack_param|undefined_type|concat_artifact,83
crt_math.c_math_domain_error_FUN_00606832,00606832,crt/math.c,50,24,stack_param|sub_artifact|concat_artifact|unknown_field|badspacebase|pointer_cast|register_param|stack_ref,330
crt_math.c_FUN_00606ae6,00606ae6,crt/math.c,16,4,stack_param|undefined_type|concat_artifact,71
crt_math.c_atan2_minus_pi_half_minus_epilogue_FUN_0060c61b,0060c61b,crt/math.c,5,0,,5
crt_math.c_FUN_00606ad0,00606ad0,crt/math.c,7,0,,7
crt_math.c_report_math_error_FUN_0060e2e5,0060e2e5,crt/math.c,15,0,,15
crt_exception.c_RemoveExceptionHandler_FUN_0060abf4,0060abf4,crt/exception.c,12,0,,12
crt_exception.c_ExceptionHandler_FUN_0060a9d8,0060a9d8,crt/exception.c,101,3,badspacebase|register_param|stack_ref,146
crt_exception.c_installExceptionHandler_FUN_0060aba8,0060aba8,crt/exception.c,18,2,stack_param,43
crt_exception.c_TopLevelExceptionFilter_FUN_0060a7a4,0060a7a4,crt/exception.c,120,9,stack_param|badspacebase|register_param|stack_ref,230
crt_exception.c_FormatHexString_FUN_0060a748,0060a748,crt/exception.c,35,0,,35
crt_startup.cpp_InitializeWinAppRuntime_FUN_006026a8,006026a8,crt/startup.cpp,20,4,stack_param,65
crt_startup.cpp_WinMainBootstrap_FUN_00609e70,00609e70,crt/startup.cpp,83,11,badspacebase|pointer_cast|register_param|stack_ref,213
crt_startup.cpp_GetOrCreateThreadData_FUN_0060a23c,0060a23c,crt/startup.cpp,15,8,stack_param,100
crt_memory.c_realloc_implementation_FUN_00601e08,00601e08,crt/memory.c,43,2,pointer_cast,68
crt_memory.c_calloc_FUN_0060ca90,0060ca90,crt/memory.c,9,0,,9
crt_memory.c_malloc_FUN_00601bb0,00601bb0,crt/memory.c,6,0,,6
crt_memory.c_malloc_FUN_006021da,006021da,crt/memory.c,6,0,,6
crt_memory.c_dispatchObjectArrayConstructor_FUN_00601200,00601200,crt/memory.c,16,0,,16
crt_memory.c_copyObjectArray_FUN_00600bc2,00600bc2,crt/memory.c,17,2,pointer_cast,42
crt_memory.c_BulkDwordFill_FUN_00603b37,00603b37,crt/memory.c,53,15,pointer_cast|register_param,213
crt_memory.c_destroyTypeArray_FUN_005feeaf,005feeaf,crt/memory.c,15,0,,15
crt_memory.c_constructTypedObjectArray_FUN_00601272,00601272,crt/memory.c,9,0,,9
crt_memory.c_freeTypeArray_FUN_005feee9,005feee9,crt/memory.c,11,2,badspacebase|register_param,41
crt_memory.c_copyArrayWithFunction_FUN_006020c2,006020c2,crt/memory.c,9,0,,9
crt_memory.c_OptimizedMemFill_FUN_00603b00,00603b00,crt/memory.c,25,10,extra_output|pointer_cast|register_param,140
crt_memory.c_GetMemoryBounds_FUN_0060a6a0,0060a6a0,crt/memory.c,25,5,stack_param|badspacebase|register_param,90
crt_memory.c_constructTypedObjectArray_FUN_00601232,00601232,crt/memory.c,13,1,pointer_cast,28
crt_memory.c_memset_FUN_005fde40,005fde40,crt/memory.c,10,5,concat_artifact|unaffected_reg,70
crt_memory.c_realloc_FUN_00601df0,00601df0,crt/memory.c,6,0,,6
crt_memory.c_free_FUN_00601cd0,00601cd0,crt/memory.c,5,0,,5
crt_memory.c_free_FUN_005fe659,005fe659,crt/memory.c,5,0,,5
crt_memory.c_freeSingleInstance_FUN_005fe632,005fe632,crt/memory.c,10,2,pointer_cast,35
crt_memory.c_constructObjectArray_FlaggedCtor_FUN_00608dc8,00608dc8,crt/memory.c,18,1,pointer_cast,33
crt_memory.c_constructObjectArray_DefaultCtor_FUN_005fe667,005fe667,crt/memory.c,20,1,pointer_cast,35
crt_io.c_invalidate_handle_FUN_00608af4,00608af4,crt/io.c,9,0,,9
crt_io.c_close_handle_safe_FUN_0060c2e0,0060c2e0,crt/io.c,15,0,,15
crt_io.c_getFileTypeFlags_FUN_006088b0,006088b0,crt/io.c,19,0,,19
crt_io.c_register_handler_wrapper_FUN_00602438,00602438,crt/io.c,6,0,,6
crt_io.c_findFirstFileWrapper_FUN_006021f0,006021f0,crt/io.c,27,6,stack_param|badspacebase|register_param|stack_ref,107
crt_io.c_close_FUN_00609bd0,00609bd0,crt/io.c,28,2,stack_param,53
crt_io.c_CreateFallbackHandle_FUN_00608b88,00608b88,crt/io.c,10,0,,10
crt_io.c_realpath_FUN_00601140,00601140,crt/io.c,38,6,unaffected_reg|badspacebase|register_param|stack_ref,118
crt_io.c_chdir_FUN_006012a0,006012a0,crt/io.c,13,0,,13
crt_io.c_deleteFile_FUN_005ff9d0,005ff9d0,crt/io.c,6,0,,6
crt_io.c_IsSpecialDevice_FUN_0060c270,0060c270,crt/io.c,26,0,,26
crt_io.c_findNextWithAttributes_FUN_00609d5c,00609d5c,crt/io.c,17,0,,17
crt_io.c_register_handle_wrapper_FUN_0060a144,0060a144,crt/io.c,6,0,,6
crt_io.c_setFileDescriptorFlags_FUN_00608908,00608908,crt/io.c,14,0,,14
crt_io.c_getcwd_wrapper_FUN_00608d20,0060128c,crt/io.c,50,2,badspacebase|register_param,80
crt_io.c_register_handle_FUN_00608990,00608990,crt/io.c,30,2,sborrow_artifact|pointer_cast,60
crt_io.c_invalidate_handle_wrapper_FUN_00602448,00602448,crt/io.c,5,0,,5
crt_io.c_analyze_file_type_FUN_00607d50,00607d50,crt/io.c,67,0,,67
crt_io.c_ConvertCreationDisposition_FUN_0060c894,0060c894,crt/io.c,37,0,,37
crt_io.c_CheckFileHandleAvailability_FUN_00608940,00608940,crt/io.c,20,1,pointer_cast,35
crt_io.c_generateTempFilename_FUN_00601f1c,00601f1c,crt/io.c,56,4,stack_param,101
crt_io.c_extend_file_for_append_FUN_00608410,00608410,crt/io.c,43,3,badspacebase|register_param|stack_ref,88
crt_io.c_check_file_access_FUN_0060c9f0,0060c9f0,crt/io.c,16,0,,16
crt_io.c_utime_FUN_00608160,00608160,crt/io.c,59,25,stack_param|unknown_field|badspacebase|register_param|stack_ref,334
crt_io.c_stat_FUN_00607e64,00607e64,crt/io.c,114,35,stack_param|badspacebase|register_param|stack_ref,484
crt_io.c_convertFileInfo_FUN_00602264,00602264,crt/io.c,48,0,,48
crt_io.c_get_handle_FUN_006109f0,006109f0,crt/io.c,8,0,,8
crt_io.c_ftruncate_FUN_00600cf0,00600cf0,crt/io.c,54,5,stack_param|unaffected_reg,114
crt_io.c_tell_FUN_00606720,00606720,crt/io.c,21,0,,21
crt_io.c_findNextFileWrapper_FUN_00602300,00602300,crt/io.c,25,9,stack_param|badspacebase|register_param|stack_ref,135
crt_io.c_write_FUN_006084ec,006084ec,crt/io.c,176,23,stack_param|badspacebase|pointer_cast|register_param|stack_ref,431
crt_io.c_getTempDirectory_FUN_00609afc,00609afc,crt/io.c,56,0,,56
crt_io.c_file_exists_FUN_0060f380,0060f380,crt/io.c,6,0,,6
crt_io.c_parseFileInfo_FUN_0060e3b0,0060e3b0,crt/io.c,61,11,badspacebase|register_param|stack_ref,186
crt_io.c_invalidate_handle_wrapper_FUN_0060a154,0060a154,crt/io.c,8,2,stack_param,33
crt_io.c_InitializeStandardHandles_FUN_00608b20,00608b20,crt/io.c,30,0,,30
crt_io.c_getcwd_FUN_00608d20,00608d20,crt/io.c,50,2,badspacebase|register_param,80
crt_io.c_ConvertAccessMode_FUN_0060c850,0060c850,crt/io.c,17,0,,17
crt_io.c_findCloseWrapper_FUN_00602380,00602380,crt/io.c,6,0,,6
crt_io.c_stat_thunk_00600c18,00600c18,crt/io.c/stat/thunk,6,0,,6
crt_io.c_utime_thunk_00600c1e,00600c1e,crt/io.c/utime/thunk,6,0,,6
crt_tls.c_shutdown_tls_infrastructure_FUN_0060a388,0060a388,crt/tls.c,12,2,extra_output,37
crt_tls.c_allocate_tls_index_FUN_0060a27c,0060a27c,crt/tls.c,12,0,,12
crt_tls.c_cleanup_thread_tls_data_FUN_0060a334,0060a334,crt/tls.c,20,3,stack_param|pointer_cast,60
crt_tls.c_create_thread_local_data_FUN_0060cac0,0060cac0,crt/tls.c,14,0,,14
crt_tls.c_leave_critical_section_by_index_FUN_0060a128,0060a128,crt/tls.c,6,0,,6
crt_tls.c_register_thread_data_FUN_0060cbd0,0060cbd0,crt/tls.c,28,1,pointer_cast,43
crt_tls.c_initialize_tls_infrastructure_FUN_0060a3b4,0060a3b4,crt/tls.c,46,0,,46
crt_tls.c_initialize_thread_tls_data_FUN_0060a2d8,0060a2d8,crt/tls.c,21,2,unaffected_reg,46
crt_tls.c_get_thread_local_data_FUN_0060a1fc,0060a1fc,crt/tls.c,15,1,pointer_cast,30
crt_tls.c_enter_critical_section_by_index_FUN_0060a10c,0060a10c,crt/tls.c,6,0,,6
crt_tls.c_getThreadLocalData_FUN_0060caf8,0060caf8,crt/tls.c,53,6,pointer_cast,118
crt_tls.c_unregister_thread_data_FUN_0060cc3c,0060cc3c,crt/tls.c,25,0,,25
crt_mbstring.c_copyMbChar_FUN_0060e590,0060e590,crt/mbstring.c,10,0,,10
crt_exit.c_ExitProcess_FUN_00602700,00602700,crt/exit.c,14,0,,14
crt_exit.c_ProcessExitHandlers_FUN_0060ac88,0060ac88,crt/exit.c,25,1,pointer_cast,40
crt_exit.c_ExitHookStub_FUN_0060b530,0060b530,crt/exit.c,5,0,,5
crt_exit.c_FinalExitHandler_FUN_0060b560,0060b560,crt/exit.c,11,2,unaffected_reg,36
crt_sync.c_leave_reentrant_critical_section_FUN_0060a0c4,0060a0c4,crt/sync.c,13,0,,13
crt_sync.c_leave_global_thread_critical_section_FUN_0060a1ac,0060a1ac,crt/sync.c,5,0,,5
crt_sync.c_reset_reentrant_critical_section_state_FUN_0060a04c,0060a04c,crt/sync.c,7,0,,7
crt_sync.c_enter_global_critical_section_FUN_0060a0ec,0060a0ec,crt/sync.c,5,0,,5
crt_sync.c_enter_reentrant_critical_section_FUN_0060a060,0060a060,crt/sync.c,23,0,,23
crt_sync.c_enter_global_memory_critical_section_FUN_0060a17c,0060a17c,crt/sync.c,5,0,,5
crt_sync.c_leave_global_runtime_critical_section_FUN_0060a1ec,0060a1ec,crt/sync.c,5,0,,5
crt_sync.c_criticalSectionStub_FUN_00609f20,00609f20,crt/sync.c,4,0,,4
crt_sync.c_leave_global_io_critical_section_FUN_0060a1cc,0060a1cc,crt/sync.c,5,0,,5
crt_sync.c_leave_global_critical_section_FUN_0060a0fc,0060a0fc,crt/sync.c,5,0,,5
crt_sync.c_allocate_critical_section_FUN_00609f24,00609f24,crt/sync.c,26,0,,26
crt_sync.c_leave_global_memory_critical_section_FUN_0060a18c,0060a18c,crt/sync.c,5,0,,5
crt_sync.c_CriticalSectionStub_FUN_00602434,00602434,crt/sync.c,4,0,,4
crt_sync.c_enter_global_io_critical_section_FUN_0060a1bc,0060a1bc,crt/sync.c,5,0,,5
crt_sync.c_CriticalSectionStub_FUN_00602458,00602458,crt/sync.c,5,0,,5
crt_sync.c_enter_global_thread_critical_section_FUN_0060a19c,0060a19c,crt/sync.c,5,0,,5
crt_ctype.c_toupper_FUN_005ff9e0,005ff9e0,crt/ctype.c,7,0,,7
crt_ctype.c_tolower_FUN_005feb30,005feb30,crt/ctype.c,7,0,,7
crt_fpu.c_staticInit_FUN_006047e0,006047e0,crt/fpu.c,13,0,,13
crt_fpu.c_ClearFPUExceptions_FUN_0060ce50,0060ce50,crt/fpu.c,4,0,,4
crt_locale.c_mblen_FUN_00605a40,00605a40,crt/locale.c,7,0,,7
crt_locale.c_islower_multibyte_FUN_00610990,00610990,crt/locale.c,13,1,stack_param,28
crt_locale.c_mbtowc_FUN_0060b1c0,0060b1c0,crt/locale.c,41,3,badspacebase|register_param|stack_ref,86
crt_locale.c_fullwidth_toupper_FUN_0060ffb0,0060ffb0,crt/locale.c,9,0,,9
crt_locale.c_ismultibyte_FUN_00610a20,00610a20,crt/locale.c,11,0,,11
crt_locale.c_toupper_multibyte_FUN_0060f300,0060f300,crt/locale.c,21,10,stack_param|unaffected_reg|badspacebase|register_param|stack_ref,146
crt_locale.c_istrailbyte_FUN_00610a70,00610a70,crt/locale.c,16,2,stack_param|undefined_type,46
crt_locale.c_wchar_to_bytes_FUN_00605a20,00605a20,crt/locale.c,12,0,,12
crt_errno.c_convertWindowsErrorToErrno_FUN_00608390,00608390,crt/errno.c,24,0,,24
crt_errno.c_setErrno_FUN_00602790,00602790,crt/errno.c,7,0,,7
crt_errno.c_errno_FUN_00601450,00601450,crt/errno.c,6,0,,6
crt_errno.c_SetWindowsError_FUN_006027c8,006027c8,crt/errno.c,7,0,,7
crt_errno.c_getLastErrorAndSetErrno_FUN_006083fc,006083fc,crt/errno.c,7,0,,7
support_codec.cpp_CLZWDecompress_finalize_FUN_0043f590,0043f590,support/codec.cpp,11,0,,11
support_codec.cpp_CCodec_processFromBuffer_FUN_0043eb30,0043eb30,support/codec.cpp,14,4,badspacebase|register_param|stack_ref,69
support_codec.cpp_CLZWDecompress_ctor_FUN_0043f490,0043f490,support/codec.cpp,17,5,stack_param|negative_offset,77
support_codec.cpp_CCodec_processToBuffer_FUN_0043ea80,0043ea80,support/codec.cpp,22,8,stack_param|badspacebase|register_param|stack_ref,122
support_codec.cpp_CLZWDictionary_readCodeFromStream_FUN_0043f030,0043f030,support/codec.cpp,48,0,,48
support_codec.cpp_CCodec_finalizeBuffer_FUN_0043ed50,0043ed50,support/codec.cpp,16,4,badspacebase|register_param|stack_ref,71
support_codec.cpp_CCodec_init_FUN_0043e9d0,0043e9d0,support/codec.cpp,4,0,,4
support_codec.cpp_CLZWCompress_process_FUN_0043f360,0043f360,support/codec.cpp,59,15,stack_param|unaffected_reg|badspacebase|register_param|stack_ref,234
support_codec.cpp_resetDictionary_FUN_0043e510,0043e510,support/codec.cpp,6,0,,6
support_codec.cpp_CCodec_ctor_FUN_0043e9a0,0043e9a0,support/codec.cpp,5,0,,5
support_codec.cpp_CLZWDictionary_writeCodeBits_FUN_0043f170,0043f170,support/codec.cpp,32,0,,32
support_codec.cpp_CCodec_dtor_FUN_0043e9b0,0043e9b0,support/codec.cpp,15,0,,15
support_codec.cpp_CLZWDictionary_writeCodeToStream_FUN_0043f0d0,0043f0d0,support/codec.cpp,49,0,,49
support_codec.cpp_CLZWDictionary_decodeCodeToBuffer_FUN_0043f270,0043f270,support/codec.cpp,24,0,,24
support_codec.cpp_CLZWDecompress_isDictionaryEmpty_FUN_0043f690,0043f690,support/codec.cpp,5,0,,5
support_codec.cpp_CLZWDecompress_init_FUN_0043f4d0,0043f4d0,support/codec.cpp,11,2,unaffected_reg,36
support_codec.cpp_CLZWDictionary_init_FUN_0043ee60,0043ee60,support/codec.cpp,26,0,,26
support_codec.cpp_CLZWCompress_dtor_FUN_0043f710,0043f710,support/codec.cpp,22,1,negative_offset,37
support_codec.cpp_CLZWDictionary_dtor_FUN_0043edf0,0043edf0,support/codec.cpp,6,0,,6
support_codec.cpp_CLZWCompress_ctor_FUN_0043f2d0,0043f2d0,support/codec.cpp,21,5,stack_param|negative_offset,81
support_codec.cpp_CCodec_processBuffer_FUN_0043eba0,0043eba0,support/codec.cpp,13,2,badspacebase|register_param,43
support_codec.cpp_CLZWDictionary_findCode_FUN_0043ef50,0043ef50,support/codec.cpp,20,0,,20
support_codec.cpp_extractBitsFromBuffer_FUN_0043e840,0043e840,support/codec.cpp,52,0,,52
support_codec.cpp_CLZWDictionary_initTable_FUN_0043eef0,0043eef0,support/codec.cpp,21,4,pointer_cast,66
support_codec.cpp_CLZWDictionary_free_FUN_0043ee10,0043ee10,support/codec.cpp,13,0,,13
support_codec.cpp_CCodec_process_FUN_0043ea10,0043ea10,support/codec.cpp,25,6,unaffected_reg|badspacebase|pointer_cast|register_param|stack_ref,110
support_codec.cpp_CLZWDictionary_addNode_FUN_0043ef90,0043ef90,support/codec.cpp,20,0,,20
support_codec.cpp_CLZWCompress_finalize_FUN_0043f440,0043f440,support/codec.cpp,14,2,stack_param,39
support_codec.cpp_CLZWCompress_init_FUN_0043f320,0043f320,support/codec.cpp,13,2,unaffected_reg,38
support_codec.cpp_flushBitBuffer_FUN_0043e7e0,0043e7e0,support/codec.cpp,19,0,,19
support_codec.cpp_CCodec_finalize_FUN_0043ea00,0043ea00,support/codec.cpp,4,0,,4
support_codec.cpp_CLZWDictionary_ctor_FUN_0043edd0,0043edd0,support/codec.cpp,8,0,,8
support_codec.cpp_CLZWDictionary_writeCodeSequence_FUN_0043f200,0043f200,support/codec.cpp,15,0,,15
support_codec.cpp_CLZWDecompress_processBuffer_FUN_0043f5d0,0043f5d0,support/codec.cpp,38,3,badspacebase|register_param|stack_ref,83
support_codec.cpp_readBitsFromStream_FUN_0043e530,0043e530,support/codec.cpp,73,4,badspacebase|pointer_cast|register_param,128
support_codec.cpp_CLZWDecompress_process_FUN_0043f510,0043f510,support/codec.cpp,27,0,,27
support_codec.cpp_CCodec_processFiles_FUN_0043ec30,0043ec30,support/codec.cpp,53,19,stack_param|badspacebase|register_param|stack_ref,263
support_codec.cpp_writeBitsToStream_FUN_0043e6c0,0043e6c0,support/codec.cpp,50,0,,50
support_codec.cpp_CLZWDecompress_dtor_FUN_0043f6b0,0043f6b0,support/codec.cpp,21,1,negative_offset,36
support_newmsg.cpp_findLocalizedString_FUN_00544170,00544170,support/newmsg.cpp,22,2,stack_param,47
support_newmsg.cpp_staticInit_FUN_00544360,00544360,support/newmsg.cpp,6,0,,6
support_newmsg.cpp_freeBitmap_FUN_00544730,00544730,support/newmsg.cpp,5,0,,5
support_newmsg.cpp_CMouse_dtor_FUN_005443e0,005443e0,support/newmsg.cpp,10,6,extra_output,75
support_newmsg.cpp_FUN_005445a0,005445a0,support/newmsg.cpp,8,4,stack_param,53
support_newmsg.cpp_CMouse_ctor_FUN_00544380,00544380,support/newmsg.cpp,13,5,pointer_cast,68
support_newmsg.cpp_freeSkullBitmaps_FUN_00544750,00544750,support/newmsg.cpp,5,0,,5
support_newmsg.cpp_FUN_00544540,00544540,support/newmsg.cpp,19,9,stack_param,114
support_newmsg.cpp_FUN_00544510,00544510,support/newmsg.cpp,11,5,stack_param,66
support_newmsg.cpp_doNothing_FUN_00544500,00544500,support/newmsg.cpp,4,0,,4
support_newmsg.cpp_readMessageFile_FUN_00543e40,00543e40,support/newmsg.cpp,125,15,stack_param|badspacebase|pointer_cast|register_param|stack_ref,300
support_newmsg.cpp_getLocalizedString_FUN_005441f0,005441f0,support/newmsg.cpp,25,0,,25
support_newmsg.cpp_FUN_005445c0,005445c0,support/newmsg.cpp,46,21,stack_param,261
support_newmsg.cpp_decryptMessage_FUN_00544270,00544270,support/newmsg.cpp,36,5,unaffected_reg,91
support_newmsg.cpp_CMouse_load_FUN_00544420,00544420,support/newmsg.cpp,42,3,badspacebase|register_param|stack_ref,87
support_trisock.cpp_convertSockAddr_FUN_005e1960,005e1960,support/trisock.cpp,21,3,badspacebase|register_param|stack_ref,66
support_trisock.cpp_invalidateSocket_FUN_005e1ae0,005e1ae0,support/trisock.cpp,5,0,,5
support_trisock.cpp_setSocketBroadcast_FUN_005e1e90,005e1e90,support/trisock.cpp,8,2,badspacebase|register_param,38
support_trisock.cpp_createNetworkAddr_FUN_005e1940,005e1940,support/trisock.cpp,8,0,,8
support_trisock.cpp_parseIPComponents_FUN_005e1800,005e1800,support/trisock.cpp,19,5,unaffected_reg|badspacebase|register_param|stack_ref,89
support_trisock.cpp_staticInit_FUN_005e16b0,005e16b0,support/trisock.cpp,6,0,,6
support_trisock.cpp_connectSocket_FUN_005e1bd0,005e1bd0,support/trisock.cpp,24,4,unknown_field|badspacebase|register_param,79
support_trisock.cpp_extractIPOctets_FUN_005e18e0,005e18e0,support/trisock.cpp,19,0,,19
support_trisock.cpp_shouldNeverBeCalled_FUN_005e1a80,005e1a80,support/trisock.cpp,7,0,,7
support_trisock.cpp_startupWinsock_FUN_005e1ec0,005e1ec0,support/trisock.cpp,8,2,badspacebase|register_param,38
support_trisock.cpp_shouldNeverBeCalled_FUN_005e1ab0,005e1ab0,support/trisock.cpp,7,0,,7
support_trisock.cpp_buildIPAddress_FUN_005e1870,005e1870,support/trisock.cpp,14,0,,14
support_trisock.cpp_receiveSocketData_FUN_005e1c20,005e1c20,support/trisock.cpp,34,6,badspacebase|pointer_cast|register_param|stack_ref,114
support_trisock.cpp_getIPAddress_FUN_005e1930,005e1930,support/trisock.cpp,4,0,,4
support_trisock.cpp_buildSockaddrIn_FUN_005e19d0,005e19d0,support/trisock.cpp,26,8,unknown_field|badspacebase|pointer_cast|register_param|stack_ref,131
support_trisock.cpp_bindAndInvalidateSocket_FUN_005e1d20,005e1d20,support/trisock.cpp,11,0,,11
support_trisock.cpp_performSocketOperation_FUN_005e1ca0,005e1ca0,support/trisock.cpp,31,10,badspacebase|register_param|stack_ref,146
support_trisock.cpp_bindSocketWrapper_FUN_005e1af0,005e1af0,support/trisock.cpp,6,0,,6
support_trisock.cpp_buildIPAddressOrDie_FUN_005e1750,005e1750,support/trisock.cpp,16,2,stack_param,41
support_trisock.cpp_isSocketValid_FUN_005e1b70,005e1b70,support/trisock.cpp,4,0,,4
support_trisock.cpp_getSocketName_FUN_005e1df0,005e1df0,support/trisock.cpp,21,8,stack_param|badspacebase|pointer_cast|register_param|stack_ref,126
support_trisock.cpp_formatSocketAddress_FUN_005e1a30,005e1a30,support/trisock.cpp,22,2,pointer_cast,47
support_trisock.cpp_parseIPAddress_FUN_005e1700,005e1700,support/trisock.cpp,15,2,stack_param,40
support_trisock.cpp_setSocketBlocking_FUN_005e1e50,005e1e50,support/trisock.cpp,10,2,badspacebase|register_param,40
support_trisock.cpp_listenSocket_FUN_005e1d60,005e1d60,support/trisock.cpp,6,0,,6
support_trisock.cpp_bindSocket_FUN_005e1b80,005e1b80,support/trisock.cpp,15,5,stack_param|badspacebase|register_param|stack_ref,85
support_trisock.cpp_createUDPSocket_FUN_005e1b40,005e1b40,support/trisock.cpp,8,0,,8
support_trisock.cpp_cleanupWinsock_FUN_005e1ee0,005e1ee0,support/trisock.cpp,7,0,,7
support_trisock.cpp_acceptConnection_FUN_005e1d80,005e1d80,support/trisock.cpp,30,10,stack_param|unknown_field|badspacebase|pointer_cast|register_param|stack_ref,160
support_trisock.cpp_createSocket_FUN_005e1b10,005e1b10,support/trisock.cpp,8,0,,8
support_trisock.cpp_copyIPAddress_FUN_005e16f0,005e16f0,support/trisock.cpp,5,0,,5
support_trisock.cpp_formatIPAddress_FUN_005e17c0,005e17c0,support/trisock.cpp,8,0,,8
engine_pcx.c_writePCXScanline_FUN_00548c50,00548c50,engine/pcx.c,50,4,pointer_cast,95
engine_pcx.c_saveScreenshotGeneral_FUN_005490c0,005490c0,engine/pcx.c,93,7,badspacebase|pointer_cast|register_param|stack_ref,183
engine_pcx.c_saveScreenRaw16_FUN_00548d20,00548d20,engine/pcx.c,81,6,badspacebase|register_param|stack_ref,156
engine_pcx.c_saveScreenRaw32_FUN_00548f00,00548f00,engine/pcx.c,80,6,badspacebase|register_param|stack_ref,155
engine_winfont.cpp_CWinFont_getStringWidth_FUN_005f2aa0,005f2aa0,engine/winfont.cpp,31,6,stack_param|badspacebase|register_param|stack_ref,111
engine_winfont.cpp_CWinFont_getStringHeight_FUN_005f2b00,005f2b00,engine/winfont.cpp,31,6,stack_param|badspacebase|register_param|stack_ref,111
engine_winfont.cpp_CWinFont_createTextBackground_FUN_005f2860,005f2860,engine/winfont.cpp,62,4,badspacebase|register_param|stack_ref,117
engine_winfont.cpp_CWinFont_drawText_FUN_005f23f0,005f23f0,engine/winfont.cpp,16,2,stack_param,41
engine_winfont.cpp_CWinFont_getLineSpacing_FUN_005f2b70,005f2b70,engine/winfont.cpp,4,0,,4
engine_winfont.cpp_CWinFont_ctor_FUN_005f22e0,005f22e0,engine/winfont.cpp,25,4,stack_param,70
engine_winfont.cpp_CWinFont_reset_FUN_005f2a30,005f2a30,engine/winfont.cpp,15,0,,15
engine_winfont.cpp_CWinFont_dtor_FUN_005f2390,005f2390,engine/winfont.cpp,19,0,,19
engine_winfont.cpp_CWinFont_setColorAndDrawText_FUN_005f2440,005f2440,engine/winfont.cpp,144,6,stack_param|pointer_cast,214
engine_model.c_loadModelFile_FUN_00527ec0,00527ec0,engine/model.c,73,9,badspacebase|register_param|stack_ref,178
engine_model.c_getMRGLBounds_FUN_00528140,00528140,engine/model.c,185,14,stack_param|unaffected_reg|extra_output|badspacebase|register_param|stack_ref,355
engine_model.c_freeMRGLData_FUN_005280b0,005280b0,engine/model.c,28,0,,28
engine_model.c_getMRGLSize_FUN_00528700,00528700,engine/model.c,81,3,badspacebase|register_param|stack_ref,126
engine_model.c_loadMRGLTextures_FUN_00528870,00528870,engine/model.c,55,6,unaffected_reg|badspacebase|pointer_cast|register_param,135
engine_model.c_initializeMRGLModel_FUN_00528940,00528940,engine/model.c,10,0,,10
engine_model.c_byteswapMRGLData_FUN_00527e40,00527e40,engine/model.c,96,2,pointer_cast,121
engine_model.c_loadModelChunk_FUN_00528970,00528970,engine/model.c,42,8,badspacebase|pointer_cast|register_param|stack_ref,142
engine_colquant.c_FUN_00441110,00441110,engine/colquant.c,49,30,stack_param|concat_artifact|extra_output,364
engine_colquant.c_FUN_00440dc0,00440dc0,engine/colquant.c,48,28,stack_param,333
engine_colquant.c_FUN_004406c0,004406c0,engine/colquant.c,201,64,stack_param|concat_artifact|extra_output|badspacebase|pointer_cast|register_param,871
engine_colquant.c_FUN_00440c80,00440c80,engine/colquant.c,48,28,stack_param,333
engine_colquant.c_FUN_00441260,00441260,engine/colquant.c,146,51,stack_param|sub_artifact|concat_artifact|extra_output,676
engine_colquant.c_FUN_00441790,00441790,engine/colquant.c,17,16,stack_param|concat_artifact,187
engine_colquant.c_FUN_00441040,00441040,engine/colquant.c,20,12,stack_param,145
engine_colquant.c_FUN_00440f00,00440f00,engine/colquant.c,48,28,stack_param,333
engine_colquant.c_FUN_00440b40,00440b40,engine/colquant.c,48,28,stack_param,333
engine_2d.c_drawCharacter_FUN_00401610,00401610,engine/2d.c,85,3,pointer_cast,120
engine_2d.c_drawTextRightAlignedColorFormatted_FUN_00402580,00402580,engine/2d.c,12,4,badspacebase|register_param|stack_ref,67
engine_2d.c_drawTextRightAlignedColor_FUN_00402530,00402530,engine/2d.c,8,2,unaffected_reg,33
engine_2d.c_getInputWithPrompt_FUN_004032c0,004032c0,engine/2d.c,52,7,stack_param|badspacebase|register_param|stack_ref,142
engine_2d.c_project3DPointClipped_FUN_004017c0,004017c0,engine/2d.c,9,2,sborrow_artifact,34
engine_2d.c_findBestPaletteMatch_FUN_00401460,00401460,engine/2d.c,43,4,unaffected_reg|pointer_cast,93
engine_2d.c_project3DPointToScreen_FUN_00401770,00401770,engine/2d.c,9,0,,9
engine_2d.c_buildColorLookupTable_FUN_00402870,00402870,engine/2d.c,48,1,pointer_cast,63
engine_2d.c_drawTextWrappedColor_FUN_00401eb0,00401eb0,engine/2d.c,45,0,,45
engine_2d.c_wrapTextToWidth_FUN_00401d80,00401d80,engine/2d.c,74,6,stack_param|unaffected_reg|badspacebase|register_param,154
engine_2d.c_doNothing_FUN_00402860,00402860,engine/2d.c,4,0,,4
engine_2d.c_drawStringMasked_FUN_00402030,00402030,engine/2d.c,30,0,,30
engine_2d.c_cleanupGraphicsSystem_FUN_005ecd90,00401130,engine/2d.c,5,0,,5
engine_2d.c_plotPixel_FUN_00401140,00401140,engine/2d.c,13,0,,13
engine_2d.c_setupViewportAndClipping_FUN_00401800,00401800,engine/2d.c,19,0,,19
engine_2d.c_drawCharacterMasked_FUN_00401900,00401900,engine/2d.c,65,2,pointer_cast,90
engine_2d.c_drawTextRightAlignedWrapper_FUN_004021f0,004021f0,engine/2d.c,5,0,,5
engine_2d.c_drawCharacter_FUN_00401a10,00401a10,engine/2d.c,75,3,pointer_cast,110
engine_2d.c_drawTextColor_FUN_00402430,00402430,engine/2d.c,10,0,,10
engine_2d.c_initGraphicsSystem_FUN_00401010,00401010,engine/2d.c,34,1,pointer_cast,49
engine_2d.c_getTextWrapEnabled_FUN_004027f0,004027f0,engine/2d.c,4,0,,4
engine_2d.c_drawVLine_FUN_00402ff0,00402ff0,engine/2d.c,56,6,sborrow_artifact|pointer_cast,126
engine_2d.c_setSolidColor_FUN_004033a0,004033a0,engine/2d.c,19,0,,19
engine_2d.c_clipAndDrawLine_FUN_00402ca0,00402ca0,engine/2d.c,109,36,undefined_type|stack_param|concat_artifact|unaffected_reg|pointer_cast,494
engine_2d.c_unmapFrameBuffer_FUN_00403670,00403670,engine/2d.c,32,2,sborrow_artifact|pointer_cast,62
engine_2d.c_drawText_FUN_00401fd0,00401fd0,engine/2d.c,9,0,,9
engine_2d.c_drawTextCenteredAtColor_FUN_004025f0,004025f0,engine/2d.c,8,2,unaffected_reg,33
engine_2d.c_drawLine_FUN_004011b0,004011b0,engine/2d.c,56,4,unaffected_reg,101
engine_2d.c_drawTextFormatted_FUN_00402150,00402150,engine/2d.c,10,4,badspacebase|register_param|stack_ref,65
engine_2d.c_drawTextCenteredAtColorWrapper_FUN_00402630,00402630,engine/2d.c,6,0,,6
engine_2d.c_drawLine3D_FUN_00401320,00401320,engine/2d.c,63,4,unaffected_reg,108
engine_2d.c_loadPaletteFile_FUN_004015a0,004015a0,engine/2d.c,13,0,,13
engine_2d.c_computeOutcode_FUN_00402c10,00402c10,engine/2d.c,16,0,,16
engine_2d.c_drawString_FUN_00402080,00402080,engine/2d.c,30,0,,30
engine_2d.c_drawTextCenteredAtColorFormatted_FUN_00402650,00402650,engine/2d.c,12,4,badspacebase|register_param|stack_ref,67
engine_2d.c_drawCharacterHighlighted_FUN_00401b70,00401b70,engine/2d.c,57,2,pointer_cast,82
engine_2d.c_drawTextCenteredXYColor_FUN_00402700,00402700,engine/2d.c,6,0,,6
engine_2d.c_reinitializeGraphicsSystem_FUN_005ed4b0,00402a80,engine/2d.c,34,0,,34
engine_2d.c_draw320x200SizeDot_FUN_00402a8e,00402a8e,engine/2d.c,52,29,stack_param|sborrow_artifact,352
engine_2d.c_mapTextureFrameBuffer_FUN_00403650,00403650,engine/2d.c,8,0,,8
engine_2d.c_drawTextMultilineColor_FUN_00401f40,00401f40,engine/2d.c,37,2,stack_param,62
engine_2d.c_getStringWidth_FUN_004018a0,004018a0,engine/2d.c,32,0,,32
engine_2d.c_disableTextWrap_FUN_00402820,00402820,engine/2d.c,5,0,,5
engine_2d.c_drawTextCenteredReordered_FUN_00402390,00402390,engine/2d.c,6,0,,6
engine_2d.c_drawRect_FUN_00403120,00403120,engine/2d.c,8,0,,8
engine_2d.c_enableTextWrap_FUN_00402810,00402810,engine/2d.c,5,0,,5
engine_2d.c_getTextColor_FUN_00402830,00402830,engine/2d.c,4,0,,4
engine_2d.c_drawTextColorWrapper_FUN_004024a0,004024a0,engine/2d.c,5,0,,5
engine_2d.c_drawStringHighlighted_FUN_004020e0,004020e0,engine/2d.c,30,0,,30
engine_2d.c_drawTextXY_FUN_00402130,00402130,engine/2d.c,5,0,,5
engine_2d.c_drawTextCenteredAt_FUN_00402280,00402280,engine/2d.c,8,2,unaffected_reg,33
engine_2d.c_setTextColor_FUN_00402840,00402840,engine/2d.c,5,0,,5
engine_2d.c_drawHLine_FUN_00402ee0,00402ee0,engine/2d.c,56,0,,56
engine_2d.c_drawTextRightAligned_FUN_004021c0,004021c0,engine/2d.c,8,2,unaffected_reg,33
engine_2d.c_loadOrBuildColorMap_FUN_00402930,00402930,engine/2d.c,52,7,badspacebase|register_param|stack_ref,137
engine_2d.c_drawTextCenteredColor_FUN_004026c0,004026c0,engine/2d.c,9,2,unaffected_reg,34
engine_2d.c_setTextWrapEnabled_FUN_00402800,00402800,engine/2d.c,5,0,,5
engine_2d.c_mapFrameBuffer_FUN_00403430,00403430,engine/2d.c,68,3,sborrow_artifact|pointer_cast,108
engine_2d.c_getStringWidthFormatted_FUN_004027a0,004027a0,engine/2d.c,11,4,badspacebase|register_param|stack_ref,66
engine_2d.c_drawTextCenteredAtWrapper_FUN_004022c0,004022c0,engine/2d.c,5,0,,5
engine_2d.c_fillRectColor_FUN_00403170,00403170,engine/2d.c,27,0,,27
engine_2d.c_drawTextCentered_FUN_00402350,00402350,engine/2d.c,8,2,unaffected_reg,33
engine_2d.c_drawTextCenteredAtFormatted_FUN_004022e0,004022e0,engine/2d.c,11,4,badspacebase|register_param|stack_ref,66
engine_2d.c_clearInputAndWait_FUN_00403260,00403260,engine/2d.c,30,0,,30
engine_2d.c_resetGraphicsSystem_FUN_005ed2a0,00402a70,engine/2d.c,5,0,,5
engine_2d.c_fillRectWithBorder_FUN_00403200,00403200,engine/2d.c,13,2,stack_param,38
engine_2d.c_drawTextCenteredColorFormatted_FUN_00402730,00402730,engine/2d.c,12,4,badspacebase|register_param|stack_ref,67
engine_2d.c_drawTextRightAlignedFormatted_FUN_00402210,00402210,engine/2d.c,12,4,badspacebase|register_param|stack_ref,67
engine_2d.c_drawTextColorFormatted_FUN_004024c0,004024c0,engine/2d.c,11,4,badspacebase|register_param|stack_ref,66
engine_2d.c_drawTextWrapped_FUN_00401c60,00401c60,engine/2d.c,46,2,stack_param,71
engine_2d.c_drawTextRightAlignedColorWrapper_FUN_00402560,00402560,engine/2d.c,6,0,,6
engine_2d.c_drawTextMultiline_FUN_00401cf0,00401cf0,engine/2d.c,37,2,stack_param,62
engine_2d.c_doNothing_FUN_00401590,00401590,engine/2d.c,4,0,,4
engine_2d.c_clipLineGlobal_FUN_00402c50,00402c50,engine/2d.c,6,0,,6
engine_2d.c_plotPixelWithDepth_FUN_00401290,00401290,engine/2d.c,21,1,pointer_cast,36
engine_2d.c_drawTextCenteredFormatted_FUN_004023c0,004023c0,engine/2d.c,12,4,badspacebase|register_param|stack_ref,67
engine_clipper.c_getNearPlaneDistance_FUN_004359f0,004359f0,engine/clipper.c,4,0,,4
engine_clipper.c_interpolateVertexNearClip_FUN_00435e00,00435e00,engine/clipper.c,57,2,concat_artifact|sborrow_artifact,87
engine_clipper.c_normalizeClippedVertices_FUN_00436620,00436620,engine/clipper.c,46,0,,46
engine_clipper.c_interpolateVertexTopClip_FUN_00435d00,00435d00,engine/clipper.c,54,2,concat_artifact|sborrow_artifact,84
engine_clipper.c_interpolateVertexLeftClip_FUN_00435a00,00435a00,engine/clipper.c,55,2,concat_artifact|sborrow_artifact,85
engine_clipper.c_clipPolygonLeftPlane_FUN_00435f20,00435f20,engine/clipper.c,65,0,,65
engine_clipper.c_clipPolygonNearPlane_FUN_00436420,00436420,engine/clipper.c,129,12,unknown_field|pointer_cast,259
engine_clipper.c_interpolateVertexLeftClipAdvanced_FUN_00437230,00437230,engine/clipper.c,60,2,concat_artifact|sborrow_artifact,90
engine_clipper.c_clipAndRasterize_FUN_004371b0,004371b0,engine/clipper.c,14,0,,14
engine_clipper.c_interpolateVertexTopClipAdvanced_FUN_004375c0,004375c0,engine/clipper.c,59,2,concat_artifact|sborrow_artifact,89
engine_clipper.c_clipPolygonToViewport_FUN_00438420,00438420,engine/clipper.c,452,38,sborrow_artifact|pointer_cast,842
engine_clipper.c_interpolateVertexBottomClipAdvanced_FUN_00437490,00437490,engine/clipper.c,60,2,concat_artifact|sborrow_artifact,90
engine_clipper.c_perspectiveDivideVertices_FUN_00437bf0,00437bf0,engine/clipper.c,46,0,,46
engine_clipper.c_clipPolygonBottomPlane_FUN_004361a0,004361a0,engine/clipper.c,65,0,,65
engine_clipper.c_clipPolygonRightPlaneGlobal_FUN_00437840,00437840,engine/clipper.c,73,8,pointer_cast,158
engine_clipper.c_clipPolygonToViewFrustum_FUN_004366e0,004366e0,engine/clipper.c,572,36,stack_param|unknown_field|sborrow_artifact|badspacebase|pointer_cast|register_param|stack_ref,967
engine_clipper.c_copyMemory_FUN_00437200,00437200,engine/clipper.c,17,4,pointer_cast,62
engine_clipper.c_interpolateVertexRightClipAdvanced_FUN_00437360,00437360,engine/clipper.c,59,2,concat_artifact|sborrow_artifact,89
engine_clipper.c_clipPolygonRightPlane_FUN_00436060,00436060,engine/clipper.c,65,0,,65
engine_clipper.c_setNearPlaneDistance_FUN_004359d0,004359d0,engine/clipper.c,8,0,,8
engine_clipper.c_clipPolygonHorizontalPlanes_FUN_00437980,00437980,engine/clipper.c,73,8,pointer_cast,158
engine_clipper.c_interpolateVertexBottomClip_FUN_00435c00,00435c00,engine/clipper.c,55,2,concat_artifact|sborrow_artifact,85
engine_clipper.c_clipPolygonToViewFrustumAdvanced_FUN_00437ca0,00437ca0,engine/clipper.c,434,37,sborrow_artifact|pointer_cast,814
engine_clipper.c_clipPolygonVerticalPlanes_FUN_00437ac0,00437ac0,engine/clipper.c,73,8,pointer_cast,158
engine_clipper.c_interpolateVertexRightClip_FUN_00435b00,00435b00,engine/clipper.c,54,2,concat_artifact|sborrow_artifact,84
engine_clipper.c_clipPolygonTopPlane_FUN_004362e0,004362e0,engine/clipper.c,65,0,,65
engine_clipper.c_allocateClipVertex_FUN_00435980,00435980,engine/clipper.c,12,0,,12
engine_clipper.c_clipPolygonLeftPlaneGlobal_FUN_00437700,00437700,engine/clipper.c,73,8,pointer_cast,158
engine_3d.c_renderPolygonUVTextureEnable_FUN_00405170,00405170,engine/3d.c,44,3,sborrow_artifact|pointer_cast,84
engine_3d.c_renderPrimitivePlaneMaskedComplex_FUN_004046c0,004046c0,engine/3d.c,54,2,sborrow_artifact|pointer_cast,84
engine_3d.c_renderPolygonOverlayTextured_FUN_00405f60,00405f60,engine/3d.c,27,0,,27
engine_3d.c_renderPolygonLastPixelMode_FUN_00403ad0,00403ad0,engine/3d.c,31,0,,31
engine_3d.c_renderPolygonEngineAPIPremiumMultiState_FUN_00407470,00407470,engine/3d.c,80,17,stack_param|unaffected_reg|pointer_cast,265
engine_3d.c_renderPolygonAPIAdaptivePreprocessing_FUN_00407720,00407720,engine/3d.c,70,12,stack_param|extra_output|pointer_cast,205
engine_3d.c_renderPolygon_FUN_00403ba0,00403ba0,engine/3d.c,48,0,,48
engine_3d.c_renderPolygonUVVertexLitNormalized_FUN_00405510,00405510,engine/3d.c,28,0,,28
engine_3d.c_renderPolygonDepthWriteTexturedAdvanced_FUN_00405e20,00405e20,engine/3d.c,27,0,,27
engine_3d.c_setRelativeCoord_FUN_00404450,00404450,engine/3d.c,12,0,,12
engine_3d.c_renderPolygonLastPixelMode_FUN_004066d0,004066d0,engine/3d.c,32,0,,32
engine_3d.c_setProcessorType_FUN_00407870,00407870,engine/3d.c,5,0,,5
engine_3d.c_renderPolygonTextureWrappedLit_FUN_00406150,00406150,engine/3d.c,28,0,,28
engine_3d.c_renderPolygonTexturePerspectiveCorrect_FUN_00406290,00406290,engine/3d.c,79,16,stack_param|suspect_float|sborrow_artifact|pointer_cast,259
engine_3d.c_findHardwareEdgeByYMin_FUN_004d1300,004d1300,engine/3d.c,18,0,,18
engine_3d.c_renderPolygonLitDetailed_FUN_00404220,00404220,engine/3d.c,95,18,stack_param|suspect_float|sborrow_artifact|pointer_cast,295
engine_3d.c_drawLineStrip3D_FUN_00404600,00404600,engine/3d.c,58,12,stack_param|badspacebase|pointer_cast|register_param|stack_ref,203
engine_3d.c_transformAndBufferVertices_FUN_00403840,00403840,engine/3d.c,40,0,,40
engine_3d.c_oldFunction_FUN_00403ec0,00403ec0,engine/3d.c,7,0,,7
engine_3d.c_setActiveRenderColor_FUN_00404540,00404540,engine/3d.c,9,0,,9
engine_3d.c_renderPolygonUVVertexLit_FUN_00405aa0,00405aa0,engine/3d.c,29,0,,29
engine_3d.c_renderPolygonTextureNormalized_FUN_004044a0,004044a0,engine/3d.c,26,0,,26
engine_3d.c_resetRenderBuffer_FUN_00407060,00407060,engine/3d.c,6,0,,6
engine_3d.c_processPolygonColor_FUN_00403e30,00403e30,engine/3d.c,23,0,,23
engine_3d.c_rasterizeTriangle_FUN_005fcfc0,005fcfc0,engine/3d.c,206,17,stack_param|pointer_cast,386
engine_3d.c_oldFunction_FUN_00404420,00404420,engine/3d.c,7,0,,7
engine_3d.c_addFaceIfVisible_FUN_004079c0,004079c0,engine/3d.c,18,2,stack_param,43
engine_3d.c_renderPolygonUVTextureNormalized_FUN_00405430,00405430,engine/3d.c,41,7,badspacebase|register_param|stack_ref,126
engine_3d.c_setVertexTextureU_FUN_00405270,00405270,engine/3d.c,15,0,,15
engine_3d.c_rasterizePolygon_FUN_005fd4e0,005fd4e0,engine/3d.c,210,2,stack_param,235
engine_3d.c_renderPolygonVertexLitNormalized_FUN_00404f80,00404f80,engine/3d.c,27,0,,27
engine_3d.c_drawLine3DFromIndices_FUN_00407ff0,00407ff0,engine/3d.c,43,7,stack_param|badspacebase|register_param|stack_ref,133
engine_3d.c_renderPolygonSpecialEffectsPlaneMasked_FUN_00406de0,00406de0,engine/3d.c,54,0,,54
engine_3d.c_renderPolygonExtremeQualityMode_FUN_00406b40,00406b40,engine/3d.c,28,0,,28
engine_3d.c_calculatePolygonLighting_FUN_00403a00,00403a00,engine/3d.c,8,0,,8
engine_3d.c_renderPrimitiveAdaptivePlaneMasked_FUN_00404840,00404840,engine/3d.c,92,3,sborrow_artifact|pointer_cast,132
engine_3d.c_renderPolygonAdaptiveDepthMode_FUN_00404ae0,00404ae0,engine/3d.c,76,0,,76
engine_3d.c_badMRGLStruct_FUN_004037b0,004037b0,engine/3d.c,8,2,stack_param,33
engine_3d.c_drawLineStrip2D_FUN_00404570,00404570,engine/3d.c,59,14,stack_param|badspacebase|pointer_cast|register_param|stack_ref,224
engine_3d.c_renderPolygonEnginePlaneMaskedEffect_FUN_00405690,00405690,engine/3d.c,48,0,,48
engine_3d.c_clipAndDrawLine2D_FUN_00407d70,00407d70,engine/3d.c,156,81,stack_param|badspacebase|pointer_cast|register_param|stack_ref,991
engine_3d.c_processCameraRelativePoint_FUN_004037e0,004037e0,engine/3d.c,11,0,,11
engine_3d.c_renderPolygonUVTextureNormalized_FUN_004061f0,004061f0,engine/3d.c,27,0,,27
engine_3d.c_addPolygonEdge_FUN_004d11c0,004d11c0,engine/3d.c,69,0,,69
engine_3d.c_renderPolygonDepthWriteTextured_FUN_00405960,00405960,engine/3d.c,27,0,,27
engine_3d.c_dispatchMRGLBlockChain_FUN_00407890,00407890,engine/3d.c,21,0,,21
engine_3d.c_renderPolygonUVMappedComplex_FUN_00404d50,00404d50,engine/3d.c,27,0,,27
engine_3d.c_setRenderAlpha_FUN_00406d80,00406d80,engine/3d.c,14,0,,14
engine_3d.c_renderPolygonTextureEnable_FUN_00403cc0,00403cc0,engine/3d.c,28,0,,28
engine_3d.c_renderPolygonSpecialEffectsAdvanced_FUN_00406f20,00406f20,engine/3d.c,54,0,,54
engine_3d.c_qsortByRenderDepth_FUN_00407080,00407080,engine/3d.c,12,0,,12
engine_3d.c_renderPolygonDepthWriteTexturedLit_FUN_00405d80,00405d80,engine/3d.c,27,0,,27
engine_3d.c_renderPolygonUVTextureEnable_FUN_00405350,00405350,engine/3d.c,41,7,badspacebase|register_param|stack_ref,126
engine_3d.c_renderPolygonVertexLitNormalized_FUN_00405020,00405020,engine/3d.c,27,0,,27
engine_3d.c_processVertexLighting_FUN_00403a20,00403a20,engine/3d.c,19,0,,19
engine_3d.c_dispatchMRGLToRenderer_FUN_00407aa0,00407aa0,engine/3d.c,110,9,stack_param|badspacebase|pointer_cast|register_param|stack_ref,225
engine_3d.c_renderPolygonTextureAdaptiveWrapped_FUN_00406430,00406430,engine/3d.c,112,2,sborrow_artifact|pointer_cast,142
engine_3d.c_renderPolygonPerspectiveAlphaSpecial_FUN_004067a0,004067a0,engine/3d.c,31,0,,31
engine_3d.c_oldFunction_FUN_00404df0,00404df0,engine/3d.c,10,3,badspacebase|register_param|stack_ref,55
engine_3d.c_renderPolygonVertexLit_FUN_00404120,00404120,engine/3d.c,28,0,,28
engine_3d.c_clipAndDrawLine3D_FUN_00408070,00408070,engine/3d.c,159,81,stack_param|badspacebase|pointer_cast|register_param|stack_ref,994
engine_3d.c_renderPolygonUVWrappedAdvanced_FUN_004058d0,004058d0,engine/3d.c,27,0,,27
engine_3d.c_renderPolygonTexturePerspectiveCorrect_FUN_004060a0,004060a0,engine/3d.c,29,0,,29
engine_3d.c_renderPolygonDepthWriteTexturedLit_FUN_00406000,00406000,engine/3d.c,27,0,,27
engine_3d.c_renderPolygonAPIAdaptivePreprocessing_FUN_00407620,00407620,engine/3d.c,51,4,extra_output,96
engine_3d.c_oldFunction_FUN_00404690,00404690,engine/3d.c,7,0,,7
engine_3d.c_oldFunction_FUN_00403e00,00403e00,engine/3d.c,7,0,,7
engine_3d.c_renderPrimitiveUVWrappedSpecial_FUN_00403d60,00403d60,engine/3d.c,26,0,,26
engine_3d.c_renderPolygonTextureNearPlane_FUN_00404ee0,00404ee0,engine/3d.c,27,0,,27
engine_3d.c_renderPolygonUVTextureEnable_FUN_00405a00,00405a00,engine/3d.c,28,0,,28
engine_3d.c_oldFunction_FUN_004041d0,004041d0,engine/3d.c,10,3,badspacebase|register_param|stack_ref,55
engine_3d.c_isVisiblePlane_FUN_00403950,00403950,engine/3d.c,21,2,sborrow_artifact,46
engine_3d.c_renderPolygonLitComplexAlpha_FUN_004052b0,004052b0,engine/3d.c,27,0,,27
engine_3d.c_renderPolygonPerspectiveNormalized_FUN_004055b0,004055b0,engine/3d.c,41,7,badspacebase|register_param|stack_ref,126
engine_3d.c_renderPolygonEnginePlaneMaskedAdvanced_FUN_004057b0,004057b0,engine/3d.c,48,0,,48
engine_3d.c_rasterizePolygon_FUN_004d1340,004d1340,engine/3d.c,175,5,stack_param|pointer_cast,235
engine_3d.c_setRenderingQuality_FUN_00407880,00407880,engine/3d.c,5,0,,5
engine_3d.c_renderPolygonTexturedBasic_FUN_00405ec0,00405ec0,engine/3d.c,27,0,,27
engine_3d.c_renderPolygonLitDetailed_FUN_00406a20,00406a20,engine/3d.c,47,3,sborrow_artifact|pointer_cast,87
engine_3d.c_renderPolygonTextureNormalized_FUN_00403f20,00403f20,engine/3d.c,44,3,sborrow_artifact|pointer_cast,84
engine_3d.c_updateAnimatedTexture_FUN_004050c0,004050c0,engine/3d.c,35,5,badspacebase|pointer_cast|register_param,100
engine_3d.c_renderPolygonEngineAPIPremiumMultiState_FUN_004070c0,004070c0,engine/3d.c,88,9,extra_output|sborrow_artifact|pointer_cast|register_param,198
engine_3d.c_renderPolygonTextureWrappedPlaneMasked_FUN_00405b50,00405b50,engine/3d.c,61,2,sborrow_artifact|pointer_cast,91
engine_3d.c_oldFunction_FUN_00403ef0,00403ef0,engine/3d.c,7,0,,7
engine_3d.c_renderPolygonPlaneMaskedNearPlane_FUN_00404a40,00404a40,engine/3d.c,28,0,,28
engine_3d.c_drawLine2DFromIndices_FUN_00407cf0,00407cf0,engine/3d.c,43,7,stack_param|badspacebase|register_param|stack_ref,133
engine_3d.c_oldFunc_FUN_00403740,00403740,engine/3d.c,10,3,badspacebase|register_param|stack_ref,55
engine_3d.c_renderPolygonEngineAPIPremiumMultiState_FUN_00407290,00407290,engine/3d.c,90,8,unaffected_reg|sborrow_artifact|pointer_cast,185
engine_3d.c_makeGrayscaleColor_FUN_004039c0,004039c0,engine/3d.c,7,0,,7
engine_3d.c_setRenderAlpha_FUN_00406d60,00406d60,engine/3d.c,6,2,stack_param,31
engine_3d.c_renderPolygonPlaneMaskedComplex_FUN_00404c60,00404c60,engine/3d.c,40,0,,40
engine_3d.c_renderPolygonEngineDepthLit_FUN_00406be0,00406be0,engine/3d.c,28,0,,28
engine_3d.c_flushRenderQueue_FUN_00407a30,00407a30,engine/3d.c,27,1,pointer_cast,42
engine_3d.c_processTextureCoordinates_FUN_00403a80,00403a80,engine/3d.c,18,0,,18
engine_3d.c_renderPolygonTextureWrappedStandard_FUN_00405ce0,00405ce0,engine/3d.c,27,0,,27
engine_3d.c_renderPolygonVertexLitNearPlane_FUN_00404e40,00404e40,engine/3d.c,27,0,,27
engine_3d.c_renderPolygonEngineEnhancedDepthLit_FUN_00406c80,00406c80,engine/3d.c,38,0,,38
engine_3d.c_renderPrim_FUN_00407920,00407920,engine/3d.c,24,4,extra_output|badspacebase|register_param,79
engine_3d.c_renderOverlayTextureEnable_FUN_00404020,00404020,engine/3d.c,39,2,sborrow_artifact|pointer_cast,69
engine_3d.c_setBlendMode_FUN_00406dd0,00406dd0,engine/3d.c,5,0,,5
engine_3d.c_renderPolygonPlaneMaskedDetailedComplex_FUN_00406860,00406860,engine/3d.c,83,18,stack_param|suspect_float|sborrow_artifact|pointer_cast,283
engine_matrix.c_doNothing_FUN_0050c5b0,0050c5b0,engine/matrix.c,4,0,,4
engine_matrix.c_projectTransformedPoint_FUN_0050cdc0,0050cdc0,engine/matrix.c,38,2,sborrow_artifact,63
engine_matrix.c_vectorLength3DToInt_FUN_0050dad0,0050dad0,engine/matrix.c,9,0,,9
engine_matrix.c_normalizeVector3DFloat_FUN_0050d9f0,0050d9f0,engine/matrix.c,32,6,sub_artifact|unaffected_reg,102
engine_matrix.c_initializeTrigTables_FUN_0050c530,0050c530,engine/matrix.c,28,6,extra_output|pointer_cast,98
engine_matrix.c_setCameraOrigin_FUN_0050e270,0050e270,engine/matrix.c,7,0,,7
engine_matrix.c_calculate3DDistance_FUN_0050d830,0050d830,engine/matrix.c,10,0,,10
engine_matrix.c_invertTransformMatrix_FUN_0050c640,0050c640,engine/matrix.c,81,2,suspect_float,106
engine_matrix.c_transformToCache_FUN_0050cd70,0050cd70,engine/matrix.c,6,0,,6
engine_matrix.c_pushViewport_FUN_0050e320,0050e320,engine/matrix.c,31,2,stack_param,56
engine_matrix.c_normalizeVector3DFixed_FUN_0050d970,0050d970,engine/matrix.c,22,9,unaffected_reg|badspacebase|pointer_cast|register_param|stack_ref,137
engine_matrix.c_matrixPush_FUN_0050d620,0050d620,engine/matrix.c,26,0,,26
engine_matrix.c_popMatrixRelativeOffset_FUN_0050e6f0,0050e6f0,engine/matrix.c,13,0,,13
engine_matrix.c_projectToScreen_FUN_0050e5b0,0050e5b0,engine/matrix.c,29,9,badspacebase|pointer_cast|register_param|stack_ref,139
engine_matrix.c_getCameraOrigin_FUN_0050e2c0,0050e2c0,engine/matrix.c,11,0,,11
engine_matrix.c_matrixPushAndTransform_FUN_0050cee0,0050cee0,engine/matrix.c,242,22,stack_param|unaffected_reg,472
engine_matrix.c_calculateTransformedZ_FUN_0050cd10,0050cd10,engine/matrix.c,12,0,,12
engine_matrix.c_pushMatrixRelativeOffset_FUN_0050e640,0050e640,engine/matrix.c,24,0,,24
engine_matrix.c_interpolatedCos_FUN_0050c600,0050c600,engine/matrix.c,11,1,stack_param,26
engine_matrix.c_buildRotationMatrix_FUN_0050c920,0050c920,engine/matrix.c,107,5,stack_param,162
engine_matrix.c_projectCachedPoint_FUN_0050cda0,0050cda0,engine/matrix.c,6,0,,6
engine_matrix.c_transformWorldToView_FUN_0050cc40,0050cc40,engine/matrix.c,41,4,unaffected_reg,86
engine_matrix.c_projectCachedPointUnchecked_FUN_0050ce60,0050ce60,engine/matrix.c,17,0,,17
engine_matrix.c_matrixPushAndTransform_FUN_0050db00,0050db00,engine/matrix.c,243,2,extra_output,268
engine_matrix.c_getCameraRotation_FUN_0050e2f0,0050e2f0,engine/matrix.c,11,0,,11
engine_matrix.c_popViewport_FUN_0050e480,0050e480,engine/matrix.c,28,0,,28
engine_matrix.c_setCameraRotation_FUN_0050e290,0050e290,engine/matrix.c,11,3,stack_param,46
engine_matrix.c_integerSquareRoot_FUN_0050d890,0050d890,engine/matrix.c,16,0,,16
engine_matrix.c_pop_FUN_0050d720,0050d720,engine/matrix.c,25,0,,25
engine_matrix.c_interpolatedSin_FUN_0050c5c0,0050c5c0,engine/matrix.c,11,1,stack_param,26
engine_alphabit.cpp_CAlphaBitmap_scale_FUN_00410c20,00410c20,engine/alphabit.cpp,37,0,,37
engine_alphabit.cpp_CAlphaBitmap_display_FUN_00410950,00410950,engine/alphabit.cpp,82,3,stack_param,117
engine_alphabit.cpp_CAlphaBitmap_load_FUN_004105d0,004105d0,engine/alphabit.cpp,113,36,stack_param|badspacebase|register_param|stack_ref,493
engine_alphabit.cpp_CAlphaBitmap_dtor_FUN_00410540,00410540,engine/alphabit.cpp,5,0,,5
engine_alphabit.cpp_copyBytes_FUN_00410d20,00410d20,engine/alphabit.cpp,22,4,pointer_cast,67
engine_alphabit.cpp_CAlphaBitmap_initPalette_FUN_00410cf0,00410cf0,engine/alphabit.cpp,19,2,pointer_cast,44
engine_alphabit.cpp_CAlphaBitmap_free_FUN_00410560,00410560,engine/alphabit.cpp,17,0,,17
engine_alphabit.cpp_CAlphaBitmap_ctor_FUN_00410520,00410520,engine/alphabit.cpp,7,0,,7
engine_alphabit.cpp_CAlphaBitmap_render_FUN_00410b00,00410b00,engine/alphabit.cpp,43,13,stack_param|unaffected_reg|pointer_cast,188
engine_console.cpp_CConsole_writeChar_FUN_00441970,00441970,engine/console.cpp,34,0,,34
engine_console.cpp_staticInit_FUN_004417e0,004417e0,engine/console.cpp,6,0,,6
engine_console.cpp_CConsole_printf_FUN_00441890,00441890,engine/console.cpp,42,6,badspacebase|register_param|stack_ref,117
engine_console.cpp_CConsole_ctor_FUN_00441810,00441810,engine/console.cpp,18,0,,18
engine_console.cpp_CConsole_dtor_FUN_00441880,00441880,engine/console.cpp,4,0,,4
engine_console.cpp_CConsole_reset_FUN_00441a40,00441a40,engine/console.cpp,8,0,,8
engine_console.cpp_CConsole_scrollUp_FUN_00441a80,00441a80,engine/console.cpp,34,0,,34
engine_console.cpp_CConsole_render_FUN_00441b00,00441b00,engine/console.cpp,52,3,badspacebase|pointer_cast|register_param,97
engine_prim.c_findEdgeInBuffer_FUN_00551f70,00551f70,engine/prim.c,18,0,,18
engine_prim.c_setMaxViewportScanline_FUN_00551b80,00551b80,engine/prim.c,5,0,,5
engine_prim.c_setupSoftwareEdgeWithZMode_FUN_00551d60,00551d60,engine/prim.c,107,0,,107
engine_prim.c_getTriangleWindingFromIndices_FUN_00552300,00552300,engine/prim.c,41,2,sborrow_artifact,66
engine_prim.c_getTriangleWindingFromPackedIndices_FUN_005523f0,005523f0,engine/prim.c,44,2,sborrow_artifact,69
engine_prim.c_adjustNearPlaneTextureCoords_FUN_005520a0,005520a0,engine/prim.c,27,0,,27
engine_prim.c_getTriangleWindingFromIndices_FUN_00552210,00552210,engine/prim.c,40,2,sborrow_artifact,65
engine_prim.c_setMaxViewportScanline1200_FUN_00551b70,00551b70,engine/prim.c,5,0,,5
engine_prim.c_calculateTriangleWindingOrder_FUN_00552150,00552150,engine/prim.c,31,2,sborrow_artifact,56
engine_prim.c_setupBasicSoftwareEdge_FUN_00551ba0,00551ba0,engine/prim.c,89,0,,89
engine_prim.c_findEdgeInTable_FUN_00553410,00553410,engine/prim.c,18,0,,18
engine_prim.c_prepareDepthBuffer_FUN_00551fb0,00551fb0,engine/prim.c,40,0,,40
engine_prim.c_renderIndexedPolygonAdvanced_FUN_00553b10,00553b10,engine/prim.c,348,53,stack_param|badspacebase|register_param|stack_ref,898
engine_prim.c_renderPolygonSoftware_FUN_00552510,00552510,engine/prim.c,234,45,stack_param|unaffected_reg|sborrow_artifact|pointer_cast,704
engine_prim.c_replaceWWithDepth_FUN_00552110,00552110,engine/prim.c,21,0,,21
engine_prim.c_setupAdvancedSoftwareEdge_FUN_00552f70,00552f70,engine/prim.c,101,0,,101
engine_prim.c_normalizeTextureCoords_FUN_00552020,00552020,engine/prim.c,42,0,,42
engine_prim.c_renderIndexedPolygonSoftware_FUN_00552a40,00552a40,engine/prim.c,237,44,stack_param|sborrow_artifact|badspacebase|register_param|stack_ref,702
engine_prim.c_setupColoredSoftwareEdge_FUN_00553190,00553190,engine/prim.c,117,0,,117
engine_prim.c_renderScanlinePolygon_FUN_00553470,00553470,engine/prim.c,289,46,stack_param|pointer_cast,759
engine_prim.c_setCullingMode_FUN_00551b90,00551b90,engine/prim.c,5,0,,5
engine_light.cpp_calculateLighting_FUN_00505780,00505780,engine/light.cpp,31,0,,31
engine_light.cpp_getAmbientLightLevel_FUN_005054c0,005054c0,engine/light.cpp,4,0,,4
engine_light.cpp_setLightingMultipliers_FUN_00505510,00505510,engine/light.cpp,7,0,,7
engine_light.cpp_calculatePhongLighting_FUN_00505530,00505530,engine/light.cpp,102,9,unaffected_reg|badspacebase|pointer_cast|register_param|stack_ref,217
engine_light.cpp_calculateAndStoreVertexLight_FUN_00505850,00505850,engine/light.cpp,10,0,,10
engine_light.cpp_setAmbientLightLevel_FUN_00505490,00505490,engine/light.cpp,12,0,,12
engine_light.cpp_setSpecularEnabled_FUN_00505500,00505500,engine/light.cpp,5,0,,5
engine_light.cpp_setDirectionalLightVector_FUN_005054d0,005054d0,engine/light.cpp,10,0,,10
engine_light.cpp_doNothing_FUN_00505480,00505480,engine/light.cpp,4,0,,4
engine_light.cpp_calculateVertexLighting_FUN_00505830,00505830,engine/light.cpp,8,0,,8
engine_keys.cpp_CKeys_getInputKey_FUN_00502460,00502460,engine/keys.cpp,6,0,,6
engine_keys.cpp_staticInit_FUN_00502410,00502410,engine/keys.cpp,5,0,,5
engine_keys.cpp_CKeys_clearKeyPressState_FUN_005024a0,005024a0,engine/keys.cpp,5,0,,5
engine_keys.cpp_clearKeypresses_FUN_00502450,00502450,engine/keys.cpp,7,0,,7
engine_keys.cpp_CKeys_getKeyState_FUN_00502420,00502420,engine/keys.cpp,4,0,,4
engine_keys.cpp_CKeys_getAndClearKeyState_FUN_00502430,00502430,engine/keys.cpp,7,0,,7
engine_keys.cpp_CKeys_setKeyAsPressed_FUN_00502490,00502490,engine/keys.cpp,5,0,,5
engine_keys.cpp_CKeys_getUppercasedInputKey_FUN_00502470,00502470,engine/keys.cpp,8,0,,8
engine_keys.cpp_CKeys_toggleInputMask_FUN_005024b0,005024b0,engine/keys.cpp,9,0,,9
engine_ini.cpp_CIniFile_getFloat_FUN_004fbcd0,004fbcd0,engine/ini.cpp,11,6,stack_param|badspacebase|register_param|stack_ref,91
engine_ini.cpp_CIniFile_readIniHeader_FUN_004fbae0,004fbae0,engine/ini.cpp,22,0,,22
engine_ini.cpp_CIniFile_getString_FUN_004fbb20,004fbb20,engine/ini.cpp,19,0,,19
engine_ini.cpp_CIni_getProfileString_FUN_004fb250,004fb250,engine/ini.cpp,118,33,stack_param|unaffected_reg|badspacebase|register_param|stack_ref,473
engine_ini.cpp_CIniFile_getInteger_FUN_004fbc30,004fbc30,engine/ini.cpp,12,6,stack_param|badspacebase|register_param|stack_ref,92
engine_ini.cpp_CIni_findLineNumberOfVariable_FUN_004fb470,004fb470,engine/ini.cpp,94,12,stack_param|unaffected_reg|badspacebase|register_param|stack_ref,239
engine_ini.cpp_CIni_dtor_FUN_004fbd80,004fbd80,engine/ini.cpp,4,0,,4
engine_ini.cpp_getProfileInteger_FUN_004fb9a0,004fb9a0,engine/ini.cpp,22,5,stack_param|badspacebase|register_param|stack_ref,92
engine_ini.cpp_staticInit_FUN_004fb240,004fb240,engine/ini.cpp,4,0,,4
engine_ini.cpp_CIniFile_setFloatValue_FUN_004fbd30,004fbd30,engine/ini.cpp,9,3,badspacebase|register_param|stack_ref,54
engine_ini.cpp_CIniFile_setInteger_FUN_004fbc90,004fbc90,engine/ini.cpp,9,3,badspacebase|register_param|stack_ref,54
engine_ini.cpp_getProfileString_FUN_004fb960,004fb960,engine/ini.cpp,9,0,,9
engine_ini.cpp_CIniFile_setString_FUN_004fbbb0,004fbbb0,engine/ini.cpp,17,2,stack_param,42
engine_ini.cpp_CIni_ctor_FUN_004fbd70,004fbd70,engine/ini.cpp,4,0,,4
engine_ini.cpp_writeProfileString_FUN_004fba40,004fba40,engine/ini.cpp,6,0,,6
engine_ini.cpp_CIniFile_ctor_FUN_004fba70,004fba70,engine/ini.cpp,8,2,stack_param,33
engine_ini.cpp_CIni_writeProfileString_FUN_004fb660,004fb660,engine/ini.cpp,107,20,stack_param|badspacebase|register_param|stack_ref,327
engine_ini.cpp_CIniFile_init_FUN_004fbaa0,004fbaa0,engine/ini.cpp,20,0,,20
engine_pod.cpp_CPod_dismount_FUN_00550b90,00550b90,engine/pod.cpp,35,4,badspacebase|register_param|stack_ref,90
engine_pod.cpp_CPod_getNextSearchResult_FUN_00550ef0,00550ef0,engine/pod.cpp,55,0,,55
engine_pod.cpp_crc32UpdateBuffer_FUN_0054f3a0,0054f3a0,engine/pod.cpp,16,0,,16
engine_pod.cpp_crc32UpdateByte_FUN_0054f2e0,0054f2e0,engine/pod.cpp,38,0,,38
engine_pod.cpp_CPod_mount_FUN_00550a10,00550a10,engine/pod.cpp,34,4,stack_param,79
engine_pod.cpp_CPod_findFile_FUN_00551380,00551380,engine/pod.cpp,23,0,,23
engine_pod.cpp_CPodFile_mountFromFile_FUN_0054f650,0054f650,engine/pod.cpp,395,42,stack_param|unaffected_reg|badspacebase|pointer_cast|register_param|stack_ref,845
engine_pod.cpp_CPod_dtor_FUN_005509b0,005509b0,engine/pod.cpp,16,0,,16
engine_pod.cpp_CPod_getPodIndexByFilename_FUN_00551820,00551820,engine/pod.cpp,29,3,badspacebase|register_param|stack_ref,74
engine_pod.cpp_CPod_verifyIntegrity_FUN_00551280,00551280,engine/pod.cpp,18,7,stack_param|badspacebase|register_param|stack_ref,108
engine_pod.cpp_CPodFile_verifyChecksum_FUN_00550230,00550230,engine/pod.cpp,122,29,stack_param|badspacebase|pointer_cast|register_param|stack_ref,437
engine_pod.cpp_CPod_computeAndStoreCRC_FUN_00551000,00551000,engine/pod.cpp,73,24,stack_param|badspacebase|register_param|stack_ref,333
engine_pod.cpp_findFilesByExtension_FUN_00550ce0,00550ce0,engine/pod.cpp,117,3,badspacebase|pointer_cast|register_param,162
engine_pod.cpp_CPod_load_FUN_005509e0,005509e0,engine/pod.cpp,4,0,,4
engine_pod.cpp_CPodFile_ctor_FUN_0054f5a0,0054f5a0,engine/pod.cpp,16,0,,16
engine_pod.cpp_CPodFile_dtor_FUN_0054f610,0054f610,engine/pod.cpp,5,0,,5
engine_pod.cpp_CPodFile_getAuditRecord_FUN_00550590,00550590,engine/pod.cpp,41,6,stack_param|badspacebase|pointer_cast|register_param|stack_ref,126
engine_pod.cpp_CPodFile_populateFileInfo_FUN_005501b0,005501b0,engine/pod.cpp,29,0,,29
engine_pod.cpp_CPodFile_getDependencyRecord_FUN_005506c0,005506c0,engine/pod.cpp,43,9,stack_param|unaffected_reg|badspacebase|register_param|stack_ref,158
engine_pod.cpp_CPod_resolveDependenciesAndSort_FUN_005513d0,005513d0,engine/pod.cpp,192,18,stack_param|unknown_field|badspacebase|pointer_cast|register_param|stack_ref,402
engine_pod.cpp_qsortByFilename_FUN_0054f630,0054f630,engine/pod.cpp,6,0,,6
engine_pod.cpp_findFileInPod_FUN_00551960,00551960,engine/pod.cpp,9,0,,9
engine_pod.cpp_CPod_ctor_FUN_00550980,00550980,engine/pod.cpp,12,0,,12
engine_pod.cpp_crc32ComputeFileRange_FUN_0054f490,0054f490,engine/pod.cpp,41,2,unaffected_reg,66
engine_pod.cpp_crc32ComputeFromFile_FUN_0054f3e0,0054f3e0,engine/pod.cpp,34,0,,34
engine_pod.cpp_CPod_remount_FUN_00550af0,00550af0,engine/pod.cpp,40,2,badspacebase|register_param,70
engine_pod.cpp_CPod_dismountPod_FUN_005518c0,005518c0,engine/pod.cpp,29,0,,29
engine_pod.cpp_CPod_initSearch_FUN_00550ea0,00550ea0,engine/pod.cpp,21,0,,21
engine_pod.cpp_CPodFile_findFileIndex_FUN_00550140,00550140,engine/pod.cpp,28,0,,28
engine_pod.cpp_CPodFile_cleanup_FUN_00550090,00550090,engine/pod.cpp,24,0,,24
engine_pod.cpp_CPod_cleanup_FUN_00550c80,00550c80,engine/pod.cpp,23,0,,23
engine_pod.cpp_CPodFile_computeFileCRC_FUN_005507f0,005507f0,engine/pod.cpp,52,7,unaffected_reg,127
engine_pod.cpp_CPod_locateFile_FUN_005512f0,005512f0,engine/pod.cpp,28,6,stack_param|badspacebase|register_param|stack_ref,108
engine_pod.cpp_CPod_init_FUN_00550c30,00550c30,engine/pod.cpp,16,0,,16
engine_boss.c_modelStructNotSupported_FUN_0041dbe0,0041dbe0,engine/boss.c,23,6,unaffected_reg|badspacebase|pointer_cast|register_param,103
engine_boss.c_modelStructNotSupported_FUN_0041dc20,0041dc20,engine/boss.c,9,2,extra_output,34
engine_boss.c_modelStructNotSupported_FUN_0041db50,0041db50,engine/boss.c,8,0,,8
engine_boss.c_modelStructNotSupported_FUN_0041dbb0,0041dbb0,engine/boss.c,9,2,extra_output,34
engine_boss.c_modelStructNotSupported_FUN_0041db80,0041db80,engine/boss.c,8,0,,8
engine_fileio.cpp_CCheckOutList_load_FUN_004b2890,004b2890,engine/fileio.cpp,81,10,stack_param|badspacebase|register_param|stack_ref,201
engine_fileio.cpp_CFileManager_createPodConfigWizard_FUN_004bccf0,004bccf0,engine/fileio.cpp,60,39,stack_param|badspacebase|register_param|stack_ref,470
engine_fileio.cpp_CCheckOutList_parse_FUN_004b2a60,004b2a60,engine/fileio.cpp,124,16,stack_param|badspacebase|pointer_cast|register_param|stack_ref,309
engine_fileio.cpp_CFileManager_setVersionControlDirectory_FUN_004bc5a0,004bc5a0,engine/fileio.cpp,20,0,,20
engine_fileio.cpp_CFileManager_setVersionControlCredentials_FUN_004bc5d0,004bc5d0,engine/fileio.cpp,40,0,,40
engine_fileio.cpp_CFileManager_writePodConfigFile_FUN_004ba620,004ba620,engine/fileio.cpp,29,0,,29
engine_fileio.cpp_CCheckOutItem_processFiles_FUN_004b4220,004b4220,engine/fileio.cpp,536,110,undefined_type|stack_param|concat_artifact|unknown_field|badspacebase|pointer_cast|register_param|stack_ref,1676
engine_fileio.cpp_establishUserIdentity_FUN_004b1c00,004b1c00,engine/fileio.cpp,61,6,stack_param|badspacebase|register_param|stack_ref,141
engine_fileio.cpp_safeCloseFile_FUN_004b1db0,004b1db0,engine/fileio.cpp,9,0,,9
engine_fileio.cpp_CCheckOutList_reset_FUN_004b2860,004b2860,engine/fileio.cpp,10,0,,10
engine_fileio.cpp_CFileManager_deleteLocalFilesFromPod_FUN_004bca50,004bca50,engine/fileio.cpp,36,6,badspacebase|register_param|stack_ref,111
engine_fileio.cpp_CFileManager_openExtractFileForBuilding_FUN_004b7c10,004b7c10,engine/fileio.cpp,17,2,stack_param,42
engine_fileio.cpp_CFileManager_findPodInList_FUN_004ba6c0,004ba6c0,engine/fileio.cpp,25,3,badspacebase|register_param|stack_ref,70
engine_fileio.cpp_CCheckOutList_dtor_FUN_004bd730,004bd730,engine/fileio.cpp,5,0,,5
engine_fileio.cpp_logOnAsVersionControlUser_FUN_004b2770,004bcea0,engine/fileio.cpp,6,0,,6
engine_fileio.cpp_CFileManager_compareLocalVsPod_FUN_004b82a0,004b82a0,engine/fileio.cpp,139,34,undefined_type|stack_param|concat_artifact|unknown_field|badspacebase|register_param|stack_ref,514
engine_fileio.cpp_CCheckOutItem_selectCheckedOutFile_FUN_004b3f50,004b3f50,engine/fileio.cpp,112,38,stack_param|unaffected_reg|badspacebase|register_param|stack_ref,517
engine_fileio.cpp_CFileManager_managePodFiles_FUN_004b86b0,004b86b0,engine/fileio.cpp,941,214,undefined_type|stack_param|concat_artifact|unaffected_reg|unknown_field|badspacebase|pointer_cast|register_param|stack_ref,3126
engine_fileio.cpp_CCheckOutList_write_FUN_004b2eb0,004b2eb0,engine/fileio.cpp,35,0,,35
engine_fileio.cpp_CCheckOutList_add_FUN_004b2d00,004b2d00,engine/fileio.cpp,25,5,stack_param|pointer_cast,85
engine_fileio.cpp_CFileManager_checkOutAndExtractPod_FUN_004ba740,004ba740,engine/fileio.cpp,320,49,undefined_type|stack_param|concat_artifact|unaffected_reg|badspacebase|pointer_cast|register_param|stack_ref,850
engine_fileio.cpp_CFileManager_checkInPodFile_FUN_004baf00,004baf00,engine/fileio.cpp,730,144,undefined_type|stack_param|concat_artifact|unaffected_reg|unknown_field|badspacebase|pointer_cast|register_param|stack_ref,2215
engine_fileio.cpp_CFileManager_load_FUN_004b6c00,004b6c00,engine/fileio.cpp,115,15,stack_param|unaffected_reg|badspacebase|register_param|stack_ref,290
engine_fileio.cpp_CFileManager_extractTexture_FUN_004b53e0,004b53e0,engine/fileio.cpp,56,8,stack_param|badspacebase|register_param|stack_ref,156
engine_fileio.cpp_synchronizeFilesToDirectory_FUN_004bc650,004bc650,engine/fileio.cpp,132,9,stack_param|unknown_field|badspacebase|register_param|stack_ref,247
engine_fileio.cpp_CCheckOutList_ctor_FUN_004bd710,004bd710,engine/fileio.cpp,6,0,,6
engine_fileio.cpp_buildFilePath_FUN_004b1de0,004b1de0,engine/fileio.cpp,38,9,stack_param|badspacebase|register_param|stack_ref,148
engine_fileio.cpp_logOffVersionControl_FUN_004b2830,004bceb0,engine/fileio.cpp,5,0,,5
engine_fileio.cpp_CFileManager_loadAndProcessMRGLModel_FUN_004b5610,004b5610,engine/fileio.cpp,10,0,,10
engine_fileio.cpp_CCheckOutItem_checkOutFileFromRepository_FUN_004b3920,004b3920,engine/fileio.cpp,272,65,undefined_type|stack_param|concat_artifact|unaffected_reg|unknown_field|badspacebase|register_param|stack_ref,962
engine_fileio.cpp_CFileManager_addPodAuditRecord_FUN_004b5950,004b5950,engine/fileio.cpp,49,4,badspacebase|pointer_cast|register_param|stack_ref,109
engine_fileio.cpp_formatSystemError_FUN_004b1fe0,004b1fe0,engine/fileio.cpp,22,0,,22
engine_fileio.cpp_CFileManager_processMRGLNode_FUN_004b54e0,004b54e0,engine/fileio.cpp,59,0,,59
engine_fileio.cpp_extractFileWithTimestamp_FUN_004b7d50,004b7d50,engine/fileio.cpp,101,7,badspacebase|pointer_cast|register_param|stack_ref,191
engine_fileio.cpp_remountAllPods_FUN_004b5350,004b5350,engine/fileio.cpp,11,0,,11
engine_fileio.cpp_buildHistoryFilePath_FUN_004b1f10,004b1f10,engine/fileio.cpp,48,5,badspacebase|register_param|stack_ref,113
engine_fileio.cpp_showOverwriteConfirmationDialog_FUN_004b2f90,004b2f90,engine/fileio.cpp,63,44,stack_param|badspacebase|register_param|stack_ref,523
engine_fileio.cpp_CFileManager_removeAuditRecords_FUN_004bd190,004bd190,engine/fileio.cpp,237,28,undefined_type|stack_param|concat_artifact|unaffected_reg|unknown_field|badspacebase|pointer_cast|register_param|stack_ref,562
engine_fileio.cpp_CCheckOutList_remove_FUN_004b2d70,004b2d70,engine/fileio.cpp,25,0,,25
engine_fileio.cpp_CCheckOutItem_findFileToCheckOut_FUN_004b5030,004b5030,engine/fileio.cpp,123,42,stack_param|badspacebase|register_param|stack_ref,563
engine_fileio.cpp_copyFileTimestamp_FUN_004b31e0,004b31e0,engine/fileio.cpp,11,0,,11
engine_fileio.cpp_CFileManager_extractFilesToDirectory_FUN_004b76d0,004b76d0,engine/fileio.cpp,180,35,undefined_type|stack_param|concat_artifact|unknown_field|badspacebase|pointer_cast|register_param|stack_ref,570
engine_fileio.cpp_CFileManager_registerFiles_FUN_004b5640,004b5640,engine/fileio.cpp,136,6,stack_param|badspacebase|register_param|stack_ref,216
engine_fileio.cpp_CFileManager_extractPodFile_FUN_004b6e10,004b6e10,engine/fileio.cpp,229,35,undefined_type|stack_param|concat_artifact|unaffected_reg|unknown_field|badspacebase|register_param|stack_ref,619
engine_fileio.cpp_findMaxFieldInTimestampFile_FUN_004b2640,004b2640,engine/fileio.cpp,59,15,stack_param|unaffected_reg|badspacebase|pointer_cast|register_param|stack_ref,239
engine_fileio.cpp_CFileManager_closeExtractFile_FUN_004b7c60,004b7c60,engine/fileio.cpp,9,0,,9
engine_fileio.cpp_CFileManager_verifyPodCRC_FUN_004b7c90,004b7c90,engine/fileio.cpp,38,7,undefined_type|concat_artifact|badspacebase|register_param|stack_ref,133
engine_fileio.cpp_parseTimestampRecord_FUN_004b2270,004b2270,engine/fileio.cpp,48,5,unaffected_reg|badspacebase|register_param|stack_ref,118
engine_fileio.cpp_writeArtFileEntries_FUN_004bc9f0,004bc9f0,engine/fileio.cpp,10,3,badspacebase|register_param|stack_ref,55
engine_fileio.cpp_readTimestampFile_FUN_004b23a0,004b23a0,engine/fileio.cpp,105,31,stack_param|unaffected_reg|badspacebase|register_param|stack_ref,440
engine_fileio.cpp_CCheckOutItem_revert_FUN_004b41c0,004b41c0,engine/fileio.cpp,19,4,badspacebase|register_param|stack_ref,74
engine_fileio.cpp_CFileManager_dtor_FUN_004b53d0,004b53d0,engine/fileio.cpp,5,0,,5
engine_fileio.cpp_CFileManager_buildPodFromResponseFile_FUN_004b7ac0,004b7ac0,engine/fileio.cpp,57,5,badspacebase|pointer_cast|register_param|stack_ref,127
engine_fileio.cpp_CFileManager_searchMountedPods_FUN_004bcb70,004bcb70,engine/fileio.cpp,66,26,stack_param|badspacebase|register_param|stack_ref,346
engine_fileio.cpp_CFileManager_rebuildLastPod_FUN_004b5a50,004b5a50,engine/fileio.cpp,705,163,undefined_type|stack_param|sub_artifact|concat_artifact|unaffected_reg|unknown_field|badspacebase|pointer_cast|register_param|stack_ref,2385
engine_fileio.cpp_openFileWithRetry_FUN_004b2200,004b2200,engine/fileio.cpp,23,0,,23
engine_fileio.cpp_CFileManager_ctor_FUN_004b53a0,004b53a0,engine/fileio.cpp,7,0,,7
engine_fileio.cpp_CFileManager_managePodMounts_FUN_004bcec0,004bcec0,engine/fileio.cpp,103,43,stack_param|unaffected_reg|badspacebase|register_param|stack_ref,558
engine_fileio.cpp_CFileManager_viewPodAuditTrail_FUN_004b7f50,004b7f50,engine/fileio.cpp,142,22,undefined_type|stack_param|concat_artifact|unaffected_reg|badspacebase|register_param|stack_ref,397
engine_fileio.cpp_CCheckOutList_findEntry_FUN_004b2e60,004b2e60,engine/fileio.cpp,20,0,,20
engine_fileio.cpp_CFileManager_catalogPodFile_FUN_004b7460,004b7460,engine/fileio.cpp,109,19,undefined_type|stack_param|concat_artifact|badspacebase|pointer_cast|register_param|stack_ref,334
engine_fileio.cpp_CFileManager_undoCheckout_FUN_004bc2b0,004bc2b0,engine/fileio.cpp,126,46,stack_param|badspacebase|register_param|stack_ref,606
engine_fileio.cpp_CFileManager_freeAuditRecords_FUN_004b5910,004b5910,engine/fileio.cpp,10,0,,10
engine_fileio.cpp_checkFileOverwriteCondition_FUN_004b3120,004b3120,engine/fileio.cpp,32,3,badspacebase|register_param|stack_ref,77
engine_fileio.cpp_CCheckOutItem_removeCheckOutBookkeeping_FUN_004b35a0,004b35a0,engine/fileio.cpp,139,22,stack_param|badspacebase|register_param|stack_ref,379
engine_fileio.cpp_trimWhitespace_FUN_004b1d40,004b1d40,engine/fileio.cpp,30,0,,30
engine_fileio.cpp_CFileManager_crossReferencePodDuplicates_FUN_004b9f40,004b9f40,engine/fileio.cpp,198,58,stack_param|unaffected_reg|badspacebase|register_param|stack_ref,803
engine_fileio.cpp_copyFileWithProgress_FUN_004b2030,004b2030,engine/fileio.cpp,79,4,badspacebase|register_param|stack_ref,134
engine_fileio.cpp_getLatestFileFromRepository_FUN_004b3220,004b3220,engine/fileio.cpp,146,12,undefined_type|concat_artifact|unknown_field|badspacebase|register_param|stack_ref,296
engine_fileio.cpp_buildCheckoutFilePath_FUN_004b1e60,004b1e60,engine/fileio.cpp,43,5,badspacebase|register_param|stack_ref,108
engine_fileio.cpp_CFileManager_parsePodConfigFile_FUN_004ba4f0,004ba4f0,engine/fileio.cpp,57,5,stack_param|badspacebase|register_param|stack_ref,127
engine_drender.cpp_CDemonRenderer_setRenderAlpha_FUN_0048ca70,0048ca70,engine/drender.cpp,9,0,,9
engine_drender.cpp_CDemonRenderer_setRGBAColor_FUN_0048c970,0048c970,engine/drender.cpp,21,0,,21
engine_drender.cpp_calculateVertexLight_FUN_0048c740,0048c740,engine/drender.cpp,8,2,stack_param,33
engine_drender.cpp_CDemonRenderer_renderPerspective_FUN_0048ae10,0048ae10,engine/drender.cpp,30,0,,30
engine_drender.cpp_qsortByCapturedFaceDepthDescending_FUN_0048da50,0048da50,engine/drender.cpp,12,0,,12
engine_drender.cpp_CDemonRenderer_renderWireframeVariant_FUN_0048aeb0,0048aeb0,engine/drender.cpp,71,4,stack_param|pointer_cast,121
engine_drender.cpp_CDemonRenderer_getCameraOriginToBuffer_FUN_0048c760,0048c760,engine/drender.cpp,17,8,unaffected_reg|badspacebase|pointer_cast|register_param|stack_ref,122
engine_drender.cpp_CDemonRenderer_setProjectionScale_FUN_0048c650,0048c650,engine/drender.cpp,11,0,,11
engine_drender.cpp_CDemonRenderer_setLightIntensity_FUN_0048c690,0048c690,engine/drender.cpp,9,0,,9
engine_drender.cpp_CDemonRenderer_setTextureCaptureMode_FUN_0048d6c0,0048d6c0,engine/drender.cpp,13,0,,13
engine_drender.cpp_CDemonRenderer_setupSceneRendering_FUN_0048c1d0,0048c1d0,engine/drender.cpp,12,9,stack_param|badspacebase|register_param|stack_ref,122
engine_drender.cpp_CDemonRenderer_setupCameraAndViewport_FUN_0048dcc0,0048dcc0,engine/drender.cpp,42,0,,42
engine_drender.cpp_CDemonRenderer_copyAndTransform3DPoint_FUN_0048c420,0048c420,engine/drender.cpp,12,2,badspacebase|register_param,42
engine_drender.cpp_CDemonRenderer_setProjectionMode_FUN_0048a700,0048a700,engine/drender.cpp,12,0,,12
engine_drender.cpp_CDemonRenderer_renderStandardTextured_FUN_0048aa50,0048aa50,engine/drender.cpp,48,1,pointer_cast,63
engine_drender.cpp_CDemonRenderer_setCameraOriginFromScaledPoint_FUN_0048c150,0048c150,engine/drender.cpp,20,0,,20
engine_drender.cpp_CDemonRenderer_setRenderAlpha_FUN_0048ca60,0048ca60,engine/drender.cpp,7,0,,7
engine_drender.cpp_CDemonRenderer_renderUltraPremium_FUN_0048b970,0048b970,engine/drender.cpp,60,10,stack_param|pointer_cast,170
engine_drender.cpp_CDemonRenderer_setProjectionScaleSimple_FUN_0048c670,0048c670,engine/drender.cpp,9,0,,9
engine_drender.cpp_CDemonRenderer_renderMaximumQuality_FUN_0048bad0,0048bad0,engine/drender.cpp,41,0,,41
engine_drender.cpp_CDemonRenderer_getCameraRotationAsRadians_FUN_0048c800,0048c800,engine/drender.cpp,17,2,badspacebase|register_param,47
engine_drender.cpp_CDemonRenderer_setCameraRotationFromPoint_FUN_0048c1b0,0048c1b0,engine/drender.cpp,8,0,,8
engine_drender.cpp_CDemonRenderer_pushViewport_FUN_0048c890,0048c890,engine/drender.cpp,7,0,,7
engine_drender.cpp_CDemonRenderer_renderComplexMultiFeatureWithIndices_FUN_0048bfe0,0048bfe0,engine/drender.cpp,60,10,stack_param|pointer_cast,170
engine_drender.cpp_CDemonRenderer_renderPremium_FUN_0048b1e0,0048b1e0,engine/drender.cpp,62,10,stack_param|pointer_cast,172
engine_drender.cpp_CDemonRenderer_calculateProjectionFactor_FUN_0048c870,0048c870,engine/drender.cpp,5,0,,5
engine_drender.cpp_staticInit_FUN_0048a6b0,0048a6b0,engine/drender.cpp,5,0,,5
engine_drender.cpp_CDemonRenderer_setCameraOrigin_FUN_0048c130,0048c130,engine/drender.cpp,7,0,,7
engine_drender.cpp_scaleAndSetDirectionalLight_FUN_0048c6e0,0048c6e0,engine/drender.cpp,19,4,stack_param,64
engine_drender.cpp_CDemonRenderer_applyScaledTransform_FUN_0048c4f0,0048c4f0,engine/drender.cpp,59,0,,59
engine_drender.cpp_CDemonRenderer_updateTexture_FUN_0048dc30,0048dc30,engine/drender.cpp,9,0,,9
engine_drender.cpp_CDemonRenderer_renderPrimitiveBatch_FUN_0048ce90,0048ce90,engine/drender.cpp,28,5,extra_output|register_param,88
engine_drender.cpp_CDemonRenderer_popViewport_FUN_0050e480,0048c8c0,engine/drender.cpp,5,0,,5
engine_drender.cpp_renderTriangleTextured_FUN_00483370,00483370,engine/drender.cpp,277,41,stack_param|badspacebase|register_param|stack_ref,707
engine_drender.cpp_CDemonRenderer_clipAndDrawLine3D_FUN_0048caf0,0048caf0,engine/drender.cpp,170,59,stack_param|badspacebase|pointer_cast|register_param|stack_ref,785
engine_drender.cpp_CDemonRenderer_renderMaximumQualityVariant_FUN_0048bba0,0048bba0,engine/drender.cpp,60,10,stack_param|pointer_cast,170
engine_drender.cpp_qsortByCapturedFaceDepthAscending_FUN_0048da20,0048da20,engine/drender.cpp,12,0,,12
engine_drender.cpp_CDemonRenderer_processVisiblePrimitive_FUN_0048d700,0048d700,engine/drender.cpp,31,4,stack_param|badspacebase|register_param,86
engine_drender.cpp_CDemonRenderer_renderWireframeAdvanced_FUN_0048b030,0048b030,engine/drender.cpp,47,4,pointer_cast,92
engine_drender.cpp_CDemonRenderer_renderEnhancedQualityDirect_FUN_0048b650,0048b650,engine/drender.cpp,41,0,,41
engine_drender.cpp_CDemonRenderer_renderEnhancedQualityWithIndices_FUN_0048b730,0048b730,engine/drender.cpp,60,10,stack_param|pointer_cast,170
engine_drender.cpp_CDemonRenderer_renderUltraPremiumDirect_FUN_0048b890,0048b890,engine/drender.cpp,41,0,,41
engine_drender.cpp_CDemonRenderer_renderEnhancedQuality_FUN_0048bcf0,0048bcf0,engine/drender.cpp,41,0,,41
engine_drender.cpp_CDemonRenderer_ctor_FUN_0048a6c0,0048a6c0,engine/drender.cpp,12,0,,12
engine_drender.cpp_CDemonRenderer_renderPremiumVariant_FUN_0048b320,0048b320,engine/drender.cpp,39,4,pointer_cast,84
engine_drender.cpp_CDemonRenderer_renderPremiumDirect_FUN_0048b150,0048b150,engine/drender.cpp,27,0,,27
engine_drender.cpp_CDemonRenderer_renderBasicTextured_FUN_0048a820,0048a820,engine/drender.cpp,22,0,,22
engine_drender.cpp_CDemonRenderer_renderTriangleFacetList_FUN_0048cf00,0048cf00,engine/drender.cpp,130,18,extra_output|badspacebase|pointer_cast|register_param,330
engine_drender.cpp_CDemonRenderer_applyDirectTransform_FUN_0048c4a0,0048c4a0,engine/drender.cpp,14,0,,14
engine_drender.cpp_CDemonRenderer_setRenderingState_FUN_0048ca00,0048ca00,engine/drender.cpp,20,2,stack_param,45
engine_drender.cpp_CDemonRenderer_getFaceCount_FUN_0048cae0,0048cae0,engine/drender.cpp,4,0,,4
engine_drender.cpp_CDemonRenderer_renderGeometryBatch_FUN_0048d410,0048d410,engine/drender.cpp,125,18,stack_param|unaffected_reg|badspacebase|pointer_cast|register_param|stack_ref,335
engine_drender.cpp_CDemonRenderer_renderCustomScanline_FUN_0048c8d0,0048c8d0,engine/drender.cpp,31,2,stack_param,56
engine_drender.cpp_CDemonRenderer_updateTextureWithPalette_FUN_0048dc20,0048dc20,engine/drender.cpp,9,0,,9
engine_drender.cpp_CDemonRenderer_renderSpecialDepth_FUN_0048b420,0048b420,engine/drender.cpp,57,10,stack_param|pointer_cast,167
engine_drender.cpp_CDemonRenderer_setLightDirection_FUN_0048c6c0,0048c6c0,engine/drender.cpp,7,0,,7
engine_drender.cpp_CDemonRenderer_getCameraOriginScaled_FUN_0048c780,0048c780,engine/drender.cpp,15,2,badspacebase|register_param,45
engine_drender.cpp_CDemonRenderer_processCameraRelativeVertex_FUN_0048c450,0048c450,engine/drender.cpp,15,4,extra_output,60
engine_drender.cpp_CDemonRenderer_matrixPop_FUN_0050d720,0048c640,engine/drender.cpp,5,0,,5
engine_drender.cpp_CDemonRenderer_renderEnhancedQualityVariant_FUN_0048bdc0,0048bdc0,engine/drender.cpp,60,10,stack_param|pointer_cast,170
engine_drender.cpp_CDemonRenderer_clipAndFillPoly_FUN_0048a740,0048a740,engine/drender.cpp,38,3,unaffected_reg|unknown_field,78
engine_drender.cpp_renderTriangleSimple_FUN_004839f0,004839f0,engine/drender.cpp,220,17,stack_param|badspacebase|register_param|stack_ref,410
engine_drender.cpp_CDemonRenderer_processCapturedFaces_FUN_0048da80,0048da80,engine/drender.cpp,55,2,sborrow_artifact|pointer_cast,85
engine_drender.cpp_CDemonRenderer_getCameraRotationToBuffer_FUN_0048c7e0,0048c7e0,engine/drender.cpp,17,8,unaffected_reg|badspacebase|pointer_cast|register_param|stack_ref,122
engine_drender.cpp_CDemonRenderer_setAlphaMask_FUN_0048cdf0,0048cdf0,engine/drender.cpp,6,0,,6
engine_drender.cpp_CDemonRenderer_processQuadPrimitive_FUN_0048d7a0,0048d7a0,engine/drender.cpp,35,7,stack_param|badspacebase|register_param|stack_ref,125
engine_drender.cpp_CDemonRenderer_enableFaceCapture_FUN_0048caa0,0048caa0,engine/drender.cpp,8,0,,8
engine_drender.cpp_CDemonRenderer_renderAlternativeDepth_FUN_0048a950,0048a950,engine/drender.cpp,53,1,pointer_cast,68
engine_drender.cpp_CDemonRenderer_setBlendMode_FUN_0048ca50,0048ca50,engine/drender.cpp,6,0,,6
engine_drender.cpp_CDemonRenderer_setupCameraAndProjection_FUN_0048c200,0048c200,engine/drender.cpp,93,7,suspect_float|extra_output|badspacebase|register_param,183
engine_drender.cpp_CDemonRenderer_depthTest_FUN_0048dc50,0048dc50,engine/drender.cpp,25,1,pointer_cast,40
engine_drender.cpp_CDemonRenderer_renderFaceList_FUN_0048d170,0048d170,engine/drender.cpp,125,2,badspacebase|register_param,155
engine_drender.cpp_CDemonRenderer_renderPerspectiveTextured_FUN_0048ad90,0048ad90,engine/drender.cpp,23,0,,23
engine_drender.cpp_CDemonRenderer_setPlaneCullingEnabled_FUN_0048c9f0,0048c9f0,engine/drender.cpp,7,0,,7
engine_drender.cpp_CDemonRenderer_renderComplexMultiFeature_FUN_0048bf10,0048bf10,engine/drender.cpp,40,0,,40
engine_drender.cpp_CDemonRenderer_matrixPush_FUN_0050d620,0048c630,engine/drender.cpp,5,0,,5
engine_drender.cpp_CDemonRenderer_captureFace_FUN_0048d8a0,0048d8a0,engine/drender.cpp,74,3,stack_param|pointer_cast,114
engine_drender.cpp_CDemonRenderer_renderTexturedLitNearPlane_FUN_0048ac40,0048ac40,engine/drender.cpp,59,10,stack_param|pointer_cast,169
engine_drender.cpp_CDemonRenderer_renderTexturedBasic_FUN_0048ab50,0048ab50,engine/drender.cpp,36,0,,36
engine_drender.cpp_CDemonRenderer_renderPerspectiveLit_FUN_0048b550,0048b550,engine/drender.cpp,47,6,stack_param|pointer_cast,117
engine_drender.cpp_CDemonRenderer_setFaceCount_FUN_0048cac0,0048cac0,engine/drender.cpp,7,0,,7
engine_drender.cpp_CDemonRenderer_renderBasicTexturedVariant_FUN_0048a8a0,0048a8a0,engine/drender.cpp,35,1,pointer_cast,50
engine_drender.cpp_CDemonRenderer_getCameraAndViewportState_FUN_0048de20,0048de20,engine/drender.cpp,42,0,,42
engine_drender.cpp_CDemonRenderer_setCurrentPolygonColor_FUN_0048c960,0048c960,engine/drender.cpp,7,0,,7
engine_drender.cpp_CDemonRenderer_captureTexture_FUN_0048db80,0048db80,engine/drender.cpp,34,0,,34
engine_drender.cpp_CDemonRenderer_enableAdvancedCulling_FUN_0048ce10,0048ce10,engine/drender.cpp,7,0,,7
engine_drender.cpp_CDemonRenderer_getAlphaMask_FUN_0048ce00,0048ce00,engine/drender.cpp,4,0,,4
engine_drender.cpp_CDemonRenderer_renderFaceBatch_FUN_0048ce20,0048ce20,engine/drender.cpp,28,5,extra_output|register_param,88
engine_texture.cpp_ensureTextureLoaded_FUN_005dd800,005dd800,engine/texture.cpp,31,2,extra_output,56
engine_texture.cpp_loadAndUpdateTexture_FUN_005dd930,005dd930,engine/texture.cpp,9,0,,9
engine_texture.cpp_getTextureCacheStats_FUN_005dd970,005dd970,engine/texture.cpp,6,0,,6
engine_texture.cpp_CTextureCache_setupTexture_FUN_005dd200,005dd200,engine/texture.cpp,118,27,unknown_field|pointer_cast,398
engine_texture.cpp_updateTextureWithPalette_FUN_005dd900,005dd900,engine/texture.cpp,9,0,,9
engine_texture.cpp_CTextureCache_getTextureCount_FUN_005dd570,005dd570,engine/texture.cpp,4,0,,4
engine_texture.cpp_CTextureCache_findTexture_FUN_005dd180,005dd180,engine/texture.cpp,26,0,,26
engine_texture.cpp_clearTextureCache_FUN_005dd8e0,005dd8e0,engine/texture.cpp,5,0,,5
engine_texture.cpp_freeTextureCache_FUN_005dd7a0,005dd7a0,engine/texture.cpp,16,0,,16
engine_texture.cpp_CTextureCache_loadTexture_FUN_005dcc00,005dcc00,engine/texture.cpp,245,48,stack_param|unaffected_reg|badspacebase|register_param|stack_ref,750
engine_texture.cpp_loadTextureAndGetData_FUN_005dd8c0,005dd8c0,engine/texture.cpp,7,2,stack_param,32
engine_texture.cpp_getCurrentTexture_FUN_005dd9c0,005dd9c0,engine/texture.cpp,22,0,,22
engine_texture.cpp_initTextureCache_FUN_005dd760,005dd760,engine/texture.cpp,12,0,,12
engine_texture.cpp_CTextureCache_free_FUN_005dcb00,005dcb00,engine/texture.cpp,5,0,,5
engine_texture.cpp_CTextureCache_free_FUN_005dcb30,005dcb30,engine/texture.cpp,36,0,,36
engine_texture.cpp_doNothing_FUN_005dd8f0,005dd8f0,engine/texture.cpp,4,0,,4
engine_texture.cpp_CTextureCache_renderAllTextures_FUN_005dd580,005dd580,engine/texture.cpp,65,2,badspacebase|register_param,95
engine_texture.cpp_CTextureCache_dtor_FUN_005dcb20,005dcb20,engine/texture.cpp,5,0,,5
engine_texture.cpp_CTextureCache_getTextureCacheStats_FUN_005dd690,005dd690,engine/texture.cpp,53,0,,53
engine_texture.cpp_CTextureCache_ctor_FUN_005dcab0,005dcab0,engine/texture.cpp,19,0,,19
engine_texture.cpp_enableTextureFiltering_FUN_005dd960,005dd960,engine/texture.cpp,5,0,,5
engine_texture.cpp_renderTextureAtlas_FUN_005dd990,005dd990,engine/texture.cpp,16,0,,16
engine_keyframe.c_recomputeKeyFrameNormals_FUN_00502320,00502320,engine/keyframe.c,52,17,stack_param,227
engine_keyframe.c_calculatePackedSurfaceNormal_FUN_00501a00,00501a00,engine/keyframe.c,62,6,extra_output,127
engine_keyframe.c_interpolateCubicKeyframes_FUN_00501f30,00501f30,engine/keyframe.c,165,5,extra_output,220
engine_keyframe.c_loadAndInterpolateKeyframes_FUN_00501d40,00501d40,engine/keyframe.c,101,18,stack_param,286
engine_keyframe.c_calculateSurfaceNormal_FUN_00501bc0,00501bc0,engine/keyframe.c,47,0,,47
engine_dosio.c_CFileFinder_findNext_FUN_00481cf0,00481cf0,engine/dosio.c,20,3,badspacebase|register_param|stack_ref,65
engine_dosio.c_reopenFileStream_FUN_00481b50,00481b50,engine/dosio.c,38,12,stack_param|unaffected_reg|badspacebase|pointer_cast|register_param|stack_ref,188
engine_dosio.c_getFileTimestamp_FUN_004818d0,004818d0,engine/dosio.c,12,4,badspacebase|register_param|stack_ref,67
engine_dosio.c_setFileAttributes_FUN_004819f0,004819f0,engine/dosio.c,10,0,,10
engine_dosio.c_copyFileTimestamp_FUN_00481910,00481910,engine/dosio.c,14,3,badspacebase|register_param|stack_ref,59
engine_dosio.c_addGetFileInfoHook_FUN_00481710,00481710,engine/dosio.c,12,2,stack_param,37
engine_dosio.c_CFileFinder_closeSearch_FUN_00481d70,00481d70,engine/dosio.c,11,0,,11
engine_dosio.c_getFileTimestamp_FUN_00481960,00481960,engine/dosio.c,16,8,badspacebase|register_param|stack_ref,111
engine_dosio.c_getRelativeFilePath_FUN_004816c0,004816c0,engine/dosio.c,21,0,,21
engine_dosio.c_CFileFinder_dtor_FUN_00481c50,00481c50,engine/dosio.c,5,0,,5
engine_dosio.c_CFileFinder_ctor_FUN_00481c30,00481c30,engine/dosio.c,6,0,,6
engine_dosio.c_removeFileExtension_FUN_00482040,00482040,engine/dosio.c,7,0,,7
engine_dosio.c_ensureTrailingSlash_FUN_00481f80,00481f80,engine/dosio.c,55,4,badspacebase|register_param|stack_ref,110
engine_dosio.c_findFileNormally_FUN_004817c0,004817c0,engine/dosio.c,38,4,badspacebase|register_param|stack_ref,93
engine_dosio.c_CFileFinder_reset_FUN_00481db0,00481db0,engine/dosio.c,5,0,,5
engine_dosio.c_CFileFinder_openSearch_FUN_00481c70,00481c70,engine/dosio.c,24,5,stack_param|badspacebase|register_param|stack_ref,94
engine_dosio.c_getFileSize_FUN_00481880,00481880,engine/dosio.c,12,4,badspacebase|register_param|stack_ref,67
engine_dosio.c_splitPath_FUN_00481f20,00481f20,engine/dosio.c,7,0,,7
engine_dosio.c_truncateFile_FUN_00481a20,00481a20,engine/dosio.c,11,0,,11
engine_dosio.c_findFile_FUN_00481760,00481760,engine/dosio.c,23,0,,23
engine_dosio.c_getFullPath_FUN_004820c0,004820c0,engine/dosio.c,21,0,,21
engine_dosio.c_changeFileExtension_FUN_00482050,00482050,engine/dosio.c,14,4,badspacebase|register_param|stack_ref,69
engine_dosio.c_makePath_FUN_00481f50,00481f50,engine/dosio.c,7,0,,7
engine_dosio.c_CFileFinder_convertStruct_FUN_00481dc0,00481dc0,engine/dosio.c,56,8,unaffected_reg|badspacebase|register_param|stack_ref,156
engine_dosio.c_getFile_FUN_00481a50,00481a50,engine/dosio.c,53,6,badspacebase|register_param|stack_ref,128
engine_palette.cpp_CPaletteManager_addTexture_FUN_00544fbe,00544fbe,engine/palette.cpp,40,0,,40
engine_palette.cpp_CPaletteManager_FUN_00544fb0,00544fb0,engine/palette.cpp,5,0,,5
engine_palette.cpp_CPaletteManager_addTexture_FUN_00544fc0,00544fc0,engine/palette.cpp,42,14,stack_param,187
engine_palette.cpp_CFont_getLineSpacing_FUN_00544f00,00544f00,engine/palette.cpp,4,0,,4
engine_palette.cpp_CPaletteManager_createOutputPalette_FUN_00545180,00545180,engine/palette.cpp,236,28,stack_param|badspacebase|pointer_cast|register_param|stack_ref,541
engine_palette.cpp_CFont_dtor_FUN_00544ec0,00544ec0,engine/palette.cpp,5,0,,5
engine_palette.cpp_CPaletteManager_ctor_FUN_00544f10,00544f10,engine/palette.cpp,21,5,stack_param,76
engine_palette.cpp_CFont_ctor_FUN_00544eb0,00544eb0,engine/palette.cpp,5,0,,5
engine_palette.cpp_CPaletteManager_dtor_FUN_00544f80,00544f80,engine/palette.cpp,8,0,,8
engine_palette.cpp_CPaletteManager_FUN_00545060,00545060,engine/palette.cpp,55,12,register_param,180
engine_palette.cpp_CFont_drawText_FUN_00544ed0,00544ed0,engine/palette.cpp,7,0,,7
engine_font.cpp_CBitFont_setCharXAdvanceRange_FUN_004d0230,004d0230,engine/font.cpp,24,0,,24
engine_font.cpp_CBitFont_getLineSpacing_FUN_004d0480,004d0480,engine/font.cpp,11,0,,11
engine_font.cpp_packPixelScaled_FUN_004d1110,004d1110,engine/font.cpp,6,0,,6
engine_font.cpp_CBitFont_loadFromFile_FUN_004cd2c0,004cd2c0,engine/font.cpp,52,26,stack_param|badspacebase|register_param|stack_ref,332
engine_font.cpp_CBitFont_drawTextCenterInBoundsF_FUN_004cdf80,004cdf80,engine/font.cpp,14,3,badspacebase|register_param|stack_ref,59
engine_font.cpp_CBitFont_drawTextCenterFV_FUN_004cde20,004cde20,engine/font.cpp,13,3,badspacebase|register_param|stack_ref,58
engine_font.cpp_CBitFont_getCharWidth_FUN_004d01a0,004d01a0,engine/font.cpp,7,0,,7
engine_font.cpp_CBitFont_wrapText_FUN_004d0010,004d0010,engine/font.cpp,94,2,stack_param,119
engine_font.cpp_getDefaultTextColor_FUN_004ce220,004ce220,engine/font.cpp,4,0,,4
engine_font.cpp_CBitFont_drawCharacter_FUN_004ce7a0,004ce7a0,engine/font.cpp,546,33,stack_param|badspacebase|pointer_cast|register_param,896
engine_font.cpp_CBitFont_printfCenterInClip_FUN_004ce050,004ce050,engine/font.cpp,10,3,badspacebase|register_param|stack_ref,55
engine_font.cpp_CBitFont_printfRight_FUN_004cdd70,004cdd70,engine/font.cpp,13,8,stack_param|badspacebase|register_param|stack_ref,113
engine_font.cpp_CBitFont_showExtendedFontTest_FUN_004d0850,004d0850,engine/font.cpp,245,23,stack_param|unaffected_reg,485
engine_font.cpp_CBitFont_render3DCharacter_FUN_004ce2d0,004ce2d0,engine/font.cpp,153,21,unaffected_reg|suspect_float|badspacebase|pointer_cast|register_param|stack_ref,393
engine_font.cpp_CBitFont_showFontTest_FUN_004d04b0,004d04b0,engine/font.cpp,119,17,badspacebase|register_param|stack_ref,304
engine_font.cpp_CBitFont_dtor_FUN_004cceb0,004cceb0,engine/font.cpp,5,0,,5
engine_font.cpp_CBitFont_drawTextCenterInBounds_FUN_004cdee0,004cdee0,engine/font.cpp,13,2,unaffected_reg,38
engine_font.cpp_CBitFont_drawTextCenterF_FUN_004cde70,004cde70,engine/font.cpp,14,3,badspacebase|register_param|stack_ref,59
engine_font.cpp_CBitFont_remapPalette_FUN_004d02a0,004d02a0,engine/font.cpp,58,1,pointer_cast,73
engine_font.cpp_setDefaultTextColor_FUN_004ce230,004ce230,engine/font.cpp,5,0,,5
engine_font.cpp_CBitFont_parseCharacterMetrics_FUN_004cd550,004cd550,engine/font.cpp,158,4,badspacebase|register_param|stack_ref,213
engine_font.cpp_CBitFont_loadBitmap_FUN_004ccff0,004ccff0,engine/font.cpp,86,18,stack_param|badspacebase|register_param|stack_ref,286
engine_font.cpp_CBitFont_drawTextCenterInClipF_FUN_004ce090,004ce090,engine/font.cpp,13,3,badspacebase|register_param|stack_ref,58
engine_font.cpp_isRectangleClipped_FUN_004ccd80,004ccd80,engine/font.cpp,10,0,,10
engine_font.cpp_CBitFont_drawTextF_FUN_004cdc70,004cdc70,engine/font.cpp,15,5,stack_param|badspacebase|register_param|stack_ref,85
engine_font.cpp_packPixelNative_FUN_004d1170,004d1170,engine/font.cpp,8,0,,8
engine_font.cpp_CBitFont_calculateCharacterHeight_FUN_004cda20,004cda20,engine/font.cpp,30,0,,30
engine_font.cpp_CBitFont_getCharXAdvance_FUN_004d0200,004d0200,engine/font.cpp,7,0,,7
engine_font.cpp_CBitFont_getTextWidth_FUN_004cfe80,004cfe80,engine/font.cpp,57,0,,57
engine_font.cpp_CBitFont_drawTextCenterInBoundsFV_FUN_004cdf30,004cdf30,engine/font.cpp,13,3,badspacebase|register_param|stack_ref,58
engine_font.cpp_setShadowColor_FUN_004ce0f0,004ce0f0,engine/font.cpp,26,0,,26
engine_font.cpp_CBitFont_drawTextCenter_FUN_004cdde0,004cdde0,engine/font.cpp,13,2,unaffected_reg,38
engine_font.cpp_CBitFont_setFontReady_FUN_004d0290,004d0290,engine/font.cpp,5,0,,5
engine_font.cpp_CBitFont_clipCharacter_FUN_004ccdd0,004ccdd0,engine/font.cpp,32,0,,32
engine_font.cpp_drawAlphaBlendedPixels_FUN_004ce240,004ce240,engine/font.cpp,76,18,concat_artifact,261
engine_font.cpp_CBitFont_drawTextLeft_FUN_004cda80,004cda80,engine/font.cpp,73,10,stack_param|unaffected_reg|extra_output,188
engine_font.cpp_CBitFont_printfRight_FUN_004cdd20,004cdd20,engine/font.cpp,12,5,stack_param|badspacebase|register_param|stack_ref,82
engine_font.cpp_CBitFont_openFontFile_FUN_004ccfc0,004ccfc0,engine/font.cpp,9,2,unaffected_reg,34
engine_font.cpp_CBitFont_loadNewBitmap_FUN_004cd280,004cd280,engine/font.cpp,11,0,,11
engine_font.cpp_CBitFont_ctor_FUN_004cce90,004cce90,engine/font.cpp,5,0,,5
engine_font.cpp_CBitFont_free_FUN_004cd4e0,004cd4e0,engine/font.cpp,16,0,,16
engine_font.cpp_CBitFont_getCharWidth_FUN_004d01d0,004d01d0,engine/font.cpp,7,0,,7
engine_font.cpp_CBitFont_getCharWidth_FUN_004cff40,004cff40,engine/font.cpp,59,0,,59
engine_font.cpp_CBitFont_reset_FUN_004cced0,004cced0,engine/font.cpp,41,0,,41
engine_font.cpp_CBitFont_drawTextCenterInClip_FUN_004cdff0,004cdff0,engine/font.cpp,14,2,unaffected_reg,39
engine_font.cpp_CBitFont_drawTextFV_FUN_004cdc20,004cdc20,engine/font.cpp,13,3,badspacebase|register_param|stack_ref,58
engine_font.cpp_CBitFont_drawTextRight_FUN_004cdce0,004cdce0,engine/font.cpp,13,2,unaffected_reg,38
engine_font.cpp_CBitFont_drawTextRight_FUN_004cdbf0,004cdbf0,engine/font.cpp,9,0,,9
engine_font.cpp_CBitFont_setInitializedFlag_FUN_004cd540,004cd540,engine/font.cpp,5,0,,5
core_procedur.cpp_ProceduralTextureMenuPrompt_FUN_00554880,00554880,core/procedur.cpp,20,0,,20
core_procedur.cpp_CreateProceduralWaterFrame_FUN_005542b0,005542b0,core/procedur.cpp,103,26,stack_param|concat_artifact|badspacebase|register_param|stack_ref,388
core_procedur.cpp_FUN_00554670,00554670,core/procedur.cpp,81,16,stack_param|extra_output,251
core_procedur.cpp_FUN_00554620,00554620,core/procedur.cpp,11,8,stack_param,96
core_npc.cpp_CNPC_FUN_00544d30,00544d30,core/npc.cpp,34,3,stack_param,69
core_npc.cpp_CNPC_FUN_00544870,00544870,core/npc.cpp,15,0,,15
core_npc.cpp_CNPC_dtor_FUN_004f4700,004f4700,core/npc.cpp,31,2,negative_offset,56
core_npc.cpp_CNPC_FUN_00544e40,00544e40,core/npc.cpp,10,5,stack_param,65
core_npc.cpp_staticInit_FUN_00544770,00544770,core/npc.cpp,8,0,,8
core_npc.cpp_CNPC_getActorType_FUN_005447d0,005447d0,core/npc.cpp,4,0,,4
core_npc.cpp_CNPC_FUN_00544e30,00544e30,core/npc.cpp,4,0,,4
core_npc.cpp_FUN_00544c50,00544c50,core/npc.cpp,43,15,stack_param|badspacebase|register_param|stack_ref,213
core_npc.cpp_CNPC_serialize_FUN_00544ba0,00544ba0,core/npc.cpp,25,0,,25
core_npc.cpp_CNPC_process_FUN_005448b0,005448b0,core/npc.cpp,126,11,stack_param|badspacebase|register_param|stack_ref,256
core_npc.cpp_FUN_005447e0,005447e0,core/npc.cpp,19,8,negative_offset,104
core_npc.cpp_FUN_005447a0,005447a0,core/npc.cpp,10,0,,10
core_npc.cpp_FUN_00544e10,00544e10,core/npc.cpp,4,0,,4
core_npc.cpp_CNPC_FUN_00544b70,00544b70,core/npc.cpp,14,2,stack_param,39
core_dmodel.cpp_CDemonTriangle_ctor_FUN_0047eef0,0047eef0,core/dmodel.cpp,4,0,,4
core_dmodel.cpp_safeAcos_FUN_0047b170,0047b170,core/dmodel.cpp,21,3,stack_param|concat_artifact,61
core_dmodel.cpp_CKeyFramedModel_exportToDSE_FUN_0047e810,0047e810,core/dmodel.cpp,91,18,pointer_cast,276
core_dmodel.cpp_CKeyFramedModel_dtor_FUN_00476d90,00476d90,core/dmodel.cpp,6,0,,6
core_dmodel.cpp_clampTextureCoordinate_FUN_00476cb0,00476cb0,core/dmodel.cpp,14,0,,14
core_dmodel.cpp_copyModels_FUN_0047efb0,0047efb0,core/dmodel.cpp,6,0,,6
core_dmodel.cpp_CKeyFramedModel_removeDegeneratePolygons_FUN_0047bdb0,0047bdb0,core/dmodel.cpp,69,11,stack_param|pointer_cast,189
core_dmodel.cpp_CDemonTriangle_dtor_FUN_0047ef00,0047ef00,core/dmodel.cpp,4,0,,4
core_dmodel.cpp_CKeyFramedModel_mergeTrianglesToQuads_FUN_0047b1e0,0047b1e0,core/dmodel.cpp,338,15,stack_param|unaffected_reg|badspacebase|pointer_cast|register_param,513
core_dmodel.cpp_CKeyFramedModelInstance_setModelName_FUN_00478dd0,00478dd0,core/dmodel.cpp,20,0,,20
core_dmodel.cpp_freeModels_FUN_0047efc0,0047efc0,core/dmodel.cpp,5,0,,5
core_dmodel.cpp_CKeyFramedModel_validatePartList_FUN_0047bf40,0047bf40,core/dmodel.cpp,58,2,pointer_cast,83
core_dmodel.cpp_SRA4HQPoint_copy_FUN_0047ef60,0047ef60,core/dmodel.cpp,7,0,,7
core_dmodel.cpp_CKeyFramedModelInstance_ctor_FUN_00478ce0,00478ce0,core/dmodel.cpp,8,0,,8
core_dmodel.cpp_CKeyFramedModelInstance_prepareForRendering_FUN_00478d20,00478d20,core/dmodel.cpp,19,0,,19
core_dmodel.cpp_staticInit_FUN_00476c50,00476c50,core/dmodel.cpp,7,0,,7
core_dmodel.cpp_CKeyFramedModel_free_FUN_00477690,00477690,core/dmodel.cpp,44,2,negative_offset,69
core_dmodel.cpp_CKeyFramedModel_captureTextures_FUN_00478190,00478190,core/dmodel.cpp,15,0,,15
core_dmodel.cpp_CKeyFramedModel_readBinaryModel_FUN_00476f20,00476f20,core/dmodel.cpp,85,9,stack_param|unaffected_reg|badspacebase|register_param|stack_ref,200
core_dmodel.cpp_CKeyFramedModel_snapRotationToAxis_FUN_0047c5f0,0047c5f0,core/dmodel.cpp,139,26,concat_artifact|unknown_field|extra_output|badspacebase|pointer_cast|register_param|stack_ref,434
core_dmodel.cpp_writeModelDependencies_FUN_0047ee30,0047ee30,core/dmodel.cpp,27,3,stack_param,62
core_dmodel.cpp_CKeyFramedModelInstance_init_FUN_00478d00,00478d00,core/dmodel.cpp,11,0,,11
core_dmodel.cpp_CKeyFramedModel_ctor_FUN_00476cf0,00476cf0,core/dmodel.cpp,21,0,,21
core_dmodel.cpp_CKeyFramedModel_showEditorMenu_FUN_0047cbc0,0047cbc0,core/dmodel.cpp,904,33,undefined_type|stack_param|negative_offset|sub_artifact|concat_artifact|extra_output|badspacebase|pointer_cast|register_param|stack_ref,1284
core_dmodel.cpp_CKeyFramedModel_scaleToHeight_FUN_0047c470,0047c470,core/dmodel.cpp,11,2,stack_param,36
core_dmodel.cpp_CKeyFramedModel_reducePolygons_FUN_0047aa00,0047aa00,core/dmodel.cpp,10,2,stack_param,35
core_dmodel.cpp_CKeyFramedModel_sortPolygonsByTexture_FUN_0047a820,0047a820,core/dmodel.cpp,36,5,stack_param,91
core_dmodel.cpp_CKeyFramedModel_applyVertexBias_FUN_0047c2d0,0047c2d0,core/dmodel.cpp,26,6,stack_param|extra_output,96
core_dmodel.cpp_CKeyFramedModel_backupModel_FUN_00479260,00479260,core/dmodel.cpp,35,2,stack_param,60
core_dmodel.cpp_CDemonTriangle_copy_FUN_0047ef10,0047ef10,core/dmodel.cpp,14,0,,14
core_dmodel.cpp_freeAllModels_FUN_00478cb0,00478cb0,core/dmodel.cpp,11,0,,11
core_dmodel.cpp_CKeyFramedModel_getFloorHeight_FUN_00478740,00478740,core/dmodel.cpp,41,0,,41
core_dmodel.cpp_CKeyFramedModel_writeDependencies_FUN_0047ed00,0047ed00,core/dmodel.cpp,52,2,badspacebase|register_param,82
core_dmodel.cpp_CKeyFramedModel_intersectRay_FUN_004781d0,004781d0,core/dmodel.cpp,134,16,unaffected_reg|unknown_field|badspacebase|pointer_cast|register_param,319
core_dmodel.cpp_CKeyFramedModelInstance_preCache_FUN_00478d60,00478d60,core/dmodel.cpp,9,2,stack_param,34
core_dmodel.cpp_CKeyFramedModel_populateCollisionList_FUN_00478950,00478950,core/dmodel.cpp,105,29,unaffected_reg|unknown_field|badspacebase|pointer_cast|register_param|stack_ref,425
core_dmodel.cpp_CKeyFramedModel_createSinglePart_FUN_0047a3b0,0047a3b0,core/dmodel.cpp,8,0,,8
core_dmodel.cpp_CKeyFramedModel_prepareForRender_FUN_00477850,00477850,core/dmodel.cpp,16,4,stack_param|unaffected_reg,66
core_dmodel.cpp_CKeyFramedModel_calculateFrameBounds_FUN_00478010,00478010,core/dmodel.cpp,57,9,unaffected_reg|badspacebase|register_param|stack_ref,167
core_dmodel.cpp_CKeyFramedModel_weldAndRemoveUnusedVertices_FUN_0047ada0,0047ada0,core/dmodel.cpp,144,4,stack_param|pointer_cast,194
core_dmodel.cpp_CKeyFramedModel_scale_FUN_0047c4d0,0047c4d0,core/dmodel.cpp,32,12,extra_output|pointer_cast,162
core_dmodel.cpp_CKeyFramedModel_applyBias_FUN_0047c370,0047c370,core/dmodel.cpp,38,3,sub_artifact|extra_output,78
core_dmodel.cpp_copyModels_FUN_0047efa0,0047efa0,core/dmodel.cpp,6,0,,6
core_dmodel.cpp_CKeyFramedModel_exportToS3D_FUN_00479f30,00479f30,core/dmodel.cpp,113,53,stack_param|unaffected_reg|badspacebase|pointer_cast|register_param|stack_ref,673
core_dmodel.cpp_CKeyFramedModel_calculateTriangleNormal_FUN_0047c080,0047c080,core/dmodel.cpp,64,0,,64
core_dmodel.cpp_CKeyFramedModel_readTextModel_FUN_00477110,00477110,core/dmodel.cpp,157,37,stack_param|badspacebase|register_param|stack_ref,547
core_dmodel.cpp_loadModel_FUN_00478c00,00478c00,core/dmodel.cpp,29,0,,29
core_dmodel.cpp_CKeyFramedModel_packTexturesToAtlases_FUN_0047a3e0,0047a3e0,core/dmodel.cpp,143,13,suspect_float|badspacebase|pointer_cast|register_param|stack_ref,298
core_dmodel.cpp_CKeyFramedModel_rotateAndLightVertices_FUN_004778d0,004778d0,core/dmodel.cpp,24,0,,24
core_dmodel.cpp_CKeyFramedModel_copyTextureFiles_FUN_0047ca50,0047ca50,core/dmodel.cpp,47,7,badspacebase|register_param|stack_ref,132
core_dmodel.cpp_CKeyFramedModel_submitToRenderer_FUN_00477980,00477980,core/dmodel.cpp,89,7,stack_param|pointer_cast,169
core_dmodel.cpp_CKeyFramedModel_calcNormals_FUN_00477e60,00477e60,core/dmodel.cpp,82,11,extra_output|pointer_cast,202
core_dmodel.cpp_skipLines_FUN_00476c80,00476c80,core/dmodel.cpp,13,0,,13
core_dmodel.cpp_CKeyFramedModel_removeDuplicatePolygons_FUN_0047bbc0,0047bbc0,core/dmodel.cpp,85,12,stack_param|pointer_cast,215
core_dmodel.cpp_CKeyFramedModel_importFromDSE_FUN_0047ea10,0047ea10,core/dmodel.cpp,133,33,extra_output|pointer_cast,473
core_dmodel.cpp_CKeyFramedModel_removeUnusedVertices_FUN_0047aa30,0047aa30,core/dmodel.cpp,166,41,stack_param|unaffected_reg,586
core_dmodel.cpp_CKeyFramedModel_buildCollisionTriList_FUN_00478830,00478830,core/dmodel.cpp,46,2,negative_offset|pointer_cast,76
core_dmodel.cpp_CKeyFramedModel_load_FUN_00476db0,00476db0,core/dmodel.cpp,61,9,stack_param,156
core_dmodel.cpp_CKeyFramedModel_scaleUniform_FUN_0047c4a0,0047c4a0,core/dmodel.cpp,12,2,badspacebase|register_param,42
core_dmodel.cpp_copyFile_FUN_0047c930,0047c930,core/dmodel.cpp,38,2,stack_param,63
core_dmodel.cpp_CKeyFramedModel_recenter_FUN_0047c220,0047c220,core/dmodel.cpp,15,4,stack_param|badspacebase|register_param,70
core_dmodel.cpp_CKeyFramedModel_allocate_FUN_00477bf0,00477bf0,core/dmodel.cpp,77,2,stack_param,102
core_dmodel.cpp_CKeyFramedModel_intersectCylinder_FUN_00478650,00478650,core/dmodel.cpp,34,0,,34
core_dmodel.cpp_copyModels_FUN_0047ef90,0047ef90,core/dmodel.cpp,6,0,,6
core_dmodel.cpp_CKeyFramedModel_importFromS3D_FUN_00479330,00479330,core/dmodel.cpp,471,95,stack_param|extra_output|badspacebase|register_param|stack_ref,1446
core_dmodel.cpp_CKeyFramedModel_export_FUN_00478e10,00478e10,core/dmodel.cpp,129,31,stack_param,444
core_dmodel.cpp_CKeyFramedModelInstance_getModelPtr_FUN_00478d80,00478d80,core/dmodel.cpp,12,0,,12
core_dmodel.cpp_CKeyFramedModelInstance_writeDependencies_FUN_0047edd0,0047edd0,core/dmodel.cpp,19,2,stack_param,44
core_dmodel.cpp_CKeyFramedModel_getFrameVertices_FUN_00477890,00477890,core/dmodel.cpp,12,0,,12
core_set.cpp_FUN_005713c0,005713c0,core/set.cpp,10,4,stack_param,55
core_set.cpp_CDemonSet_FUN_0056b810,0056b810,core/set.cpp,245,21,stack_param|concat_artifact|extra_output|badspacebase|pointer_cast|register_param|stack_ref,490
core_set.cpp_CDemonSet_FUN_0056d4a0,0056d4a0,core/set.cpp,260,58,stack_param|sborrow_artifact|badspacebase|pointer_cast|register_param,865
core_set.cpp_free3DSCameras_FUN_00571530,00571530,core/set.cpp,5,0,,5
core_set.cpp_CDemonSet_FUN_0056d380,0056d380,core/set.cpp,57,32,stack_param,382
core_set.cpp_CDemonSet_setCameraView_FUN_00570c70,00570c70,core/set.cpp,9,0,,9
core_set.cpp_CDemonSet_FUN_00570fc0,00570fc0,core/set.cpp,81,0,,81
core_set.cpp_freeVDBoxes_FUN_00571590,00571590,core/set.cpp,5,0,,5
core_set.cpp_CDemonSet_FUN_0056ade0,0056ade0,core/set.cpp,19,20,stack_param,224
core_set.cpp_CDemonSet_SetStateVersionCameraCountInStrings_FUN_005711b0,005711b0,core/set.cpp,22,6,stack_param,87
core_set.cpp_CDemonSet_FUN_0056fb80,0056fb80,core/set.cpp,6,0,,6
core_set.cpp_CDemonSet_FUN_00570df0,00570df0,core/set.cpp,11,0,,11
core_set.cpp_CDemonSet_FUN_00570e20,00570e20,core/set.cpp,12,6,stack_param,77
core_set.cpp_CDemonSet_renderSceneGeometry_FUN_0056a190,0056a190,core/set.cpp,105,11,stack_param|unaffected_reg|badspacebase|register_param|stack_ref,240
core_set.cpp_FUN_00571380,00571380,core/set.cpp,7,2,stack_param,32
core_set.cpp_SVDBox_ctor_FUN_00571490,00571490,core/set.cpp,4,0,,4
core_set.cpp_CDemonSet_FUN_0056c1a0,0056c1a0,core/set.cpp,280,12,stack_param|badspacebase|pointer_cast|register_param|stack_ref,425
core_set.cpp_CDemonSet_FUN_0056c990,0056c990,core/set.cpp,115,4,badspacebase|register_param|stack_ref,170
core_set.cpp_CDemonSet_lightVertexColor_FUN_0056ddb0,0056ddb0,core/set.cpp,155,9,stack_param|unaffected_reg,255
core_set.cpp_CDemonSet_computeLighting_FUN_0056e110,0056e110,core/set.cpp,18,0,,18
core_set.cpp_CDemonSet_FUN_0056cf00,0056cf00,core/set.cpp,66,2,badspacebase|register_param,96
core_set.cpp_CDemonSet_calculateSpatialLighting_FUN_0056db80,0056db80,core/set.cpp,111,22,stack_param|unaffected_reg|badspacebase|pointer_cast|register_param,356
core_set.cpp_CDemonSet_FUN_0056e5d0,0056e5d0,core/set.cpp,92,3,stack_param,127
core_set.cpp_CDemonSet_FUN_0056fac0,0056fac0,core/set.cpp,30,7,stack_param|badspacebase|pointer_cast|register_param,120
core_set.cpp_staticInit_FUN_00569040,00569040,core/set.cpp,14,0,,14
core_set.cpp_CDemonSet_FUN_0056d140,0056d140,core/set.cpp,15,2,stack_param,40
core_set.cpp_CDemonSet_lightVerticies_FUN_0056eac0,0056eac0,core/set.cpp,676,37,extra_output|sborrow_artifact|badspacebase|pointer_cast|register_param,1071
core_set.cpp_FUN_0056fba0,0056fba0,core/set.cpp,12,6,stack_param,77
core_set.cpp_CDemonSet_FUN_00570c60,00570c60,core/set.cpp,5,0,,5
core_set.cpp_CDemonSet_FUN_00570e60,00570e60,core/set.cpp,18,2,stack_param,43
core_set.cpp_CDemonSet_FUN_0056b790,0056b790,core/set.cpp,20,2,stack_param,45
core_set.cpp_CDemonSet_FUN_0056fbd0,0056fbd0,core/set.cpp,169,24,stack_param|suspect_float|unknown_field|badspacebase|pointer_cast|register_param,439
core_set.cpp_CDemonSet_load_FUN_00569410,00569410,core/set.cpp,427,83,stack_param|badspacebase|pointer_cast|register_param|stack_ref,1282
core_set.cpp_CDemonSet_FUN_00570ea0,00570ea0,core/set.cpp,7,4,stack_param,52
core_set.cpp_CDemonSet_initScene_FUN_0056aa10,0056aa10,core/set.cpp,103,3,stack_param|pointer_cast,143
core_set.cpp_CDemonSet_renderPrimitiveList_FUN_005708e0,005708e0,core/set.cpp,32,0,,32
core_set.cpp_CDemonSet_FUN_0056ffe0,0056ffe0,core/set.cpp,5,0,,5
core_set.cpp_CDemonSet_SomethingDynamicLights_FUN_0056d090,0056d090,core/set.cpp,24,6,stack_param|sborrow_artifact|pointer_cast,99
core_set.cpp_CDemonSet_CallToDemonCameraInitAndSetView_FUN_0056b7e0,0056b7e0,core/set.cpp,9,5,stack_param,64
core_set.cpp_CDemonSet_setCameraView_FUN_0056ae50,0056ae50,core/set.cpp,307,85,stack_param|unknown_field|badspacebase|pointer_cast|register_param|stack_ref,1187
core_set.cpp_FUN_00571410,00571410,core/set.cpp,10,8,stack_param,95
core_set.cpp_FUN_0056e2b0,0056e2b0,core/set.cpp,29,12,stack_param,154
core_set.cpp_FUN_00570700,00570700,core/set.cpp,20,8,stack_param,105
core_set.cpp_CDemonSet_FUN_00571130,00571130,core/set.cpp,17,6,stack_param,82
core_set.cpp_CDemonSet_process_FUN_0056f940,0056f940,core/set.cpp,60,9,stack_param|sborrow_artifact|badspacebase|register_param|stack_ref,175
core_set.cpp_FUN_00571440,00571440,core/set.cpp,10,8,stack_param,95
core_set.cpp_CDemonSet_FUN_00570fa0,00570fa0,core/set.cpp,11,8,stack_param,96
core_set.cpp_CDemonSet_FUN_00570870,00570870,core/set.cpp,19,6,stack_param,84
core_set.cpp_freeVectors_FUN_00571510,00571510,core/set.cpp,5,0,,5
core_set.cpp_FUN_005702b0,005702b0,core/set.cpp,168,49,stack_param|unaffected_reg|badspacebase|pointer_cast|register_param,683
core_set.cpp_CDemonSet_precomputeLightVisibility_FUN_0056a470,0056a470,core/set.cpp,203,34,stack_param|unaffected_reg|badspacebase|pointer_cast|register_param|stack_ref,573
core_set.cpp_FUN_00570af0,00570af0,core/set.cpp,13,2,stack_param,38
core_set.cpp_CDemonSet_buildMirrorList_FUN_00570b70,00570b70,core/set.cpp,41,4,suspect_float|badspacebase|register_param|stack_ref,101
core_set.cpp_CDemonSet_FUN_00570cd0,00570cd0,core/set.cpp,23,7,stack_param|badspacebase|register_param,108
core_set.cpp_CDemonSet_FUN_0056d190,0056d190,core/set.cpp,46,11,badspacebase|pointer_cast|register_param|stack_ref,176
core_set.cpp_CDemonSet_rotateVertices_FUN_0056e7c0,0056e7c0,core/set.cpp,37,4,stack_param,82
core_set.cpp_CDemonSet_FUN_0056d110,0056d110,core/set.cpp,10,3,stack_param,45
core_set.cpp_SVDBox_dtor_FUN_005714a0,005714a0,core/set.cpp,4,0,,4
core_set.cpp_FUN_0056e960,0056e960,core/set.cpp,66,23,stack_param|unaffected_reg,306
core_set.cpp_CDemonSet_FUN_00570960,00570960,core/set.cpp,31,0,,31
core_set.cpp_CDemonSet_FUN_0056cd60,0056cd60,core/set.cpp,67,2,badspacebase|register_param,97
core_set.cpp_CDemonSet_isCameraPanning_FUN_00571320,00571320,core/set.cpp,10,0,,10
core_set.cpp_CDemonSet_ctor_FUN_005690c0,005690c0,core/set.cpp,88,52,pointer_cast,613
core_set.cpp_CDemonSet_FUN_0056d2d0,0056d2d0,core/set.cpp,35,3,pointer_cast,70
core_set.cpp_CDemonSet_setGamma_FUN_00570d60,00570d60,core/set.cpp,25,5,extra_output|pointer_cast,85
core_set.cpp_CDemonSet_FUN_00570010,00570010,core/set.cpp,5,0,,5
core_set.cpp_CDemonSet_saveStateInfo_FUN_00571230,00571230,core/set.cpp,36,14,stack_param|unaffected_reg|badspacebase|register_param|stack_ref,201
core_set.cpp_CDemonSet_FUN_00570ca0,00570ca0,core/set.cpp,10,6,stack_param,75
core_set.cpp_CDemonSet_clear_FUN_005693c0,005693c0,core/set.cpp,15,5,stack_param,70
core_set.cpp_CDemonSet_setupMirrorRendering_FUN_005709e0,005709e0,core/set.cpp,37,2,badspacebase|register_param,67
core_set.cpp_CDemonSet_dtor_FUN_00569350,00569350,core/set.cpp,15,8,extra_output,100
core_set.cpp_CDemonSet_FUN_00570040,00570040,core/set.cpp,111,37,stack_param|sborrow_artifact|badspacebase|pointer_cast|register_param,506
core_set.cpp_FUN_0056e890,0056e890,core/set.cpp,40,23,stack_param|unaffected_reg,280
core_set.cpp_CDemonSet_FUN_0056be80,0056be80,core/set.cpp,110,0,,110
core_set.cpp_FUN_005714c0,005714c0,core/set.cpp,22,20,stack_param,227
core_set.cpp_CDemonSet_renderPrimitiveBatch_FUN_00570770,00570770,core/set.cpp,43,4,stack_param|badspacebase|register_param,98
core_set.cpp_free3DSLights_FUN_00571550,00571550,core/set.cpp,5,0,,5
core_set.cpp_CDemonSet_FUN_00570f10,00570f10,core/set.cpp,33,8,stack_param,118
core_set.cpp_CDemonSet_FUN_00570ec0,00570ec0,core/set.cpp,18,2,stack_param,43
core_set.cpp_CDemonSet_FUN_0056e3e0,0056e3e0,core/set.cpp,67,18,stack_param|extra_output|sborrow_artifact|pointer_cast,267
core_set.cpp_C3DSLight_dtor_FUN_005714b0,005714b0,core/set.cpp,4,0,,4
core_set.cpp_freeRooms_FUN_00571570,00571570,core/set.cpp,5,0,,5
core_set.cpp_FUN_0056e180,0056e180,core/set.cpp,28,11,stack_param,143
core_set.cpp_SRoom_ctor_FUN_00571470,00571470,core/set.cpp,4,0,,4
core_set.cpp_SRoom_dtor_FUN_00571480,00571480,core/set.cpp,4,0,,4
core_set.cpp_CDemonSet_FUN_0056aca0,0056aca0,core/set.cpp,41,2,badspacebase|register_param,71
core_set.cpp_CDemonSet_FUN_00571170,00571170,core/set.cpp,17,5,stack_param,72
core_pendulum.cpp_CPendulum_load_FUN_0054a3b0,0054a3b0,core/pendulum.cpp,54,18,stack_param,239
core_pendulum.cpp_FUN_0054a550,0054a550,core/pendulum.cpp,17,6,stack_param,82
core_pendulum.cpp_FUN_0054a5f0,0054a5f0,core/pendulum.cpp,28,23,stack_param|extra_output,268
core_pendulum.cpp_CPendulum_ctor_FUN_00549390,00549390,core/pendulum.cpp,81,6,negative_offset|pointer_cast,151
core_pendulum.cpp_CPendulum_dtor_FUN_0054a7d0,0054a7d0,core/pendulum.cpp,17,0,,17
core_pendulum.cpp_FUN_00549380,00549380,core/pendulum.cpp,5,0,,5
core_pendulum.cpp_FUN_00549b90,00549b90,core/pendulum.cpp,181,23,stack_param|sub_artifact|unknown_field|extra_output|badspacebase|register_param,441
core_pendulum.cpp_FUN_005494a0,005494a0,core/pendulum.cpp,47,25,stack_param|unknown_field|badspacebase|register_param|stack_ref,322
core_pendulum.cpp_FUN_0054a180,0054a180,core/pendulum.cpp,65,16,stack_param,230
core_pendulum.cpp_staticInit_FUN_00549320,00549320,core/pendulum.cpp,8,0,,8
core_pendulum.cpp_FUN_0054a5e0,0054a5e0,core/pendulum.cpp,4,0,,4
core_pendulum.cpp_FUN_0054a790,0054a790,core/pendulum.cpp,8,2,stack_param,33
core_pendulum.cpp_FUN_005495c0,005495c0,core/pendulum.cpp,128,34,stack_param|badspacebase|register_param,483
core_pendulum.cpp_FUN_00549aa0,00549aa0,core/pendulum.cpp,28,31,stack_param,343
core_pendulum.cpp_FUN_0054a360,0054a360,core/pendulum.cpp,19,10,stack_param,124
core_pendulum.cpp_FUN_0054a590,0054a590,core/pendulum.cpp,6,2,stack_param,31
core_pendulum.cpp_FUN_00549350,00549350,core/pendulum.cpp,11,0,,11
core_pendulum.cpp_FUN_0054a2f0,0054a2f0,core/pendulum.cpp,22,11,stack_param|suspect_float|badspacebase|register_param|stack_ref,157
core_pendulum.cpp_FUN_0054a7b0,0054a7b0,core/pendulum.cpp,10,4,stack_param,55
core_pendulum.cpp_FUN_0054a5a0,0054a5a0,core/pendulum.cpp,14,4,stack_param,59
core_motion.cpp_CMotionController_findAndStartTransition_FUN_0052d950,0052d950,core/motion.cpp,56,0,,56
core_motion.cpp_CMotionController_setDesiredState_FUN_0052db00,0052db00,core/motion.cpp,30,2,stack_param,55
core_motion.cpp_CMotionController_accumulateScaledRootMotion_FUN_0052e570,0052e570,core/motion.cpp,6,0,,6
core_motion.cpp_CMotionController_advanceFrameToExitPoint_FUN_0052e020,0052e020,core/motion.cpp,64,1,pointer_cast,79
core_motion.cpp_CMotionList_ctor_FUN_0052cd50,0052cd50,core/motion.cpp,6,0,,6
core_motion.cpp_CMotionController_frameToMarkerPosition_FUN_0052e2b0,0052e2b0,core/motion.cpp,37,0,,37
core_motion.cpp_CMotionController_reset_FUN_0052dad0,0052dad0,core/motion.cpp,9,0,,9
core_motion.cpp_CMotionController_clearTweenState_FUN_0052de40,0052de40,core/motion.cpp,7,0,,7
core_motion.cpp_CMotionList_findStateIndex_FUN_0052d4f0,0052d4f0,core/motion.cpp,27,4,stack_param,72
core_motion.cpp_CMotionList_findMotionIndex_FUN_0052d460,0052d460,core/motion.cpp,27,4,stack_param,72
core_motion.cpp_CMotionController_load_FUN_0052e5d0,0052e5d0,core/motion.cpp,26,0,,26
core_motion.cpp_CMotionController_advanceFrameAndCheckSignals_FUN_0052de70,0052de70,core/motion.cpp,57,3,stack_param,92
core_motion.cpp_CMotionController_reverseTransition_FUN_0052da50,0052da50,core/motion.cpp,23,0,,23
core_motion.cpp_CMotionController_startTransition_FUN_0052dbc0,0052dbc0,core/motion.cpp,36,4,stack_param,81
core_motion.cpp_CMotionController_advanceTween_FUN_0052e1d0,0052e1d0,core/motion.cpp,36,9,stack_param,131
core_motion.cpp_CMotionController_getFramesForInterpolation_FUN_0052e4c0,0052e4c0,core/motion.cpp,53,8,extra_output,138
core_motion.cpp_CMotionController_save_FUN_0052e670,0052e670,core/motion.cpp,21,2,stack_param,46
core_motion.cpp_CMotionController_dtor_FUN_0052d5a0,0052d5a0,core/motion.cpp,16,0,,16
core_motion.cpp_CMotionController_getCurrentMotion_FUN_0052dab0,0052dab0,core/motion.cpp,5,0,,5
core_motion.cpp_CMotionController_getMotionList_FUN_0052dce0,0052dce0,core/motion.cpp,5,0,,5
core_motion.cpp_CMotionController_setMotionList_FUN_0052dcb0,0052dcb0,core/motion.cpp,14,0,,14
core_motion.cpp_CMotionList_load_FUN_0052cd70,0052cd70,core/motion.cpp,142,31,stack_param|unaffected_reg|badspacebase|pointer_cast|register_param|stack_ref,482
core_motion.cpp_CMotionController_getCurrentStateName_FUN_0052dcf0,0052dcf0,core/motion.cpp,8,2,stack_param,33
core_motion.cpp_CMotionController_getStateBlendWeight_FUN_0052dd20,0052dd20,core/motion.cpp,25,0,,25
core_motion.cpp_CMotionController_findPatchToFrame_FUN_0052dc80,0052dc80,core/motion.cpp,8,0,,8
core_motion.cpp_CMotionController_setDesiredStateByName_FUN_0052db90,0052db90,core/motion.cpp,12,2,stack_param,37
core_motion.cpp_CMotionController_jumpToMotion_FUN_0052dde0,0052dde0,core/motion.cpp,21,5,stack_param,76
core_motion.cpp_CMotionController_jumpToMotionByName_FUN_0052ddb0,0052ddb0,core/motion.cpp,12,2,stack_param,37
core_motion.cpp_CMotionController_advance_FUN_0052d610,0052d610,core/motion.cpp,141,11,stack_param|unaffected_reg|badspacebase|pointer_cast|register_param,276
core_motion.cpp_CMotionController_render_FUN_0052e700,0052e700,core/motion.cpp,63,7,badspacebase|register_param|stack_ref,148
core_motion.cpp_CMotionController_ctor_FUN_0052d570,0052d570,core/motion.cpp,9,0,,9
core_motion.cpp_CMotionList_save_FUN_0052d170,0052d170,core/motion.cpp,82,10,stack_param|concat_artifact|unaffected_reg|pointer_cast,202
core_motion.cpp_CMotionController_markerPositionToFrame_FUN_0052e3a0,0052e3a0,core/motion.cpp,40,6,extra_output,105
core_fire.cpp_CFireEffect_createStake_FUN_004c7bb0,004c7bb0,core/fire.cpp,64,11,stack_param|badspacebase|register_param|stack_ref,194
core_fire.cpp_CCrater_render_FUN_004c4620,004c4620,core/fire.cpp,79,26,unknown_field|suspect_float|badspacebase|register_param|stack_ref,364
core_fire.cpp_CBulletHole_dtor_FUN_004c9790,004c9790,core/fire.cpp,4,0,,4
core_fire.cpp_FUN_004c9480,004c9480,core/fire.cpp,6,2,stack_param,31
core_fire.cpp_CStake_dtor_FUN_004c9760,004c9760,core/fire.cpp,6,1,negative_offset,21
core_fire.cpp_loadDynamiteAssets_FUN_004c41d0,004c41d0,core/fire.cpp,5,0,,5
core_fire.cpp_CExplosion_process_FUN_004c3ac0,004c3ac0,core/fire.cpp,14,0,,14
core_fire.cpp_CFireEffect_FUN_004c8ef0,004c8ef0,core/fire.cpp,15,5,stack_param,70
core_fire.cpp_loadDebrisAssets_FUN_004c38d0,004c38d0,core/fire.cpp,19,0,,19
core_fire.cpp_CFireEffect_FUN_004c90c0,004c90c0,core/fire.cpp,30,18,stack_param|extra_output,220
core_fire.cpp_freeSparks_FUN_004c99b0,004c99b0,core/fire.cpp,5,0,,5
core_fire.cpp_CMuzzleFlash_process_FUN_004c1a00,004c1a00,core/fire.cpp,18,0,,18
core_fire.cpp_CLightningBolt_dtor_FUN_004c9550,004c9550,core/fire.cpp,4,0,,4
core_fire.cpp_CShell_onCollision_FUN_004c6380,004c6380,core/fire.cpp,51,4,extra_output,96
core_fire.cpp_CLightningBolt_render_FUN_004c5720,004c5720,core/fire.cpp,207,56,stack_param|unknown_field|suspect_float|extra_output|badspacebase|register_param|stack_ref,802
core_fire.cpp_CExplosion_ctor_FUN_004c38c0,004c38c0,core/fire.cpp,8,0,,8
core_fire.cpp_CRainDrop_onCollision_FUN_004c64b0,004c64b0,core/fire.cpp,5,0,,5
core_fire.cpp_CFireEffect_FUN_004c8fd0,004c8fd0,core/fire.cpp,19,3,stack_param,54
core_fire.cpp_CExplosion_FUN_004c3970,004c3970,core/fire.cpp,40,9,stack_param,135
core_fire.cpp_CFireball_onCollision_FUN_004c1690,004c1690,core/fire.cpp,40,0,,40
core_fire.cpp_CSmokeParticle_dtor_FUN_004c97b0,004c97b0,core/fire.cpp,4,0,,4
core_fire.cpp_CGlassParticle_init_FUN_004c1c00,004c1c00,core/fire.cpp,112,10,stack_param|badspacebase|pointer_cast|register_param|stack_ref,237
core_fire.cpp_CCrater_dtor_FUN_004c95a0,004c95a0,core/fire.cpp,6,0,,6
core_fire.cpp_CFireEffect_FUN_004c7a60,004c7a60,core/fire.cpp,9,0,,9
core_fire.cpp_CGlassParticle_dtor_FUN_004c9660,004c9660,core/fire.cpp,9,0,,9
core_fire.cpp_CFireEffect_FUN_004c8ea0,004c8ea0,core/fire.cpp,12,0,,12
core_fire.cpp_CFireEffect_FUN_004c8dd0,004c8dd0,core/fire.cpp,11,2,stack_param,36
core_fire.cpp_CSpark_ctor_FUN_004c9710,004c9710,core/fire.cpp,7,0,,7
core_fire.cpp_loadRockAssets_FUN_004c17e0,004c17e0,core/fire.cpp,4,0,,4
core_fire.cpp_FUN_004bf1a0,004bf1a0,core/fire.cpp,17,4,stack_param,62
core_fire.cpp_CLaserBeam_dtor_FUN_004c9600,004c9600,core/fire.cpp,4,0,,4
core_fire.cpp_CFireEffect_FUN_004c8c10,004c8c10,core/fire.cpp,14,4,stack_param,59
core_fire.cpp_CFireEffect_FUN_004c7f80,004c7f80,core/fire.cpp,76,13,stack_param|badspacebase|register_param,221
core_fire.cpp_CShell_ctor_FUN_004c94f0,004c94f0,core/fire.cpp,7,0,,7
core_fire.cpp_CLaserBeam_ctor_FUN_004c95f0,004c95f0,core/fire.cpp,4,0,,4
core_fire.cpp_CLaserBeam_render_FUN_004c25c0,004c25c0,core/fire.cpp,492,113,stack_param|unknown_field|suspect_float|extra_output|badspacebase|pointer_cast|register_param,1657
core_fire.cpp_freeFireballs_FUN_004c9930,004c9930,core/fire.cpp,5,0,,5
core_fire.cpp_CToss_create_FUN_004c3ee0,004c3ee0,core/fire.cpp,43,15,stack_param|unaffected_reg|badspacebase|register_param|stack_ref,218
core_fire.cpp_SLaserInfo_ctor_FUN_004c81f0,004c81f0,core/fire.cpp,33,0,,33
core_fire.cpp_CFireball_dtor_FUN_004c9700,004c9700,core/fire.cpp,6,0,,6
core_fire.cpp_freeSmokeParticles_FUN_004c9a10,004c9a10,core/fire.cpp,5,0,,5
core_fire.cpp_CGunFlame_initProcess_FUN_004c4b00,004c4b00,core/fire.cpp,40,0,,40
core_fire.cpp_CLaserBeam_FUN_004c2420,004c2420,core/fire.cpp,37,29,stack_param,332
core_fire.cpp_freeRainDrops_FUN_004c97d0,004c97d0,core/fire.cpp,5,0,,5
core_fire.cpp_CMuzzleFlash_ctor_FUN_004c9690,004c9690,core/fire.cpp,4,0,,4
core_fire.cpp_CGunFlame_process_FUN_004c4f60,004c4f60,core/fire.cpp,59,3,unaffected_reg,94
core_fire.cpp_CRock_render_FUN_004c1870,004c1870,core/fire.cpp,18,3,badspacebase|register_param|stack_ref,63
core_fire.cpp_CToss_process_FUN_004c4000,004c4000,core/fire.cpp,49,3,suspect_float|badspacebase|register_param,94
core_fire.cpp_CFireEffect_FUN_004c91e0,004c91e0,core/fire.cpp,12,0,,12
core_fire.cpp_CSpark_dtor_FUN_004c9730,004c9730,core/fire.cpp,6,0,,6
core_fire.cpp_FUN_004c9460,004c9460,core/fire.cpp,6,2,stack_param,31
core_fire.cpp_FUN_004c1940,004c1940,core/fire.cpp,34,27,stack_param|badspacebase|register_param|stack_ref,324
core_fire.cpp_CCrater_ctor_FUN_004c9580,004c9580,core/fire.cpp,7,1,pointer_cast,22
core_fire.cpp_CFireEffect_FUN_004c8c90,004c8c90,core/fire.cpp,52,17,stack_param|badspacebase|register_param,237
core_fire.cpp_CLightningBolt_ctor_FUN_004c5630,004c5630,core/fire.cpp,8,0,,8
core_fire.cpp_CGlassParticle_process_FUN_004c20f0,004c20f0,core/fire.cpp,17,0,,17
core_fire.cpp_CFireEffect_process_FUN_004c6ec0,004c6ec0,core/fire.cpp,152,2,unaffected_reg,177
core_fire.cpp_CFireEffect_FUN_004c7db0,004c7db0,core/fire.cpp,36,10,stack_param,141
core_fire.cpp_CBulletHole_initRender_FUN_004bfa40,004bfa40,core/fire.cpp,16,0,,16
core_fire.cpp_CRock_process_FUN_004c17f0,004c17f0,core/fire.cpp,27,2,extra_output,52
core_fire.cpp_freeBulletHoles_FUN_004c99f0,004c99f0,core/fire.cpp,5,0,,5
core_fire.cpp_FUN_004c17c0,004c17c0,core/fire.cpp,11,9,stack_param,106
core_fire.cpp_CGunFlame_dtor_FUN_004c9570,004c9570,core/fire.cpp,4,0,,4
core_fire.cpp_CCrater_ctor_FUN_004c41e0,004c41e0,core/fire.cpp,16,0,,16
core_fire.cpp_CToss_render_FUN_004c4160,004c4160,core/fire.cpp,14,0,,14
core_fire.cpp_CFireEffect_FUN_004c7e60,004c7e60,core/fire.cpp,9,1,pointer_cast,24
core_fire.cpp_CFireEffect_FUN_004c9240,004c9240,core/fire.cpp,13,5,stack_param|pointer_cast,73
core_fire.cpp_loadStakeAssets_FUN_004bfe00,004bfe00,core/fire.cpp,7,0,,7
core_fire.cpp_CSpark_process_FUN_004c0240,004c0240,core/fire.cpp,29,2,unaffected_reg,54
core_fire.cpp_CFireEffect_FUN_004c7f20,004c7f20,core/fire.cpp,9,1,pointer_cast,24
core_fire.cpp_loadLightningBoltAssets_FUN_004c5600,004c5600,core/fire.cpp,10,0,,10
core_fire.cpp_CFireEffect_ctor_FUN_004c6c60,004c6c60,core/fire.cpp,5,0,,5
core_fire.cpp_CExplosion_dtor_FUN_004c95e0,004c95e0,core/fire.cpp,4,0,,4
core_fire.cpp_CFireEffect_FUN_004c8e40,004c8e40,core/fire.cpp,14,0,,14
core_fire.cpp_FUN_004c3870,004c3870,core/fire.cpp,12,0,,12
core_fire.cpp_CToss_ctor_FUN_004c3ea0,004c3ea0,core/fire.cpp,10,1,negative_offset,25
core_fire.cpp_CCrater_FUN_004c4200,004c4200,core/fire.cpp,126,19,stack_param|badspacebase|register_param,331
core_fire.cpp_CTrail_ctor_FUN_004c5de0,004c5de0,core/fire.cpp,8,0,,8
core_fire.cpp_CGlassParticle_onCollision_FUN_004c2160,004c2160,core/fire.cpp,6,0,,6
core_fire.cpp_CFireEffect_FUN_004c9290,004c9290,core/fire.cpp,16,5,stack_param|pointer_cast,76
core_fire.cpp_CFireball_render_FUN_004c0e70,004c0e70,core/fire.cpp,235,26,suspect_float|badspacebase|register_param,510
core_fire.cpp_CFireEffect_FUN_004c7eb0,004c7eb0,core/fire.cpp,9,1,pointer_cast,24
core_fire.cpp_CFireEffect_load_FUN_004c9300,004c9300,core/fire.cpp,14,3,badspacebase|register_param|stack_ref,59
core_fire.cpp_CGunFlame_ctor_FUN_004c9560,004c9560,core/fire.cpp,4,0,,4
core_fire.cpp_CFireEffect_FUN_004c9060,004c9060,core/fire.cpp,12,0,,12
core_fire.cpp_CSmokeParticle_process_FUN_004bf390,004bf390,core/fire.cpp,34,0,,34
core_fire.cpp_CFireball_initRender_FUN_004c0d80,004c0d80,core/fire.cpp,66,10,stack_param|extra_output|badspacebase|pointer_cast|register_param|stack_ref,196
core_fire.cpp_freeGlassParticles_FUN_004c9970,004c9970,core/fire.cpp,5,0,,5
core_fire.cpp_CSmokeParticle_render_FUN_004bf4c0,004bf4c0,core/fire.cpp,92,11,suspect_float|badspacebase|register_param|stack_ref,222
core_fire.cpp_freePopcorn_FUN_004c97f0,004c97f0,core/fire.cpp,5,0,,5
core_fire.cpp_CToss_init_FUN_004c3ed0,004c3ed0,core/fire.cpp,8,0,,8
core_fire.cpp_CRock_dtor_FUN_004c96d0,004c96d0,core/fire.cpp,6,0,,6
core_fire.cpp_CFireEffect_FUN_004c7620,004c7620,core/fire.cpp,7,2,stack_param,32
core_fire.cpp_freeBulletTrails_FUN_004c9950,004c9950,core/fire.cpp,5,0,,5
core_fire.cpp_FUN_004c6170,004c6170,core/fire.cpp,24,22,stack_param,249
core_fire.cpp_loadGunFlameTextures_FUN_004c4d50,004c4d50,core/fire.cpp,19,0,,19
core_fire.cpp_CFireEffect_loadAssets_FUN_004c7ab0,004c7ab0,core/fire.cpp,32,0,,32
core_fire.cpp_CPopcorn_ctor_FUN_004c94c0,004c94c0,core/fire.cpp,7,0,,7
core_fire.cpp_CCrater_process_FUN_004c4550,004c4550,core/fire.cpp,37,2,badspacebase|register_param,67
core_fire.cpp_CLightningBolt_ctor_FUN_004c9540,004c9540,core/fire.cpp,4,0,,4
core_fire.cpp_freeLightningBolts_FUN_004c9850,004c9850,core/fire.cpp,5,0,,5
core_fire.cpp_freeGunFlames_FUN_004c9870,004c9870,core/fire.cpp,5,0,,5
core_fire.cpp_CRock_ctor_FUN_004c96b0,004c96b0,core/fire.cpp,7,0,,7
core_fire.cpp_CFireEffect_save_FUN_004c9380,004c9380,core/fire.cpp,12,0,,12
core_fire.cpp_CFireEffect_FUN_004c8230,004c8230,core/fire.cpp,264,75,stack_param|badspacebase|register_param,1029
core_fire.cpp_freeStakes_FUN_004c99d0,004c99d0,core/fire.cpp,5,0,,5
core_fire.cpp_CLightningBolt_FUN_004c5640,004c5640,core/fire.cpp,22,9,stack_param,117
core_fire.cpp_CPopcorn_dtor_FUN_004c94e0,004c94e0,core/fire.cpp,6,0,,6
core_fire.cpp_CFireball_ctor_FUN_004c96e0,004c96e0,core/fire.cpp,7,0,,7
core_fire.cpp_freeTosses_FUN_004c98b0,004c98b0,core/fire.cpp,5,0,,5
core_fire.cpp_CRainDrop_ctor_FUN_004c9490,004c9490,core/fire.cpp,7,0,,7
core_fire.cpp_CSmokeParticle_initRender_FUN_004bf1f0,004bf1f0,core/fire.cpp,66,10,stack_param|extra_output|badspacebase|pointer_cast|register_param|stack_ref,196
core_fire.cpp_CStake_render_FUN_004c0140,004c0140,core/fire.cpp,18,3,badspacebase|register_param|stack_ref,63
core_fire.cpp_CFireEffect_FUN_004c76a0,004c76a0,core/fire.cpp,142,29,stack_param|unaffected_reg|suspect_float|badspacebase|register_param|stack_ref,462
core_fire.cpp_CStake_spawn_FUN_004bfe90,004bfe90,core/fire.cpp,66,18,unknown_field|badspacebase|register_param|stack_ref,266
core_fire.cpp_CBulletHole_render_FUN_004bfac0,004bfac0,core/fire.cpp,94,16,unknown_field|suspect_float|badspacebase|register_param|stack_ref,279
core_fire.cpp_CBulletTrail_dtor_FUN_004c9620,004c9620,core/fire.cpp,4,0,,4
core_fire.cpp_CFireEffect_createSmokeParticle_FUN_004c7b20,004c7b20,core/fire.cpp,17,0,,17
core_fire.cpp_CFireball_process_FUN_004c0b30,004c0b30,core/fire.cpp,82,2,badspacebase|register_param,112
core_fire.cpp_CRainDrop_render_FUN_004c6830,004c6830,core/fire.cpp,130,15,unaffected_reg|unknown_field|suspect_float|extra_output|badspacebase|register_param|stack_ref,315
core_fire.cpp_CTrail_ctor_FUN_004c9520,004c9520,core/fire.cpp,4,0,,4
core_fire.cpp_CSpark_render_FUN_004c0420,004c0420,core/fire.cpp,202,18,suspect_float|badspacebase|register_param,397
core_fire.cpp_freeShells_FUN_004c9810,004c9810,core/fire.cpp,5,0,,5
core_fire.cpp_CShell_render_FUN_004c6200,004c6200,core/fire.cpp,33,2,badspacebase|register_param,63
core_fire.cpp_CFireEffect_FUN_004c93d0,004c93d0,core/fire.cpp,16,1,unknown_field,31
core_fire.cpp_CBulletTrail_ctor_FUN_004c9610,004c9610,core/fire.cpp,4,0,,4
core_fire.cpp_CBulletHole_ctor_FUN_004bf7f0,004bf7f0,core/fire.cpp,93,14,stack_param|extra_output|badspacebase|register_param|stack_ref,258
core_fire.cpp_CCrater_save_FUN_004c49c0,004c49c0,core/fire.cpp,59,19,sub_artifact,254
core_fire.cpp_CFireEffect_init_FUN_004c6c80,004c6c80,core/fire.cpp,137,0,,137
core_fire.cpp_CTrail_process_FUN_004c5e40,004c5e40,core/fire.cpp,19,0,,19
core_fire.cpp_CSmokeParticle_ctor_FUN_004bf2e0,004bf2e0,core/fire.cpp,5,0,,5
core_fire.cpp_freeExplosions_FUN_004c98d0,004c98d0,core/fire.cpp,5,0,,5
core_fire.cpp_CBulletTrail_render_FUN_004c21f0,004c21f0,core/fire.cpp,91,16,unknown_field|suspect_float|extra_output|badspacebase|register_param,276
core_fire.cpp_CSpark_onCollision_FUN_004c0ac0,004c0ac0,core/fire.cpp,5,0,,5
core_fire.cpp_CTrail_FUN_004c5df0,004c5df0,core/fire.cpp,20,15,stack_param,175
core_fire.cpp_CBulletHole_ctor_FUN_004c9780,004c9780,core/fire.cpp,4,0,,4
core_fire.cpp_FUN_004c2170,004c2170,core/fire.cpp,22,26,stack_param,287
core_fire.cpp_CSmokeParticle_init_FUN_004bf2f0,004bf2f0,core/fire.cpp,32,2,stack_param,57
core_fire.cpp_CMuzzleFlash_dtor_FUN_004c96a0,004c96a0,core/fire.cpp,4,0,,4
core_fire.cpp_allocateSmokeParticle_FUN_004c6be0,004c6be0,core/fire.cpp,12,0,,12
core_fire.cpp_CTrail_render_FUN_004c5e90,004c5e90,core/fire.cpp,81,24,unknown_field|suspect_float|badspacebase|register_param|stack_ref,346
core_fire.cpp_CShell_dtor_FUN_004c9510,004c9510,core/fire.cpp,6,0,,6
core_fire.cpp_CRainDrop_dtor_FUN_004c94b0,004c94b0,core/fire.cpp,6,0,,6
core_fire.cpp_freeTrails_FUN_004c9830,004c9830,core/fire.cpp,5,0,,5
core_fire.cpp_freeCraters_FUN_004c9890,004c9890,core/fire.cpp,5,0,,5
core_fire.cpp_CStake_init_FUN_004bfe20,004bfe20,core/fire.cpp,21,0,,21
core_fire.cpp_CGlassParticle_ctor_FUN_004c9630,004c9630,core/fire.cpp,10,1,pointer_cast,25
core_fire.cpp_CGunFlame_FUN_004c4db0,004c4db0,core/fire.cpp,48,15,stack_param|badspacebase|register_param|stack_ref,218
core_fire.cpp_CKeyFramedModelInstance_dtor_FUN_004c97c0,004c97c0,core/fire.cpp,5,0,,5
core_fire.cpp_CShell_process_FUN_004c6300,004c6300,core/fire.cpp,20,0,,20
core_fire.cpp_freeMuzzleFlashes_FUN_004c9990,004c9990,core/fire.cpp,5,0,,5
core_fire.cpp_CFireEffect_render_FUN_004c7180,004c7180,core/fire.cpp,156,4,pointer_cast,201
core_fire.cpp_allocateBulletHole_FUN_004c6c10,004c6c10,core/fire.cpp,16,0,,16
core_fire.cpp_FUN_004c9400,004c9400,core/fire.cpp,12,8,stack_param|badspacebase|register_param,107
core_fire.cpp_freeRocks_FUN_004c9910,004c9910,core/fire.cpp,5,0,,5
core_fire.cpp_loadFireBallAssets_FUN_004c0ad0,004c0ad0,core/fire.cpp,13,0,,13
core_fire.cpp_staticInit_FUN_004bef20,004bef20,core/fire.cpp,53,0,,53
core_fire.cpp_CSmokeParticle_ctor_FUN_004c97a0,004c97a0,core/fire.cpp,4,0,,4
core_fire.cpp_CFireEffect_FUN_004c79d0,004c79d0,core/fire.cpp,31,14,stack_param|pointer_cast,181
core_fire.cpp_loadGunFlashAssets_FUN_004c1be0,004c1be0,core/fire.cpp,7,0,,7
core_fire.cpp_freeLaserBeams_FUN_004c98f0,004c98f0,core/fire.cpp,5,0,,5
core_fire.cpp_CGunFlame_FUN_004c4c00,004c4c00,core/fire.cpp,55,4,suspect_float|badspacebase|pointer_cast|register_param,115
core_fire.cpp_FUN_004c9450,004c9450,core/fire.cpp,5,2,stack_param,30
core_fire.cpp_CBulletHole_process_FUN_004bfa00,004bfa00,core/fire.cpp,18,2,badspacebase|register_param,48
core_fire.cpp_CStake_ctor_FUN_004c9740,004c9740,core/fire.cpp,6,1,negative_offset,21
core_fire.cpp_CSpark_initRender_FUN_004c0300,004c0300,core/fire.cpp,74,18,stack_param|suspect_float|extra_output|badspacebase|pointer_cast|register_param|stack_ref,289
core_fire.cpp_CCrater_load_FUN_004c4880,004c4880,core/fire.cpp,42,19,stack_param,237
core_fire.cpp_CStake_process_FUN_004c0210,004c0210,core/fire.cpp,5,0,,5
core_fire.cpp_CBulletTrail_process_FUN_004c21d0,004c21d0,core/fire.cpp,14,0,,14
core_fire.cpp_CFireEffect_FUN_004c8f50,004c8f50,core/fire.cpp,19,3,stack_param,54
core_fire.cpp_CToss_dtor_FUN_004c95c0,004c95c0,core/fire.cpp,6,1,negative_offset,21
core_fire.cpp_CGunFlame_ctor_FUN_004c4da0,004c4da0,core/fire.cpp,8,0,,8
core_fire.cpp_CLightningBolt_process_FUN_004c56e0,004c56e0,core/fire.cpp,14,0,,14
core_fire.cpp_FUN_004c24d0,004c24d0,core/fire.cpp,33,10,stack_param|badspacebase|register_param,148
core_fire.cpp_CGunFlame_render_FUN_004c50b0,004c50b0,core/fire.cpp,179,24,concat_artifact|unaffected_reg|unknown_field|suspect_float|extra_output|badspacebase|register_param,454
core_fire.cpp_CFireEffect_FUN_004c7d60,004c7d60,core/fire.cpp,10,1,pointer_cast,25
core_fire.cpp_FUN_004c9470,004c9470,core/fire.cpp,6,2,stack_param,31
core_fire.cpp_CGlassParticle_render_FUN_004c1ef0,004c1ef0,core/fire.cpp,51,9,unknown_field|badspacebase|register_param|stack_ref,161
core_fire.cpp_CTrail_dtor_FUN_004c9530,004c9530,core/fire.cpp,4,0,,4
core_fire.cpp_CPopcorn_render_FUN_004c64c0,004c64c0,core/fire.cpp,115,14,unaffected_reg|suspect_float|badspacebase|pointer_cast|register_param,280
core_fire.cpp_FUN_004c5680,004c5680,core/fire.cpp,23,27,stack_param,298
core_fire.cpp_CFireEffect_createGlassParticle_FUN_004c7d00,004c7d00,core/fire.cpp,17,0,,17
core_fire.cpp_CExplosion_render_FUN_004c3b10,004c3b10,core/fire.cpp,108,20,unknown_field|suspect_float|extra_output|badspacebase|register_param,333
core_fire.cpp_CMuzzleFlash_render_FUN_004c1a30,004c1a30,core/fire.cpp,44,4,badspacebase|register_param|stack_ref,99
core_fire.cpp_CFireEffect_renderDecals_FUN_004c74a0,004c74a0,core/fire.cpp,75,8,pointer_cast,160
core_dracbrid.cpp_FUN_00486d00,00486d00,core/dracbrid.cpp,10,4,stack_param,55
core_dracbrid.cpp_ctor_FUN_00483fc0,00483fc0,core/dracbrid.cpp,58,0,,58
core_dracbrid.cpp_FUN_004869a0,004869a0,core/dracbrid.cpp,115,21,stack_param|unaffected_reg|badspacebase|pointer_cast|register_param,350
core_dracbrid.cpp_FUN_00485bc0,00485bc0,core/dracbrid.cpp,12,3,stack_param,47
core_dracbrid.cpp_staticInit_FUN_00483ef0,00483ef0,core/dracbrid.cpp,20,0,,20
core_dracbrid.cpp_FUN_004858f0,004858f0,core/dracbrid.cpp,83,38,stack_param|unknown_field|badspacebase|register_param|stack_ref,488
core_dracbrid.cpp_dtor_FUN_00486d50,00486d50,core/dracbrid.cpp,6,0,,6
core_dracbrid.cpp_FUN_00486320,00486320,core/dracbrid.cpp,20,3,stack_param,55
core_dracbrid.cpp_FUN_00483fb0,00483fb0,core/dracbrid.cpp,5,0,,5
core_dracbrid.cpp_FUN_00486e50,00486e50,core/dracbrid.cpp,6,2,stack_param,31
core_dracbrid.cpp_FUN_00486070,00486070,core/dracbrid.cpp,116,37,stack_param|badspacebase|pointer_cast|register_param|stack_ref,511
core_dracbrid.cpp_FUN_004864c0,004864c0,core/dracbrid.cpp,138,19,stack_param|unaffected_reg|unknown_field|badspacebase|register_param|stack_ref,358
core_dracbrid.cpp_FUN_00485b20,00485b20,core/dracbrid.cpp,24,9,stack_param,119
core_dracbrid.cpp_FUN_00483f80,00483f80,core/dracbrid.cpp,11,0,,11
core_dracbrid.cpp_FUN_00484410,00484410,core/dracbrid.cpp,849,285,stack_param|suspect_float|extra_output|badspacebase|register_param|stack_ref,3729
core_dracbrid.cpp_DraculaBrideModels_FUN_004840b0,004840b0,core/dracbrid.cpp,101,20,stack_param,306
core_dracbrid.cpp_CDraculaBride_load_FUN_00485dd0,00485dd0,core/dracbrid.cpp,92,5,unaffected_reg|badspacebase|register_param|stack_ref,162
core_dracbrid.cpp_dtor_FUN_00486d70,00486d70,core/dracbrid.cpp,30,1,negative_offset,45
core_dracbrid.cpp_FUN_00486c90,00486c90,core/dracbrid.cpp,13,7,stack_param,88
core_dracbrid.cpp_FUN_00486430,00486430,core/dracbrid.cpp,16,15,stack_param,171
core_dracbrid.cpp_ShotThruHeart_FUN_00486020,00486020,core/dracbrid.cpp,17,8,stack_param,102
core_dracbrid.cpp_FUN_00486360,00486360,core/dracbrid.cpp,38,20,stack_param|badspacebase|register_param,253
core_dracbrid.cpp_FUN_00486e70,00486e70,core/dracbrid.cpp,7,3,stack_param,42
core_dracbrid.cpp_FUN_00486e30,00486e30,core/dracbrid.cpp,6,2,stack_param,31
core_dracbrid.cpp_ctor_FUN_00486d30,00486d30,core/dracbrid.cpp,7,1,pointer_cast,22
core_dracbrid.cpp_CDraculaBride_renderOpaque_FUN_00485be0,00485be0,core/dracbrid.cpp,88,20,sub_artifact|concat_artifact|unaffected_reg|suspect_float|unknown_field|badspacebase|register_param,323
core_xform.cpp_multiplyQuaternion_FUN_005f7640,005f7640,core/xform.cpp,61,6,unaffected_reg,126
core_xform.cpp_quaternionToEulerAnglesZYX_FUN_005f7af0,005f7af0,core/xform.cpp,9,3,badspacebase|register_param|stack_ref,54
core_xform.cpp_matrixToEulerAnglesZYX_FUN_005f5bd0,005f5bd0,core/xform.cpp,189,41,sub_artifact|concat_artifact|extra_output,614
core_xform.cpp_computeOrthogonalityError_FUN_005f6460,005f6460,core/xform.cpp,50,0,,50
core_xform.cpp_transformVector3x4InPlace_FUN_005f4e20,005f4e20,core/xform.cpp,40,2,badspacebase|register_param,70
core_xform.cpp_orthonormalizeMatrix3x3_FUN_005f6690,005f6690,core/xform.cpp,117,0,,117
core_xform.cpp_somebodyWriteMe_FUN_005f5160,005f5160,core/xform.cpp,7,0,,7
core_xform.cpp_clearTranslation_FUN_005f5370,005f5370,core/xform.cpp,7,0,,7
core_xform.cpp_hasNegativeDeterminant_FUN_005f6be0,005f6be0,core/xform.cpp,8,0,,8
core_xform.cpp_buildZFlipMatrix_FUN_005f6fa0,005f6fa0,core/xform.cpp,30,5,unaffected_reg|badspacebase|register_param,95
core_xform.cpp_quaternionToMatrix3x3_FUN_005f7280,005f7280,core/xform.cpp,33,0,,33
core_xform.cpp_buildXFlipMatrix_FUN_005f6ee0,005f6ee0,core/xform.cpp,38,5,unaffected_reg|badspacebase|register_param,103
core_xform.cpp_buildMatrixFromEulerAndPositionDirect_FUN_005f54c0,005f54c0,core/xform.cpp,44,0,,44
core_xform.cpp_transformVector3x4_FUN_005f4dc0,005f4dc0,core/xform.cpp,15,0,,15
core_xform.cpp_buildYFlipMatrix_FUN_005f6f40,005f6f40,core/xform.cpp,34,5,unaffected_reg|badspacebase|register_param,99
core_xform.cpp_quaternionFromAngleY_FUN_005f79f0,005f79f0,core/xform.cpp,14,5,unaffected_reg,69
core_xform.cpp_quaternionFromAngleX_FUN_005f79b0,005f79b0,core/xform.cpp,14,5,unaffected_reg,69
core_xform.cpp_buildRotationY_FUN_005f6cc0,005f6cc0,core/xform.cpp,39,6,unaffected_reg|badspacebase|register_param,114
core_xform.cpp_buildMatrixFromEulerAndPosition_FUN_005f5390,005f5390,core/xform.cpp,50,0,,50
core_xform.cpp_buildRotationX_FUN_005f6c40,005f6c40,core/xform.cpp,42,6,unaffected_reg|badspacebase|register_param,117
core_xform.cpp_clipInterpolateRightPlane_FUN_005f7bc0,005f7bc0,core/xform.cpp,51,2,concat_artifact|sborrow_artifact,81
core_xform.cpp_lerpMatrix3x4_FUN_005f7140,005f7140,core/xform.cpp,87,16,stack_param|sub_artifact|unaffected_reg|badspacebase|pointer_cast|register_param,277
core_xform.cpp_inverse_FUN_005f6210,005f6210,core/xform.cpp,90,9,sub_artifact|concat_artifact|unaffected_reg|badspacebase|pointer_cast|register_param,210
core_xform.cpp_setIdentityQuaternion_FUN_005f7620,005f7620,core/xform.cpp,8,0,,8
core_xform.cpp_clipInterpolateTopPlane_FUN_005f7d40,005f7d40,core/xform.cpp,51,2,concat_artifact|sborrow_artifact,81
core_xform.cpp_quaternionToMatrix3x4_FUN_005f73e0,005f73e0,core/xform.cpp,22,7,unaffected_reg|badspacebase|pointer_cast|register_param|stack_ref,117
core_xform.cpp_atan2Approximation_FUN_005f55c0,005f55c0,core/xform.cpp,29,0,,29
core_xform.cpp_clipPolygonStage2_FUN_005f8040,005f8040,core/xform.cpp,92,8,unknown_field|pointer_cast,182
core_xform.cpp_buildScaleMatrix_FUN_005f6e80,005f6e80,core/xform.cpp,34,6,unaffected_reg|badspacebase|register_param,109
core_xform.cpp_clipPolygonStage1_FUN_005f7ed0,005f7ed0,core/xform.cpp,92,8,unknown_field|pointer_cast,182
core_xform.cpp_clampClippedVertices_FUN_005f84a0,005f84a0,core/xform.cpp,46,0,,46
core_xform.cpp_invertAndGetTranslation_FUN_005f6140,005f6140,core/xform.cpp,25,4,stack_param|badspacebase|register_param,80
core_xform.cpp_eulerToQuaternionIndirect_FUN_005f7b70,005f7b70,core/xform.cpp,32,14,stack_param|unaffected_reg|badspacebase|pointer_cast|register_param|stack_ref,202
core_xform.cpp_quaternionFromAngleZ_FUN_005f7a30,005f7a30,core/xform.cpp,14,5,unaffected_reg,69
core_xform.cpp_slerpQuaternion_FUN_005f77e0,005f77e0,core/xform.cpp,107,29,sub_artifact|concat_artifact|unaffected_reg|extra_output|badspacebase|pointer_cast|register_param,432
core_xform.cpp_getTranslation_FUN_005f6110,005f6110,core/xform.cpp,12,0,,12
core_xform.cpp_multiplyMatrix3x4_FUN_005f4f10,005f4f10,core/xform.cpp,54,5,unaffected_reg|badspacebase|register_param,119
core_xform.cpp_multiplyMatrix3x4InPlace_FUN_005f50c0,005f50c0,core/xform.cpp,21,5,stack_param|badspacebase|pointer_cast|register_param,91
core_xform.cpp_clipInterpolateLeftPlane_FUN_005f7c80,005f7c80,core/xform.cpp,51,2,concat_artifact|sborrow_artifact,81
core_xform.cpp_buildRotationZ_FUN_005f6d40,005f6d40,core/xform.cpp,43,6,unaffected_reg|badspacebase|register_param,118
core_xform.cpp_buildTranslationMatrix_FUN_005f6dc0,005f6dc0,core/xform.cpp,37,6,unaffected_reg|badspacebase|register_param,112
core_xform.cpp_matrixToQuaternion_FUN_005f7420,005f7420,core/xform.cpp,67,16,unaffected_reg,232
core_xform.cpp_normalizeMatrix_FUN_005f51e0,005f51e0,core/xform.cpp,43,0,,43
core_xform.cpp_clipPolygonStage3_FUN_005f81c0,005f81c0,core/xform.cpp,92,8,unknown_field|pointer_cast,182
core_xform.cpp_quaternionToEulerAngles_FUN_005f7ac0,005f7ac0,core/xform.cpp,9,3,badspacebase|register_param|stack_ref,54
core_xform.cpp_setIdentityMatrix3x4_FUN_005f5100,005f5100,core/xform.cpp,16,0,,16
core_xform.cpp_buildUniformScaleMatrix_FUN_005f6e20,005f6e20,core/xform.cpp,34,6,unaffected_reg|badspacebase|register_param,109
core_xform.cpp_clipPolygonStage4_FUN_005f8330,005f8330,core/xform.cpp,92,8,unknown_field|pointer_cast,182
core_xform.cpp_inverseInPlace_FUN_005f6190,005f6190,core/xform.cpp,18,5,stack_param|badspacebase|pointer_cast|register_param,88
core_xform.cpp_transformVector3x3_FUN_005f4eb0,005f4eb0,core/xform.cpp,15,0,,15
core_xform.cpp_buildMirrorTransform_FUN_005f7000,005f7000,core/xform.cpp,78,17,stack_param|unaffected_reg|unknown_field|badspacebase|pointer_cast|register_param|stack_ref,283
core_xform.cpp_matrixToEulerAngles_FUN_005f5690,005f5690,core/xform.cpp,191,41,sub_artifact|concat_artifact|extra_output,616
core_xform.cpp_setRotationScaleIdentity_FUN_005f5190,005f5190,core/xform.cpp,13,0,,13
core_xform.cpp_transformAndClipGeometry_FUN_005f8550,005f8550,core/xform.cpp,488,55,unknown_field|extra_output|pointer_cast,1053
core_xform.cpp_clipInterpolateBottomPlane_FUN_005f7e00,005f7e00,core/xform.cpp,51,2,concat_artifact|sborrow_artifact,81
core_xform.cpp_multiplyQuaternionInPlace_FUN_005f7700,005f7700,core/xform.cpp,24,8,stack_param|badspacebase|pointer_cast|register_param|stack_ref,129
core_xform.cpp_quaternionToAxisAngle_FUN_005f7730,005f7730,core/xform.cpp,40,4,extra_output,85
core_xform.cpp_eulerToQuaternion_FUN_005f7b20,005f7b20,core/xform.cpp,31,14,stack_param|unaffected_reg|badspacebase|pointer_cast|register_param|stack_ref,201
core_xform.cpp_determinant_FUN_005f61c0,005f61c0,core/xform.cpp,9,0,,9
core_xform.cpp_quaternionFromAxisAngle_FUN_005f7a70,005f7a70,core/xform.cpp,21,7,unaffected_reg|pointer_cast,101
core_xform.cpp_negateFirstComponent_FUN_005f75e0,005f75e0,core/xform.cpp,17,5,unaffected_reg,72
core_flies.cpp_FUN_004cbd50,004cbd50,core/flies.cpp,5,0,,5
core_flies.cpp_FUN_004cca50,004cca50,core/flies.cpp,22,2,stack_param,47
core_flies.cpp_FUN_004ccaa0,004ccaa0,core/flies.cpp,13,8,stack_param|extra_output,103
core_flies.cpp_FUN_004cc300,004cc300,core/flies.cpp,135,20,unaffected_reg|suspect_float|badspacebase|pointer_cast|register_param|stack_ref,365
core_flies.cpp_FUN_004cbe60,004cbe60,core/flies.cpp,26,7,stack_param,101
core_flies.cpp_FUN_004ccd20,004ccd20,core/flies.cpp,7,1,pointer_cast,22
core_flies.cpp_FUN_004cc760,004cc760,core/flies.cpp,35,6,stack_param|unaffected_reg,105
core_flies.cpp_FUN_004cccb0,004cccb0,core/flies.cpp,18,0,,18
core_flies.cpp_FUN_004ccc70,004ccc70,core/flies.cpp,16,8,stack_param,101
core_flies.cpp_FUN_004cbd20,004cbd20,core/flies.cpp,11,0,,11
core_flies.cpp_FUN_004ccaf0,004ccaf0,core/flies.cpp,66,35,stack_param|suspect_float,426
core_flies.cpp_FUN_004cc700,004cc700,core/flies.cpp,18,13,stack_param,153
core_flies.cpp_FUN_004cbf00,004cbf00,core/flies.cpp,130,53,stack_param|extra_output|badspacebase|pointer_cast|register_param,685
core_flies.cpp_FUN_004ccd40,004ccd40,core/flies.cpp,6,0,,6
core_flies.cpp_FUN_004cbd60,004cbd60,core/flies.cpp,24,14,badspacebase|pointer_cast|register_param,179
core_flies.cpp_FUN_004cbe20,004cbe20,core/flies.cpp,16,6,stack_param|suspect_float,86
core_flies.cpp_FUN_004cc750,004cc750,core/flies.cpp,5,0,,5
core_flies.cpp_FUN_004cc820,004cc820,core/flies.cpp,61,40,stack_param|badspacebase|register_param,476
core_flies.cpp_FUN_004ccd60,004ccd60,core/flies.cpp,6,2,stack_param,31
core_flies.cpp_FUN_004cc2c0,004cc2c0,core/flies.cpp,11,6,stack_param,76
core_flies.cpp_FUN_004cc230,004cc230,core/flies.cpp,53,20,stack_param|concat_artifact|pointer_cast,268
core_flies.cpp_staticInit_FUN_004cbcf0,004cbcf0,core/flies.cpp,8,0,,8
core_inv.cpp_CInventory_setupItems_FUN_004ff780,004ff780,core/inv.cpp,22,0,,22
core_inv.cpp_CInventory_loadItems_FUN_004ff740,004ff740,core/inv.cpp,17,0,,17
core_inv.cpp_CInventory_checkHasMatchingKey_FUN_005013d0,005013d0,core/inv.cpp,42,3,unaffected_reg,77
core_inv.cpp_CInventory_ctor_FUN_004fd020,004fd020,core/inv.cpp,20,0,,20
core_inv.cpp_CInventory_isWeaponInCategory_FUN_004ffe70,004ffe70,core/inv.cpp,59,0,,59
core_inv.cpp_CInventory_resetInventoryDisplayTimer_FUN_00500020,00500020,core/inv.cpp,8,0,,8
core_inv.cpp_loadItem_FUN_004fcfe0,004fcfe0,core/inv.cpp,7,0,,7
core_inv.cpp_CInventory_updateSelectedWeaponAmmoDisplay_FUN_004ffe10,004ffe10,core/inv.cpp,12,0,,12
core_inv.cpp_CInventory_load_FUN_004ff400,004ff400,core/inv.cpp,114,51,stack_param|extra_output|badspacebase|register_param|stack_ref,649
core_inv.cpp_CInventory_resetWeaponSwitchTimers_FUN_004fffa0,004fffa0,core/inv.cpp,13,0,,13
core_inv.cpp_CInventory_findItemByName_FUN_004fe9d0,004fe9d0,core/inv.cpp,20,0,,20
core_inv.cpp_CInventory_addItem_FUN_004fd600,004fd600,core/inv.cpp,1171,96,stack_param|badspacebase|pointer_cast|register_param|stack_ref,2156
core_inv.cpp_CInventory_cycleWeaponOfSameClass_FUN_004fed10,004fed10,core/inv.cpp,61,5,stack_param|unaffected_reg,121
core_inv.cpp_getItemIconName_FUN_004fcf70,004fcf70,core/inv.cpp,23,0,,23
core_inv.cpp_CInventory_clear_FUN_004fd0e0,004fd0e0,core/inv.cpp,34,10,stack_param|unaffected_reg,144
core_inv.cpp_loadInventory_FUN_004fd220,004fd220,core/inv.cpp,66,0,,66
core_inv.cpp_CInventory_getActiveLightGun_FUN_004ffab0,004ffab0,core/inv.cpp,9,0,,9
core_inv.cpp_clampWeaponAmmoCount_FUN_004fd5d0,004fd5d0,core/inv.cpp,13,0,,13
core_inv.cpp_staticInit_FUN_004fcc30,004fcc30,core/inv.cpp,32,0,,32
core_inv.cpp_CInventory_updateInventory_FUN_004ffad0,004ffad0,core/inv.cpp,103,1,suspect_float,118
core_inv.cpp_CInventory_renderAllItems_FUN_00500690,00500690,core/inv.cpp,388,13,stack_param|unaffected_reg|badspacebase|register_param,538
core_inv.cpp_CInventory_resetItemSwitchTimers_FUN_004ffff0,004ffff0,core/inv.cpp,9,0,,9
core_inv.cpp_getItemModel_FUN_004fcda0,004fcda0,core/inv.cpp,32,0,,32
core_inv.cpp_drawWeaponIconBackground_FUN_00500050,00500050,core/inv.cpp,38,14,stack_param|suspect_float|badspacebase|register_param|stack_ref,203
core_inv.cpp_CInventory_toggleDetailView_FUN_00501500,00501500,core/inv.cpp,14,0,,14
core_inv.cpp_CInventory_selectItem_FUN_004fec10,004fec10,core/inv.cpp,59,2,stack_param,84
core_inv.cpp_CInventory_autoUseHealthItem_FUN_00501570,00501570,core/inv.cpp,34,0,,34
core_inv.cpp_CInventory_dtor_FUN_004fd0c0,004fd0c0,core/inv.cpp,5,0,,5
core_inv.cpp_CInventory_createAmmoFromWeapon_FUN_004fe900,004fe900,core/inv.cpp,40,2,stack_param,65
core_inv.cpp_freeInventory_FUN_004fd510,004fd510,core/inv.cpp,18,0,,18
core_inv.cpp_getItemDisplayName_FUN_004fcf00,004fcf00,core/inv.cpp,23,0,,23
core_inv.cpp_CInventory_hasItemOfClass_FUN_004fe9d0,004fea20,core/inv.cpp,20,0,,20
core_inv.cpp_CInventory_select_FUN_004ff800,004ff800,core/inv.cpp,120,6,badspacebase|register_param|stack_ref,195
core_inv.cpp_CInventory_renderSelectedItems_FUN_00500370,00500370,core/inv.cpp,91,4,extra_output,136
core_inv.cpp_CInventory_renderItemModel_FUN_004fee00,004fee00,core/inv.cpp,102,4,badspacebase|register_param|stack_ref,157
core_inv.cpp_drawItemIconBackground_FUN_005001e0,005001e0,core/inv.cpp,37,14,stack_param|suspect_float|badspacebase|register_param|stack_ref,202
core_inv.cpp_CInventory_calculateTotalBatteryCharge_FUN_004ffda0,004ffda0,core/inv.cpp,24,0,,24
core_inv.cpp_CInventory_saveItems_FUN_004ff3b0,004ff3b0,core/inv.cpp,17,0,,17
core_inv.cpp_CInventory_removeItem_FUN_004fea70,004fea70,core/inv.cpp,37,2,stack_param,62
core_inv.cpp_CInventory_initialize_FUN_004fd190,004fd190,core/inv.cpp,25,0,,25
core_inv.cpp_CInventory_save_FUN_004ff210,004ff210,core/inv.cpp,42,0,,42
core_inv.cpp_CInventory_selectWeapon_FUN_004feb10,004feb10,core/inv.cpp,60,7,stack_param|unaffected_reg,140
core_inv.cpp_CInventory_removeMatchingKeys_FUN_005014a0,005014a0,core/inv.cpp,25,0,,25
core_minecar.cpp_FUN_00520eb0,00520eb0,core/minecar.cpp,16,11,stack_param,131
core_minecar.cpp_FUN_00520f40,00520f40,core/minecar.cpp,20,0,,20
core_minecar.cpp_FUN_00520e50,00520e50,core/minecar.cpp,12,0,,12
core_minecar.cpp_FUN_00520e80,00520e80,core/minecar.cpp,5,0,,5
core_minecar.cpp_FUN_00520f20,00520f20,core/minecar.cpp,7,0,,7
core_minecar.cpp_staticInit_FUN_00520e20,00520e20,core/minecar.cpp,8,0,,8
core_minecar.cpp_FUN_00520e90,00520e90,core/minecar.cpp,8,2,stack_param,33
core_glass.cpp_CGlass_getSurfaceProperties_FUN_004eb250,004eb250,core/glass.cpp,51,0,,51
core_glass.cpp_CGlass_renderTransparent_FUN_004e9af0,004e9af0,core/glass.cpp,67,5,stack_param|badspacebase|register_param|stack_ref,137
core_glass.cpp_freeVectors_FUN_004eb8a0,004eb8a0,core/glass.cpp,5,0,,5
core_glass.cpp_CGlass_checkBreakableCondition_FUN_004eb3a0,004eb3a0,core/glass.cpp,6,0,,6
core_glass.cpp_CGlass_dtor_FUN_004eb820,004eb820,core/glass.cpp,23,3,negative_offset|extra_output,63
core_glass.cpp_CGlass_showEditorHelp_FUN_004eb600,004eb600,core/glass.cpp,24,0,,24
core_glass.cpp_CGlass_getBoundingBox_FUN_004ea030,004ea030,core/glass.cpp,15,0,,15
core_glass.cpp_CGlass_ctor_FUN_004e9040,004e9040,core/glass.cpp,61,17,pointer_cast,236
core_glass.cpp_staticInit_FUN_004e8fd0,004e8fd0,core/glass.cpp,7,0,,7
core_glass.cpp_CGlass_writeDependencies_FUN_004eb690,004eb690,core/glass.cpp,96,5,badspacebase|register_param|stack_ref,161
core_glass.cpp_CGlass_shatter_FUN_004eaef0,004eaef0,core/glass.cpp,107,8,badspacebase|register_param|stack_ref,202
core_glass.cpp_CGlass_getPropertyList_FUN_004eb3c0,004eb3c0,core/glass.cpp,22,0,,22
core_glass.cpp_CGlass_getActorType_FUN_004e9030,004e9030,core/glass.cpp,4,0,,4
core_glass.cpp_CGlass_renderBackground_FUN_004e9e90,004e9e90,core/glass.cpp,69,5,suspect_float|badspacebase|register_param|stack_ref,139
core_glass.cpp_CGlass_getGroundType_FUN_004eb390,004eb390,core/glass.cpp,4,0,,4
core_glass.cpp_CGlass_factoryFunc_FUN_004e9000,004e9000,core/glass.cpp,10,0,,10
core_glass.cpp_CGlass_process_FUN_004e98e0,004e98e0,core/glass.cpp,16,0,,16
core_glass.cpp_CGlass_processInEditor_FUN_004eb490,004eb490,core/glass.cpp,53,8,stack_param,138
core_glass.cpp_CGlass_serialize_FUN_004ea090,004ea090,core/glass.cpp,30,0,,30
core_glass.cpp_CGlass_hasCollision_FUN_004ea190,004ea190,core/glass.cpp,9,0,,9
core_glass.cpp_CGlass_renderBrokenGlass_FUN_004e9ca0,004e9ca0,core/glass.cpp,90,32,stack_param|suspect_float|badspacebase|pointer_cast|register_param|stack_ref,440
core_glass.cpp_CGlass_renderOpaque_FUN_004e9930,004e9930,core/glass.cpp,71,5,stack_param|suspect_float|badspacebase|register_param,141
core_glass.cpp_CGlass_createShatterParticles_FUN_004ea1c0,004ea1c0,core/glass.cpp,359,100,stack_param|unaffected_reg|unknown_field|badspacebase|register_param|stack_ref,1389
core_glass.cpp_CGlass_setup_FUN_004e9180,004e9180,core/glass.cpp,272,30,unknown_field|extra_output|badspacebase|pointer_cast|register_param|stack_ref,602
core_keyactor.cpp_staticInit_FUN_00501620,00501620,core/keyactor.cpp,7,0,,7
core_keyactor.cpp_FUN_00501920,00501920,core/keyactor.cpp,9,4,stack_param,54
core_keyactor.cpp_FUN_00501690,00501690,core/keyactor.cpp,14,4,stack_param|negative_offset,64
core_keyactor.cpp_FUN_005016f0,005016f0,core/keyactor.cpp,10,4,stack_param,55
core_keyactor.cpp_FUN_005017c0,005017c0,core/keyactor.cpp,22,11,stack_param|suspect_float|badspacebase|register_param|stack_ref,157
core_keyactor.cpp_FUN_00501900,00501900,core/keyactor.cpp,12,2,stack_param,37
core_keyactor.cpp_FUN_005018f0,005018f0,core/keyactor.cpp,5,0,,5
core_keyactor.cpp_FUN_00501650,00501650,core/keyactor.cpp,10,0,,10
core_keyactor.cpp_FUN_00501990,00501990,core/keyactor.cpp,10,4,stack_param,55
core_keyactor.cpp_FUN_00501830,00501830,core/keyactor.cpp,19,10,stack_param,124
core_keyactor.cpp_FUN_005019b0,005019b0,core/keyactor.cpp,21,8,stack_param,106
core_keyactor.cpp_CKeyActor_serialize_FUN_00501880,00501880,core/keyactor.cpp,14,2,badspacebase|register_param,44
core_keyactor.cpp_FUN_00501710,00501710,core/keyactor.cpp,31,12,stack_param,156
core_keyactor.cpp_FUN_00501940,00501940,core/keyactor.cpp,11,6,stack_param,76
core_keyactor.cpp_FUN_00501680,00501680,core/keyactor.cpp,5,0,,5
core_tbplayer.cpp_FUN_005da240,005da240,core/tbplayer.cpp,15,7,stack_param,90
core_tbplayer.cpp_CBassPlayer_FUN_005da090,005da090,core/tbplayer.cpp,20,0,,20
core_tbplayer.cpp_FUN_005da370,005da370,core/tbplayer.cpp,65,14,stack_param|unaffected_reg|badspacebase|register_param,225
core_tbplayer.cpp_FUN_005da510,005da510,core/tbplayer.cpp,15,7,stack_param,90
core_tbplayer.cpp_CDrummer_dtor_FUN_005da540,005da540,core/tbplayer.cpp,33,2,negative_offset,58
core_tbplayer.cpp_CDrummer_ctor_FUN_005da2c0,005da2c0,core/tbplayer.cpp,9,0,,9
core_tbplayer.cpp_staticInit_FUN_005d9fd0,005d9fd0,core/tbplayer.cpp,11,0,,11
core_tbplayer.cpp_FUN_005da120,005da120,core/tbplayer.cpp,49,14,stack_param|unaffected_reg|badspacebase|register_param,209
core_tbplayer.cpp_CBassPlayer_ctor_FUN_005da060,005da060,core/tbplayer.cpp,9,0,,9
core_tbplayer.cpp_CDrummer_FUN_005da2f0,005da2f0,core/tbplayer.cpp,27,0,,27
core_tbplayer.cpp_FUN_005da020,005da020,core/tbplayer.cpp,11,0,,11
core_tbplayer.cpp_CBassPlayer_dtor_FUN_005da610,005da610,core/tbplayer.cpp,36,12,stack_param|negative_offset,166
core_tbplayer.cpp_CBassPlayer_getActorType_FUN_005da050,005da050,core/tbplayer.cpp,5,0,,5
core_tbplayer.cpp_FUN_005da280,005da280,core/tbplayer.cpp,11,0,,11
core_tbplayer.cpp_FUN_005da100,005da100,core/tbplayer.cpp,11,10,stack_param,116
core_tbplayer.cpp_CDrummer_getActorType_FUN_005da2b0,005da2b0,core/tbplayer.cpp,4,0,,4
core_passngr.cpp_FUN_005462f0,005462f0,core/passngr.cpp,9,4,stack_param,54
core_passngr.cpp_staticInit_FUN_00545ac0,00545ac0,core/passngr.cpp,8,0,,8
core_passngr.cpp_FUN_00545ef0,00545ef0,core/passngr.cpp,84,43,stack_param|badspacebase|register_param|stack_ref,534
core_passngr.cpp_FUN_00545af0,00545af0,core/passngr.cpp,11,0,,11
core_passngr.cpp_FUN_00545d30,00545d30,core/passngr.cpp,73,27,stack_param,348
core_passngr.cpp_FUN_00546270,00546270,core/passngr.cpp,13,7,stack_param,88
core_passngr.cpp_FUN_00545b20,00545b20,core/passngr.cpp,5,0,,5
core_passngr.cpp_CPassenger_load_FUN_00546190,00546190,core/passngr.cpp,38,9,stack_param,133
core_passngr.cpp_CPassenger_dtor_FUN_00545c10,00545c10,core/passngr.cpp,46,8,negative_offset|unaffected_reg|extra_output,141
core_passngr.cpp_FUN_005460c0,005460c0,core/passngr.cpp,37,13,stack_param|badspacebase|register_param,182
core_passngr.cpp_CPassenger_ctor_FUN_00545b30,00545b30,core/passngr.cpp,49,0,,49
core_menu.cpp_staticInit_FUN_0050fdb0,0050fdb0,core/menu.cpp,17,0,,17
core_menu.cpp_renderAudioSpectrumBarByBounds_FUN_00511e00,00511e00,core/menu.cpp,6,0,,6
core_menu.cpp_showOptionsScreen_FUN_00512d30,00512d30,core/menu.cpp,73,10,stack_param|unaffected_reg|badspacebase|register_param|stack_ref,198
core_menu.cpp_checkAndCalibrateGamepad_FUN_00511840,00511840,core/menu.cpp,92,14,stack_param|badspacebase|register_param|stack_ref,252
core_menu.cpp_getKeyDisplayName_FUN_005134e0,005134e0,core/menu.cpp,86,0,,86
core_menu.cpp_addCustomKeyBinding_FUN_00513460,00513460,core/menu.cpp,26,5,stack_param,81
core_menu.cpp_showJoystickCalibrationScreen_FUN_00510410,00510410,core/menu.cpp,17,5,stack_param|badspacebase|register_param|stack_ref,87
core_menu.cpp_configureGraphicsOptions_FUN_00510c80,00510c80,core/menu.cpp,586,29,stack_param|badspacebase|register_param|stack_ref,896
core_menu.cpp_configureSoundOptions_FUN_00511e50,00511e50,core/menu.cpp,774,133,stack_param|sub_artifact|concat_artifact|unaffected_reg|unknown_field|suspect_float|extra_output|badspacebase|pointer_cast|register_param|stack_ref,2159
core_menu.cpp_showCalibrationTest_FUN_00510ba0,00510ba0,core/menu.cpp,20,0,,20
core_menu.cpp_showCalibrationTestPattern_FUN_00510a50,00510a50,core/menu.cpp,57,6,badspacebase|register_param|stack_ref,132
core_menu.cpp_adjustMouseSensitivity_FUN_005107c0,005107c0,core/menu.cpp,79,7,stack_param|sub_artifact|unaffected_reg,164
core_menu.cpp_getSinglePressedKey_FUN_00513860,00513860,core/menu.cpp,29,0,,29
core_menu.cpp_renderMenuAndGetChoice_FUN_00510000,00510000,core/menu.cpp,150,43,stack_param|unaffected_reg|pointer_cast,595
core_menu.cpp_cleanupMenuTransition_FUN_0050fe60,0050fe60,core/menu.cpp,6,0,,6
core_menu.cpp_freeBitmaps_FUN_00514f50,00514f50,core/menu.cpp,5,0,,5
core_menu.cpp_showMainGameMenu_FUN_00512f40,00512f40,core/menu.cpp,186,13,stack_param|badspacebase|pointer_cast|register_param|stack_ref,341
core_menu.cpp_isKeyCodeValidForMode_FUN_00513720,00513720,core/menu.cpp,76,0,,76
core_menu.cpp_configureCustomKeyBindings_FUN_005138e0,005138e0,core/menu.cpp,899,56,stack_param|badspacebase|register_param|stack_ref,1479
core_menu.cpp_calibrateGamepad_FUN_005104d0,005104d0,core/menu.cpp,89,14,stack_param|badspacebase|register_param|stack_ref,249
core_menu.cpp_renderAudioSpectrumBar_FUN_0050fe70,0050fe70,core/menu.cpp,53,10,suspect_float|badspacebase|register_param,168
core_menu.cpp_configureCustomKeys_FUN_00511890,00511890,core/menu.cpp,228,9,stack_param|badspacebase|register_param|stack_ref,338
core_teleport.cpp_CTeleport_getActorType_FUN_005da9d0,005da9d0,core/teleport.cpp,4,0,,4
core_teleport.cpp_CTeleport_FUN_005da7c0,005da7c0,core/teleport.cpp,4,0,,4
core_teleport.cpp_CTeleportDest_getActorType_FUN_005da760,005da760,core/teleport.cpp,5,0,,5
core_teleport.cpp_FUN_005da730,005da730,core/teleport.cpp,11,0,,11
core_teleport.cpp_CTeleportDest_FUN_005da970,005da970,core/teleport.cpp,9,5,stack_param,64
core_teleport.cpp_CTeleportDest_FUN_005da790,005da790,core/teleport.cpp,11,7,stack_param,86
core_teleport.cpp_CTeleport_FUN_005dabe0,005dabe0,core/teleport.cpp,87,12,stack_param,212
core_teleport.cpp_CTeleportDest_ctor_FUN_005da770,005da770,core/teleport.cpp,7,0,,7
core_teleport.cpp_CTeleport_ctor_FUN_005da9e0,005da9e0,core/teleport.cpp,23,0,,23
core_teleport.cpp_CTeleportDest_dtor_FUN_005daea0,005daea0,core/teleport.cpp,17,0,,17
core_teleport.cpp_CTeleport_FUN_005dadc0,005dadc0,core/teleport.cpp,15,7,stack_param,90
core_teleport.cpp_CTeleport_dtor_FUN_005dae50,005dae50,core/teleport.cpp,17,0,,17
core_teleport.cpp_CTeleport_FUN_005daba0,005daba0,core/teleport.cpp,8,4,stack_param,53
core_teleport.cpp_CTeleport_FUN_005daad0,005daad0,core/teleport.cpp,15,7,stack_param,90
core_teleport.cpp_FUN_005da850,005da850,core/teleport.cpp,6,4,stack_param,51
core_teleport.cpp_CTeleportDest_FUN_005da870,005da870,core/teleport.cpp,41,17,stack_param|badspacebase|register_param|stack_ref,231
core_teleport.cpp_staticInit_FUN_005da6e0,005da6e0,core/teleport.cpp,11,0,,11
core_teleport.cpp_CTeleport_FUN_005dae10,005dae10,core/teleport.cpp,13,2,stack_param,38
core_teleport.cpp_FUN_005da9a0,005da9a0,core/teleport.cpp,11,0,,11
core_teleport.cpp_CTeleport_process_FUN_005daa20,005daa20,core/teleport.cpp,25,4,suspect_float|badspacebase|register_param|stack_ref,85
core_teleport.cpp_CTeleportDest_FUN_005da7d0,005da7d0,core/teleport.cpp,25,3,stack_param,60
core_teleport.cpp_CTeleport_serialize_FUN_005dab30,005dab30,core/teleport.cpp,8,0,,8
core_teleport.cpp_CTeleport_FUN_005dab70,005dab70,core/teleport.cpp,14,4,stack_param,59
core_flamegun.cpp_FUN_004cbb00,004cbb00,core/flamegun.cpp,19,2,unaffected_reg,44
core_flamegun.cpp_FUN_004cbbb0,004cbbb0,core/flamegun.cpp,5,0,,5
core_flamegun.cpp_FUN_004cb840,004cb840,core/flamegun.cpp,11,0,,11
core_flamegun.cpp_FUN_004cbc50,004cbc50,core/flamegun.cpp,5,0,,5
core_flamegun.cpp_FUN_004cbad1,004cbad1,core/flamegun.cpp,6,0,,6
core_flamegun.cpp_FUN_004cbab0,004cbab0,core/flamegun.cpp,11,2,stack_param,36
core_flamegun.cpp_FUN_004cbc40,004cbc40,core/flamegun.cpp,5,0,,5
core_flamegun.cpp_FUN_004cbbc0,004cbbc0,core/flamegun.cpp,32,0,,32
core_flamegun.cpp_staticInit_FUN_004cbcb0,004cbcb0,core/flamegun.cpp,8,1,concat_artifact,23
core_flamegun.cpp_FUN_004cb880,004cb880,core/flamegun.cpp,47,1,suspect_float,62
core_flamegun.cpp_FUN_004cb9b0,004cb9b0,core/flamegun.cpp,53,2,extra_output,78
core_flamegun.cpp_ClassStart_FUN_004cb870,004cb870,core/flamegun.cpp,5,0,,5
core_flamegun.cpp_initializeFlamegun_FUN_004cbce0,004cbce0,core/flamegun.cpp,4,0,,4
core_flamegun.cpp_staticInit_FUN_004cb810,004cb810,core/flamegun.cpp,9,0,,9
core_flamegun.cpp_FUN_004cb920,004cb920,core/flamegun.cpp,27,16,stack_param|badspacebase|register_param|stack_ref,207
core_flamegun.cpp_FUN_004cbc60,004cbc60,core/flamegun.cpp,18,2,unaffected_reg,43
core_flamegun.cpp_FUN_004cbad0,004cbad0,core/flamegun.cpp,5,0,,5
core_litecone.cpp_FUN_00506bc0,00506bc0,core/litecone.cpp,23,6,stack_param,88
core_litecone.cpp_FUN_00506bb0,00506bb0,core/litecone.cpp,7,2,stack_param,32
core_litecone.cpp_FUN_00506d00,00506d00,core/litecone.cpp,18,7,stack_param,93
core_litecone.cpp_FUN_00506b10,00506b10,core/litecone.cpp,47,0,,47
core_litecone.cpp_staticInit_FUN_00506aa0,00506aa0,core/litecone.cpp,8,0,,8
core_litecone.cpp_FUN_00506e30,00506e30,core/litecone.cpp,16,0,,16
core_litecone.cpp_FUN_00506b00,00506b00,core/litecone.cpp,5,0,,5
core_litecone.cpp_FUN_00506d90,00506d90,core/litecone.cpp,5,0,,5
core_litecone.cpp_FUN_00506ad0,00506ad0,core/litecone.cpp,11,0,,11
core_litecone.cpp_FUN_00506c20,00506c20,core/litecone.cpp,27,13,stack_param|suspect_float|badspacebase|register_param,177
core_litecone.cpp_FUN_00506da0,00506da0,core/litecone.cpp,14,9,stack_param,109
core_litecone.cpp_FUN_00506cb0,00506cb0,core/litecone.cpp,17,11,stack_param,132
core_elephant.cpp_FUN_004a79b0,004a79b0,core/elephant.cpp,11,2,stack_param,36
core_elephant.cpp_FUN_004a79f0,004a79f0,core/elephant.cpp,65,20,stack_param|unknown_field|badspacebase|register_param|stack_ref,290
core_elephant.cpp_staticInit_FUN_004a6f70,004a6f70,core/elephant.cpp,7,0,,7
core_elephant.cpp_FUN_004a6fd0,004a6fd0,core/elephant.cpp,5,0,,5
core_elephant.cpp_ctor_FUN_004a6fe0,004a6fe0,core/elephant.cpp,39,0,,39
core_elephant.cpp_FUN_004a7160,004a7160,core/elephant.cpp,194,42,stack_param|unaffected_reg|unknown_field|suspect_float|extra_output|badspacebase|register_param|stack_ref,654
core_elephant.cpp_dtor_FUN_004a7be0,004a7be0,core/elephant.cpp,18,2,unaffected_reg,43
core_elephant.cpp_FUN_004a7070,004a7070,core/elephant.cpp,43,17,stack_param|unaffected_reg|suspect_float|badspacebase|register_param|stack_ref,243
core_elephant.cpp_FUN_004a6fa0,004a6fa0,core/elephant.cpp,11,0,,11
core_elephant.cpp_FUN_004a78a0,004a78a0,core/elephant.cpp,30,11,stack_param|unknown_field|badspacebase|register_param|stack_ref,165
core_dog.cpp_CZombieDog_getActorType_FUN_0047f040,0047f040,core/dog.cpp,4,0,,4
core_dog.cpp_CZombieDog_getTargetPoints_FUN_0047f8d0,0047f8d0,core/dog.cpp,18,2,badspacebase|register_param,48
core_dog.cpp_factoryFunc_FUN_0047f010,0047f010,core/dog.cpp,11,0,,11
core_dog.cpp_CZombieDog_FUN_0047f820,0047f820,core/dog.cpp,41,7,stack_param|unaffected_reg|extra_output,126
core_dog.cpp_CZombieDog_process_FUN_0047f140,0047f140,core/dog.cpp,287,19,stack_param|extra_output|badspacebase|register_param|stack_ref,502
core_dog.cpp_CZombieDog_writeDependencies_FUN_0047f970,0047f970,core/dog.cpp,7,0,,7
core_dog.cpp_CZombieDog_setup_FUN_0047f0c0,0047f0c0,core/dog.cpp,15,0,,15
core_dog.cpp_CZombieDog_getPropertyList_FUN_0047f920,0047f920,core/dog.cpp,9,0,,9
core_dog.cpp_CZombieDog_FUN_0047f960,0047f960,core/dog.cpp,5,0,,5
core_dog.cpp_CZombieDog_ctor_FUN_0047f050,0047f050,core/dog.cpp,31,0,,31
core_dog.cpp_CZombieDog_dtor_FUN_0047f9a0,0047f9a0,core/dog.cpp,30,1,negative_offset,45
core_dog.cpp_staticInit_FUN_0047efe0,0047efe0,core/dog.cpp,7,0,,7
core_dog.cpp_CZombieDog_serialize_FUN_0047f7b0,0047f7b0,core/dog.cpp,15,0,,15
core_setedit.cpp_FUN_0057b910,0057b910,core/setedit.cpp,121,18,stack_param,306
core_setedit.cpp_FUN_0057b410,0057b410,core/setedit.cpp,39,11,stack_param,154
core_setedit.cpp_CDemonSet_FUN_00584e70,00584e70,core/setedit.cpp,118,40,stack_param|badspacebase|register_param|stack_ref,538
core_setedit.cpp_FUN_005781a0,005781a0,core/setedit.cpp,24,5,stack_param|badspacebase|register_param|stack_ref,94
core_setedit.cpp_EditingGroundTypesAndSaving_FUN_00578630,00578630,core/setedit.cpp,145,40,stack_param|badspacebase|register_param|stack_ref,565
core_setedit.cpp_CDemonSet_importS3D_FUN_00578d80,00578d80,core/setedit.cpp,752,128,stack_param|negative_offset|unaffected_reg|unknown_field|badspacebase|pointer_cast|register_param|stack_ref,2072
core_setedit.cpp_ResolveMasterLights_FUN_0057c550,0057c550,core/setedit.cpp,27,6,stack_param,92
core_setedit.cpp_CDemonSet_FUN_005800d0,005800d0,core/setedit.cpp,60,33,stack_param|unaffected_reg|badspacebase|pointer_cast|register_param|stack_ref,420
core_setedit.cpp_CDemonSet_FUN_00577af0,00577af0,core/setedit.cpp,200,11,stack_param|pointer_cast,320
core_setedit.cpp_FUN_00582930,00582930,core/setedit.cpp,273,97,stack_param|badspacebase|pointer_cast|register_param|stack_ref,1268
core_setedit.cpp_FUN_00576950,00576950,core/setedit.cpp,31,2,unaffected_reg,56
core_setedit.cpp_FUN_0057a270,0057a270,core/setedit.cpp,7,0,,7
core_setedit.cpp_FUN_00581450,00581450,core/setedit.cpp,33,31,stack_param|badspacebase|register_param|stack_ref,363
core_setedit.cpp_FUN_00578c90,00578c90,core/setedit.cpp,48,10,stack_param|badspacebase|register_param|stack_ref,168
core_setedit.cpp_DementedFogEditor_FUN_00580730,00580730,core/setedit.cpp,446,160,undefined_type|stack_param|sub_artifact|concat_artifact|badspacebase|pointer_cast|register_param|stack_ref,2086
core_setedit.cpp_FUN_00577120,00577120,core/setedit.cpp,31,8,stack_param|pointer_cast,121
core_setedit.cpp_ImportingGroundTextures_FUN_00578420,00578420,core/setedit.cpp,103,15,stack_param|badspacebase|register_param|stack_ref,273
core_setedit.cpp_FUN_005801b0,005801b0,core/setedit.cpp,51,7,stack_param|sborrow_artifact,131
core_setedit.cpp_FUN_0057e430,0057e430,core/setedit.cpp,113,27,stack_param,388
core_setedit.cpp_CDemonSet_readIni_FUN_00584900,00584900,core/setedit.cpp,7,0,,7
core_setedit.cpp_FUN_00581320,00581320,core/setedit.cpp,46,23,stack_param|badspacebase|register_param|stack_ref,296
core_setedit.cpp_CDemonSet_FUN_00583170,00583170,core/setedit.cpp,791,172,undefined_type|stack_param|concat_artifact|suspect_float|badspacebase|pointer_cast|register_param|stack_ref,2551
core_setedit.cpp_FUN_00577730,00577730,core/setedit.cpp,121,22,stack_param|pointer_cast,351
core_setedit.cpp_DefineTexturesMaybe_FUN_00578290,00578290,core/setedit.cpp,77,13,stack_param|badspacebase|register_param|stack_ref,227
core_setedit.cpp_FUN_00577330,00577330,core/setedit.cpp,41,8,stack_param|pointer_cast,131
core_setedit.cpp_staticInit_FUN_00576930,00576930,core/setedit.cpp,6,0,,6
core_setedit.cpp_CDemonSet_save_FUN_0057a2a0,0057a2a0,core/setedit.cpp,216,58,stack_param|sub_artifact|badspacebase|pointer_cast|register_param|stack_ref,826
core_setedit.cpp_SomethingMemoryConstructorMaybe_FUN_00580310,00580310,core/setedit.cpp,78,31,stack_param|pointer_cast,398
core_setedit.cpp_FUN_00577430,00577430,core/setedit.cpp,102,20,stack_param|pointer_cast,312
core_setedit.cpp_FUN_0057b600,0057b600,core/setedit.cpp,135,16,stack_param,300
core_setedit.cpp_FUN_005817d0,005817d0,core/setedit.cpp,122,32,stack_param|unknown_field|extra_output|badspacebase|pointer_cast|register_param|stack_ref,477
core_setedit.cpp_CDemonSet_ExportSomething_FUN_0057a0c0,0057a0c0,core/setedit.cpp,50,4,badspacebase|register_param|stack_ref,105
core_setedit.cpp_FUN_00578210,00578210,core/setedit.cpp,27,5,stack_param|badspacebase|register_param|stack_ref,97
core_setedit.cpp_CDemonSet_BuildingThumbnailImages_FUN_00576da0,00576da0,core/setedit.cpp,157,24,stack_param|badspacebase|register_param|stack_ref,417
core_setedit.cpp_UserInputCreate_FUN_0057d660,0057d660,core/setedit.cpp,458,219,undefined_type|stack_param|concat_artifact|unaffected_reg|sborrow_artifact|badspacebase|pointer_cast|register_param|stack_ref,2693
core_setedit.cpp_CDemonSet_showEditorMenu_FUN_00584940,00584940,core/setedit.cpp,199,33,undefined_type|stack_param|sub_artifact|concat_artifact|badspacebase|register_param|stack_ref,564
core_setedit.cpp_BackdropMaybe_FUN_005805a0,005805a0,core/setedit.cpp,61,18,undefined_type|stack_param|concat_artifact|badspacebase|register_param|stack_ref,271
core_setedit.cpp_FUN_00581520,00581520,core/setedit.cpp,13,9,stack_param,108
core_setedit.cpp_FUN_00577200,00577200,core/setedit.cpp,34,8,stack_param|pointer_cast,124
core_setedit.cpp_DementedCameraEditor_FUN_0057e7c0,0057e7c0,core/setedit.cpp,733,103,undefined_type|stack_param|sub_artifact|concat_artifact|unaffected_reg|badspacebase|pointer_cast|register_param|stack_ref,1808
core_setedit.cpp_CDemonSet_FUN_0057ff70,0057ff70,core/setedit.cpp,61,3,stack_param|pointer_cast,101
core_setedit.cpp_FUN_00578a00,00578a00,core/setedit.cpp,12,2,stack_param,37
core_setedit.cpp_FUN_0057d340,0057d340,core/setedit.cpp,23,11,stack_param|badspacebase|register_param|stack_ref,153
core_setedit.cpp_ImportA3DBroken_FUN_00578c60,00578c60,core/setedit.cpp,8,0,,8
core_setedit.cpp_FUN_00582f30,00582f30,core/setedit.cpp,25,0,,25
core_setedit.cpp_FUN_0057b500,0057b500,core/setedit.cpp,48,19,stack_param|unaffected_reg|pointer_cast,253
core_setedit.cpp_CDemonSet_writeIni_FUN_00584920,00584920,core/setedit.cpp,6,0,,6
core_setedit.cpp_showDementedLightEditor_FUN_0057c5d0,0057c5d0,core/setedit.cpp,327,50,undefined_type|stack_param|concat_artifact|badspacebase|pointer_cast|register_param|stack_ref,862
core_setedit.cpp_WriteActBackdrop_FUN_0057ce80,0057ce80,core/setedit.cpp,148,63,stack_param|unaffected_reg|sborrow_artifact|badspacebase|pointer_cast|register_param|stack_ref,813
core_setedit.cpp_CDemonSet_OpenAndProcessFileMaybe_FUN_00578a20,00578a20,core/setedit.cpp,82,9,undefined_type|stack_param|concat_artifact|badspacebase|register_param|stack_ref,202
core_setedit.cpp_RelatedToDemonLightEditor_FUN_0057bbe0,0057bbe0,core/setedit.cpp,292,45,stack_param|sub_artifact|concat_artifact|unaffected_reg|unknown_field|suspect_float|extra_output|badspacebase|register_param|stack_ref,792
core_setedit.cpp_CallToFreeSomeMemory_FUN_00580560,00580560,core/setedit.cpp,8,0,,8
core_setedit.cpp_FUN_00581590,00581590,core/setedit.cpp,25,0,,25
core_setedit.cpp_CDemonSet_unk201_FUN_0057ae50,0057ae50,core/setedit.cpp,205,91,stack_param|badspacebase|pointer_cast|register_param|stack_ref,1140
core_setedit.cpp_CDemonSet_ViewerVisitSet_FUN_0057a940,0057a940,core/setedit.cpp,137,47,stack_param|sborrow_artifact|badspacebase|pointer_cast|register_param|stack_ref,637
core_setedit.cpp_CDemonSet_FUN_00581aa0,00581aa0,core/setedit.cpp,491,81,undefined_type|stack_param|concat_artifact|unknown_field|badspacebase|pointer_cast|register_param|stack_ref,1341
core_setedit.cpp_Something2MemoryConstructorMaybe_FUN_0057fd00,0057fd00,core/setedit.cpp,116,28,stack_param|badspacebase|pointer_cast|register_param|stack_ref,421
core_setedit.cpp_OpenSomethingBackdropThumbs_FUN_005769a0,005769a0,core/setedit.cpp,140,29,stack_param|unaffected_reg|badspacebase|pointer_cast|register_param|stack_ref,460
core_boxactor.cpp_FUN_00422390,00422390,core/boxactor.cpp,51,24,stack_param|unknown_field|badspacebase|register_param|stack_ref,316
core_boxactor.cpp_FUN_00422330,00422330,core/boxactor.cpp,6,2,stack_param,31
core_boxactor.cpp_CBoxActor_ctor_FUN_00421700,00421700,core/boxactor.cpp,39,22,negative_offset|suspect_float,269
core_boxactor.cpp_FUN_00422560,00422560,core/boxactor.cpp,6,2,stack_param,31
core_boxactor.cpp_FUN_00421fe0,00421fe0,core/boxactor.cpp,21,10,stack_param,126
core_boxactor.cpp_CLightActor_ctor_FUN_00422990,00422990,core/boxactor.cpp,19,4,negative_offset|suspect_float,69
core_boxactor.cpp_FUN_004226e0,004226e0,core/boxactor.cpp,36,26,stack_param,301
core_boxactor.cpp_FUN_00422950,00422950,core/boxactor.cpp,11,0,,11
core_boxactor.cpp_FUN_00423310,00423310,core/boxactor.cpp,38,7,stack_param,113
core_boxactor.cpp_StartOfAnotherClass_FUN_004216f0,004216f0,core/boxactor.cpp,5,0,,5
core_boxactor.cpp_CLightActor_dtor_FUN_004235f0,004235f0,core/boxactor.cpp,27,6,stack_param|negative_offset|unaffected_reg,102
core_boxactor.cpp_CLightActor_FUN_004234e0,004234e0,core/boxactor.cpp,15,9,stack_param,110
core_boxactor.cpp_FUN_00421ef0,00421ef0,core/boxactor.cpp,33,9,stack_param,128
core_boxactor.cpp_FUN_00421830,00421830,core/boxactor.cpp,32,17,stack_param,207
core_boxactor.cpp_FUN_004235c0,004235c0,core/boxactor.cpp,7,4,stack_param,52
core_boxactor.cpp_CLightActor_FUN_00423400,00423400,core/boxactor.cpp,11,4,stack_param,56
core_boxactor.cpp_FUN_004216c0,004216c0,core/boxactor.cpp,11,0,,11
core_boxactor.cpp_FUN_00422d60,00422d60,core/boxactor.cpp,104,32,stack_param|badspacebase|register_param,439
core_boxactor.cpp_FUN_004224e0,004224e0,core/boxactor.cpp,9,4,stack_param,54
core_boxactor.cpp_CLightActor_FUN_00423440,00423440,core/boxactor.cpp,19,6,unaffected_reg|badspacebase|register_param|stack_ref,99
core_boxactor.cpp_FUN_004224f0,004224f0,core/boxactor.cpp,20,8,stack_param|badspacebase|register_param,115
core_boxactor.cpp_FUN_004228e0,004228e0,core/boxactor.cpp,8,2,stack_param,33
core_boxactor.cpp_FUN_00422640,00422640,core/boxactor.cpp,32,32,stack_param,357
core_boxactor.cpp_FUN_00423110,00423110,core/boxactor.cpp,56,48,stack_param|badspacebase|register_param|stack_ref,556
core_boxactor.cpp_CLightActor_FUN_00423590,00423590,core/boxactor.cpp,11,2,stack_param,36
core_boxactor.cpp_FUN_004236e0,004236e0,core/boxactor.cpp,6,0,,6
core_boxactor.cpp_FUN_00422a50,00422a50,core/boxactor.cpp,85,12,stack_param|unaffected_reg|badspacebase|register_param|stack_ref,230
core_boxactor.cpp_FUN_004224b0,004224b0,core/boxactor.cpp,15,5,stack_param,70
core_boxactor.cpp_CBoxActor_dtor_FUN_00423670,00423670,core/boxactor.cpp,21,1,negative_offset,36
core_boxactor.cpp_FUN_00422550,00422550,core/boxactor.cpp,6,2,stack_param,31
core_boxactor.cpp_staticInit_FUN_00421650,00421650,core/boxactor.cpp,14,0,,14
core_boxactor.cpp_CLightActor_getActorType_FUN_00422980,00422980,core/boxactor.cpp,5,0,,5
core_boxactor.cpp_FUN_00422a20,00422a20,core/boxactor.cpp,8,2,stack_param,33
core_boxactor.cpp_FUN_00422900,00422900,core/boxactor.cpp,18,6,stack_param,83
core_boxactor.cpp_CLightActor_FUN_00423380,00423380,core/boxactor.cpp,24,6,stack_param|badspacebase|register_param,99
core_boxactor.cpp_CBoxActor_load_FUN_00422060,00422060,core/boxactor.cpp,107,42,stack_param|badspacebase|register_param|stack_ref,547
core_boxactor.cpp_FUN_004235d0,004235d0,core/boxactor.cpp,5,2,stack_param,30
core_boxactor.cpp_FUN_004226d0,004226d0,core/boxactor.cpp,5,2,stack_param,30
core_boxactor.cpp_FUN_00422570,00422570,core/boxactor.cpp,9,4,stack_param,54
core_boxactor.cpp_FUN_00422340,00422340,core/boxactor.cpp,17,7,stack_param,92
core_boxactor.cpp_load_FUN_00422c80,00422c80,core/boxactor.cpp,34,20,stack_param|badspacebase|pointer_cast|register_param|stack_ref,259
core_boxactor.cpp_FUN_0042307e,0042307e,core/boxactor.cpp,18,5,concat_artifact,73
core_boxactor.cpp_FUN_00422590,00422590,core/boxactor.cpp,34,11,stack_param|badspacebase|register_param,159
core_boxactor.cpp_FUN_004218d0,004218d0,core/boxactor.cpp,50,31,stack_param|unknown_field|suspect_float|badspacebase|register_param|stack_ref,390
core_boxactor.cpp_CBoxActor_process_FUN_004219e0,004219e0,core/boxactor.cpp,125,32,stack_param|concat_artifact|unknown_field|extra_output|badspacebase|register_param|stack_ref,480
core_boxactor.cpp_FUN_00421e00,00421e00,core/boxactor.cpp,33,9,stack_param,128
core_mmx.c_getCPUInfo_FUN_0052500f,0052500f,core/mmx.c,13,0,,13
core_mmx.c_detectIntelProcessor_FUN_00524f4c,00524f4c,core/mmx.c,77,26,register_param,342
core_mmx.c_detectCPUFeatures_FUN_00524f10,00524f10,core/mmx.c,9,0,,9
core_mmx.c_detectMMXSupport_FUN_00524ff9,00524ff9,core/mmx.c,7,0,,7
core_melee.cpp_FUN_0050ebe0,0050ebe0,core/melee.cpp,13,10,stack_param,118
core_melee.cpp_FUN_0050eb50,0050eb50,core/melee.cpp,25,9,stack_param,120
core_melee.cpp_FUN_0050eae0,0050eae0,core/melee.cpp,6,2,stack_param,31
core_melee.cpp_FUN_0050ecd0,0050ecd0,core/melee.cpp,14,3,stack_param,49
core_melee.cpp_CMelee_load_FUN_0050e920,0050e920,core/melee.cpp,44,12,stack_param,169
core_melee.cpp_FUN_0050ec10,0050ec10,core/melee.cpp,30,21,stack_param|badspacebase|register_param|stack_ref,260
core_melee.cpp_FUN_0050ea70,0050ea70,core/melee.cpp,9,3,stack_param,44
core_melee.cpp_FUN_0050eaf0,0050eaf0,core/melee.cpp,18,17,stack_param,193
core_melee.cpp_FUN_0050edf0,0050edf0,core/melee.cpp,19,2,unaffected_reg,44
core_melee.cpp_staticInit_FUN_0050e760,0050e760,core/melee.cpp,8,0,,8
core_melee.cpp_CMelee_fire_FUN_0050ea40,0050ea40,core/melee.cpp,8,0,,8
core_melee.cpp_FUN_0050eab0,0050eab0,core/melee.cpp,15,4,stack_param,60
core_melee.cpp_FUN_0050eaa0,0050eaa0,core/melee.cpp,5,0,,5
core_melee.cpp_FUN_0050e7d0,0050e7d0,core/melee.cpp,82,3,pointer_cast,117
core_melee.cpp_FUN_0050e7c0,0050e7c0,core/melee.cpp,5,0,,5
core_melee.cpp_FUN_0050e790,0050e790,core/melee.cpp,11,0,,11
core_melee.cpp_FUN_0050ecf0,0050ecf0,core/melee.cpp,19,13,stack_param,154
core_scat.cpp_CSCat_load_FUN_00557db0,00557db0,core/scat.cpp,7,2,stack_param,32
core_scat.cpp_FUN_00556ec0,00556ec0,core/scat.cpp,5,0,,5
core_scat.cpp_FUN_00558fd0,00558fd0,core/scat.cpp,59,16,stack_param|badspacebase|pointer_cast|register_param|stack_ref,244
core_scat.cpp_FUN_00559100,00559100,core/scat.cpp,8,2,stack_param,33
core_scat.cpp_staticInit_FUN_00556e00,00556e00,core/scat.cpp,8,0,,8
core_scat.cpp_FUN_005578e0,005578e0,core/scat.cpp,194,74,stack_param|unaffected_reg|unknown_field|suspect_float|badspacebase|register_param,964
core_scat.cpp_FUN_00559140,00559140,core/scat.cpp,8,2,stack_param,33
core_scat.cpp_FUN_00556e90,00556e90,core/scat.cpp,11,0,,11
core_scat.cpp_FUN_005582c0,005582c0,core/scat.cpp,41,5,stack_param,96
core_scat.cpp_CScat_ctor_FUN_00556ed0,00556ed0,core/scat.cpp,48,0,,48
core_scat.cpp_FUN_00557df0,00557df0,core/scat.cpp,29,7,stack_param,104
core_scat.cpp_FUN_005584a0,005584a0,core/scat.cpp,155,57,stack_param|badspacebase|pointer_cast|register_param|stack_ref,750
core_scat.cpp_FUN_005571f0,005571f0,core/scat.cpp,322,139,stack_param|unaffected_reg|suspect_float|badspacebase|pointer_cast|register_param,1742
core_scat.cpp_FUN_00557ff0,00557ff0,core/scat.cpp,6,2,stack_param,31
core_scat.cpp_FUN_00558720,00558720,core/scat.cpp,184,58,stack_param|badspacebase|register_param,779
core_scat.cpp_FUN_00557150,00557150,core/scat.cpp,27,2,stack_param,52
core_scat.cpp_FUN_00558cf0,00558cf0,core/scat.cpp,97,48,stack_param|suspect_float|unknown_field|badspacebase|register_param|stack_ref,607
core_scat.cpp_FUN_00558010,00558010,core/scat.cpp,10,4,stack_param,55
core_scat.cpp_FUN_00557d20,00557d20,core/scat.cpp,28,12,stack_param|badspacebase|register_param|stack_ref,168
core_scat.cpp_FUN_00559120,00559120,core/scat.cpp,8,2,stack_param,33
core_scat.cpp_FUN_00558000,00558000,core/scat.cpp,9,4,stack_param,54
core_scat.cpp_CScat_dtor_FUN_00559160,00559160,core/scat.cpp,22,6,stack_param|unaffected_reg,92
core_scat.cpp_FUN_00558060,00558060,core/scat.cpp,96,28,stack_param,381
core_scat.cpp_FUN_00556f90,00556f90,core/scat.cpp,55,5,stack_param,110
core_scat.cpp_FUN_00557ea0,00557ea0,core/scat.cpp,60,22,stack_param,285
core_icepick.cpp_FUN_004f7e80,004f7e80,core/icepick.cpp,87,13,stack_param,222
core_icepick.cpp_FUN_004f9770,004f9770,core/icepick.cpp,9,4,stack_param,54
core_icepick.cpp_FUN_004f7de0,004f7de0,core/icepick.cpp,5,0,,5
core_icepick.cpp_FUN_004f9780,004f9780,core/icepick.cpp,8,2,stack_param,33
core_icepick.cpp_FUN_004f9490,004f9490,core/icepick.cpp,44,13,stack_param|unknown_field|badspacebase|register_param|stack_ref,199
core_icepick.cpp_FUN_004f93a0,004f93a0,core/icepick.cpp,54,20,stack_param,259
core_icepick.cpp_FUN_004f80b0,004f80b0,core/icepick.cpp,322,131,stack_param|suspect_float|unknown_field|badspacebase|pointer_cast|register_param|stack_ref,1667
core_icepick.cpp_FUN_004f7df0,004f7df0,core/icepick.cpp,36,0,,36
core_icepick.cpp_FUN_004f8810,004f8810,core/icepick.cpp,70,37,stack_param|badspacebase|register_param|stack_ref,460
core_icepick.cpp_FUN_004f97c0,004f97c0,core/icepick.cpp,8,2,stack_param,33
core_icepick.cpp_FUN_004f7db0,004f7db0,core/icepick.cpp,11,0,,11
core_icepick.cpp_FUN_004f97a0,004f97a0,core/icepick.cpp,8,2,stack_param,33
core_icepick.cpp_FUN_004f8970,004f8970,core/icepick.cpp,57,21,stack_param|unaffected_reg|badspacebase|register_param|stack_ref,292
core_icepick.cpp_FUN_004f9760,004f9760,core/icepick.cpp,6,2,stack_param,31
core_icepick.cpp_FUN_004f95a0,004f95a0,core/icepick.cpp,7,2,stack_param,32
core_icepick.cpp_CIcePick_FUN_004f95b0,004f95b0,core/icepick.cpp,69,29,stack_param,364
core_icepick.cpp_FUN_004f8b00,004f8b00,core/icepick.cpp,11,10,stack_param,116
core_icepick.cpp_FUN_004f97e0,004f97e0,core/icepick.cpp,22,6,stack_param|unaffected_reg,92
core_icepick.cpp_staticInit_FUN_004f7d80,004f7d80,core/icepick.cpp,8,0,,8
core_icepick.cpp_FUN_004f8b20,004f8b20,core/icepick.cpp,61,15,stack_param|unaffected_reg|badspacebase|register_param,231
core_icepick.cpp_CIcePick_load_FUN_004f9590,004f9590,core/icepick.cpp,7,2,stack_param,32
core_icepick.cpp_FUN_004f8ad0,004f8ad0,core/icepick.cpp,11,3,stack_param,46
core_icepick.cpp_FUN_004f8c70,004f8c70,core/icepick.cpp,294,120,stack_param|unaffected_reg|unknown_field|suspect_float|badspacebase|register_param,1524
core_hero.cpp_FUN_004f3120,004f3120,core/hero.cpp,82,21,stack_param|sub_artifact|concat_artifact|unaffected_reg|badspacebase|register_param|stack_ref,327
core_hero.cpp_FUN_004f2af0,004f2af0,core/hero.cpp,56,11,stack_param|badspacebase|register_param|stack_ref,186
core_hero.cpp_FUN_004f3350,004f3350,core/hero.cpp,18,5,stack_param,73
core_hero.cpp_CHero_FUN_004f29b0,004f29b0,core/hero.cpp,24,0,,24
core_hero.cpp_FUN_004f2220,004f2220,core/hero.cpp,28,8,stack_param|pointer_cast,118
core_hero.cpp_FUN_004f3580,004f3580,core/hero.cpp,11,4,stack_param,56
core_hero.cpp_CHero_FUN_004f3b20,004f3b20,core/hero.cpp,44,0,,44
core_hero.cpp_FUN_004f33b0,004f33b0,core/hero.cpp,68,16,stack_param|unknown_field|badspacebase|register_param|stack_ref,253
core_hero.cpp_CHero_FUN_004f3af0,004f3af0,core/hero.cpp,6,0,,6
core_hero.cpp_CHeroPlaceholder_serialize_FUN_004f3ef0,004f3ef0,core/hero.cpp,7,2,stack_param,32
core_hero.cpp_FUN_004f2f50,004f2f50,core/hero.cpp,65,18,stack_param|unaffected_reg|unknown_field|badspacebase|register_param,270
core_hero.cpp_CHero_FUN_004f25c0,004f25c0,core/hero.cpp,14,6,stack_param,79
core_hero.cpp_FUN_004f35b0,004f35b0,core/hero.cpp,71,16,stack_param|badspacebase|register_param|stack_ref,251
core_hero.cpp_FUN_004f2d70,004f2d70,core/hero.cpp,52,4,unaffected_reg|badspacebase|register_param,107
core_hero.cpp_FUN_004f30f0,004f30f0,core/hero.cpp,11,3,stack_param,46
core_hero.cpp_FUN_004f2340,004f2340,core/hero.cpp,37,27,stack_param|extra_output,317
core_hero.cpp_CHero_FUN_004f2870,004f2870,core/hero.cpp,4,0,,4
core_hero.cpp_CHero_FUN_004f3f20,004f3f20,core/hero.cpp,7,2,stack_param,32
core_hero.cpp_CallInventorySelectHealth_FUN_004f3760,004f3760,core/hero.cpp,26,5,stack_param,81
core_hero.cpp_FUN_004f3930,004f3930,core/hero.cpp,10,5,stack_param,65
core_hero.cpp_FUN_004f22a0,004f22a0,core/hero.cpp,29,10,stack_param|pointer_cast,139
core_hero.cpp_CHero_FUN_004f2a30,004f2a30,core/hero.cpp,37,5,stack_param|unaffected_reg,97
core_hero.cpp_CHeroPlaceholder_createHero_FUN_004f3d80,004f3d80,core/hero.cpp,65,11,stack_param,180
core_hero.cpp_staticInit_FUN_004f2120,004f2120,core/hero.cpp,12,0,,12
core_hero.cpp_CHero_FUN_004f28d0,004f28d0,core/hero.cpp,44,11,stack_param|badspacebase|register_param|stack_ref,174
core_hero.cpp_CHeroPlaceholder_getActorType_FUN_004f3bf0,004f3bf0,core/hero.cpp,5,0,,5
core_hero.cpp_FUN_004f3890,004f3890,core/hero.cpp,15,7,stack_param,90
core_hero.cpp_CHeroPlaceholder_FUN_004f3f60,004f3f60,core/hero.cpp,8,4,stack_param,53
core_hero.cpp_CHero_FUN_004f28a0,004f28a0,core/hero.cpp,4,0,,4
core_hero.cpp_CHero_dtor_FUN_004f2470,004f2470,core/hero.cpp,29,3,negative_offset|pointer_cast,69
core_hero.cpp_CHero_FUN_004f37d0,004f37d0,core/hero.cpp,25,2,unaffected_reg,50
core_hero.cpp_CHero_FUN_004f2580,004f2580,core/hero.cpp,12,4,stack_param,57
core_hero.cpp_FUN_004f38d0,004f38d0,core/hero.cpp,18,5,stack_param,73
core_hero.cpp_FUN_004f3bc0,004f3bc0,core/hero.cpp,11,0,,11
core_hero.cpp_closestHeroToPoint_FUN_004f2170,004f2170,core/hero.cpp,36,6,stack_param|sborrow_artifact|pointer_cast,111
core_hero.cpp_CHero_FUN_004f2540,004f2540,core/hero.cpp,9,0,,9
core_hero.cpp_CHeroPlaceholder_dtor_FUN_004f3c30,004f3c30,core/hero.cpp,18,0,,18
core_hero.cpp_FUN_004f3960,004f3960,core/hero.cpp,59,17,stack_param|badspacebase|register_param|stack_ref,249
core_hero.cpp_CHeroPlaceholder_FUN_004f3d20,004f3d20,core/hero.cpp,11,7,stack_param,86
core_hero.cpp_FUN_004f2c40,004f2c40,core/hero.cpp,43,10,stack_param|badspacebase|register_param|stack_ref,163
core_hero.cpp_FUN_004f2ed0,004f2ed0,core/hero.cpp,20,7,stack_param,95
core_hero.cpp_CHeroPlaceholder_FUN_004f3c90,004f3c90,core/hero.cpp,21,3,badspacebase|register_param|stack_ref,66
core_hero.cpp_CHero_FUN_004f3fa0,004f3fa0,core/hero.cpp,12,2,stack_param,37
core_hero.cpp_CHero_FUN_004f2880,004f2880,core/hero.cpp,4,0,,4
core_hero.cpp_CHero_FUN_004f2890,004f2890,core/hero.cpp,15,2,stack_param,40
core_hero.cpp_CHero_serialize_FUN_004f2610,004f2610,core/hero.cpp,79,3,badspacebase|register_param|stack_ref,124
core_hero.cpp_FUN_004f3910,004f3910,core/hero.cpp,10,4,stack_param,55
core_hero.cpp_FUN_004f3c00,004f3c00,core/hero.cpp,9,0,,9
core_trash.cpp_CTrash_FUN_005df6d0,005df6d0,core/trash.cpp,4,0,,4
core_trash.cpp_CTrash_process_FUN_005decf0,005decf0,core/trash.cpp,267,19,stack_param|badspacebase|register_param|stack_ref,477
core_trash.cpp_CTrash_ctor_FUN_005deb70,005deb70,core/trash.cpp,12,2,negative_offset,37
core_trash.cpp_CTrash_FUN_005df750,005df750,core/trash.cpp,13,0,,13
core_trash.cpp_CTrash_FUN_005df550,005df550,core/trash.cpp,27,6,suspect_float|badspacebase|register_param|stack_ref,107
core_trash.cpp_CTrash_FUN_005df6e0,005df6e0,core/trash.cpp,8,4,stack_param,53
core_trash.cpp_CTrash_FUN_005df720,005df720,core/trash.cpp,10,5,stack_param,65
core_trash.cpp_CTrash_FUN_005df610,005df610,core/trash.cpp,30,22,stack_param|badspacebase|register_param,265
core_trash.cpp_staticInit_FUN_005deb00,005deb00,core/trash.cpp,8,0,,8
core_trash.cpp_CTrash_serialize_FUN_005dec80,005dec80,core/trash.cpp,8,0,,8
core_trash.cpp_FUN_005decc0,005decc0,core/trash.cpp,8,3,stack_param,43
core_trash.cpp_CTrash_getActorType_FUN_005deb60,005deb60,core/trash.cpp,4,0,,4
core_trash.cpp_CTrash_FUN_005debc0,005debc0,core/trash.cpp,48,0,,48
core_trash.cpp_FUN_005deb30,005deb30,core/trash.cpp,11,0,,11
core_trash.cpp_CTrash_dtor_FUN_005df780,005df780,core/trash.cpp,16,0,,16
core_event.cpp_CEventList_saveState_FUN_004b1380,004b1380,core/event.cpp,81,0,,81
core_event.cpp_FUN_004b1890,004b1890,core/event.cpp,21,4,stack_param,66
core_event.cpp_CEventList_FUN_004b0330,004b0330,core/event.cpp,61,10,stack_param,166
core_event.cpp_CEventList_FUN_004add40,004add40,core/event.cpp,14,2,stack_param,39
core_event.cpp_FUN_004b19d0,004b19d0,core/event.cpp,62,19,stack_param|unaffected_reg|pointer_cast|register_param,272
core_event.cpp_FUN_004b1b41,004b1b41,core/event.cpp,7,0,,7
core_event.cpp_CEventList_FUN_004b0830,004b0830,core/event.cpp,10,2,stack_param,35
core_event.cpp_CRuleList_insert_FUN_004b1680,004b1680,core/event.cpp,50,25,stack_param|unaffected_reg|pointer_cast,315
core_event.cpp_CEventList_FUN_004aabe0,004aabe0,core/event.cpp,6,0,,6
core_event.cpp_FUN_004aa2d0,004aa2d0,core/event.cpp,8,4,stack_param,53
core_event.cpp_FUN_004b19b1,004b19b1,core/event.cpp,8,0,,8
core_event.cpp_DifferentWaysToDie2_FUN_004aa960,004aa960,core/event.cpp,42,16,stack_param,207
core_event.cpp_CEventList_setTimerEvent_FUN_004b05a0,004b05a0,core/event.cpp,54,11,stack_param,169
core_event.cpp_FUN_004aa270,004aa270,core/event.cpp,19,5,stack_param,74
core_event.cpp_FUN_004aa650,004aa650,core/event.cpp,31,7,stack_param,106
core_event.cpp_FUN_004aa2f0,004aa2f0,core/event.cpp,10,6,stack_param,75
core_event.cpp_FUN_004b1980,004b1980,core/event.cpp,8,2,stack_param,33
core_event.cpp_FUN_004b1670,004b1670,core/event.cpp,6,2,stack_param,31
core_event.cpp_CEventList_FUN_004addf0,004addf0,core/event.cpp,107,8,unaffected_reg|badspacebase|register_param|stack_ref,207
core_event.cpp_CEventList_FUN_004ae140,004ae140,core/event.cpp,1496,158,stack_param|badspacebase|register_param,3091
core_event.cpp_CEventList_FUN_004adc10,004adc10,core/event.cpp,27,0,,27
core_event.cpp_CEventList_FUN_004b08b0,004b08b0,core/event.cpp,20,2,stack_param,45
core_event.cpp_CEventList_FUN_004add80,004add80,core/event.cpp,28,4,stack_param|unaffected_reg,78
core_event.cpp_FUN_004b1a59,004b1a59,core/event.cpp,7,0,,7
core_event.cpp_CEventList_setCounter_FUN_004b0720,004b0720,core/event.cpp,50,10,stack_param,155
core_event.cpp_FUN_004aa6c0,004aa6c0,core/event.cpp,78,21,stack_param,293
core_event.cpp_FUN_004b18e0,004b18e0,core/event.cpp,10,0,,10
core_event.cpp_FUN_004b19a1,004b19a1,core/event.cpp,8,0,,8
core_event.cpp_CEventList_FUN_004aacc0,004aacc0,core/event.cpp,2066,116,stack_param|sub_artifact|badspacebase|pointer_cast|register_param|stack_ref,3256
core_event.cpp_CEventList_FUN_004b0270,004b0270,core/event.cpp,53,12,stack_param,178
core_event.cpp_FUN_004b1b1c,004b1b1c,core/event.cpp,8,2,pointer_cast,33
core_event.cpp_FUN_004b19c1,004b19c1,core/event.cpp,8,0,,8
core_event.cpp_CEventList_FUN_004aac00,004aac00,core/event.cpp,43,9,stack_param|badspacebase|register_param,148
core_event.cpp_staticInit_FUN_004aa260,004aa260,core/event.cpp,5,0,,5
core_event.cpp_CEventList_FUN_004b0b80,004b0b80,core/event.cpp,21,0,,21
core_event.cpp_CRuleList_remove_FUN_004b17c0,004b17c0,core/event.cpp,20,9,stack_param,115
core_event.cpp_FUN_004aa2a0,004aa2a0,core/event.cpp,10,5,stack_param|badspacebase|register_param|stack_ref,80
core_event.cpp_FUN_004b1b5c,004b1b5c,core/event.cpp,61,5,pointer_cast,116
core_event.cpp_FUN_004aa530,004aa530,core/event.cpp,41,30,stack_param|unaffected_reg|badspacebase|pointer_cast|register_param|stack_ref,371
core_event.cpp_FUN_004aa400,004aa400,core/event.cpp,60,2,unaffected_reg,85
core_event.cpp_CEventList_ctor_FUN_004aaa50,004aaa50,core/event.cpp,6,0,,6
core_event.cpp_CEventList_FUN_004b0db0,004b0db0,core/event.cpp,58,23,stack_param|sub_artifact|concat_artifact|unaffected_reg|unknown_field|badspacebase|pointer_cast|register_param|stack_ref,333
core_event.cpp_FUN_004b1a78,004b1a78,core/event.cpp,81,29,stack_param|unaffected_reg|pointer_cast|register_param,391
core_event.cpp_CEventList_evaluateCondition_FUN_004adca0,004adca0,core/event.cpp,21,0,,21
core_event.cpp_CEventList_setActorVariable_FUN_004b09a0,004b09a0,core/event.cpp,83,25,stack_param|unaffected_reg,343
core_event.cpp_CEventList_FUN_004b0c40,004b0c40,core/event.cpp,10,0,,10
core_event.cpp_CEventList_FUN_004b0f00,004b0f00,core/event.cpp,27,0,,27
core_event.cpp_CEventList_FUN_004b0950,004b0950,core/event.cpp,20,2,stack_param,45
core_event.cpp_CEventList_FUN_004b0d60,004b0d60,core/event.cpp,20,2,stack_param,45
core_event.cpp_CEventList_loadState_FUN_004b0fc0,004b0fc0,core/event.cpp,93,38,stack_param|badspacebase|register_param|stack_ref,493
core_event.cpp_CEventList_setSfxHandle_FUN_004b0c80,004b0c80,core/event.cpp,48,8,stack_param,133
core_event.cpp_FUN_004b0f90,004b0f90,core/event.cpp,9,4,stack_param,54
core_event.cpp_FUN_004b1b31,004b1b31,core/event.cpp,7,0,,7
core_event.cpp_FUN_004aa320,004aa320,core/event.cpp,30,7,stack_param,105
core_event.cpp_CEventList_FUN_004b0860,004b0860,core/event.cpp,20,2,stack_param,45
core_event.cpp_FUN_004b1930,004b1930,core/event.cpp,11,14,stack_param,156
core_event.cpp_CEventList_process_FUN_004aaac0,004aaac0,core/event.cpp,50,1,pointer_cast,65
core_event.cpp_CEventList_FUN_004aaa70,004aaa70,core/event.cpp,11,0,,11
core_event.cpp_FUN_004b1970,004b1970,core/event.cpp,5,2,stack_param,30
core_event.cpp_CEventList_FUN_004b0bf0,004b0bf0,core/event.cpp,20,2,stack_param,45
core_event.cpp_FUN_004b1a49,004b1a49,core/event.cpp,7,0,,7
core_event.cpp_FUN_004aa3c0,004aa3c0,core/event.cpp,13,5,stack_param|badspacebase|register_param|stack_ref,83
core_event.cpp_CEventList_FUN_004b0460,004b0460,core/event.cpp,5,0,,5
core_event.cpp_CEventList_FUN_004add00,004add00,core/event.cpp,14,2,stack_param,39
core_event.cpp_DifferentWaysToDie_FUN_004aa7d0,004aa7d0,core/event.cpp,67,26,stack_param,332
core_event.cpp_CEventList_FUN_004b0900,004b0900,core/event.cpp,20,2,stack_param,45
core_event.cpp_CEventList_FUN_004b0470,004b0470,core/event.cpp,60,10,stack_param,165
core_event.cpp_FUN_004b1b54,004b1b54,core/event.cpp,6,0,,6
core_flamecan.cpp_FUN_004cb390,004cb390,core/flamecan.cpp,31,12,stack_param,156
core_flamecan.cpp_staticInit_FUN_004cb0f0,004cb0f0,core/flamecan.cpp,8,0,,8
core_flamecan.cpp_FUN_004cb580,004cb580,core/flamecan.cpp,22,9,stack_param|badspacebase|register_param,127
core_flamecan.cpp_FUN_004cb690,004cb690,core/flamecan.cpp,19,10,stack_param,124
core_flamecan.cpp_FUN_004cb120,004cb120,core/flamecan.cpp,11,0,,11
core_flamecan.cpp_FUN_004cb6e0,004cb6e0,core/flamecan.cpp,13,8,stack_param,98
core_flamecan.cpp_FUN_004cb160,004cb160,core/flamecan.cpp,43,4,negative_offset,88
core_flamecan.cpp_FUN_004cb200,004cb200,core/flamecan.cpp,46,35,stack_param|unaffected_reg|badspacebase|register_param|stack_ref,421
core_flamecan.cpp_FUN_004cb340,004cb340,core/flamecan.cpp,14,3,stack_param,49
core_flamecan.cpp_ClassStart_FUN_004cb150,004cb150,core/flamecan.cpp,5,0,,5
core_flamecan.cpp_FUN_004cb680,004cb680,core/flamecan.cpp,5,0,,5
core_flamecan.cpp_FUN_004cad90,004cad90,core/flamecan.cpp,28,14,stack_param|badspacebase|register_param|stack_ref,188
core_flamecan.cpp_FUN_004cb750,004cb750,core/flamecan.cpp,19,8,stack_param,104
core_flamecan.cpp_FUN_004cb550,004cb550,core/flamecan.cpp,10,4,stack_param,55
core_flamecan.cpp_CFlameCan_load_FUN_004cb620,004cb620,core/flamecan.cpp,15,6,stack_param,80
core_flamecan.cpp_FUN_004cb4c0,004cb4c0,core/flamecan.cpp,20,6,stack_param,85
core_flamecan.cpp_FUN_004cb7a0,004cb7a0,core/flamecan.cpp,21,1,negative_offset,36
core_flame.cpp_FUN_004cac00,004cac00,core/flame.cpp,18,13,stack_param,153
core_flame.cpp_FUN_004c9c00,004c9c00,core/flame.cpp,157,58,stack_param|sub_artifact|extra_output|badspacebase|pointer_cast|register_param,767
core_flame.cpp_FUN_004c9a60,004c9a60,core/flame.cpp,11,0,,11
core_flame.cpp_FUN_004caa80,004caa80,core/flame.cpp,62,27,stack_param|suspect_float|badspacebase|register_param|stack_ref,357
core_flame.cpp_ClassStart_FUN_004c9a90,004c9a90,core/flame.cpp,5,0,,5
core_flame.cpp_FUN_004cb0a0,004cb0a0,core/flame.cpp,16,8,stack_param,101
core_flame.cpp_FUN_004c9b90,004c9b90,core/flame.cpp,25,4,stack_param,70
core_flame.cpp_FUN_004caf60,004caf60,core/flame.cpp,58,35,stack_param,413
core_flame.cpp_FUN_004cad80,004cad80,core/flame.cpp,5,0,,5
core_flame.cpp_CFlame_ctor_FUN_004c9aa0,004c9aa0,core/flame.cpp,43,0,,43
core_flame.cpp_CFlame_load_FUN_004cac60,004cac60,core/flame.cpp,41,12,stack_param,166
core_flame.cpp_staticInit_FUN_004c9a30,004c9a30,core/flame.cpp,8,0,,8
core_flame.cpp_FUN_004ca110,004ca110,core/flame.cpp,290,80,stack_param|unaffected_reg|suspect_float|badspacebase|pointer_cast|register_param,1120
core_flame.cpp_FUN_004cae70,004cae70,core/flame.cpp,18,13,stack_param,153
core_flame.cpp_FUN_004cb0e0,004cb0e0,core/flame.cpp,5,0,,5
core_flame.cpp_FUN_004caa70,004caa70,core/flame.cpp,7,2,stack_param,32
core_mirror.cpp_CMirror_renderMirrorQuad_FUN_00522670,00522670,core/mirror.cpp,35,11,unknown_field|badspacebase|register_param|stack_ref,165
core_mirror.cpp_applyMirrorTransform_FUN_005222f0,005222f0,core/mirror.cpp,8,0,,8
core_mirror.cpp_transformMirrorEdgeToIntegerSpace_FUN_00522a50,00522a50,core/mirror.cpp,63,27,unaffected_reg|unknown_field|badspacebase|pointer_cast|register_param|stack_ref,363
core_mirror.cpp_setupMirrorReflection_FUN_005214c0,005214c0,core/mirror.cpp,423,65,stack_param|sub_artifact|unknown_field|badspacebase|pointer_cast|register_param|stack_ref,1108
core_mirror.cpp_computePlaneIntersection_FUN_00521160,00521160,core/mirror.cpp,41,2,badspacebase|register_param,71
core_mirror.cpp_CMirror_dtor_FUN_005213e0,005213e0,core/mirror.cpp,6,2,extra_output,31
core_mirror.cpp_clipPolygonAgainstPlane_FUN_00521290,00521290,core/mirror.cpp,64,0,,64
core_mirror.cpp_CMirror_setupCorners_FUN_00521400,00521400,core/mirror.cpp,32,0,,32
core_mirror.cpp_computePlaneFromTriangle_FUN_00520fe0,00520fe0,core/mirror.cpp,47,2,badspacebase|register_param,77
core_mirror.cpp_CMirror_clipAndRenderReflectedPrimitive_FUN_00522560,00522560,core/mirror.cpp,13,0,,13
core_mirror.cpp_CMirror_renderMirroredPrimitive_FUN_005225e0,005225e0,core/mirror.cpp,24,0,,24
core_mirror.cpp_staticInit_FUN_00520fb0,00520fb0,core/mirror.cpp,8,0,,8
core_mirror.cpp_freeClipPlaneArray_FUN_00522c10,00522c10,core/mirror.cpp,5,0,,5
core_mirror.cpp_CMirror_renderReflectedPrimitive_FUN_005225a0,005225a0,core/mirror.cpp,13,0,,13
core_mirror.cpp_SClipPlane_dtor_FUN_00522c00,00522c00,core/mirror.cpp,4,0,,4
core_mirror.cpp_CMirror_reflectAndClipPrimitive_FUN_00522310,00522310,core/mirror.cpp,79,21,stack_param|pointer_cast,299
core_mirror.cpp_setupMirrorCamera_FUN_00521480,00521480,core/mirror.cpp,10,0,,10
core_mirror.cpp_freeVectorArray32_FUN_00522c30,00522c30,core/mirror.cpp,5,0,,5
core_mirror.cpp_CMirror_ctor_FUN_005213c0,005213c0,core/mirror.cpp,7,1,pointer_cast,22
core_mirror.cpp_SClipPlane_ctor_FUN_00522bf0,00522bf0,core/mirror.cpp,4,0,,4
core_mirror.cpp_transformMirrorVertex_FUN_005229b0,005229b0,core/mirror.cpp,33,8,unaffected_reg|badspacebase|pointer_cast|register_param,133
core_mirror.cpp_CMirror_renderMirrorQuadDepth_FUN_00522800,00522800,core/mirror.cpp,62,12,unknown_field|badspacebase|pointer_cast|register_param,202
core_smiley.cpp_FUN_005a37f0,005a37f0,core/smiley.cpp,8,2,stack_param,33
core_smiley.cpp_CSmiley_ctor_FUN_005a2430,005a2430,core/smiley.cpp,51,0,,51
core_smiley.cpp_FUN_005a3160,005a3160,core/smiley.cpp,29,14,stack_param|badspacebase|register_param|stack_ref,189
core_smiley.cpp_FUN_005a3690,005a3690,core/smiley.cpp,55,32,stack_param|badspacebase|register_param|stack_ref,395
core_smiley.cpp_FUN_005a2420,005a2420,core/smiley.cpp,5,0,,5
core_smiley.cpp_CSmiley_load_FUN_005a3220,005a3220,core/smiley.cpp,16,5,stack_param,71
core_smiley.cpp_FUN_005a32a0,005a32a0,core/smiley.cpp,100,58,stack_param,685
core_smiley.cpp_FUN_005a23f0,005a23f0,core/smiley.cpp,11,0,,11
core_smiley.cpp_FUN_005a3580,005a3580,core/smiley.cpp,43,16,stack_param,208
core_smiley.cpp_staticInit_FUN_005a23c0,005a23c0,core/smiley.cpp,8,0,,8
core_smiley.cpp_FUN_005a3850,005a3850,core/smiley.cpp,10,4,stack_param,55
core_smiley.cpp_FUN_005a2800,005a2800,core/smiley.cpp,398,147,stack_param|suspect_float|badspacebase|register_param|stack_ref,1893
core_smiley.cpp_CSmiley_dtor_FUN_005a3880,005a3880,core/smiley.cpp,30,1,negative_offset,45
core_smiley.cpp_FUN_005a3280,005a3280,core/smiley.cpp,4,0,,4
core_smiley.cpp_FUN_005a24d0,005a24d0,core/smiley.cpp,102,28,stack_param|suspect_float,392
core_smiley.cpp_FUN_005a3810,005a3810,core/smiley.cpp,11,5,stack_param,66
core_actor.cpp_CDemonActor_restoreRenderState_FUN_00408b40,00408b40,core/actor.cpp,5,0,,5
core_actor.cpp_CActorPropertyList_FUN_0040e850,0040e850,core/actor.cpp,42,12,stack_param|badspacebase|register_param|stack_ref,182
core_actor.cpp_CBoundingBox3D_dtor_FUN_00410490,00410490,core/actor.cpp,4,0,,4
core_actor.cpp_CActorPropertyList_FUN_0040e770,0040e770,core/actor.cpp,39,22,stack_param|unaffected_reg,269
core_actor.cpp_CDemonActor_setPositionAndOrientation_FUN_00409fb0,00409fb0,core/actor.cpp,17,0,,17
core_actor.cpp_CActorPropertyList_FUN_0040e350,0040e350,core/actor.cpp,29,10,stack_param,134
core_actor.cpp_FUN_004103d0,004103d0,core/actor.cpp,9,8,stack_param,94
core_actor.cpp_normalizeAngleToPi_FUN_0040cd70,0040cd70,core/actor.cpp,23,3,sub_artifact|concat_artifact,63
core_actor.cpp_CDemonActor_serialize_FUN_0040c1c0,0040c1c0,core/actor.cpp,20,3,badspacebase|register_param|stack_ref,65
core_actor.cpp_FUN_00410380,00410380,core/actor.cpp,7,7,stack_param,82
core_actor.cpp_serializeQuaternion_FUN_0040b520,0040b520,core/actor.cpp,21,2,stack_param,46
core_actor.cpp_CDemonActor_evaluateTriggerCondition_FUN_00409f40,00409f40,core/actor.cpp,7,0,,7
core_actor.cpp_CActorPropertyList_FUN_0040e290,0040e290,core/actor.cpp,12,7,stack_param,87
core_actor.cpp_CVector_dtor_FUN_00410350,00410350,core/actor.cpp,4,0,,4
core_actor.cpp_CDemonActor_stopUsing_FUN_0040a0d0,0040a0d0,core/actor.cpp,7,0,,7
core_actor.cpp_CActorPropertyList_FUN_0040e480,0040e480,core/actor.cpp,8,4,stack_param,53
core_actor.cpp_draw3DPointMarker_FUN_00409930,00409930,core/actor.cpp,65,5,stack_param|badspacebase|register_param|stack_ref,135
core_actor.cpp_serializeClothList_FUN_0040be60,0040be60,core/actor.cpp,64,0,,64
core_actor.cpp_matchesClassName_FUN_0040c740,0040c740,core/actor.cpp,7,2,badspacebase|register_param,37
core_actor.cpp_CDemonActor_getPathMap_FUN_004090a0,004090a0,core/actor.cpp,6,0,,6
core_actor.cpp_randomChance_FUN_0040cd10,0040cd10,core/actor.cpp,16,2,stack_param,41
core_actor.cpp_trimActorName_FUN_004087b0,004087b0,core/actor.cpp,30,0,,30
core_actor.cpp_getRandomFloat_FUN_0040cbc0,0040cbc0,core/actor.cpp,11,0,,11
core_actor.cpp_CDemonActor_updateInteraction_FUN_0040a0b0,0040a0b0,core/actor.cpp,9,0,,9
core_actor.cpp_CDemonActor_processActionButton_FUN_00409f60,00409f60,core/actor.cpp,9,0,,9
core_actor.cpp_CActorPropertyList_FUN_0040e640,0040e640,core/actor.cpp,12,7,stack_param,87
core_actor.cpp_CSlew_ctor_FUN_00410400,00410400,core/actor.cpp,4,0,,4
core_actor.cpp_CDemonActor_getTargetPoints_FUN_004098e0,004098e0,core/actor.cpp,8,0,,8
core_actor.cpp_serializeKeyframedModelInstance_FUN_0040b8f0,0040b8f0,core/actor.cpp,28,5,badspacebase|register_param|stack_ref,93
core_actor.cpp_CDemonActor_hasCollision_FUN_00408ca0,00408ca0,core/actor.cpp,8,0,,8
core_actor.cpp_drawBoundingBox_FUN_0040d470,0040d470,core/actor.cpp,166,36,stack_param|unknown_field|badspacebase|pointer_cast|register_param|stack_ref,556
core_actor.cpp_resetActorTypeInfo_FUN_0040c7f0,0040c7f0,core/actor.cpp,17,1,pointer_cast,32
core_actor.cpp_CDemonActor_getGroundType_FUN_00408d90,00408d90,core/actor.cpp,6,0,,6
core_actor.cpp_CDemonActor_onDropped_FUN_00409040,00409040,core/actor.cpp,7,0,,7
core_actor.cpp_CActorPropertyList_FUN_0040e670,0040e670,core/actor.cpp,12,6,stack_param,77
core_actor.cpp_CDemonActor_allowBulletHoles_FUN_004098a0,004098a0,core/actor.cpp,6,0,,6
core_actor.cpp_getRandomFloat_FUN_0040cc10,0040cc10,core/actor.cpp,16,0,,16
core_actor.cpp_copyToActorDebugBuffer_FUN_0040ac30,0040ac30,core/actor.cpp,23,0,,23
core_actor.cpp_crc32ProcessInt_FUN_0040cf50,0040cf50,core/actor.cpp,6,2,badspacebase|register_param,36
core_actor.cpp_CActorPropertyList_FUN_0040e9c0,0040e9c0,core/actor.cpp,14,10,stack_param,119
core_actor.cpp_CDemonActor_updateCollisionData_FUN_004098c0,004098c0,core/actor.cpp,6,0,,6
core_actor.cpp_CDemonActor_handleFootstep_FUN_0040ca10,0040ca10,core/actor.cpp,56,7,stack_param|extra_output|badspacebase|register_param|stack_ref,151
core_actor.cpp_CDemonActor_updateOrientationMatrix_FUN_00408c10,00408c10,core/actor.cpp,13,0,,13
core_actor.cpp_CDemonActor_onPickup_FUN_0040a010,0040a010,core/actor.cpp,7,0,,7
core_actor.cpp_CActorPropertyList_snag_FUN_0040e6c0,0040e6c0,core/actor.cpp,37,4,stack_param|pointer_cast,87
core_actor.cpp_CVector_ctor_FUN_00410340,00410340,core/actor.cpp,4,0,,4
core_actor.cpp_copyVector_FUN_00410360,00410360,core/actor.cpp,10,0,,10
core_actor.cpp_CDemonActor_doCheckForInvalidPointers_FUN_0040ac80,0040ac80,core/actor.cpp,111,6,pointer_cast,176
core_actor.cpp_getActorClassByName_FUN_0040c3c0,0040c3c0,core/actor.cpp,26,0,,26
core_actor.cpp_matchClassExpression_FUN_0040c610,0040c610,core/actor.cpp,54,0,,54
core_actor.cpp_CDemonActor_processInEditor_FUN_0040d040,0040d040,core/actor.cpp,52,26,stack_param|suspect_float|badspacebase|register_param|stack_ref,337
core_actor.cpp_CDemonActor_load_FUN_0040b050,0040b050,core/actor.cpp,69,14,stack_param|badspacebase|register_param|stack_ref,229
core_actor.cpp_CDemonActor_shouldIgnoreForTargeting_FUN_0040c720,0040c720,core/actor.cpp,4,0,,4
core_actor.cpp_CDemonActor_renderTargetPoints_FUN_00409b90,00409b90,core/actor.cpp,89,7,stack_param|suspect_float|badspacebase|register_param|stack_ref,184
core_actor.cpp_plotPixelWithBoundsCheck_FUN_00409900,00409900,core/actor.cpp,8,0,,8
core_actor.cpp_CDemonActor_spawnFlies_FUN_00409e70,00409e70,core/actor.cpp,14,0,,14
core_actor.cpp_CDemonActor_playSound_FUN_00408f60,00408f60,core/actor.cpp,7,0,,7
core_actor.cpp_CDemonActor_FUN_0040dec0,0040dec0,core/actor.cpp,74,49,stack_param|suspect_float|badspacebase|pointer_cast|register_param|stack_ref,594
core_actor.cpp_handleActorPropertyParseError_FUN_0040b210,0040b210,core/actor.cpp,31,0,,31
core_actor.cpp_FUN_0040ee50,0040ee50,core/actor.cpp,8,2,badspacebase|register_param,38
core_actor.cpp_CDemonActor_localToWorldPoint_FUN_00408ec0,00408ec0,core/actor.cpp,14,2,badspacebase|register_param,44
core_actor.cpp_CDemonActor_testLineIntersection_FUN_00409150,00409150,core/actor.cpp,41,5,badspacebase|register_param|stack_ref,106
core_actor.cpp_serializedDeformableModelInstance_FUN_0040b970,0040b970,core/actor.cpp,28,5,badspacebase|register_param|stack_ref,93
core_actor.cpp_FUN_004103b0,004103b0,core/actor.cpp,8,6,stack_param,73
core_actor.cpp_serializeString_FUN_0040b5c0,0040b5c0,core/actor.cpp,35,0,,35
core_actor.cpp_CDemonActor_getCarrier_FUN_00409060,00409060,core/actor.cpp,6,0,,6
core_actor.cpp_draw3DLineSegment_FUN_0040d330,0040d330,core/actor.cpp,57,10,stack_param|badspacebase|pointer_cast|register_param|stack_ref,182
core_actor.cpp_CDemonActor_process_FUN_00408a80,00408a80,core/actor.cpp,6,0,,6
core_actor.cpp_registerActorClass_FUN_0040c2e0,0040c2e0,core/actor.cpp,46,0,,46
core_actor.cpp_CDemonActor_initializeInEditor_FUN_0040c730,0040c730,core/actor.cpp,4,0,,4
core_actor.cpp_CDemonActor_getActorClassName_FUN_00408b90,00408b90,core/actor.cpp,6,0,,6
core_actor.cpp_CDemonActor_playAmbientSound_FUN_00408f80,00408f80,core/actor.cpp,7,0,,7
core_actor.cpp_serializeOrientation_FUN_0040b3e0,0040b3e0,core/actor.cpp,21,2,stack_param,46
core_actor.cpp_CDemonActor_getActorType_FUN_00408b50,00408b50,core/actor.cpp,10,0,,10
core_actor.cpp_CActorPropertyList_FUN_0040e300,0040e300,core/actor.cpp,10,4,stack_param,55
core_actor.cpp_CDemonActor_drop_FUN_00409080,00409080,core/actor.cpp,8,0,,8
core_actor.cpp_CDemonActor_processMeleeHit_FUN_0040a210,0040a210,core/actor.cpp,300,73,stack_param|unknown_field|extra_output|badspacebase|register_param|stack_ref,1060
core_actor.cpp_CActorPropertyList_FUN_0040e1a0,0040e1a0,core/actor.cpp,15,9,stack_param,110
core_actor.cpp_CActorPropertyList_FUN_0040e160,0040e160,core/actor.cpp,12,6,stack_param,77
core_actor.cpp_CDemonActor_setupRenderState_FUN_00408b00,00408b00,core/actor.cpp,9,2,stack_param,34
core_actor.cpp_CDemonActor_fillAttackDamageInfo_FUN_0040abc0,0040abc0,core/actor.cpp,16,0,,16
core_actor.cpp_CDemonActor_ctor_FUN_004088b0,004088b0,core/actor.cpp,67,44,negative_offset|suspect_float|pointer_cast,522
core_actor.cpp_FUN_004104f0,004104f0,core/actor.cpp,7,5,stack_param,62
core_actor.cpp_matchClassTerm_FUN_0040c4f0,0040c4f0,core/actor.cpp,46,0,,46
core_actor.cpp_CDemonActor_customIntersectCylinderXZ_FUN_00408d10,00408d10,core/actor.cpp,11,0,,11
core_actor.cpp_hashClassName_FUN_0040c290,0040c290,core/actor.cpp,17,0,,17
core_actor.cpp_CDemonActor_renderTransparent_FUN_00408ac0,00408ac0,core/actor.cpp,6,0,,6
core_actor.cpp_CActorPropertyList_FUN_0040e260,0040e260,core/actor.cpp,11,6,stack_param,76
core_actor.cpp_CActorPropertyList_FUN_0040e5a0,0040e5a0,core/actor.cpp,30,22,stack_param|badspacebase|register_param|stack_ref,270
core_actor.cpp_CVector_copy_FUN_004104a0,004104a0,core/actor.cpp,7,0,,7
core_actor.cpp_CDemonActor_customGetFloorHeight_FUN_00408d50,00408d50,core/actor.cpp,11,0,,11
core_actor.cpp_CDemonActor_setup_FUN_00408bb0,00408bb0,core/actor.cpp,14,0,,14
core_actor.cpp_CDemonActor_getWorldBoundingBox_FUN_00409270,00409270,core/actor.cpp,74,8,suspect_float|badspacebase|register_param|stack_ref,174
core_actor.cpp_CActorProperty_editInteractive_FUN_0040eed0,0040eed0,core/actor.cpp,794,110,undefined_type|stack_param|sub_artifact|concat_artifact|unknown_field|extra_output|badspacebase|pointer_cast|register_param|stack_ref,1944
core_actor.cpp_crc32ProcessVector_FUN_0040cf70,0040cf70,core/actor.cpp,5,0,,5
core_actor.cpp_CActorPropertyList_FUN_0040e4d0,0040e4d0,core/actor.cpp,10,4,stack_param,55
core_actor.cpp_CDemonActor_dtor_FUN_00408a30,00408a30,core/actor.cpp,16,0,,16
core_actor.cpp_serializeMotionState_FUN_0040b9f0,0040b9f0,core/actor.cpp,36,2,stack_param,61
core_actor.cpp_createActorByName_FUN_0040c430,0040c430,core/actor.cpp,24,0,,24
core_actor.cpp_CDemonActor_getPropertyList_FUN_0040d290,0040d290,core/actor.cpp,19,0,,19
core_actor.cpp_CDemonActor_playSoundWithVolume_FUN_00408fa0,00408fa0,core/actor.cpp,8,0,,8
core_actor.cpp_CActorPropertyList_FUN_0040e330,0040e330,core/actor.cpp,8,4,stack_param,53
core_actor.cpp_FUN_0040e150,0040e150,core/actor.cpp,6,2,stack_param,31
core_actor.cpp_CDemonActor_getAllowedMeleeAttackTypes_FUN_0040a0f0,0040a0f0,core/actor.cpp,28,2,badspacebase|register_param,58
core_actor.cpp_serializeActor_FUN_0040b870,0040b870,core/actor.cpp,17,2,stack_param,42
core_actor.cpp_serializeVector_FUN_0040b340,0040b340,core/actor.cpp,18,2,stack_param,43
core_actor.cpp_CDemonActor_getInteractionInfo_FUN_0040a030,0040a030,core/actor.cpp,16,0,,16
core_actor.cpp_CDemonActor_processFootstep_FUN_0040c830,0040c830,core/actor.cpp,24,2,stack_param,49
core_actor.cpp_CDemonActor_customRayIntersect_FUN_00408cc0,00408cc0,core/actor.cpp,12,0,,12
core_actor.cpp_serializeFloat_FUN_0040b770,0040b770,core/actor.cpp,19,2,stack_param,44
core_actor.cpp_CDemonActor_renderBackground_FUN_00408ae0,00408ae0,core/actor.cpp,7,0,,7
core_actor.cpp_generateRandomValue_FUN_0040cba0,0040cba0,core/actor.cpp,5,0,,5
core_actor.cpp_freeVectors_FUN_00410500,00410500,core/actor.cpp,5,0,,5
core_actor.cpp_CActorPropertyList_FUN_0040e4a0,0040e4a0,core/actor.cpp,12,6,stack_param,77
core_actor.cpp_syncActorTypeIDs_FUN_0040c7c0,0040c7c0,core/actor.cpp,17,1,pointer_cast,32
core_actor.cpp_CDemonActor_pickup_FUN_00409020,00409020,core/actor.cpp,7,0,,7
core_actor.cpp_CDemonActor_getSurfaceProperties_FUN_00409840,00409840,core/actor.cpp,11,0,,11
core_actor.cpp_CDemonActor_rayIntersect_FUN_00409470,00409470,core/actor.cpp,154,17,stack_param|concat_artifact|unknown_field|badspacebase|register_param|stack_ref,354
core_actor.cpp_serializeInteger_FUN_0040b7f0,0040b7f0,core/actor.cpp,17,2,stack_param,42
core_actor.cpp_skipWhitespace_FUN_0040c4d0,0040c4d0,core/actor.cpp,7,0,,7
core_actor.cpp_CActorPropertyList_FUN_0040e2d0,0040e2d0,core/actor.cpp,10,4,stack_param,55
core_actor.cpp_updateClassNameHash_FUN_0040c260,0040c260,core/actor.cpp,6,0,,6
core_actor.cpp_CDemonActor_playAttackHitEffects_FUN_0040ac20,0040ac20,core/actor.cpp,6,0,,6
core_actor.cpp_crc32ProcessString_FUN_0040cf90,0040cf90,core/actor.cpp,12,0,,12
core_actor.cpp_CActorPropertyList_FUN_0040e460,0040e460,core/actor.cpp,8,4,stack_param,53
core_actor.cpp_CDemonActor_canPickup_FUN_00409000,00409000,core/actor.cpp,7,0,,7
core_actor.cpp_CActorPropertyList_FUN_0040e3e0,0040e3e0,core/actor.cpp,36,16,stack_param,201
core_actor.cpp_deleteActor_FUN_00408820,00408820,core/actor.cpp,22,10,stack_param,127
core_actor.cpp_CDemonActor_processFootstepAtOffset_FUN_0040c8f0,0040c8f0,core/actor.cpp,40,14,stack_param|unaffected_reg|badspacebase|register_param|stack_ref,205
core_actor.cpp_CActorPropertyList_FUN_0040e500,0040e500,core/actor.cpp,31,18,stack_param|badspacebase|register_param|stack_ref,231
core_actor.cpp_CDemonActor_playAmbientSoundWithVolume_FUN_00408fd0,00408fd0,core/actor.cpp,8,0,,8
core_actor.cpp_CDemonActor_calculateChecksum_FUN_00409ec0,00409ec0,core/actor.cpp,11,0,,11
core_actor.cpp_CDemonActor_startInteraction_FUN_0040a090,0040a090,core/actor.cpp,7,0,,7
core_actor.cpp_CSlew_dtor_FUN_00410410,00410410,core/actor.cpp,4,0,,4
core_actor.cpp_FUN_004104d0,004104d0,core/actor.cpp,7,5,stack_param,62
core_actor.cpp_serializeRules_FUN_0040c000,0040c000,core/actor.cpp,70,11,stack_param,185
core_actor.cpp_CActorProperty_FUN_0040ea50,0040ea50,core/actor.cpp,274,85,stack_param|pointer_cast,1134
core_actor.cpp_CActorPropertyList_FUN_0040e1e0,0040e1e0,core/actor.cpp,12,6,stack_param,77
core_actor.cpp_CDemonActor_transformVector_FUN_00408e80,00408e80,core/actor.cpp,7,0,,7
core_actor.cpp_CDemonActor_showEditorHelp_FUN_0040d150,0040d150,core/actor.cpp,16,0,,16
core_actor.cpp_drawTextLine_FUN_0040d240,0040d240,core/actor.cpp,6,0,,6
core_actor.cpp_serializeSimBox_FUN_0040bd70,0040bd70,core/actor.cpp,34,2,stack_param,59
core_actor.cpp_getRandomInt_FUN_0040cc70,0040cc70,core/actor.cpp,26,1,concat_artifact,41
core_actor.cpp_castToClassHash_FUN_0040c790,0040c790,core/actor.cpp,15,0,,15
core_actor.cpp_serializeLocalizedString_FUN_0040b6e0,0040b6e0,core/actor.cpp,53,3,badspacebase|pointer_cast|register_param,98
core_actor.cpp_CDemonActor_worldToLocalPoint_FUN_00408f10,00408f10,core/actor.cpp,13,2,badspacebase|register_param,43
core_actor.cpp_setRandomSeed_FUN_0040cb90,0040cb90,core/actor.cpp,5,0,,5
core_actor.cpp_checkNameHash_FUN_0040c700,0040c700,core/actor.cpp,12,0,,12
core_actor.cpp_CDemonActor_onAreaDeleted_FUN_0040cfe0,0040cfe0,core/actor.cpp,11,0,,11
core_actor.cpp_FUN_004104e0,004104e0,core/actor.cpp,7,5,stack_param,62
core_actor.cpp_adjustIndentationLevel_FUN_0040aee0,0040aee0,core/actor.cpp,24,0,,24
core_actor.cpp_CDemonActor_getBlockVirtualDirectorFlag_FUN_00409880,00409880,core/actor.cpp,7,0,,7
core_actor.cpp_serializePartStatus_FUN_0040bae0,0040bae0,core/actor.cpp,80,11,unaffected_reg|badspacebase|pointer_cast|register_param|stack_ref,215
core_actor.cpp_CActorPropertyList_FUN_0040e3b0,0040e3b0,core/actor.cpp,12,6,stack_param,77
core_actor.cpp_CDemonActor_renderOpaque_FUN_00408aa0,00408aa0,core/actor.cpp,6,0,,6
core_actor.cpp_FUN_0040fffe,0040fffe,core/actor.cpp,143,37,stack_param|unaffected_reg|badspacebase|pointer_cast|register_param|stack_ref,543
core_actor.cpp_CDemonActor_inverseTransformVector_FUN_00408ea0,00408ea0,core/actor.cpp,8,0,,8
core_actor.cpp_CDemonActor_getBoundingBox_FUN_00408c70,00408c70,core/actor.cpp,12,0,,12
core_actor.cpp_CDemonActor_save_FUN_0040af30,0040af30,core/actor.cpp,35,4,stack_param,80
core_actor.cpp_rayCylinderIntersect_FUN_00408340,00408340,core/actor.cpp,118,2,badspacebase|register_param,148
core_actor.cpp_CDemonActor_onActorDeleted_FUN_0040d000,0040d000,core/actor.cpp,13,2,stack_param,38
core_actor.cpp_serializeDescription_FUN_0040b290,0040b290,core/actor.cpp,31,0,,31
core_actor.cpp_isOfClass_FUN_0040c6d0,0040c6d0,core/actor.cpp,11,0,,11
core_actor.cpp_CDemonActor_writeDependencies_FUN_0040cfd0,0040cfd0,core/actor.cpp,5,0,,5
core_actor.cpp_FUN_0040ee30,0040ee30,core/actor.cpp,6,2,stack_param,31
core_actor.cpp_isOfClassHash_FUN_0040c760,0040c760,core/actor.cpp,11,0,,11
core_actor.cpp_CDemonActor_renderBoundingBox_FUN_0040d940,0040d940,core/actor.cpp,166,48,stack_param|suspect_float|badspacebase|pointer_cast|register_param|stack_ref,676
core_actor.cpp_drawTwoColumnPropertyLine_FUN_0040d1e0,0040d1e0,core/actor.cpp,13,2,stack_param,38
core_actor.cpp_SDamageInfo_dtor_FUN_00410420,00410420,core/actor.cpp,4,0,,4
core_actor.cpp_CActorPropertyList_FUN_0040e220,0040e220,core/actor.cpp,15,9,stack_param,110
core_actor.cpp_CDemonActor_testRayIntersection_FUN_004093f0,004093f0,core/actor.cpp,22,13,stack_param|badspacebase|register_param|stack_ref,172
core_actor.cpp_CBoundingBox3D_copy_FUN_00410440,00410440,core/actor.cpp,11,0,,11
core_actor.cpp_crc32ProcessBuffer_FUN_0040cf10,0040cf10,core/actor.cpp,14,0,,14
core_actor.cpp_CDemonActor_cylinderGroundCheck_FUN_00408db0,00408db0,core/actor.cpp,28,2,stack_param,53
core_actor.cpp_crc32ProcessByte_FUN_0040ce30,0040ce30,core/actor.cpp,61,0,,61
core_actor.cpp_initTransformCache_FUN_00408870,00408870,core/actor.cpp,12,0,,12
core_actor.cpp_FUN_0040e130,0040e130,core/actor.cpp,7,2,stack_param,32
core_actor.cpp_serializeLocation_FUN_0040b480,0040b480,core/actor.cpp,21,2,stack_param,46
core_actor.cpp_staticInit_FUN_00408320,00408320,core/actor.cpp,7,0,,7
core_actor.cpp_CBoundingBox3D_ctor_FUN_00410430,00410430,core/actor.cpp,4,0,,4
core_actor.cpp_CActorPropertyList_FUN_0040e6a0,0040e6a0,core/actor.cpp,8,4,stack_param,53
core_actor.cpp_CDemonActor_testPointInCylinder_FUN_004090c0,004090c0,core/actor.cpp,25,10,stack_param|unaffected_reg|badspacebase|register_param|stack_ref,150
core_actor.cpp_FUN_0040d270,0040d270,core/actor.cpp,5,0,,5
core_actor.cpp_CDemonActor_isActiveTarget_FUN_00409f20,00409f20,core/actor.cpp,6,0,,6
core_bride.cpp_FUN_00424800,00424800,core/bride.cpp,6,2,unaffected_reg,31
core_bride.cpp_FUN_00424a10,00424a10,core/bride.cpp,31,16,stack_param|badspacebase|register_param,206
core_bride.cpp_FUN_00424b50,00424b50,core/bride.cpp,10,4,stack_param,55
core_bride.cpp_CBride_dtor_FUN_00424b80,00424b80,core/bride.cpp,30,1,negative_offset,45
core_bride.cpp_CBride_load_FUN_00424560,00424560,core/bride.cpp,21,6,stack_param,86
core_bride.cpp_FUN_00423790,00423790,core/bride.cpp,5,0,,5
core_bride.cpp_FUN_00424aa0,00424aa0,core/bride.cpp,32,11,stack_param|badspacebase|register_param|stack_ref,162
core_bride.cpp_staticInit_FUN_00423700,00423700,core/bride.cpp,15,0,,15
core_bride.cpp_FUN_00424600,00424600,core/bride.cpp,80,42,stack_param,505
core_bride.cpp_FUN_00423810,00423810,core/bride.cpp,70,15,stack_param,225
core_bride.cpp_FUN_00423760,00423760,core/bride.cpp,11,0,,11
core_bride.cpp_FUN_00423a30,00423a30,core/bride.cpp,385,147,stack_param|extra_output|badspacebase|register_param|stack_ref,1880
core_bride.cpp_FUN_00424830,00424830,core/bride.cpp,75,37,stack_param|unaffected_reg|suspect_float|badspacebase|register_param|stack_ref,475
core_bride.cpp_CBride_ctor_FUN_004237a0,004237a0,core/bride.cpp,31,0,,31
core_bride.cpp_FUN_00424b10,00424b10,core/bride.cpp,10,4,stack_param,55
core_dcamera.cpp_CDemonCamera_endBackgroundScene_FUN_0044cdf0,0044cdf0,core/dcamera.cpp,66,8,stack_param|pointer_cast|register_param,161
core_dcamera.cpp_CDemonCamera_ctor_FUN_0044c030,0044c030,core/dcamera.cpp,14,0,,14
core_dcamera.cpp_CDemonCamera_saveCameraTransform_FUN_0044ef30,0044ef30,core/dcamera.cpp,131,35,suspect_float|extra_output|badspacebase|register_param,501
core_dcamera.cpp_CDemonCamera_allocLight_FUN_0044dde0,0044dde0,core/dcamera.cpp,10,0,,10
core_dcamera.cpp_CDemonCamera_restoreZBufferRectArray_FUN_0044c860,0044c860,core/dcamera.cpp,138,18,sborrow_artifact|badspacebase|pointer_cast|register_param,338
core_dcamera.cpp_renderCoronaScanlineSegment_FUN_00451340,00451340,core/dcamera.cpp,47,0,,47
core_dcamera.cpp_testCoronaVisibility_FUN_00451250,00451250,core/dcamera.cpp,36,0,,36
core_dcamera.cpp_CDemonCamera_uploadBackdropTexture_FUN_0044f310,0044f310,core/dcamera.cpp,64,5,pointer_cast,119
core_dcamera.cpp_CDemonCamera_free_FUN_0044c360,0044c360,core/dcamera.cpp,17,0,,17
core_dcamera.cpp_CDemonCamera_computeVisibleFrustumBounds_FUN_00454060,00454060,core/dcamera.cpp,183,63,stack_param|unaffected_reg|unknown_field|badspacebase|pointer_cast|register_param|stack_ref,848
core_dcamera.cpp_CDemonCamera_updateTransformMatrices_FUN_0044d1c0,0044d1c0,core/dcamera.cpp,35,7,stack_param|badspacebase|pointer_cast|register_param|stack_ref,130
core_dcamera.cpp_blendCoronaTextureSpan_FUN_004517f0,004517f0,core/dcamera.cpp,73,10,concat_artifact,178
core_dcamera.cpp_getLightmapPaletteValue_FUN_0044bb50,0044bb50,core/dcamera.cpp,4,0,,4
core_dcamera.cpp_CDemonCamera_loadImage_FUN_0044f3e0,0044f3e0,core/dcamera.cpp,469,61,stack_param|badspacebase|pointer_cast|register_param|stack_ref,1104
core_dcamera.cpp_CDemonCamera_endScene_FUN_0044cb80,0044cb80,core/dcamera.cpp,32,2,stack_param,57
core_dcamera.cpp_CDemonCamera_precomputeLight_FUN_0044de10,0044de10,core/dcamera.cpp,203,21,unaffected_reg|unknown_field|badspacebase|pointer_cast|register_param,438
core_dcamera.cpp_CDemonCamera_generateFogGrid_FUN_004529a0,004529a0,core/dcamera.cpp,5,0,,5
core_dcamera.cpp_CDemonCamera_blurCoronaBufferAndClearEdges_FUN_004509b0,004509b0,core/dcamera.cpp,38,0,,38
core_dcamera.cpp_CDemonCamera_blendFogPlanes_FUN_00453160,00453160,core/dcamera.cpp,39,1,pointer_cast,54
core_dcamera.cpp_staticInit_FUN_0044bb10,0044bb10,core/dcamera.cpp,8,0,,8
core_dcamera.cpp_CDemonCamera_transformVectorWithAlpha_FUN_0044dbd0,0044dbd0,core/dcamera.cpp,65,15,unaffected_reg|badspacebase|pointer_cast|register_param|stack_ref,240
core_dcamera.cpp_CDemonCamera_renderLightCoronas_FUN_00450ac0,00450ac0,core/dcamera.cpp,144,22,unaffected_reg|extra_output|sborrow_artifact|badspacebase|pointer_cast|register_param|stack_ref,399
core_dcamera.cpp_CDemonCamera_saveAlphaTransform_FUN_00453950,00453950,core/dcamera.cpp,41,7,stack_param|badspacebase|pointer_cast|register_param|stack_ref,136
core_dcamera.cpp_CDemonCamera_getFogValueAtPosition_FUN_00453700,00453700,core/dcamera.cpp,26,2,extra_output,51
core_dcamera.cpp_generateFogGrid_FUN_0044bba0,0044bba0,core/dcamera.cpp,87,12,stack_param,212
core_dcamera.cpp_CDemonCamera_copyFogPlaneToBuffer_FUN_00453020,00453020,core/dcamera.cpp,48,1,pointer_cast,63
core_dcamera.cpp_saveCameraFog_FUN_00453f10,00453f10,core/dcamera.cpp,19,4,sub_artifact,64
core_dcamera.cpp_CDemonCamera_generateGammaPalette_FUN_00453bd0,00453bd0,core/dcamera.cpp,34,11,extra_output|pointer_cast,154
core_dcamera.cpp_log2Custom_FUN_00450a90,00450a90,core/dcamera.cpp,5,2,stack_param,30
core_dcamera.cpp_CDemonCamera_worldToScreenWithFrustumCull_FUN_0044d7d0,0044d7d0,core/dcamera.cpp,109,23,unaffected_reg|badspacebase|pointer_cast|register_param|stack_ref,364
core_dcamera.cpp_CDemonCamera_precomputeNormals_FUN_0044e360,0044e360,core/dcamera.cpp,178,24,stack_param|unknown_field|badspacebase|pointer_cast|register_param|stack_ref,448
core_dcamera.cpp_CDemonCamera_screenToWorldTransform_FUN_0044d370,0044d370,core/dcamera.cpp,34,5,unaffected_reg,89
core_dcamera.cpp_CDemonCamera_isSphereVisible_FUN_00452730,00452730,core/dcamera.cpp,50,2,sborrow_artifact,75
core_dcamera.cpp_CDemonCamera_computeLightExtentBounds_FUN_00451090,00451090,core/dcamera.cpp,40,0,,40
core_dcamera.cpp_freeVectors_FUN_00454700,00454700,core/dcamera.cpp,5,0,,5
core_dcamera.cpp_CDemonCamera_beginScene_FUN_0044c430,0044c430,core/dcamera.cpp,116,0,,116
core_dcamera.cpp_CDemonCamera_dtor_FUN_0044c090,0044c090,core/dcamera.cpp,19,0,,19
core_dcamera.cpp_renderCoronaDepthScanline_FUN_00450320,00450320,core/dcamera.cpp,50,0,,50
core_dcamera.cpp_resetFogSamplingOffset_FUN_0044bb70,0044bb70,core/dcamera.cpp,7,0,,7
core_dcamera.cpp_CDemonCamera_blendLightmapPixel32_FUN_00453d10,00453d10,core/dcamera.cpp,16,2,pointer_cast,41
core_dcamera.cpp_CDemonCamera_compositeLightmapToFramebuffer_FUN_00453270,00453270,core/dcamera.cpp,144,6,pointer_cast,209
core_dcamera.cpp_CDemonCamera_testBoxOcclusion_FUN_004544f0,004544f0,core/dcamera.cpp,53,20,extra_output|badspacebase|register_param|stack_ref,273
core_dcamera.cpp_CDemonCamera_sampleLightingAntialiased_FUN_0044e790,0044e790,core/dcamera.cpp,206,5,pointer_cast,261
core_dcamera.cpp_CDemonCamera_pushRect_FUN_0044c740,0044c740,core/dcamera.cpp,17,0,,17
core_dcamera.cpp_CDemonCamera_sampleFramebufferPixel_FUN_004538c0,004538c0,core/dcamera.cpp,24,1,pointer_cast,39
core_dcamera.cpp_CDemonCamera_processCorona_FUN_00451130,00451130,core/dcamera.cpp,22,0,,22
core_dcamera.cpp_CDemonCamera_screenToWorldDirection_FUN_0044d480,0044d480,core/dcamera.cpp,39,0,,39
core_dcamera.cpp_CDemonCamera_restoreZBufferScanlines_FUN_004544a0,004544a0,core/dcamera.cpp,13,0,,13
core_dcamera.cpp_CDemonCamera_setSceneCamera_FUN_0044c3e0,0044c3e0,core/dcamera.cpp,12,0,,12
core_dcamera.cpp_initializeCoronaBuffers_FUN_004502e0,004502e0,core/dcamera.cpp,14,2,pointer_cast,39
core_dcamera.cpp_CDemonCamera_clearFramebufferAndWorkBuffers_FUN_00453c90,00453c90,core/dcamera.cpp,37,1,pointer_cast,52
core_dcamera.cpp_CDemonCamera_blendLightmapPixel16_FUN_00453db0,00453db0,core/dcamera.cpp,16,2,pointer_cast,41
core_dcamera.cpp_loadCameraFog_FUN_00453e50,00453e50,core/dcamera.cpp,17,6,stack_param|badspacebase|register_param|stack_ref,97
core_dcamera.cpp_CDemonCamera_restoreTransform_FUN_0044f1e0,0044f1e0,core/dcamera.cpp,25,0,,25
core_dcamera.cpp_CDemonCamera_saveZBufferScanlines_FUN_00454450,00454450,core/dcamera.cpp,12,0,,12
core_dcamera.cpp_CDemonCamera_screenToWorldCoord_FUN_0044d2a0,0044d2a0,core/dcamera.cpp,18,7,unaffected_reg,93
core_dcamera.cpp_CDemonCamera_screenToWorldRay_FUN_00452900,00452900,core/dcamera.cpp,37,17,stack_param|badspacebase|pointer_cast|register_param|stack_ref,232
core_dcamera.cpp_renderCoronaProjectedTextureScanline_FUN_004507a0,004507a0,core/dcamera.cpp,69,5,stack_param|badspacebase|register_param,134
core_dcamera.cpp_renderFlatColorScanline_FUN_004505e0,004505e0,core/dcamera.cpp,67,0,,67
core_dcamera.cpp_CDemonCamera_saveBackdrop_FUN_004529b0,004529b0,core/dcamera.cpp,226,37,stack_param|unaffected_reg|extra_output|badspacebase|pointer_cast|register_param|stack_ref,631
core_dcamera.cpp_CDemonCamera_restoreAlphaTransform_FUN_00453a70,00453a70,core/dcamera.cpp,1,0,,1
core_dcamera.cpp_CDemonCamera_initCameraFog_FUN_00453640,00453640,core/dcamera.cpp,37,0,,37
core_dcamera.cpp_CDemonCamera_beginBackgroundScene_FUN_0044cc70,0044cc70,core/dcamera.cpp,62,1,pointer_cast,77
core_dcamera.cpp_CDemonCamera_resetSceneCamera_FUN_0044c410,0044c410,core/dcamera.cpp,6,0,,6
core_dcamera.cpp_CDemonCamera_addLightmapToCorona_FUN_00450e30,00450e30,core/dcamera.cpp,73,2,pointer_cast,98
core_dcamera.cpp_CDemonCamera_lockAndRenderToBuffer_FUN_004511c0,004511c0,core/dcamera.cpp,32,4,stack_param|extra_output,82
core_dcamera.cpp_CDemonCamera_convertPaletteToDisplayFormat_FUN_0044f290,0044f290,core/dcamera.cpp,29,1,pointer_cast,44
core_dcamera.cpp_CDemonCamera_setEffectIntensity_FUN_004528e0,004528e0,core/dcamera.cpp,11,2,extra_output,36
core_dcamera.cpp_CDemonCamera_restoreZBufferRect_FUN_0044c780,0044c780,core/dcamera.cpp,33,2,pointer_cast,58
core_dcamera.cpp_CDemonCamera_worldToCameraSpace_FUN_0044da90,0044da90,core/dcamera.cpp,54,7,unaffected_reg|badspacebase|register_param,139
core_dcamera.cpp_CDemonCamera_worldToScreenCoord_FUN_0044d310,0044d310,core/dcamera.cpp,21,4,unaffected_reg,66
core_dcamera.cpp_CDemonCamera_renderLightCoronas_FUN_004518f0,004518f0,core/dcamera.cpp,267,32,stack_param|unknown_field|sborrow_artifact|badspacebase|pointer_cast|register_param|stack_ref,622
core_dcamera.cpp_transformAndStoreVertex_FUN_00452110,00452110,core/dcamera.cpp,18,2,badspacebase|register_param,48
core_dcamera.cpp_sampleFogAlongRay_FUN_0044bdd0,0044bdd0,core/dcamera.cpp,66,0,,66
core_dcamera.cpp_CDemonCamera_initCameraShake_FUN_00453fc0,00453fc0,core/dcamera.cpp,39,2,extra_output,64
core_dcamera.cpp_CDemonCamera_setupPerspectiveAndFog_FUN_004537d0,004537d0,core/dcamera.cpp,29,0,,29
core_dcamera.cpp_updateFogScrollOffset_FUN_0044bfb0,0044bfb0,core/dcamera.cpp,25,0,,25
core_dcamera.cpp_CDemonCamera_calculateAttenuatedDirectionalLight_FUN_0044edf0,0044edf0,core/dcamera.cpp,37,0,,37
core_dcamera.cpp_CDemonCamera_isCoronaSufficientlyVisible_FUN_00450fc0,00450fc0,core/dcamera.cpp,38,0,,38
core_dcamera.cpp_CDemonCamera_calculateInverseTransform_FUN_0044cf20,0044cf20,core/dcamera.cpp,75,14,suspect_float|extra_output,225
core_dcamera.cpp_renderVolumetricLightScanline_FUN_00450440,00450440,core/dcamera.cpp,72,2,pointer_cast,97
core_dcamera.cpp_CDemonCamera_screenToWorldWithAlpha_FUN_0044d600,0044d600,core/dcamera.cpp,63,12,unaffected_reg|badspacebase|pointer_cast|register_param|stack_ref,208
core_dcamera.cpp_CDemonCamera_isBoundingBoxVisible_FUN_00452180,00452180,core/dcamera.cpp,173,31,stack_param|unknown_field|extra_output|badspacebase|pointer_cast|register_param|stack_ref,518
core_dcamera.cpp_CDemonCamera_initLookupTable_FUN_0044c0f0,0044c0f0,core/dcamera.cpp,34,0,,34
core_dcamera.cpp_CDemonCamera_init_FUN_0044c190,0044c190,core/dcamera.cpp,47,2,pointer_cast,72
core_dcamera.cpp_processCoronaScanline_FUN_004514b0,004514b0,core/dcamera.cpp,86,0,,86
core_ground.cpp_CGround_renderTerrainPrimitive_FUN_004ef970,004ef970,core/ground.cpp,8,0,,8
core_ground.cpp_CGround_getVertexIndex_FUN_004ef380,004ef380,core/ground.cpp,5,0,,5
core_ground.cpp_CGround_dtor_FUN_004eeee0,004eeee0,core/ground.cpp,5,0,,5
core_ground.cpp_CGround_transformAndStoreVertices_FUN_004ef490,004ef490,core/ground.cpp,186,5,sborrow_artifact|badspacebase|pointer_cast|register_param,256
core_ground.cpp_CGround_ctor_FUN_004eee80,004eee80,core/ground.cpp,15,0,,15
core_ground.cpp_CGround_getNormalAtPosition_FUN_004effb0,004effb0,core/ground.cpp,108,14,unaffected_reg|badspacebase|pointer_cast|register_param|stack_ref,273
core_ground.cpp_openFileWithExtension_FUN_004eebc0,004eebc0,core/ground.cpp,59,13,stack_param|badspacebase|register_param|stack_ref,209
core_ground.cpp_CGround_free_FUN_004eefb0,004eefb0,core/ground.cpp,18,0,,18
core_ground.cpp_staticInit_FUN_004eeb90,004eeb90,core/ground.cpp,6,0,,6
core_ground.cpp_getGroundTypeCode_FUN_004eece0,004eece0,core/ground.cpp,33,0,,33
core_ground.cpp_getGroundTypeColor_FUN_004eee20,004eee20,core/ground.cpp,31,0,,31
core_ground.cpp_CGround_getHeightAtPosition_FUN_004efd30,004efd30,core/ground.cpp,83,5,pointer_cast,138
core_ground.cpp_CGround_render_FUN_004efc90,004efc90,core/ground.cpp,20,7,stack_param|unaffected_reg|badspacebase|register_param|stack_ref,115
core_ground.cpp_CGround_transformAndStoreVertex_FUN_004ef3a0,004ef3a0,core/ground.cpp,37,6,suspect_float|badspacebase|pointer_cast|register_param,117
core_ground.cpp_CGround_init_FUN_004eef00,004eef00,core/ground.cpp,27,0,,27
core_ground.cpp_CGround_setQuadTextureCoordinates_FUN_004ef880,004ef880,core/ground.cpp,17,8,suspect_float,102
core_ground.cpp_CGround_renderVisibleTerrain_FUN_004efb70,004efb70,core/ground.cpp,46,0,,46
core_ground.cpp_CGround_load_FUN_004ef030,004ef030,core/ground.cpp,153,16,stack_param|extra_output|badspacebase|pointer_cast|register_param|stack_ref,343
core_ground.cpp_CGround_renderTerrainQuad_FUN_004ef990,004ef990,core/ground.cpp,55,9,stack_param|unaffected_reg|badspacebase|register_param|stack_ref,170
core_ground.cpp_getGroundTypeName_FUN_004eed80,004eed80,core/ground.cpp,31,0,,31
core_emitter.cpp_ctor_FUN_004a7ca0,004a7ca0,core/emitter.cpp,99,5,negative_offset,154
core_emitter.cpp_FUN_004a7e80,004a7e80,core/emitter.cpp,74,13,stack_param|suspect_float|extra_output|badspacebase|register_param,229
core_emitter.cpp_CEmitter_load_FUN_004a8b30,004a8b30,core/emitter.cpp,61,21,stack_param,276
core_emitter.cpp_FUN_004a8860,004a8860,core/emitter.cpp,69,19,undefined_type|stack_param|concat_artifact|unknown_field|badspacebase|register_param,289
core_emitter.cpp_FUN_004a8d20,004a8d20,core/emitter.cpp,33,27,stack_param|unaffected_reg|suspect_float|badspacebase|register_param|stack_ref,333
core_emitter.cpp_staticInit_FUN_004a7c30,004a7c30,core/emitter.cpp,8,0,,8
core_emitter.cpp_dtor_FUN_004a93c0,004a93c0,core/emitter.cpp,16,0,,16
core_emitter.cpp_FUN_004a8fe0,004a8fe0,core/emitter.cpp,136,83,stack_param|suspect_float|badspacebase|register_param|stack_ref,991
core_emitter.cpp_FUN_004a8d10,004a8d10,core/emitter.cpp,5,0,,5
core_emitter.cpp_SLaserInfo_copy_FUN_004a9410,004a9410,core/emitter.cpp,25,0,,25
core_emitter.cpp_FUN_004a8070,004a8070,core/emitter.cpp,248,97,stack_param|badspacebase|register_param,1233
core_emitter.cpp_FUN_004a8db0,004a8db0,core/emitter.cpp,40,29,stack_param,335
core_emitter.cpp_FUN_004a9390,004a9390,core/emitter.cpp,13,5,stack_param,68
core_emitter.cpp_FUN_004a8a80,004a8a80,core/emitter.cpp,22,12,stack_param|suspect_float|badspacebase|register_param|stack_ref,167
core_emitter.cpp_FUN_004a8ad0,004a8ad0,core/emitter.cpp,18,13,stack_param,153
core_emitter.cpp_FUN_004a7c60,004a7c60,core/emitter.cpp,11,0,,11
core_emitter.cpp_SLaserInfo_dtor_FUN_004a94c0,004a94c0,core/emitter.cpp,4,0,,4
core_emitter.cpp_FUN_004a9350,004a9350,core/emitter.cpp,16,8,stack_param,101
core_emitter.cpp_OtherClass_FUN_004a7c90,004a7c90,core/emitter.cpp,5,0,,5
core_emitter.cpp_FUN_004a7e00,004a7e00,core/emitter.cpp,25,15,stack_param,180
core_dglobe.cpp_CDemonGlobe_renderCorona_FUN_00471400,00471400,core/dglobe.cpp,86,19,unaffected_reg|badspacebase|pointer_cast|register_param,296
core_dglobe.cpp_CDemonGlobe_renderCoronaTextured_FUN_004715e0,004715e0,core/dglobe.cpp,48,11,badspacebase|pointer_cast|register_param,173
core_dglobe.cpp_CDemonGlobe_precomputeAttenuation_FUN_00471360,00471360,core/dglobe.cpp,29,12,extra_output,154
core_dglobe.cpp_CDemonGlobe_getAttenuationAtVertex_FUN_00471850,00471850,core/dglobe.cpp,37,2,badspacebase|register_param,67
core_dglobe.cpp_CDemonGlobe_setColor_FUN_00471310,00471310,core/dglobe.cpp,24,10,extra_output,129
core_dglobe.cpp_CDemonGlobe_intersectAABB_FUN_00471770,00471770,core/dglobe.cpp,30,7,unknown_field|badspacebase|register_param,115
core_mission.cpp_CDemonMission_FUN_00524e00,00524e00,core/mission.cpp,26,2,unaffected_reg,51
core_mission.cpp_CDemonMission_run_FUN_00524420,00524420,core/mission.cpp,70,9,stack_param,165
core_mission.cpp_CDemonMission_initNewActorMaybe_FUN_00524700,00524700,core/mission.cpp,24,9,stack_param|badspacebase|register_param,129
core_mission.cpp_CDemonMission_buildActiveSetActorList_FUN_00524120,00524120,core/mission.cpp,52,1,pointer_cast,67
core_mission.cpp_CDemonMission_readMissionFile_FUN_00522eb0,00522eb0,core/mission.cpp,282,64,stack_param|badspacebase|pointer_cast|register_param|stack_ref,947
core_mission.cpp_CDemonMission_FUN_005243a0,005243a0,core/mission.cpp,30,5,stack_param,85
core_mission.cpp_CDemonMission_FUN_00524070,00524070,core/mission.cpp,9,5,stack_param,64
core_mission.cpp_CDemonMission_save_FUN_00522e30,00522e30,core/mission.cpp,16,4,stack_param,61
core_mission.cpp_CDemonMission_FUN_00523cf0,00523cf0,core/mission.cpp,48,6,stack_param|unaffected_reg,118
core_mission.cpp_FUN_00522c60,00522c60,core/mission.cpp,11,0,,11
core_mission.cpp_CDemonMission_FUN_00523f20,00523f20,core/mission.cpp,13,6,stack_param,78
core_mission.cpp_CDemonMission_dtor_FUN_00524f00,00524f00,core/mission.cpp,4,0,,4
core_mission.cpp_CDemonMission_clearMaybe_FUN_00522c80,00522c80,core/mission.cpp,51,0,,51
core_mission.cpp_CDemonMission_FUN_00524760,00524760,core/mission.cpp,45,4,unaffected_reg|extra_output,95
core_mission.cpp_CDemonMission_FUN_005235b0,005235b0,core/mission.cpp,9,2,badspacebase|register_param,39
core_mission.cpp_CDemonMission_FUN_00523cc0,00523cc0,core/mission.cpp,10,0,,10
core_mission.cpp_FUN_00524660,00524660,core/mission.cpp,37,10,stack_param|badspacebase|register_param,152
core_mission.cpp_CDemonMission_markActorToDelete_FUN_005240a0,005240a0,core/mission.cpp,22,6,stack_param,87
core_mission.cpp_CDemonMission_FUN_00524e60,00524e60,core/mission.cpp,19,4,stack_param,64
core_mission.cpp_CDemonMission_FUN_00524630,00524630,core/mission.cpp,19,5,stack_param,74
core_mission.cpp_FUN_005248e0,005248e0,core/mission.cpp,15,0,,15
core_mission.cpp_CDemonMission_FUN_00523b70,00523b70,core/mission.cpp,23,11,stack_param,138
core_mission.cpp_CDemonMission_checkMemory_FUN_00522d20,00522d20,core/mission.cpp,5,0,,5
core_mission.cpp_CDemonMission_FUN_00523fb0,00523fb0,core/mission.cpp,23,4,stack_param,68
core_mission.cpp_CDemonMission_checkMemory2_FUN_00522d30,00522d30,core/mission.cpp,18,0,,18
core_mission.cpp_CDemonMission_load_FUN_00522d90,00522d90,core/mission.cpp,21,4,stack_param|unaffected_reg,71
core_mission.cpp_CDemonMission_buildSetActorList_FUN_00523e60,00523e60,core/mission.cpp,25,1,pointer_cast,40
core_mission.cpp_CDemonMission_ctor_FUN_00524ef0,00524ef0,core/mission.cpp,4,0,,4
core_mission.cpp_CDemonMission_process_FUN_00524250,00524250,core/mission.cpp,62,0,,62
core_mission.cpp_FUN_00524c20,00524c20,core/mission.cpp,88,42,stack_param|badspacebase|register_param|stack_ref,528
core_mission.cpp_CDemonMission_setupActorMaybe_FUN_00523be0,00523be0,core/mission.cpp,51,0,,51
core_mission.cpp_CDemonMission_saveActor_FUN_00523af0,00523af0,core/mission.cpp,29,3,stack_param,64
core_mission.cpp_CDemonMission_createOneHero_FUN_00524920,00524920,core/mission.cpp,53,14,stack_param,198
core_mission.cpp_CDemonMission_FUN_00523f50,00523f50,core/mission.cpp,23,0,,23
core_mission.cpp_CDemonMission_writeFile_FUN_00523600,00523600,core/mission.cpp,100,29,stack_param,395
core_mission.cpp_CDemonMission_createHeros_FUN_00524a80,00524a80,core/mission.cpp,64,3,pointer_cast,99
core_mission.cpp_staticInit_FUN_00522c50,00522c50,core/mission.cpp,4,0,,4
core_mission.cpp_CDemonMission_loadActor_FUN_00523990,00523990,core/mission.cpp,49,9,unaffected_reg|badspacebase|register_param|stack_ref,159
core_mission.cpp_CDemonMission_FUN_005248a0,005248a0,core/mission.cpp,10,2,stack_param,35
core_mission.cpp_CDemonMission_FUN_00524030,00524030,core/mission.cpp,16,2,stack_param,41
core_mission.cpp_CDemonMission_getNextLoadedInventoryActor_FUN_00523520,00523520,core/mission.cpp,23,3,stack_param,58
core_armour.cpp_CArmour_ctor_FUN_004121a0,004121a0,core/armour.cpp,46,0,,46
core_armour.cpp_CArmour_FUN_00412450,00412450,core/armour.cpp,5,0,,5
core_armour.cpp_CArmour_FUN_00412400,00412400,core/armour.cpp,12,0,,12
core_armour.cpp_CArmour_FUN_00412440,00412440,core/armour.cpp,4,0,,4
core_armour.cpp_CArmour_process_FUN_00412260,00412260,core/armour.cpp,55,3,stack_param,90
core_armour.cpp_CArmour_FUN_00412240,00412240,core/armour.cpp,8,2,stack_param,33
core_armour.cpp_constructor_FUN_00412160,00412160,core/armour.cpp,11,0,,11
core_armour.cpp_CArmour_getActorType_FUN_00412190,00412190,core/armour.cpp,4,0,,4
core_armour.cpp_CArmour_SnagRelatedMultiple_FUN_00412470,00412470,core/armour.cpp,9,4,stack_param,54
core_armour.cpp_staticInit_FUN_00412130,00412130,core/armour.cpp,9,0,,9
core_armour.cpp_CArmour_dtor_FUN_00412500,00412500,core/armour.cpp,30,1,negative_offset,45
core_armour.cpp_CArmour_FUN_004124d0,004124d0,core/armour.cpp,8,2,stack_param,33
core_armour.cpp_CArmour_serialize_FUN_004123a0,004123a0,core/armour.cpp,13,0,,13
core_gore.cpp_FUN_004ed750,004ed750,core/gore.cpp,4,0,,4
core_gore.cpp_FUN_004ecce0,004ecce0,core/gore.cpp,130,21,stack_param|unknown_field|suspect_float|badspacebase|register_param|stack_ref,370
core_gore.cpp_FUN_004ed240,004ed240,core/gore.cpp,65,30,stack_param|badspacebase|pointer_cast|register_param,385
core_gore.cpp_CGore_process_FUN_004ed9e0,004ed9e0,core/gore.cpp,36,1,concat_artifact,51
core_gore.cpp_FUN_004eb9d0,004eb9d0,core/gore.cpp,66,7,stack_param|badspacebase|pointer_cast|register_param|stack_ref,161
core_gore.cpp_FUN_004ec2f0,004ec2f0,core/gore.cpp,31,31,stack_param,346
core_gore.cpp_FUN_004ee3e0,004ee3e0,core/gore.cpp,4,0,,4
core_gore.cpp_CreateFlies_FUN_004edf30,004edf30,core/gore.cpp,42,2,unaffected_reg,67
core_gore.cpp_FUN_004ee370,004ee370,core/gore.cpp,7,1,pointer_cast,22
core_gore.cpp_FUN_004ed760,004ed760,core/gore.cpp,23,0,,23
core_gore.cpp_FUN_004ee3c0,004ee3c0,core/gore.cpp,4,0,,4
core_gore.cpp_FUN_004ee1e0,004ee1e0,core/gore.cpp,26,7,stack_param|badspacebase|register_param|stack_ref,116
core_gore.cpp_CGore_FUN_004ed7b0,004ed7b0,core/gore.cpp,19,0,,19
core_gore.cpp_FUN_004ed160,004ed160,core/gore.cpp,12,2,unaffected_reg,37
core_gore.cpp_FUN_004ee3f0,004ee3f0,core/gore.cpp,7,0,,7
core_gore.cpp_FUN_004eb9a0,004eb9a0,core/gore.cpp,15,9,stack_param,110
core_gore.cpp_FUN_004eb950,004eb950,core/gore.cpp,24,14,stack_param,169
core_gore.cpp_FUN_004ecb90,004ecb90,core/gore.cpp,17,2,unaffected_reg,42
core_gore.cpp_FUN_004ee460,004ee460,core/gore.cpp,6,2,stack_param,31
core_gore.cpp_FUN_004ee420,004ee420,core/gore.cpp,6,2,stack_param,31
core_gore.cpp_FUN_004ee290,004ee290,core/gore.cpp,24,4,stack_param,69
core_gore.cpp_FUN_004ee410,004ee410,core/gore.cpp,6,0,,6
core_gore.cpp_FUN_004edb70,004edb70,core/gore.cpp,12,2,stack_param,37
core_gore.cpp_CGore_FUN_004ee0f0,004ee0f0,core/gore.cpp,42,10,stack_param,147
core_gore.cpp_FUN_004ee390,004ee390,core/gore.cpp,6,0,,6
core_gore.cpp_FUN_004ed0a0,004ed0a0,core/gore.cpp,12,5,stack_param,67
core_gore.cpp_FUN_004ed730,004ed730,core/gore.cpp,5,0,,5
core_gore.cpp_FUN_004edde0,004edde0,core/gore.cpp,18,0,,18
core_gore.cpp_staticInit_FUN_004eb8c0,004eb8c0,core/gore.cpp,16,0,,16
core_gore.cpp_FUN_004edaa0,004edaa0,core/gore.cpp,14,2,stack_param,39
core_gore.cpp_FUN_004ed0d0,004ed0d0,core/gore.cpp,30,21,stack_param,245
core_gore.cpp_FUN_004ecad0,004ecad0,core/gore.cpp,12,5,stack_param,67
core_gore.cpp_CGore_FUN_004ee030,004ee030,core/gore.cpp,8,0,,8
core_gore.cpp_FUN_004ee440,004ee440,core/gore.cpp,6,2,stack_param,31
core_gore.cpp_FUN_004ed3c0,004ed3c0,core/gore.cpp,130,37,stack_param|suspect_float|badspacebase|register_param|stack_ref,525
core_gore.cpp_FUN_004ec390,004ec390,core/gore.cpp,37,39,stack_param,432
core_gore.cpp_FUN_004ee3b0,004ee3b0,core/gore.cpp,4,0,,4
core_gore.cpp_FUN_004ede30,004ede30,core/gore.cpp,12,2,stack_param,37
core_gore.cpp_FUN_004edaf0,004edaf0,core/gore.cpp,18,0,,18
core_gore.cpp_FUN_004ecb00,004ecb00,core/gore.cpp,15,2,unaffected_reg,40
core_gore.cpp_CGore_FUN_004ee070,004ee070,core/gore.cpp,12,0,,12
core_gore.cpp_FUN_004ec470,004ec470,core/gore.cpp,20,8,suspect_float,105
core_gore.cpp_FUN_004ec290,004ec290,core/gore.cpp,11,2,stack_param,36
core_gore.cpp_FUN_004edb40,004edb40,core/gore.cpp,12,2,stack_param,37
core_gore.cpp_FUN_004ed1c0,004ed1c0,core/gore.cpp,20,21,stack_param|sub_artifact,240
core_gore.cpp_FUN_004ebac0,004ebac0,core/gore.cpp,220,32,stack_param|suspect_float|badspacebase|pointer_cast|register_param,565
core_gore.cpp_cleanupBloodParticles_FUN_004ee480,004ee480,core/gore.cpp,6,0,,6
core_gore.cpp_FUN_004ee340,004ee340,core/gore.cpp,10,8,stack_param,95
core_gore.cpp_FUN_004ec500,004ec500,core/gore.cpp,191,28,stack_param|unknown_field|suspect_float|badspacebase|register_param|stack_ref,501
core_gore.cpp_FUN_004ee3d0,004ee3d0,core/gore.cpp,4,0,,4
core_gore.cpp_FUN_004edbb0,004edbb0,core/gore.cpp,95,25,stack_param|suspect_float|extra_output|badspacebase|register_param,370
core_gore.cpp_FUN_004ed830,004ed830,core/gore.cpp,84,7,stack_param|concat_artifact|extra_output,169
core_gore.cpp_CGore_FUN_004ede60,004ede60,core/gore.cpp,36,0,,36
core_gore.cpp_FUN_004ecc40,004ecc40,core/gore.cpp,24,8,suspect_float,109
core_gun.cpp_FUN_004f0b50,004f0b50,core/gun.cpp,18,2,unaffected_reg,43
core_gun.cpp_FUN_004f0350,004f0350,core/gun.cpp,185,57,stack_param|unaffected_reg|unknown_field|extra_output|badspacebase|pointer_cast|register_param|stack_ref,795
core_gun.cpp_FUN_004f02f0,004f02f0,core/gun.cpp,23,0,,23
core_gun.cpp_FUN_004f02b0,004f02b0,core/gun.cpp,10,0,,10
core_gun.cpp_staticInit_FUN_004f0280,004f0280,core/gun.cpp,8,0,,8
core_gun.cpp_FUN_004f0b20,004f0b20,core/gun.cpp,7,0,,7
core_gun.cpp_FUN_004f02e0,004f02e0,core/gun.cpp,5,0,,5
core_gabriela.cpp_FUN_004d2c40,004d2c40,core/gabriela.cpp,75,17,stack_param,250
core_gabriela.cpp_FUN_004d6140,004d6140,core/gabriela.cpp,29,8,stack_param,114
core_gabriela.cpp_FUN_004d6230,004d6230,core/gabriela.cpp,8,3,stack_param,43
core_gabriela.cpp_FUN_004d5fe0,004d5fe0,core/gabriela.cpp,19,11,stack_param|pointer_cast,139
core_gabriela.cpp_FUN_004d5550,004d5550,core/gabriela.cpp,145,32,stack_param|extra_output|badspacebase|pointer_cast|register_param|stack_ref,495
core_gabriela.cpp_CGabriella_FUN_004d7120,004d7120,core/gabriela.cpp,167,50,stack_param|unaffected_reg|unknown_field|suspect_float|badspacebase|pointer_cast|register_param|stack_ref,707
core_gabriela.cpp_CGabriella_load_FUN_004d6090,004d6090,core/gabriela.cpp,26,8,stack_param,111
core_gabriela.cpp_FUN_004d4d80,004d4d80,core/gabriela.cpp,373,126,stack_param|unknown_field|badspacebase|pointer_cast|register_param|stack_ref,1663
core_gabriela.cpp_FUN_004d7610,004d7610,core/gabriela.cpp,8,2,stack_param,33
core_gabriela.cpp_FUN_004d4cf0,004d4cf0,core/gabriela.cpp,30,12,stack_param|badspacebase|register_param|stack_ref,170
core_gabriela.cpp_FUN_004d5c10,004d5c10,core/gabriela.cpp,16,4,stack_param,61
core_gabriela.cpp_FUN_004d7630,004d7630,core/gabriela.cpp,8,2,stack_param,33
core_gabriela.cpp_freeMaybe_FUN_004d7660,004d7660,core/gabriela.cpp,24,4,stack_param,69
core_gabriela.cpp_FUN_004d6d40,004d6d40,core/gabriela.cpp,58,35,stack_param,413
core_gabriela.cpp_FUN_004d2a80,004d2a80,core/gabriela.cpp,23,0,,23
core_gabriela.cpp_FUN_004d2b10,004d2b10,core/gabriela.cpp,5,0,,5
core_gabriela.cpp_FUN_004d29f0,004d29f0,core/gabriela.cpp,18,6,stack_param,83
core_gabriela.cpp_FUN_004d5c60,004d5c60,core/gabriela.cpp,106,26,stack_param|unaffected_reg|unknown_field|badspacebase|register_param|stack_ref,396
core_gabriela.cpp_FUN_004d4ce0,004d4ce0,core/gabriela.cpp,5,0,,5
core_gabriela.cpp_constructorMaybe_FUN_004d2b20,004d2b20,core/gabriela.cpp,32,0,,32
core_gabriela.cpp_staticInit_FUN_004d2910,004d2910,core/gabriela.cpp,24,0,,24
core_gabriela.cpp_FUN_004d2ae0,004d2ae0,core/gabriela.cpp,11,0,,11
core_gabriela.cpp_FUN_004d75b0,004d75b0,core/gabriela.cpp,13,5,stack_param,68
core_gabriela.cpp_FUN_004d5f70,004d5f70,core/gabriela.cpp,19,6,stack_param,84
core_gabriela.cpp_FUN_004d4c90,004d4c90,core/gabriela.cpp,14,2,stack_param,39
core_gabriela.cpp_FUN_004d6f80,004d6f80,core/gabriela.cpp,73,31,stack_param|unknown_field|suspect_float|badspacebase|register_param|stack_ref,413
core_gabriela.cpp_FUN_004d6050,004d6050,core/gabriela.cpp,12,4,stack_param,57
core_gabriela.cpp_FUN_004d7590,004d7590,core/gabriela.cpp,6,2,stack_param,31
core_gabriela.cpp_PickupSomething_FUN_004d5870,004d5870,core/gabriela.cpp,127,47,stack_param|unknown_field|suspect_float|badspacebase|register_param|stack_ref,627
core_gabriela.cpp_FUN_004d6540,004d6540,core/gabriela.cpp,203,91,stack_param|badspacebase|register_param,1128
core_gabriela.cpp_FUN_004d4890,004d4890,core/gabriela.cpp,176,58,stack_param|unknown_field|badspacebase|register_param,776
core_gabriela.cpp_FUN_004d4190,004d4190,core/gabriela.cpp,203,75,stack_param|unaffected_reg|suspect_float|badspacebase|register_param|stack_ref,983
core_gabriela.cpp_CGabriella_FUN_004d6b30,004d6b30,core/gabriela.cpp,64,9,stack_param,159
core_gabriela.cpp_FUN_004d2ea0,004d2ea0,core/gabriela.cpp,782,302,stack_param|badspacebase|register_param|stack_ref,3822
core_gabriela.cpp_FUN_004d2a30,004d2a30,core/gabriela.cpp,17,6,stack_param,82
core_gabriela.cpp_FUN_004d75e0,004d75e0,core/gabriela.cpp,16,9,stack_param,111
core_gabriela.cpp_FUN_004d6260,004d6260,core/gabriela.cpp,97,48,stack_param|suspect_float|unknown_field|badspacebase|register_param|stack_ref,607
core_gabriela.cpp_FUN_004d7650,004d7650,core/gabriela.cpp,6,2,stack_param,31
core_batcreat.cpp_CBatCreature_FUN_004162b0,004162b0,core/batcreat.cpp,8,3,stack_param,43
core_batcreat.cpp_CBatCreature_FUN_004162f0,004162f0,core/batcreat.cpp,8,2,stack_param,33
core_batcreat.cpp_CBatCreature_serialize_FUN_00415d70,00415d70,core/batcreat.cpp,11,0,,11
core_batcreat.cpp_CBatCreature_dtor_FUN_00416320,00416320,core/batcreat.cpp,29,1,negative_offset,44
core_batcreat.cpp_CBatCreature_ctor_FUN_004150f0,004150f0,core/batcreat.cpp,27,0,,27
core_batcreat.cpp_FUN_00415dd0,00415dd0,core/batcreat.cpp,85,43,stack_param,520
core_batcreat.cpp_CBatCreature_process_FUN_00415470,00415470,core/batcreat.cpp,380,15,stack_param|extra_output|badspacebase|register_param|stack_ref,555
core_batcreat.cpp_CBatCreature_getActorType_FUN_004150e0,004150e0,core/batcreat.cpp,5,0,,5
core_batcreat.cpp_CBatCreature_FUN_00416240,00416240,core/batcreat.cpp,16,7,stack_param|badspacebase|register_param,101
core_batcreat.cpp_FUN_00416030,00416030,core/batcreat.cpp,91,43,stack_param|suspect_float|badspacebase|pointer_cast|register_param|stack_ref,551
core_batcreat.cpp_CBatCreature_FUN_00415150,00415150,core/batcreat.cpp,110,0,,110
core_batcreat.cpp_staticInit_FUN_00415080,00415080,core/batcreat.cpp,9,0,,9
core_batcreat.cpp_CBatCreature_FUN_00416290,00416290,core/batcreat.cpp,5,0,,5
core_batcreat.cpp_constructor_FUN_004150b0,004150b0,core/batcreat.cpp,11,0,,11
core_texlist.cpp_CTextureList_load_FUN_005dbe00,005dbe00,core/texlist.cpp,143,6,badspacebase|register_param|stack_ref,218
core_texlist.cpp_CTextureList_setCurrentMasterIndex_FUN_005dc6a0,005dc6a0,core/texlist.cpp,7,0,,7
core_texlist.cpp_CTextureList_ctor_FUN_005dbdd0,005dbdd0,core/texlist.cpp,6,0,,6
core_texlist.cpp_CTextureList_addMasterTextureSelection_FUN_005dc68e,005dc68e,core/texlist.cpp,6,0,,6
core_texlist.cpp_CTextureList_dtor_FUN_005dbdf0,005dbdf0,core/texlist.cpp,4,0,,4
core_texlist.cpp_CTextureList_buildMasterTextureList_FUN_005dc2a0,005dc2a0,core/texlist.cpp,136,25,stack_param|unaffected_reg|badspacebase|register_param|stack_ref,411
core_texlist.cpp_CTextureList_renderTexture_FUN_005dca30,005dca30,core/texlist.cpp,17,0,,17
core_texlist.cpp_CTextureList_captureTexture_FUN_005dc270,005dc270,core/texlist.cpp,7,0,,7
core_texlist.cpp_CTextureList_setMasterTextureSelection_FUN_005dc6c0,005dc6c0,core/texlist.cpp,35,2,unaffected_reg,60
core_texlist.cpp_CTextureList_save_FUN_005dc0d0,005dc0d0,core/texlist.cpp,64,11,unaffected_reg|badspacebase|register_param|stack_ref,194
core_texlist.cpp_staticInit_FUN_005dbdb0,005dbdb0,core/texlist.cpp,6,0,,6
core_texlist.cpp_CTextureList_addTextureSelection_FUN_005dc5e0,005dc5e0,core/texlist.cpp,39,0,,39
core_texlist.cpp_CTextureList_captureAllTextures_FUN_005dc230,005dc230,core/texlist.cpp,15,0,,15
core_texlist.cpp_CTextureList_previewTexture_FUN_005dc760,005dc760,core/texlist.cpp,95,11,suspect_float|badspacebase|register_param|stack_ref,225
core_charactr.cpp_CCharacter_FUN_0042ec40,0042ec40,core/charactr.cpp,79,16,stack_param|badspacebase|register_param|stack_ref,259
core_charactr.cpp_CCharacter_FUN_0042d4d0,0042d4d0,core/charactr.cpp,22,2,stack_param,47
core_charactr.cpp_CCharacter_ApplyGestureLookAt_FUN_0042dfc0,0042dfc0,core/charactr.cpp,28,2,stack_param,53
core_charactr.cpp_CCharacter_FUN_0042bcc0,0042bcc0,core/charactr.cpp,12,2,stack_param,37
core_charactr.cpp_CCharacter_FUN_00429870,00429870,core/charactr.cpp,89,5,stack_param,144
core_charactr.cpp_CCharacter_FUN_0042c920,0042c920,core/charactr.cpp,37,9,stack_param,132
core_charactr.cpp_CCharacter_FUN_0042a830,0042a830,core/charactr.cpp,203,17,stack_param|unaffected_reg|badspacebase|pointer_cast|register_param,398
core_charactr.cpp_CCharacter_FUN_0042cd90,0042cd90,core/charactr.cpp,4,0,,4
core_charactr.cpp_CCharacter_FUN_0042c580,0042c580,core/charactr.cpp,24,2,unaffected_reg,49
core_charactr.cpp_CCharacter_setActorNameMaybe_FUN_0042faf0,0042faf0,core/charactr.cpp,6,0,,6
core_charactr.cpp_CCharacter_FUN_0042e670,0042e670,core/charactr.cpp,78,16,stack_param,243
core_charactr.cpp_CCharacter_FUN_0042af60,0042af60,core/charactr.cpp,48,9,stack_param|badspacebase|pointer_cast|register_param|stack_ref,163
core_charactr.cpp_CCharacter_FUN_00429820,00429820,core/charactr.cpp,9,0,,9
core_charactr.cpp_CCharacter_FUN_0042b8a0,0042b8a0,core/charactr.cpp,11,8,stack_param,96
core_charactr.cpp_CCharacter_FUN_0042bf70,0042bf70,core/charactr.cpp,4,0,,4
core_charactr.cpp_CCharacter_FUN_0042ca30,0042ca30,core/charactr.cpp,9,0,,9
core_charactr.cpp_CCharacter_FUN_004297e0,004297e0,core/charactr.cpp,13,0,,13
core_charactr.cpp_CCharacter_FUN_0042ea40,0042ea40,core/charactr.cpp,67,9,stack_param|badspacebase|register_param|stack_ref,177
core_charactr.cpp_CCharacter_FUN_0042cd50,0042cd50,core/charactr.cpp,6,2,stack_param,31
core_charactr.cpp_CCharacter_FUN_0042b190,0042b190,core/charactr.cpp,163,27,stack_param|unaffected_reg|badspacebase|register_param|stack_ref,458
core_charactr.cpp_CCharacter_FUN_0042cfe0,0042cfe0,core/charactr.cpp,25,12,stack_param|badspacebase|register_param|stack_ref,165
core_charactr.cpp_CCharacter_FUN_00428f40,00428f40,core/charactr.cpp,313,21,stack_param|sub_artifact|unaffected_reg|unknown_field|badspacebase|pointer_cast|register_param|stack_ref,563
core_charactr.cpp_SPose_ctor_FUN_0042fac0,0042fac0,core/charactr.cpp,4,0,,4
core_charactr.cpp_CCharacter_FUN_00429b40,00429b40,core/charactr.cpp,247,34,unaffected_reg|unknown_field|suspect_float|badspacebase|pointer_cast|register_param,617
core_charactr.cpp_CCharacter_FUN_0042c5f0,0042c5f0,core/charactr.cpp,110,38,stack_param|badspacebase|register_param,505
core_charactr.cpp_CCharacter_FUN_00428ee0,00428ee0,core/charactr.cpp,15,8,stack_param|badspacebase|register_param|stack_ref,115
core_charactr.cpp_CCharacter_FUN_0042f9c0,0042f9c0,core/charactr.cpp,4,0,,4
core_charactr.cpp_CCharacter_applyGesture_FUN_0042d3d0,0042d3d0,core/charactr.cpp,35,0,,35
core_charactr.cpp_CCharacter_FUN_0042d390,0042d390,core/charactr.cpp,14,0,,14
core_charactr.cpp_CCharacter_FUN_0042ca60,0042ca60,core/charactr.cpp,4,0,,4
core_charactr.cpp_CCharacter_FUN_0042d060,0042d060,core/charactr.cpp,10,0,,10
core_charactr.cpp_CCharacter_FUN_0042c110,0042c110,core/charactr.cpp,23,15,stack_param|badspacebase|register_param|stack_ref,193
core_charactr.cpp_CCharacter_FUN_0042b670,0042b670,core/charactr.cpp,45,7,stack_param|badspacebase|register_param|stack_ref,135
core_charactr.cpp_CCharacter_pickupObjectNow_FUN_0042cdb0,0042cdb0,core/charactr.cpp,28,9,stack_param,123
core_charactr.cpp_CCharacter_FUN_0042ede0,0042ede0,core/charactr.cpp,171,18,stack_param|unaffected_reg|badspacebase|register_param,371
core_charactr.cpp_CCharacter_setActorNameMaybe_FUN_0042fae0,0042fae0,core/charactr.cpp,6,0,,6
core_charactr.cpp_CCharacter_FUN_0042a520,0042a520,core/charactr.cpp,131,14,stack_param|badspacebase|pointer_cast|register_param,291
core_charactr.cpp_CCharacter_applyLookAt_FUN_0042dcd0,0042dcd0,core/charactr.cpp,71,19,stack_param|unaffected_reg|unknown_field|badspacebase|pointer_cast|register_param|stack_ref,296
core_charactr.cpp_FUN_00428670,00428670,core/charactr.cpp,13,7,stack_param,88
core_charactr.cpp_CCharacter_FUN_0042a390,0042a390,core/charactr.cpp,20,4,suspect_float|badspacebase|register_param|stack_ref,80
core_charactr.cpp_SPose_dtor_FUN_0042fad0,0042fad0,core/charactr.cpp,4,0,,4
core_charactr.cpp_CCharacter_FUN_0042cd60,0042cd60,core/charactr.cpp,12,0,,12
core_charactr.cpp_CCharacter_walkToPoint_FUN_004286e0,004286e0,core/charactr.cpp,170,41,stack_param|unknown_field|badspacebase|register_param,600
core_charactr.cpp_CCharacter_FUN_0042a3f0,0042a3f0,core/charactr.cpp,10,0,,10
core_charactr.cpp_CCharacter_FUN_0042ad00,0042ad00,core/charactr.cpp,108,9,extra_output|pointer_cast,208
core_charactr.cpp_CCharacter_FUN_004285d0,004285d0,core/charactr.cpp,24,6,stack_param|unaffected_reg,94
core_charactr.cpp_CCharacter_FUN_0042b810,0042b810,core/charactr.cpp,22,7,stack_param|badspacebase|register_param,107
core_charactr.cpp_CCharacter_computePickup_FUN_0042ce80,0042ce80,core/charactr.cpp,82,13,stack_param|badspacebase|register_param,227
core_charactr.cpp_CCharacter_FUN_0042ddd0,0042ddd0,core/charactr.cpp,6,2,stack_param,31
core_charactr.cpp_CCharacter_FUN_0042bd30,0042bd30,core/charactr.cpp,74,17,stack_param|badspacebase|register_param|stack_ref,264
core_charactr.cpp_CCharacter_FUN_0042b110,0042b110,core/charactr.cpp,23,0,,23
core_charactr.cpp_CCharacter_dtor_FUN_0042f9f0,0042f9f0,core/charactr.cpp,28,1,negative_offset,43
core_charactr.cpp_CCharacter_FUN_0042bf40,0042bf40,core/charactr.cpp,13,2,register_param,38
core_charactr.cpp_CCharacter_FUN_0042bf80,0042bf80,core/charactr.cpp,4,0,,4
core_charactr.cpp_CCharacter_FUN_0042e050,0042e050,core/charactr.cpp,136,8,stack_param|badspacebase|register_param,231
core_charactr.cpp_CCharacter_FUN_0042f300,0042f300,core/charactr.cpp,15,2,stack_param,40
core_charactr.cpp_CCharacter_FUN_0042ca20,0042ca20,core/charactr.cpp,6,2,stack_param,31
core_charactr.cpp_CCharacter_FUN_0042ca70,0042ca70,core/charactr.cpp,107,5,stack_param|badspacebase|register_param|stack_ref,177
core_charactr.cpp_staticInit_FUN_00427d80,00427d80,core/charactr.cpp,8,0,,8
core_charactr.cpp_CCharacter_serialize_FUN_004283a0,004283a0,core/charactr.cpp,70,11,unaffected_reg|badspacebase|register_param|stack_ref,200
core_charactr.cpp_CCharacter_FUN_0042d300,0042d300,core/charactr.cpp,23,11,stack_param|unaffected_reg|badspacebase|register_param,153
core_charactr.cpp_CCharacter_FUN_0042b0e0,0042b0e0,core/charactr.cpp,8,0,,8
core_charactr.cpp_CCharacter_FUN_0042b8e0,0042b8e0,core/charactr.cpp,13,0,,13
core_charactr.cpp_FUN_0042f990,0042f990,core/charactr.cpp,13,8,stack_param,98
core_charactr.cpp_CCharacter_FUN_0042d530,0042d530,core/charactr.cpp,21,3,badspacebase|register_param|stack_ref,66
core_charactr.cpp_CCharacter_FUN_00428d80,00428d80,core/charactr.cpp,25,5,stack_param|badspacebase|register_param|stack_ref,95
core_charactr.cpp_CCharacter_FUN_0042de50,0042de50,core/charactr.cpp,27,2,stack_param,52
core_charactr.cpp_CCharacter_computePickupInLoop_FUN_0042f800,0042f800,core/charactr.cpp,32,0,,32
core_charactr.cpp_CCharacter_FUN_0042b5b0,0042b5b0,core/charactr.cpp,34,7,stack_param,109
core_charactr.cpp_CCharacter_FUN_0042c3c0,0042c3c0,core/charactr.cpp,72,16,stack_param|badspacebase|register_param,247
core_charactr.cpp_CCharacter_FUN_0042b760,0042b760,core/charactr.cpp,29,9,stack_param|unknown_field|badspacebase|register_param,139
core_charactr.cpp_SDamageInfo_ctor_FUN_00427db0,00427db0,core/charactr.cpp,18,0,,18
core_charactr.cpp_FUN_0042f930,0042f930,core/charactr.cpp,15,10,stack_param|badspacebase|register_param,130
core_charactr.cpp_FUN_00428620,00428620,core/charactr.cpp,12,9,stack_param,107
core_charactr.cpp_CCharacter_FUN_0042ded0,0042ded0,core/charactr.cpp,41,9,stack_param|badspacebase|register_param|stack_ref,151
core_charactr.cpp_FUN_0042f9d0,0042f9d0,core/charactr.cpp,5,2,stack_param,30
core_charactr.cpp_CCharacter_FUN_0042e840,0042e840,core/charactr.cpp,18,10,stack_param,123
core_charactr.cpp_CCharacter_FUN_00428e30,00428e30,core/charactr.cpp,27,15,stack_param|suspect_float|badspacebase|register_param|stack_ref,202
core_charactr.cpp_CCharacter_FUN_0042f8a0,0042f8a0,core/charactr.cpp,18,3,stack_param,53
core_charactr.cpp_CCharacter_FUN_0042a420,0042a420,core/charactr.cpp,50,7,stack_param|badspacebase|register_param|stack_ref,140
core_charactr.cpp_CCharacter_FUN_00429aa0,00429aa0,core/charactr.cpp,24,0,,24
core_charactr.cpp_CCharacter_FUN_0042c010,0042c010,core/charactr.cpp,35,12,stack_param|badspacebase|register_param|stack_ref,175
core_charactr.cpp_CCharacter_FUN_0042c9d0,0042c9d0,core/charactr.cpp,23,2,stack_param,48
core_charactr.cpp_FUN_0042e570,0042e570,core/charactr.cpp,15,10,stack_param,120
core_charactr.cpp_CCharacter_chooseNextLayerAction_FUN_0042e8c0,0042e8c0,core/charactr.cpp,66,4,stack_param,111
core_charactr.cpp_CCharacter_FUN_0042df90,0042df90,core/charactr.cpp,11,4,stack_param,56
core_charactr.cpp_CCharacter_setActorNameMaybe_FUN_0042fb00,0042fb00,core/charactr.cpp,6,0,,6
core_charactr.cpp_CCharacter_FUN_0042bf90,0042bf90,core/charactr.cpp,23,6,stack_param,88
core_charactr.cpp_CCharacter_FUN_0042d360,0042d360,core/charactr.cpp,17,0,,17
core_charactr.cpp_FUN_0042f8f0,0042f8f0,core/charactr.cpp,10,12,stack_param,135
core_charactr.cpp_CCharacter_ctor_FUN_00427e20,00427e20,core/charactr.cpp,97,70,badspacebase|pointer_cast|register_param|stack_ref,817
core_charactr.cpp_CCharacter_FUN_0042b930,0042b930,core/charactr.cpp,22,4,suspect_float|badspacebase|register_param|stack_ref,82
core_charactr.cpp_CCharacter_FUN_0042bf30,0042bf30,core/charactr.cpp,4,0,,4
core_charactr.cpp_SFire_ctor_FUN_0042fab0,0042fab0,core/charactr.cpp,4,0,,4
core_charactr.cpp_CCharacter_FUN_0042f3e0,0042f3e0,core/charactr.cpp,150,67,stack_param|unknown_field|badspacebase|register_param|stack_ref,845
core_charactr.cpp_CCharacter_FUN_0042d090,0042d090,core/charactr.cpp,148,36,stack_param|unaffected_reg|extra_output|badspacebase|register_param|stack_ref,538
core_charactr.cpp_CCharacter_FUN_00428140,00428140,core/charactr.cpp,113,0,,113
core_charactr.cpp_FUN_0042f920,0042f920,core/charactr.cpp,7,4,stack_param,52
core_charactr.cpp_CCharacter_FUN_0042c180,0042c180,core/charactr.cpp,93,59,stack_param|sub_artifact|unaffected_reg|unknown_field|badspacebase|register_param|stack_ref,718
core_charactr.cpp_CCharacter_FUN_0042f9e0,0042f9e0,core/charactr.cpp,4,0,,4
core_charactr.cpp_CCharacter_FUN_0042f340,0042f340,core/charactr.cpp,40,4,stack_param,85
core_charactr.cpp_CCharacter_FUN_0042f730,0042f730,core/charactr.cpp,27,7,stack_param,102
core_charactr.cpp_CCharacter_advanceLayerAction_FUN_0042e370,0042e370,core/charactr.cpp,89,11,stack_param,204
core_charactr.cpp_CCharacter_findSomethingToLookAt_FUN_0042d5a0,0042d5a0,core/charactr.cpp,259,98,stack_param|unaffected_reg|suspect_float|unknown_field|badspacebase|register_param|stack_ref,1274
core_charactr.cpp_CCharacter_FUN_0042dde0,0042dde0,core/charactr.cpp,20,6,stack_param,85
core_charactr.cpp_CCharacter_FUN_0042bc20,0042bc20,core/charactr.cpp,26,13,stack_param|unaffected_reg,166
core_charactr.cpp_CCharacter_FUN_0042b9e0,0042b9e0,core/charactr.cpp,81,24,stack_param|suspect_float|unknown_field|badspacebase|register_param|stack_ref,351
core_charactr.cpp_CCharacter_renderOpaque_FUN_0042a2c0,0042a2c0,core/charactr.cpp,42,4,suspect_float|badspacebase|register_param|stack_ref,102
core_charactr.cpp_CCharacter_addLayerAction_FUN_0042e5d0,0042e5d0,core/charactr.cpp,33,11,stack_param,148
core_crossbow.cpp_FUN_00448c30,00448c30,core/crossbow.cpp,11,0,,11
core_crossbow.cpp_CCrossbow_renderTransparent_FUN_00448e80,00448e80,core/crossbow.cpp,8,0,,8
core_crossbow.cpp_CCrossbow_FUN_00449570,00449570,core/crossbow.cpp,6,0,,6
core_crossbow.cpp_CCrossbow_FUN_00448f20,00448f20,core/crossbow.cpp,164,23,stack_param|unknown_field|suspect_float|extra_output|badspacebase|register_param|stack_ref,429
core_crossbow.cpp_CCrossbow_getActorType_FUN_00448c60,00448c60,core/crossbow.cpp,4,0,,4
core_crossbow.cpp_CCrossbow_renderOpaque_FUN_00448e00,00448e00,core/crossbow.cpp,25,8,unaffected_reg|suspect_float|badspacebase|register_param|stack_ref,130
core_crossbow.cpp_CCrossbow_process_FUN_00448d30,00448d30,core/crossbow.cpp,34,2,badspacebase|register_param,64
core_crossbow.cpp_FUN_00449540,00449540,core/crossbow.cpp,7,2,stack_param,32
core_crossbow.cpp_FUN_00448c70,00448c70,core/crossbow.cpp,50,4,negative_offset,95
core_crossbow.cpp_CCrossbow_FUN_00448eb0,00448eb0,core/crossbow.cpp,15,5,stack_param,70
core_crossbow.cpp_CCrossbow_dtor_FUN_004495a0,004495a0,core/crossbow.cpp,24,1,negative_offset,39
core_crossbow.cpp_staticInit_FUN_00448c00,00448c00,core/crossbow.cpp,8,0,,8
core_dcube.cpp_clipTriangleToAABB_FUN_00456400,00456400,core/dcube.cpp,112,0,,112
core_dcube.cpp_CDemonCube_testCylinderGroundCollision_FUN_00457b60,00457b60,core/dcube.cpp,62,4,badspacebase|pointer_cast|register_param,117
core_dcube.cpp_CDemonCube_setBounds_FUN_00456a90,00456a90,core/dcube.cpp,21,0,,21
core_dcube.cpp_CDemonCube_buildVoxelOccupancyGrid_FUN_00457cf0,00457cf0,core/dcube.cpp,94,4,badspacebase|pointer_cast|register_param,149
core_dcube.cpp_CDemonCube_load_FUN_00457530,00457530,core/dcube.cpp,49,5,pointer_cast,104
core_dcube.cpp_clipPolygonAgainstMinZ_FUN_00454f00,00454f00,core/dcube.cpp,53,0,,53
core_dcube.cpp_clipPolygonAgainstMaxZ_FUN_00455070,00455070,core/dcube.cpp,55,0,,55
core_dcube.cpp_CDemonCube_allocGeometryMemory_FUN_00456840,00456840,core/dcube.cpp,60,0,,60
core_dcube.cpp_CDemonCube_rotateVertices_FUN_00457650,00457650,core/dcube.cpp,100,5,badspacebase|pointer_cast|register_param,165
core_dcube.cpp_CDemonCubeTriangle_writeToFile_FUN_00455250,00455250,core/dcube.cpp,11,0,,11
core_dcube.cpp_CDemonCube_freeMemory_FUN_004569b0,004569b0,core/dcube.cpp,35,1,negative_offset,50
core_dcube.cpp_CDemonCube_allocVoxelMemory_FUN_004567b0,004567b0,core/dcube.cpp,22,0,,22
core_dcube.cpp_intersectXZCapsuleWithHeight_FUN_00455990,00455990,core/dcube.cpp,26,0,,26
core_dcube.cpp_triangleCylinderCollision_FUN_00456040,00456040,core/dcube.cpp,148,52,concat_artifact|unknown_field|badspacebase|register_param,688
core_dcube.cpp_CDemonCubeTriangle_calculateNormalAndPlane_FUN_004552c0,004552c0,core/dcube.cpp,55,0,,55
core_dcube.cpp_freeVectors_FUN_00457eb0,00457eb0,core/dcube.cpp,5,0,,5
core_dcube.cpp_CDemonCubeTriangle_rayTriangleIntersection_FUN_00455460,00455460,core/dcube.cpp,75,0,,75
core_dcube.cpp_CDemonCube_rayIntersectTriangles_FUN_004578f0,004578f0,core/dcube.cpp,65,4,badspacebase|pointer_cast|register_param,120
core_dcube.cpp_clipPolygonAgainstMaxY_FUN_00454970,00454970,core/dcube.cpp,53,0,,53
core_dcube.cpp_CDemonCube_dtor_FUN_00456790,00456790,core/dcube.cpp,5,0,,5
core_dcube.cpp_staticInit_FUN_00454720,00454720,core/dcube.cpp,18,0,,18
core_dcube.cpp_clipPolygonAgainstMinY_FUN_00454ad0,00454ad0,core/dcube.cpp,53,0,,53
core_dcube.cpp_CDemonCubeTriangle_ctor_FUN_00455430,00455430,core/dcube.cpp,10,0,,10
core_dcube.cpp_CDemonCubeTriangle_readFromFile_FUN_004551d0,004551d0,core/dcube.cpp,11,0,,11
core_dcube.cpp_clipPolygonAgainstMaxX_FUN_00454c40,00454c40,core/dcube.cpp,55,0,,55
core_dcube.cpp_CDemonCube_testCapsuleCollision_FUN_00457a90,00457a90,core/dcube.cpp,47,0,,47
core_dcube.cpp_copyVector3_FUN_004547b0,004547b0,core/dcube.cpp,10,0,,10
core_dcube.cpp_buildAndRenderTrianglePrimitive_FUN_004566e0,004566e0,core/dcube.cpp,20,2,badspacebase|register_param,50
core_dcube.cpp_CDemonCube_testAABBIntersection_FUN_00457ca0,00457ca0,core/dcube.cpp,23,0,,23
core_dcube.cpp_CDemonCube_save_FUN_00457430,00457430,core/dcube.cpp,45,2,pointer_cast,70
core_dcube.cpp_intersectTriangleWithXZCapsule_FUN_00455a30,00455a30,core/dcube.cpp,181,5,stack_param|badspacebase|register_param,246
core_dcube.cpp_CDemonCube_clipTriangleToFrustum_FUN_00456af0,00456af0,core/dcube.cpp,154,6,pointer_cast,219
core_dcube.cpp_clipPolygonAgainstMinX_FUN_00454da0,00454da0,core/dcube.cpp,55,0,,55
core_dcube.cpp_CDemonCube_loadGeometryFromTriangleList_FUN_004570a0,004570a0,core/dcube.cpp,143,49,stack_param|badspacebase|pointer_cast|register_param|stack_ref,658
core_dcube.cpp_CDemonCube_ctor_FUN_00456750,00456750,core/dcube.cpp,11,0,,11
core_dcube.cpp_clipEdgeToPlane_FUN_004547d0,004547d0,core/dcube.cpp,45,11,sub_artifact|concat_artifact|unknown_field,170
core_dcube.cpp_intersectVerticalCylinderSegment_FUN_00455ed0,00455ed0,core/dcube.cpp,40,0,,40
core_dcube.cpp_intersectXZCapsule_FUN_004556b0,004556b0,core/dcube.cpp,87,0,,87
core_dcube.cpp_CDemonCube_buildGeometryFromPolygonData,00456ed0,core/dcube.cpp/CDemonCube,87,13,pointer_cast,222
core_spike.cpp_FUN_005b8360,005b8360,core/spike.cpp,41,21,stack_param|badspacebase|register_param,266
core_spike.cpp_CSpike_ctor_FUN_005b8220,005b8220,core/spike.cpp,79,4,negative_offset|pointer_cast,129
core_spike.cpp_FUN_005b8730,005b8730,core/spike.cpp,22,11,stack_param|suspect_float|badspacebase|register_param|stack_ref,157
core_spike.cpp_staticInit_FUN_005b81b0,005b81b0,core/spike.cpp,7,0,,7
core_spike.cpp_FUN_005b8950,005b8950,core/spike.cpp,135,43,stack_param|unknown_field|badspacebase|register_param|stack_ref,590
core_spike.cpp_FUN_005b81e0,005b81e0,core/spike.cpp,11,0,,11
core_spike.cpp_FUN_005b8410,005b8410,core/spike.cpp,139,76,stack_param|suspect_float|badspacebase|register_param,919
core_spike.cpp_CSpike_load_FUN_005b87f0,005b87f0,core/spike.cpp,39,18,stack_param,224
core_spike.cpp_CSpike_getActorType_FUN_005b8210,005b8210,core/spike.cpp,4,0,,4
core_spike.cpp_CSpike_FUN_005b9030,005b9030,core/spike.cpp,7,2,stack_param,32
core_spike.cpp_FUN_005b8e90,005b8e90,core/spike.cpp,28,21,stack_param|suspect_float,248
core_spike.cpp_FUN_005b87a0,005b87a0,core/spike.cpp,19,10,stack_param,124
core_spike.cpp_CSpike_FUN_005b9020,005b9020,core/spike.cpp,5,0,,5
core_spike.cpp_CSpike_dtor_FUN_005b9050,005b9050,core/spike.cpp,16,0,,16
core_spike.cpp_CSpike_FUN_005b8940,005b8940,core/spike.cpp,4,0,,4
core_vehicle.cpp_FUN_005e8b50,005e8b50,core/vehicle.cpp,18,7,stack_param,93
core_vehicle.cpp_staticInit_FUN_005e7810,005e7810,core/vehicle.cpp,7,0,,7
core_vehicle.cpp_CVehicle_FUN_005e86d0,005e86d0,core/vehicle.cpp,16,8,stack_param,101
core_vehicle.cpp_CVehicle_FUN_005e8ba0,005e8ba0,core/vehicle.cpp,28,16,stack_param|badspacebase|pointer_cast|register_param|stack_ref,213
core_vehicle.cpp_CVehicle_ctor_FUN_005e7940,005e7940,core/vehicle.cpp,77,4,pointer_cast,122
core_vehicle.cpp_CTire_dtor_FUN_005e8dc0,005e8dc0,core/vehicle.cpp,4,0,,4
core_vehicle.cpp_CVehicle_getActorType_FUN_005e7930,005e7930,core/vehicle.cpp,4,0,,4
core_vehicle.cpp_CVehicle_dtor_FUN_005e8d20,005e8d20,core/vehicle.cpp,20,0,,20
core_vehicle.cpp_staticInit_FUN_005e78d0,005e78d0,core/vehicle.cpp,8,0,,8
core_vehicle.cpp_CVehicle_FUN_005e88b0,005e88b0,core/vehicle.cpp,4,0,,4
core_vehicle.cpp_CVehicle_serialize_FUN_005e8720,005e8720,core/vehicle.cpp,57,19,stack_param,252
core_vehicle.cpp_FUN_005e7900,005e7900,core/vehicle.cpp,11,0,,11
core_vehicle.cpp_CVehicle_FUN_005e8b40,005e8b40,core/vehicle.cpp,4,0,,4
core_vehicle.cpp_CVehicle_FUN_005e8cf0,005e8cf0,core/vehicle.cpp,5,0,,5
core_vehicle.cpp_CVehicle_FUN_005e8b30,005e8b30,core/vehicle.cpp,4,0,,4
core_vehicle.cpp_CVehicle_FUN_005e88c0,005e88c0,core/vehicle.cpp,82,48,stack_param|badspacebase|register_param|stack_ref,582
core_vehicle.cpp_FUN_005e8dd0,005e8dd0,core/vehicle.cpp,7,2,stack_param,32
core_vehicle.cpp_CVehicle_FUN_005e8d00,005e8d00,core/vehicle.cpp,6,2,stack_param,31
core_vehicle.cpp_convertDirectionVectorToEulerAngles_FUN_005e7830,005e7830,core/vehicle.cpp,31,12,concat_artifact|extra_output,161
core_vehicle.cpp_CVehicle_FUN_005e7b90,005e7b90,core/vehicle.cpp,159,3,badspacebase|register_param|stack_ref,204
core_vehicle.cpp_CVehicle_process_FUN_005e7e80,005e7e80,core/vehicle.cpp,282,14,stack_param|unknown_field|badspacebase|register_param,442
core_vehicle.cpp_CTire_ctor_FUN_005e8da0,005e8da0,core/vehicle.cpp,7,1,negative_offset,22
core_succubus.cpp_CSuccubus_serialize_FUN_005c7710,005c7710,core/succubus.cpp,11,0,,11
core_succubus.cpp_CSuccubus_dtor_FUN_005c7820,005c7820,core/succubus.cpp,34,2,negative_offset,59
core_succubus.cpp_CSuccubus_ctor_FUN_005c6a80,005c6a80,core/succubus.cpp,41,0,,41
core_succubus.cpp_CSuccubus_FUN_005c7780,005c7780,core/succubus.cpp,4,0,,4
core_succubus.cpp_CSuccubus_process_FUN_005c6e90,005c6e90,core/succubus.cpp,290,12,stack_param|extra_output,420
core_succubus.cpp_staticInit_FUN_005c6a10,005c6a10,core/succubus.cpp,8,0,,8
core_succubus.cpp_FUN_005c7760,005c7760,core/succubus.cpp,9,2,stack_param,34
core_succubus.cpp_CSuccubus_renderOpaque_FUN_005c7590,005c7590,core/succubus.cpp,57,5,stack_param|badspacebase|register_param|stack_ref,127
core_succubus.cpp_CSuccubus_FUN_005c6b60,005c6b60,core/succubus.cpp,118,0,,118
core_succubus.cpp_CSuccubus_FUN_005c7790,005c7790,core/succubus.cpp,5,0,,5
core_succubus.cpp_FUN_005c6a40,005c6a40,core/succubus.cpp,11,0,,11
core_succubus.cpp_CSuccubus_FUN_005c77f0,005c77f0,core/succubus.cpp,8,2,stack_param,33
core_succubus.cpp_CSuccubus_getActorType_FUN_005c6a70,005c6a70,core/succubus.cpp,4,0,,4
core_succubus.cpp_CSuccubus_FUN_005c77b0,005c77b0,core/succubus.cpp,8,3,stack_param,43
core_batman.cpp_FUN_004179a0,004179a0,core/batman.cpp,90,43,stack_param|suspect_float|badspacebase|pointer_cast|register_param|stack_ref,550
core_batman.cpp_CBatman_FUN_00416510,00416510,core/batman.cpp,90,0,,90
core_batman.cpp_CBatman_FUN_00417cb0,00417cb0,core/batman.cpp,9,0,,9
core_batman.cpp_FUN_00416410,00416410,core/batman.cpp,11,0,,11
core_batman.cpp_FUN_004167f0,004167f0,core/batman.cpp,15,3,stack_param,50
core_batman.cpp_CBatman_ctor_FUN_00416450,00416450,core/batman.cpp,46,0,,46
core_batman.cpp_CBatman_process_FUN_00416870,00416870,core/batman.cpp,471,19,stack_param|extra_output|badspacebase|register_param|stack_ref,686
core_batman.cpp_CBatman_serialize_FUN_00417580,00417580,core/batman.cpp,26,0,,26
core_batman.cpp_CBatman_FUN_00417cd0,00417cd0,core/batman.cpp,9,4,stack_param,54
core_batman.cpp_staticInit_FUN_004163e0,004163e0,core/batman.cpp,8,0,,8
core_batman.cpp_CBatman_renderOpaque_FUN_004173b0,004173b0,core/batman.cpp,83,20,sub_artifact|concat_artifact|unaffected_reg|suspect_float|unknown_field|badspacebase|register_param,318
core_batman.cpp_CBatman_dtor_FUN_00417d60,00417d60,core/batman.cpp,30,1,negative_offset,45
core_batman.cpp_CBatman_FUN_00417d30,00417d30,core/batman.cpp,8,2,stack_param,33
core_batman.cpp_CBatman_FUN_00417bb0,00417bb0,core/batman.cpp,44,12,stack_param|badspacebase|register_param,179
core_batman.cpp_FUN_00417660,00417660,core/batman.cpp,118,62,stack_param|suspect_float|badspacebase|register_param,758
core_batman.cpp_CBatman_getActorType_FUN_00416440,00416440,core/batman.cpp,4,0,,4
core_health.cpp_FUN_004f20b0,004f20b0,core/health.cpp,10,4,stack_param,55
core_health.cpp_FUN_004f1e60,004f1e60,core/health.cpp,22,11,stack_param|suspect_float|badspacebase|register_param|stack_ref,157
core_health.cpp_CHealthItem_serialize_FUN_004f1f20,004f1f20,core/health.cpp,18,7,stack_param|badspacebase|register_param,103
core_health.cpp_FUN_004f1e30,004f1e30,core/health.cpp,9,4,stack_param,54
core_health.cpp_FUN_004f1dc0,004f1dc0,core/health.cpp,5,0,,5
core_health.cpp_FUN_004f1dd0,004f1dd0,core/health.cpp,14,2,negative_offset,39
core_health.cpp_FUN_004f1fa0,004f1fa0,core/health.cpp,5,0,,5
core_health.cpp_FUN_004f1fb0,004f1fb0,core/health.cpp,12,2,stack_param,37
core_health.cpp_FUN_004f2040,004f2040,core/health.cpp,12,7,stack_param,87
core_health.cpp_staticInit_FUN_004f1d60,004f1d60,core/health.cpp,8,0,,8
core_health.cpp_FUN_004f2020,004f2020,core/health.cpp,9,4,stack_param,54
core_health.cpp_FUN_004f1fd0,004f1fd0,core/health.cpp,17,10,stack_param,122
core_health.cpp_FUN_004f1d90,004f1d90,core/health.cpp,11,0,,11
core_health.cpp_FUN_004f1ed0,004f1ed0,core/health.cpp,19,10,stack_param,124
core_health.cpp_FUN_004f20d0,004f20d0,core/health.cpp,16,0,,16
core_health.cpp_FUN_004f1e50,004f1e50,core/health.cpp,4,0,,4
core_morph.cpp_CMorph_getReady_FUN_0052b680,0052b680,core/morph.cpp,148,13,stack_param|unaffected_reg|badspacebase|register_param|stack_ref,303
core_morph.cpp_CMorphModel_FUN_0052b330,0052b330,core/morph.cpp,7,2,stack_param,32
core_morph.cpp_freeVectors_FUN_0052cc90,0052cc90,core/morph.cpp,5,0,,5
core_morph.cpp_FUN_0052cc40,0052cc40,core/morph.cpp,6,4,stack_param,51
core_morph.cpp_CMorphModel_ctor_FUN_0052a4c0,0052a4c0,core/morph.cpp,25,0,,25
core_morph.cpp_CMorphModel_FUN_0052bae0,0052bae0,core/morph.cpp,6,0,,6
core_morph.cpp_CMorphModel_FUN_0052a710,0052a710,core/morph.cpp,51,8,stack_param,136
core_morph.cpp_FUN_0052b600,0052b600,core/morph.cpp,7,2,unaffected_reg,32
core_morph.cpp_FUN_0052b370,0052b370,core/morph.cpp,13,4,stack_param,58
core_morph.cpp_CMorphModel_FUN_0052b350,0052b350,core/morph.cpp,7,2,stack_param,32
core_morph.cpp_CMorphModel_setFaceList_FUN_0052aac0,0052aac0,core/morph.cpp,105,31,stack_param|unaffected_reg,425
core_morph.cpp_FUN_0052aa80,0052aa80,core/morph.cpp,10,6,stack_param,75
core_morph.cpp_FUN_0052b430,0052b430,core/morph.cpp,10,4,stack_param,55
core_morph.cpp_FUN_0052cc10,0052cc10,core/morph.cpp,9,6,stack_param,74
core_morph.cpp_FUN_0052bb80,0052bb80,core/morph.cpp,42,9,stack_param,137
core_morph.cpp_CMorphModel_FUN_0052a8d0,0052a8d0,core/morph.cpp,9,4,stack_param,54
core_morph.cpp_CMorphModel_FUN_0052af30,0052af30,core/morph.cpp,10,2,stack_param,35
core_morph.cpp_FUN_0052b160,0052b160,core/morph.cpp,44,12,stack_param|extra_output,174
core_morph.cpp_FUN_0052cd30,0052cd30,core/morph.cpp,12,2,stack_param,37
core_morph.cpp_FUN_0052b580,0052b580,core/morph.cpp,10,4,stack_param,55
core_morph.cpp_FUN_0052b4b0,0052b4b0,core/morph.cpp,8,4,stack_param,53
core_morph.cpp_freeDeformableModelInstances_FUN_0052ccd0,0052ccd0,core/morph.cpp,6,0,,6
core_morph.cpp_CMorphModel_FUN_0052aa00,0052aa00,core/morph.cpp,5,0,,5
core_morph.cpp_CMorphModel_FUN_0052aca0,0052aca0,core/morph.cpp,66,29,stack_param|unaffected_reg,366
core_morph.cpp_FUN_0052bcb0,0052bcb0,core/morph.cpp,429,119,undefined_type|stack_param|sub_artifact|concat_artifact|suspect_float|badspacebase|pointer_cast|register_param|stack_ref,1664
core_morph.cpp_FUN_0052b500,0052b500,core/morph.cpp,8,4,stack_param,53
core_morph.cpp_freeBoundingBoxes_FUN_0052ccf0,0052ccf0,core/morph.cpp,5,0,,5
core_morph.cpp_FUN_0052b470,0052b470,core/morph.cpp,10,4,stack_param,55
core_morph.cpp_FUN_0052b550,0052b550,core/morph.cpp,8,4,stack_param,53
core_morph.cpp_CMorphModel_free_FUN_0052a510,0052a510,core/morph.cpp,33,0,,33
core_morph.cpp_CMorphModel_rotatePoints_FUN_0052af70,0052af70,core/morph.cpp,70,18,stack_param|pointer_cast,260
core_morph.cpp_FUN_0052b3d0,0052b3d0,core/morph.cpp,10,4,stack_param,55
core_morph.cpp_FUN_0052bb50,0052bb50,core/morph.cpp,11,8,stack_param,96
core_morph.cpp_FUN_0052aa30,0052aa30,core/morph.cpp,11,0,,11
core_morph.cpp_FUN_0052a490,0052a490,core/morph.cpp,18,11,stack_param,133
core_morph.cpp_FUN_0052b640,0052b640,core/morph.cpp,5,0,,5
core_morph.cpp_FUN_0052b5c0,0052b5c0,core/morph.cpp,8,4,stack_param,53
core_morph.cpp_SMorphControlPoint_ctor_FUN_0052cc50,0052cc50,core/morph.cpp,8,1,pointer_cast,23
core_morph.cpp_CMorphModel_animate_FUN_0052a920,0052a920,core/morph.cpp,35,17,stack_param,210
core_morph.cpp_freeMorphModels_FUN_0052cd10,0052cd10,core/morph.cpp,5,0,,5
core_morph.cpp_CMorphModel_findOrAddTexture_FUN_0052ae60,0052ae60,core/morph.cpp,40,0,,40
core_morph.cpp_CMorphModel_dtor_FUN_0052a4f0,0052a4f0,core/morph.cpp,5,0,,5
core_morph.cpp_FUN_0052b310,0052b310,core/morph.cpp,9,3,stack_param|pointer_cast,49
core_morph.cpp_FUN_0052ca90,0052ca90,core/morph.cpp,28,2,stack_param,53
core_morph.cpp_freeMorphControlPoints_FUN_0052ccb0,0052ccb0,core/morph.cpp,5,0,,5
core_morph.cpp_CMorphModel_FUN_0052a870,0052a870,core/morph.cpp,9,5,stack_param,64
core_morph.cpp_CMorphModel_addPart_FUN_0052a580,0052a580,core/morph.cpp,63,10,stack_param,168
core_morph.cpp_FUN_0052b280,0052b280,core/morph.cpp,33,8,stack_param,118
core_morph.cpp_SMorphControlPoint_dtor_FUN_0052cc70,0052cc70,core/morph.cpp,7,2,extra_output,32
core_dlight.cpp_CDemonLight_testShadowMapRegion_FUN_00476000,00476000,core/dlight.cpp,39,0,,39
core_dlight.cpp_getRestoreMemory_FUN_00472950,00472950,core/dlight.cpp,13,2,stack_param,38
core_dlight.cpp_CDemonLight_free_FUN_004728b0,004728b0,core/dlight.cpp,21,0,,21
core_dlight.cpp_CDemonLight_endBackgroundScene_FUN_00472f30,00472f30,core/dlight.cpp,26,0,,26
core_dlight.cpp_CDemonLight_applyFilter_FUN_00474770,00474770,core/dlight.cpp,97,0,,97
core_dlight.cpp_CDemonLight_dtor_FUN_00472760,00472760,core/dlight.cpp,22,0,,22
core_dlight.cpp_CDemonLight_copy_FUN_00476c20,00476c20,core/dlight.cpp,6,0,,6
core_dlight.cpp_CDemonLight_beginScene_FUN_00472a80,00472a80,core/dlight.cpp,63,7,stack_param,138
core_dlight.cpp_CDemonLight_projectLightAndMarkVisibility_FUN_00473270,00473270,core/dlight.cpp,49,0,,49
core_dlight.cpp_drawGrayscalePixel_FUN_00473360,00473360,core/dlight.cpp,5,1,pointer_cast,20
core_dlight.cpp_resetRestoreMemoryAllocator_FUN_004729c0,004729c0,core/dlight.cpp,5,0,,5
core_dlight.cpp_CDemonLight_allocMasterZBuffer_FUN_004729d0,004729d0,core/dlight.cpp,14,0,,14
core_dlight.cpp_CDemonLight_beginBackgroundScene_FUN_00472e40,00472e40,core/dlight.cpp,47,1,pointer_cast,62
core_dlight.cpp_captureLightTextures_FUN_00474a90,00474a90,core/dlight.cpp,12,0,,12
core_dlight.cpp_CDemonLight_renderLightBloomQuad_FUN_00473a20,00473a20,core/dlight.cpp,165,42,stack_param|unaffected_reg|unknown_field|suspect_float|extra_output|badspacebase|register_param|stack_ref,625
core_dlight.cpp_staticInit_FUN_00472680,00472680,core/dlight.cpp,7,0,,7
core_dlight.cpp_CDemonLight_allocateFilter_FUN_00474720,00474720,core/dlight.cpp,14,2,stack_param,39
core_dlight.cpp_CDemonLight_copy_FUN_00476c40,00476c40,core/dlight.cpp,6,0,,6
core_dlight.cpp_CDemonLight_ctor_FUN_004726a0,004726a0,core/dlight.cpp,25,4,stack_param,70
core_dlight.cpp_CDemonLight_renderLightGlowSprites_FUN_00473f90,00473f90,core/dlight.cpp,207,86,stack_param|unaffected_reg|unknown_field|suspect_float|badspacebase|pointer_cast|register_param,1102
core_dlight.cpp_CDemonLight_renderCoronaGeometry_FUN_004736c0,004736c0,core/dlight.cpp,117,15,unaffected_reg|unknown_field|suspect_float|badspacebase|pointer_cast|register_param|stack_ref,302
core_dlight.cpp_CDemonLight_drawShadowDepthBuffer_FUN_00476670,00476670,core/dlight.cpp,163,4,pointer_cast,208
core_dlight.cpp_CDemonLight_initializeVisibilityBuffer_FUN_00475fc0,00475fc0,core/dlight.cpp,6,0,,6
core_dlight.cpp_CDemonLight_testLightVolumeVisibility_FUN_00476a60,00476a60,core/dlight.cpp,39,20,extra_output|badspacebase|register_param|stack_ref,259
core_dlight.cpp_CDemonLight_renderVolumetricLightShaft_FUN_00474ad0,00474ad0,core/dlight.cpp,199,46,stack_param|unaffected_reg|unknown_field|suspect_float|badspacebase|pointer_cast|register_param,694
core_dlight.cpp_CDemonLight_renderExternalVolumetricShafts_FUN_004758d0,004758d0,core/dlight.cpp,237,7,stack_param|extra_output|badspacebase|register_param|stack_ref,332
core_dlight.cpp_CDemonLight_endScene_FUN_00472d30,00472d30,core/dlight.cpp,40,0,,40
core_dlight.cpp_CDemonLight_copy_FUN_00476c30,00476c30,core/dlight.cpp,6,0,,6
core_dlight.cpp_CDemonLight_restoreDirtyRegions_FUN_00472f80,00472f80,core/dlight.cpp,130,17,sborrow_artifact|badspacebase|pointer_cast|register_param|stack_ref,325
core_dlight.cpp_CDemonLight_init_FUN_004727c0,004727c0,core/dlight.cpp,32,1,pointer_cast,47
core_dlight.cpp_CDemonLight_freeMasterZBuffer_FUN_00472a50,00472a50,core/dlight.cpp,9,0,,9
core_dlight.cpp_CDemonLight_setVolumetricIntensity_FUN_004765e0,004765e0,core/dlight.cpp,29,0,,29
core_dlight.cpp_CDemonLight_blitZBuffer_FUN_00472c70,00472c70,core/dlight.cpp,26,0,,26
core_dlight.cpp_CDemonLight_renderRadialVolumetricScattering_FUN_00475210,00475210,core/dlight.cpp,198,45,unaffected_reg|unknown_field|suspect_float|extra_output|badspacebase|register_param,678
core_dlight.cpp_renderConeLightGeometry_FUN_004760d0,004760d0,core/dlight.cpp,155,30,stack_param|suspect_float|extra_output|badspacebase|register_param,480
core_dlight.cpp_CDemonLight_renderShadowMapDebugView_FUN_00473390,00473390,core/dlight.cpp,68,0,,68
core_dlight.cpp_CDemonLight_clearCircularShadowMapEdges_FUN_004735c0,004735c0,core/dlight.cpp,32,0,,32
core_beast.cpp_CBeast_load_FUN_00418330,00418330,core/beast.cpp,13,4,stack_param,58
core_beast.cpp_constructor_FUN_004181e0,004181e0,core/beast.cpp,11,0,,11
core_beast.cpp_FUN_004183b0,004183b0,core/beast.cpp,19,9,stack_param|badspacebase|register_param,124
core_beast.cpp_FUN_00418280,00418280,core/beast.cpp,10,4,stack_param,55
core_beast.cpp_FUN_004183a0,004183a0,core/beast.cpp,5,0,,5
core_beast.cpp_FUN_00418420,00418420,core/beast.cpp,11,5,stack_param,66
core_beast.cpp_CBeast_ctor_FUN_00418220,00418220,core/beast.cpp,27,0,,27
core_beast.cpp_FUN_00418210,00418210,core/beast.cpp,5,0,,5
core_beast.cpp_FUN_00418460,00418460,core/beast.cpp,10,4,stack_param,55
core_beast.cpp_FUN_00418400,00418400,core/beast.cpp,12,5,stack_param,67
core_beast.cpp_FUN_004182a0,004182a0,core/beast.cpp,26,16,stack_param,191
core_beast.cpp_FUN_00418380,00418380,core/beast.cpp,9,2,stack_param,34
core_beast.cpp_CBeast_dtor_FUN_00418490,00418490,core/beast.cpp,30,1,negative_offset,45
core_beast.cpp_staticInit_FUN_004181b0,004181b0,core/beast.cpp,8,0,,8
core_hiram.cpp_FUN_004f46e0,004f46e0,core/hiram.cpp,9,4,stack_param,54
core_hiram.cpp_CHiram_load_FUN_004f4690,004f4690,core/hiram.cpp,7,2,stack_param,32
core_hiram.cpp_FUN_004f4530,004f4530,core/hiram.cpp,9,4,stack_param,54
core_hiram.cpp_FUN_004f43f0,004f43f0,core/hiram.cpp,25,0,,25
core_hiram.cpp_FUN_004f4450,004f4450,core/hiram.cpp,34,2,negative_offset,59
core_hiram.cpp_FUN_004f4550,004f4550,core/hiram.cpp,57,15,stack_param|unaffected_reg,217
core_hiram.cpp_staticInit_FUN_004f4380,004f4380,core/hiram.cpp,8,0,,8
core_hiram.cpp_FUN_004f43b0,004f43b0,core/hiram.cpp,11,0,,11
core_hiram.cpp_FUN_004f46a0,004f46a0,core/hiram.cpp,10,4,stack_param,55
core_hiram.cpp_FUN_004f43e0,004f43e0,core/hiram.cpp,5,0,,5
core_werewolf.cpp_FUN_005efbd0,005efbd0,core/werewolf.cpp,11,0,,11
core_werewolf.cpp_FUN_005f11e0,005f11e0,core/werewolf.cpp,16,6,stack_param,81
core_werewolf.cpp_CWerewolf_FUN_005f20d0,005f20d0,core/werewolf.cpp,38,9,stack_param,133
core_werewolf.cpp_CWerewolf_FUN_005efcc0,005efcc0,core/werewolf.cpp,52,0,,52
core_werewolf.cpp_FUN_005f11a0,005f11a0,core/werewolf.cpp,15,4,stack_param,60
core_werewolf.cpp_CWerewolf_getActorType_FUN_005efc00,005efc00,core/werewolf.cpp,4,0,,4
core_werewolf.cpp_FUN_005f21e0,005f21e0,core/werewolf.cpp,7,2,stack_param,32
core_werewolf.cpp_FUN_005f2010,005f2010,core/werewolf.cpp,20,3,unaffected_reg,55
core_werewolf.cpp_CWerewolf_process_FUN_005efde0,005efde0,core/werewolf.cpp,722,20,stack_param|extra_output|badspacebase|register_param|stack_ref,947
core_werewolf.cpp_CWerewolf_FUN_005f1820,005f1820,core/werewolf.cpp,55,7,badspacebase|pointer_cast|register_param|stack_ref,145
core_werewolf.cpp_FUN_005f1230,005f1230,core/werewolf.cpp,154,42,stack_param|unknown_field|suspect_float|badspacebase|register_param|stack_ref,604
core_werewolf.cpp_CWerewolf_ctor_FUN_005efc10,005efc10,core/werewolf.cpp,46,0,,46
core_werewolf.cpp_FUN_005f1db0,005f1db0,core/werewolf.cpp,22,3,stack_param,57
core_werewolf.cpp_CWerewolf_dtor_FUN_005f2220,005f2220,core/werewolf.cpp,30,1,negative_offset,45
core_werewolf.cpp_CWerewolf_FUN_005f21f0,005f21f0,core/werewolf.cpp,8,2,stack_param,33
core_werewolf.cpp_FUN_005f1ac0,005f1ac0,core/werewolf.cpp,114,38,stack_param|badspacebase|register_param|stack_ref,514
core_werewolf.cpp_CWerewolf_FUN_005f1df0,005f1df0,core/werewolf.cpp,17,7,stack_param|badspacebase|register_param,102
core_werewolf.cpp_staticInit_FUN_005efb70,005efb70,core/werewolf.cpp,15,0,,15
core_werewolf.cpp_CWerewolf_serialize_FUN_005f1980,005f1980,core/werewolf.cpp,35,0,,35
core_werewolf.cpp_FUN_005f2070,005f2070,core/werewolf.cpp,18,2,stack_param,43
core_werewolf.cpp_FUN_005f1e40,005f1e40,core/werewolf.cpp,69,14,stack_param|sub_artifact|badspacebase|register_param,229
core_wateract.cpp_CWaterActor_customRayIntersect_FUN_005eb740,005eb740,core/wateract.cpp,65,29,stack_param|unaffected_reg|unknown_field|badspacebase|register_param,380
core_wateract.cpp_FUN_005ea860,005ea860,core/wateract.cpp,11,0,,11
core_wateract.cpp_CWaterActor_FUN_005eb730,005eb730,core/wateract.cpp,4,0,,4
core_wateract.cpp_CWaterActor_FUN_005ebab0,005ebab0,core/wateract.cpp,52,9,stack_param|suspect_float,152
core_wateract.cpp_CWaterActor_FUN_005eb710,005eb710,core/wateract.cpp,8,2,stack_param,33
core_wateract.cpp_SWaterVertex_ctor_FUN_005ebcd0,005ebcd0,core/wateract.cpp,4,0,,4
core_wateract.cpp_CWaterActor_FUN_005eb940,005eb940,core/wateract.cpp,42,17,stack_param,217
core_wateract.cpp_CWaterActor_ctor_FUN_005ea8a0,005ea8a0,core/wateract.cpp,55,25,pointer_cast,310
core_wateract.cpp_staticInit_FUN_005ea810,005ea810,core/wateract.cpp,11,0,,11
core_wateract.cpp_CWaterActor_FUN_005ea9f0,005ea9f0,core/wateract.cpp,279,19,extra_output,474
core_wateract.cpp_CWaterActor_dtor_FUN_005ebc60,005ebc60,core/wateract.cpp,20,0,,20
core_wateract.cpp_CWaterActor_process_FUN_005eb100,005eb100,core/wateract.cpp,63,7,stack_param|extra_output,143
core_wateract.cpp_CWaterActor_serialize_FUN_005eb510,005eb510,core/wateract.cpp,42,0,,42
core_wateract.cpp_CWaterActor_FUN_005eb910,005eb910,core/wateract.cpp,9,4,stack_param,54
core_wateract.cpp_FUN_005ebcf0,005ebcf0,core/wateract.cpp,7,2,stack_param,32
core_wateract.cpp_FUN_005eafa0,005eafa0,core/wateract.cpp,34,11,stack_param|badspacebase|register_param,159
core_wateract.cpp_CWaterActor_FUN_005eb280,005eb280,core/wateract.cpp,89,12,stack_param|suspect_float|badspacebase|pointer_cast|register_param|stack_ref,239
core_wateract.cpp_CWaterActor_getActorType_FUN_005ea890,005ea890,core/wateract.cpp,5,0,,5
core_wateract.cpp_SWaterVertex_dtor_FUN_005ebce0,005ebce0,core/wateract.cpp,4,0,,4
core_wateract.cpp_CWaterActor_FUN_005eb4b0,005eb4b0,core/wateract.cpp,15,7,stack_param,90
core_wateract.cpp_CWaterActor_FUN_005ebc10,005ebc10,core/wateract.cpp,13,6,stack_param,78
core_wateract.cpp_FUN_005eb040,005eb040,core/wateract.cpp,36,12,stack_param|badspacebase|register_param,171
core_wateract.cpp_CWaterActor_FUN_005ebc50,005ebc50,core/wateract.cpp,4,0,,4
core_imp.cpp_FUN_004f9890,004f9890,core/imp.cpp,5,0,,5
core_imp.cpp_FUN_004f9860,004f9860,core/imp.cpp,10,0,,10
core_imp.cpp_FUN_004f9c30,004f9c30,core/imp.cpp,526,184,stack_param|extra_output|badspacebase|register_param|stack_ref,2391
core_imp.cpp_FUN_004fb180,004fb180,core/imp.cpp,29,1,negative_offset,44
core_imp.cpp_FUN_004faf40,004faf40,core/imp.cpp,75,33,stack_param|badspacebase|register_param|stack_ref,425
core_imp.cpp_FUN_004f9910,004f9910,core/imp.cpp,103,23,stack_param,338
core_imp.cpp_FUN_004fa900,004fa900,core/imp.cpp,11,10,stack_param,116
core_imp.cpp_FUN_004faaf0,004faaf0,core/imp.cpp,7,2,stack_param,32
core_imp.cpp_FUN_004fb0f0,004fb0f0,core/imp.cpp,8,2,stack_param,33
core_imp.cpp_CImp_load_FUN_004fab00,004fab00,core/imp.cpp,13,4,stack_param,58
core_imp.cpp_FUN_004fab60,004fab60,core/imp.cpp,90,50,stack_param,595
core_imp.cpp_FUN_004fa920,004fa920,core/imp.cpp,71,14,stack_param|unaffected_reg|badspacebase|register_param,231
core_imp.cpp_FUN_004fb110,004fb110,core/imp.cpp,11,5,stack_param,66
core_imp.cpp_FUN_004fb150,004fb150,core/imp.cpp,10,4,stack_param,55
core_imp.cpp_FUN_004f98a0,004f98a0,core/imp.cpp,32,0,,32
core_imp.cpp_staticInit_FUN_004f9830,004f9830,core/imp.cpp,8,0,,8
core_imp.cpp_FUN_004fae00,004fae00,core/imp.cpp,52,21,stack_param|badspacebase|register_param|stack_ref,282
core_shovel.cpp_FUN_00588c40,00588c40,core/shovel.cpp,7,0,,7
core_shovel.cpp_CShovel_ctor_FUN_00588ba0,00588ba0,core/shovel.cpp,29,0,,29
core_shovel.cpp_FUN_00588c70,00588c70,core/shovel.cpp,5,0,,5
core_shovel.cpp_FUN_00588b90,00588b90,core/shovel.cpp,5,0,,5
core_shovel.cpp_staticInit_FUN_00588b30,00588b30,core/shovel.cpp,8,0,,8
core_shovel.cpp_fire_FUN_00588c20,00588c20,core/shovel.cpp,8,2,stack_param,33
core_shovel.cpp_FUN_00588b60,00588b60,core/shovel.cpp,11,0,,11
core_shovel.cpp_CShovel_dtor_FUN_00588c80,00588c80,core/shovel.cpp,18,2,unaffected_reg,43
core_vampboss.cpp_CVampireBoss_serialize_FUN_005e6f50,005e6f50,core/vampboss.cpp,28,0,,28
core_vampboss.cpp_CVampireBoss_getActorType_FUN_005e5580,005e5580,core/vampboss.cpp,5,0,,5
core_vampboss.cpp_SomethingVoicuHumanWav_FUN_005e74c0,005e74c0,core/vampboss.cpp,11,5,stack_param,66
core_vampboss.cpp_CVampireBoss_FUN_005e7650,005e7650,core/vampboss.cpp,16,6,stack_param,81
core_vampboss.cpp_staticInit_FUN_005e5520,005e5520,core/vampboss.cpp,8,0,,8
core_vampboss.cpp_CVampireBoss_FUN_005e7280,005e7280,core/vampboss.cpp,20,7,stack_param|badspacebase|register_param,105
core_vampboss.cpp_CVampireBoss_FUN_005e56c0,005e56c0,core/vampboss.cpp,89,0,,89
core_vampboss.cpp_CVampireBoss_FUN_005e75f0,005e75f0,core/vampboss.cpp,19,7,stack_param|unaffected_reg,99
core_vampboss.cpp_CVampireBoss_process_FUN_005e5970,005e5970,core/vampboss.cpp,649,28,stack_param|unknown_field|extra_output|badspacebase|pointer_cast|register_param|stack_ref,964
core_vampboss.cpp_AnotherVoicuSummonWavCall_FUN_005e7390,005e7390,core/vampboss.cpp,24,3,stack_param|suspect_float,64
core_vampboss.cpp_FUN_005e58d0,005e58d0,core/vampboss.cpp,13,7,stack_param,88
core_vampboss.cpp_VoicuSummonWavFile_FUN_005e7320,005e7320,core/vampboss.cpp,20,2,stack_param,45
core_vampboss.cpp_FUN_005e7030,005e7030,core/vampboss.cpp,90,32,stack_param|suspect_float|badspacebase|register_param|stack_ref,435
core_vampboss.cpp_FUN_005e6ca0,005e6ca0,core/vampboss.cpp,48,14,stack_param|badspacebase|register_param,203
core_vampboss.cpp_CVampireBoss_renderOpaque_FUN_005e6da0,005e6da0,core/vampboss.cpp,50,5,stack_param|badspacebase|register_param|stack_ref,120
core_vampboss.cpp_FUN_005e7270,005e7270,core/vampboss.cpp,5,0,,5
core_vampboss.cpp_FUN_005e6b80,005e6b80,core/vampboss.cpp,49,13,stack_param|unaffected_reg|badspacebase|register_param,199
core_vampboss.cpp_VoicuSummonWavFile2_FUN_005e7410,005e7410,core/vampboss.cpp,20,2,stack_param,45
core_vampboss.cpp_CVampireBoss_ctor_FUN_005e5590,005e5590,core/vampboss.cpp,38,0,,38
core_vampboss.cpp_CallToCountVoicuBatWav_FUN_005e7480,005e7480,core/vampboss.cpp,10,5,stack_param,65
core_vampboss.cpp_FUN_005e5550,005e5550,core/vampboss.cpp,11,0,,11
core_vampboss.cpp_CVampireBoss_chooseDestWayPoint_FUN_005e7510,005e7510,core/vampboss.cpp,46,7,stack_param,121
core_vampboss.cpp_CVampireBoss_dtor_FUN_005e7700,005e7700,core/vampboss.cpp,36,2,negative_offset,61
core_lever.cpp_FUN_005047d0,005047d0,core/lever.cpp,46,2,negative_offset,71
core_lever.cpp_FUN_00504920,00504920,core/lever.cpp,68,30,stack_param,373
core_lever.cpp_FUN_00505060,00505060,core/lever.cpp,6,2,stack_param,31
core_lever.cpp_FUN_00505100,00505100,core/lever.cpp,33,8,stack_param|suspect_float,123
core_lever.cpp_FUN_00505430,00505430,core/lever.cpp,16,0,,16
core_lever.cpp_staticInit_FUN_00504760,00504760,core/lever.cpp,8,0,,8
core_lever.cpp_FUN_00505080,00505080,core/lever.cpp,22,9,stack_param|badspacebase|register_param,127
core_lever.cpp_FUN_00505370,00505370,core/lever.cpp,10,4,stack_param,55
core_lever.cpp_FUN_00504dd0,00504dd0,core/lever.cpp,34,13,stack_param|unaffected_reg|badspacebase|register_param,184
core_lever.cpp_FUN_00505210,00505210,core/lever.cpp,7,2,stack_param,32
core_lever.cpp_FUN_00504d80,00504d80,core/lever.cpp,19,10,stack_param,124
core_lever.cpp_FUN_00504c90,00504c90,core/lever.cpp,12,5,stack_param,67
core_lever.cpp_FUN_00504cf0,00504cf0,core/lever.cpp,26,14,stack_param|unaffected_reg|badspacebase|register_param|stack_ref,191
core_lever.cpp_FUN_00504790,00504790,core/lever.cpp,11,0,,11
core_lever.cpp_FUN_00505390,00505390,core/lever.cpp,20,18,stack_param,205
core_lever.cpp_FUN_00505160,00505160,core/lever.cpp,9,2,stack_param,34
core_lever.cpp_CLever_load_FUN_00504e80,00504e80,core/lever.cpp,71,23,stack_param|badspacebase|register_param|stack_ref,321
core_lever.cpp_FUN_00504b20,00504b20,core/lever.cpp,40,17,stack_param,215
core_lever.cpp_FUN_00505240,00505240,core/lever.cpp,21,16,stack_param,186
core_lever.cpp_FUN_005047c0,005047c0,core/lever.cpp,5,0,,5
core_lever.cpp_FUN_005048a0,005048a0,core/lever.cpp,32,8,stack_param|pointer_cast,122
core_lever.cpp_FUN_005051a0,005051a0,core/lever.cpp,32,7,stack_param,107
core_ammo.cpp_CAmmo_writeDependencies_FUN_004113e0,004113e0,core/ammo.cpp,43,0,,43
core_ammo.cpp_CAmmo_process_FUN_00410e70,00410e70,core/ammo.cpp,4,0,,4
core_ammo.cpp_CAmmo_factoryFunc_FUN_00410d80,00410d80,core/ammo.cpp,10,0,,10
core_ammo.cpp_CAmmo_FUN_00410fd0,00410fd0,core/ammo.cpp,96,27,stack_param|pointer_cast,376
core_ammo.cpp_CAmmo_getBoundingBox_FUN_00410ef0,00410ef0,core/ammo.cpp,15,0,,15
core_ammo.cpp_CAmmo_serialize_FUN_00410f40,00410f40,core/ammo.cpp,11,0,,11
core_ammo.cpp_FUN_00411200,00411200,core/ammo.cpp,54,7,stack_param,129
core_ammo.cpp_CAmmo_FUN_004111b0,004111b0,core/ammo.cpp,9,4,stack_param,54
core_ammo.cpp_CAmmo_renderOpaque_FUN_00410e80,00410e80,core/ammo.cpp,19,4,suspect_float|badspacebase|register_param|stack_ref,79
core_ammo.cpp_CAmmo_setup_FUN_00410e50,00410e50,core/ammo.cpp,7,2,stack_param,32
core_ammo.cpp_CAmmo_getPropertyList_FUN_00411360,00411360,core/ammo.cpp,10,0,,10
core_ammo.cpp_CAmmo_dtor_FUN_004114e0,004114e0,core/ammo.cpp,16,0,,16
core_ammo.cpp_FUN_004112b0,004112b0,core/ammo.cpp,34,2,stack_param,59
core_ammo.cpp_staticInit_FUN_00410d50,00410d50,core/ammo.cpp,7,0,,7
core_ammo.cpp_CAmmo_canPickup_FUN_004111c0,004111c0,core/ammo.cpp,9,0,,9
core_ammo.cpp_CAmmo_getActorType_FUN_00410db0,00410db0,core/ammo.cpp,4,0,,4
core_ammo.cpp_CAmmo_hasCollision_FUN_00410fa0,00410fa0,core/ammo.cpp,4,0,,4
core_ammo.cpp_CAmmo_ctor_FUN_00410dc0,00410dc0,core/ammo.cpp,28,4,negative_offset|pointer_cast,78
core_tentacle.cpp_CTentacle_FUN_005dbcc0,005dbcc0,core/tentacle.cpp,8,2,stack_param,33
core_tentacle.cpp_CTentacle_ctor_FUN_005daf60,005daf60,core/tentacle.cpp,32,0,,32
core_tentacle.cpp_CTentacle_serialize_FUN_005db880,005db880,core/tentacle.cpp,18,0,,18
core_tentacle.cpp_CTentacle_dtor_FUN_005dbcf0,005dbcf0,core/tentacle.cpp,30,1,negative_offset,45
core_tentacle.cpp_FUN_005dbb70,005dbb70,core/tentacle.cpp,47,13,stack_param|unaffected_reg|badspacebase|register_param,197
core_tentacle.cpp_staticInit_FUN_005daef0,005daef0,core/tentacle.cpp,8,0,,8
core_tentacle.cpp_FUN_005db9d0,005db9d0,core/tentacle.cpp,81,30,stack_param|extra_output|badspacebase|pointer_cast|register_param|stack_ref,411
core_tentacle.cpp_CTentacle_FUN_005dbb30,005dbb30,core/tentacle.cpp,14,2,unaffected_reg,39
core_tentacle.cpp_CTentacle_FUN_005dafc0,005dafc0,core/tentacle.cpp,17,2,stack_param,42
core_tentacle.cpp_CTentacle_getActorType_FUN_005daf50,005daf50,core/tentacle.cpp,4,0,,4
core_tentacle.cpp_CTentacle_process_FUN_005db050,005db050,core/tentacle.cpp,296,17,stack_param|unknown_field|badspacebase|pointer_cast|register_param,491
core_tentacle.cpp_FUN_005db900,005db900,core/tentacle.cpp,38,9,stack_param,133
core_tentacle.cpp_CTentacle_FUN_005dbc60,005dbc60,core/tentacle.cpp,9,4,stack_param,54
core_tentacle.cpp_FUN_005daf20,005daf20,core/tentacle.cpp,11,0,,11
core_tentacle.cpp_CTentacle_FUN_005db840,005db840,core/tentacle.cpp,14,0,,14
core_battery.cpp_FUN_00417f60,00417f60,core/battery.cpp,6,2,stack_param,31
core_battery.cpp_FUN_004180b0,004180b0,core/battery.cpp,12,7,stack_param,87
core_battery.cpp_CBattery_ctor_FUN_00417e90,00417e90,core/battery.cpp,14,2,negative_offset,39
core_battery.cpp_staticInit_FUN_00417e20,00417e20,core/battery.cpp,8,0,,8
core_battery.cpp_CBattery_load_FUN_00418000,00418000,core/battery.cpp,14,5,stack_param,69
core_battery.cpp_FUN_00417f80,00417f80,core/battery.cpp,19,5,stack_param,74
core_battery.cpp_CBattery_dtor_FUN_00418160,00418160,core/battery.cpp,16,0,,16
core_battery.cpp_FUN_00417e80,00417e80,core/battery.cpp,5,0,,5
core_battery.cpp_FUN_00418110,00418110,core/battery.cpp,19,8,stack_param,104
core_battery.cpp_FUN_00418060,00418060,core/battery.cpp,19,10,stack_param,124
core_battery.cpp_FUN_00418050,00418050,core/battery.cpp,5,0,,5
core_battery.cpp_FUN_00417ef0,00417ef0,core/battery.cpp,10,4,stack_param,55
core_battery.cpp_FUN_00417f20,00417f20,core/battery.cpp,10,2,stack_param,35
core_battery.cpp_FUN_00417e50,00417e50,core/battery.cpp,11,0,,11
core_battery.cpp_FUN_00417f70,00417f70,core/battery.cpp,5,0,,5
core_battery.cpp_FUN_00417f50,00417f50,core/battery.cpp,7,2,stack_param,32
core_battery.cpp_FUN_00417f40,00417f40,core/battery.cpp,9,4,stack_param,54
core_tvbat.cpp_CTVBat_dtor_FUN_005e5460,005e5460,core/tvbat.cpp,30,1,negative_offset,45
core_tvbat.cpp_FUN_005e5100,005e5100,core/tvbat.cpp,17,3,stack_param,52
core_tvbat.cpp_CTVBat_FUN_005e4d80,005e4d80,core/tvbat.cpp,88,14,stack_param|suspect_float|badspacebase|register_param|stack_ref,253
core_tvbat.cpp_CTVBat_process_FUN_005e4210,005e4210,core/tvbat.cpp,356,19,stack_param|extra_output|badspacebase|register_param,566
core_tvbat.cpp_FUN_005e5130,005e5130,core/tvbat.cpp,19,7,stack_param,94
core_tvbat.cpp_CTVBat_FUN_005e50f0,005e50f0,core/tvbat.cpp,4,0,,4
core_tvbat.cpp_CTVBat_ctor_FUN_005e3ef0,005e3ef0,core/tvbat.cpp,49,1,negative_offset,64
core_tvbat.cpp_CTVBat_FUN_005e5440,005e5440,core/tvbat.cpp,7,2,stack_param,32
core_tvbat.cpp_CTVBat_serialize_FUN_005e40c0,005e40c0,core/tvbat.cpp,38,0,,38
core_tvbat.cpp_FUN_005e3e80,005e3e80,core/tvbat.cpp,11,0,,11
core_tvbat.cpp_CTVBat_FUN_005e5050,005e5050,core/tvbat.cpp,18,8,stack_param,103
core_tvbat.cpp_CTVBat_FUN_005e50d0,005e50d0,core/tvbat.cpp,7,0,,7
core_tvbat.cpp_CTVBat_FUN_005e5260,005e5260,core/tvbat.cpp,74,12,stack_param,199
core_tvbat.cpp_staticInit_FUN_005e3e50,005e3e50,core/tvbat.cpp,8,0,,8
core_tvbat.cpp_CTVBat_getActorType_FUN_005e3eb0,005e3eb0,core/tvbat.cpp,4,0,,4
core_tvbat.cpp_CTVBat_FUN_005e51a0,005e51a0,core/tvbat.cpp,22,8,stack_param,107
core_tvbat.cpp_CTVBat_FUN_005e4050,005e4050,core/tvbat.cpp,22,0,,22
core_tvbat.cpp_CTVBat_FUN_005e5400,005e5400,core/tvbat.cpp,13,6,stack_param,78
core_tvbat.cpp_FUN_005e3ec0,005e3ec0,core/tvbat.cpp,7,2,stack_param,32
core_tvbat.cpp_FUN_005e4d70,005e4d70,core/tvbat.cpp,7,2,stack_param,32
core_ghoul.cpp_FUN_004e84a0,004e84a0,core/ghoul.cpp,32,11,stack_param|badspacebase|register_param|stack_ref,162
core_ghoul.cpp_CGhoul_findDarkWayPoint_FUN_004e63d0,004e63d0,core/ghoul.cpp,69,19,stack_param|unaffected_reg|suspect_float|badspacebase|register_param,284
core_ghoul.cpp_FUN_004e82d0,004e82d0,core/ghoul.cpp,68,13,stack_param|badspacebase|register_param|stack_ref,218
core_ghoul.cpp_FUN_004e8bc0,004e8bc0,core/ghoul.cpp,97,32,stack_param|unknown_field|badspacebase|register_param,437
core_ghoul.cpp_staticInit_FUN_004e5f90,004e5f90,core/ghoul.cpp,15,0,,15
core_ghoul.cpp_FUN_004e8f10,004e8f10,core/ghoul.cpp,30,1,negative_offset,45
core_ghoul.cpp_FUN_004e6030,004e6030,core/ghoul.cpp,74,1,suspect_float,89
core_ghoul.cpp_FUN_004e6160,004e6160,core/ghoul.cpp,80,22,stack_param,305
core_ghoul.cpp_CGhoul_FUN_004e6600,004e6600,core/ghoul.cpp,1056,359,stack_param|extra_output|badspacebase|register_param|stack_ref,4671
core_ghoul.cpp_FUN_004e6020,004e6020,core/ghoul.cpp,5,0,,5
core_ghoul.cpp_CGhoul_load_FUN_004e81c0,004e81c0,core/ghoul.cpp,40,11,stack_param,155
core_ghoul.cpp_FUN_004e5ff0,004e5ff0,core/ghoul.cpp,11,0,,11
core_ghoul.cpp_FUN_004e8e40,004e8e40,core/ghoul.cpp,31,7,stack_param,106
core_ghoul.cpp_FUN_004e8dc0,004e8dc0,core/ghoul.cpp,12,6,stack_param,77
core_ghoul.cpp_FUN_004e8520,004e8520,core/ghoul.cpp,94,53,stack_param,629
core_ghoul.cpp_FUN_004e8ee0,004e8ee0,core/ghoul.cpp,10,4,stack_param,55
core_ghoul.cpp_FUN_004e8190,004e8190,core/ghoul.cpp,12,4,stack_param,57
core_ghoul.cpp_FUN_004e87e0,004e87e0,core/ghoul.cpp,164,62,stack_param|extra_output|badspacebase|register_param,804
core_crate.cpp_FUN_004488f0,004488f0,core/crate.cpp,5,0,,5
core_crate.cpp_FUN_00448a70,00448a70,core/crate.cpp,27,11,stack_param|badspacebase|register_param,152
core_crate.cpp_staticInit_FUN_00448460,00448460,core/crate.cpp,8,0,,8
core_crate.cpp_FUN_00448980,00448980,core/crate.cpp,19,10,stack_param,124
core_crate.cpp_FUN_004484c0,004484c0,core/crate.cpp,5,0,,5
core_crate.cpp_FUN_00448b60,00448b60,core/crate.cpp,19,8,stack_param,104
core_crate.cpp_CCrate_load_FUN_00448910,00448910,core/crate.cpp,15,4,stack_param,60
core_crate.cpp_FUN_00448b20,00448b20,core/crate.cpp,11,6,stack_param,76
core_crate.cpp_FUN_00448660,00448660,core/crate.cpp,77,84,stack_param,922
core_crate.cpp_FUN_00448530,00448530,core/crate.cpp,30,19,stack_param|badspacebase|register_param,235
core_crate.cpp_FUN_00448620,00448620,core/crate.cpp,9,4,stack_param,54
core_crate.cpp_FUN_00448600,00448600,core/crate.cpp,12,2,stack_param,37
core_crate.cpp_FUN_00448bb0,00448bb0,core/crate.cpp,16,0,,16
core_crate.cpp_FUN_00448960,00448960,core/crate.cpp,9,3,stack_param,44
core_crate.cpp_FUN_00448650,00448650,core/crate.cpp,6,2,stack_param,31
core_crate.cpp_FUN_004489d0,004489d0,core/crate.cpp,22,9,stack_param|badspacebase|register_param,127
core_crate.cpp_FUN_00448630,00448630,core/crate.cpp,9,4,stack_param,54
core_crate.cpp_FUN_00448880,00448880,core/crate.cpp,19,5,stack_param,74
core_crate.cpp_FUN_004484d0,004484d0,core/crate.cpp,14,2,negative_offset,39
core_crate.cpp_FUN_00448490,00448490,core/crate.cpp,11,0,,11
core_svetlana.cpp_FUN_005d9d30,005d9d30,core/svetlana.cpp,68,27,stack_param,343
core_svetlana.cpp_CSvetlana_FUN_005d9f10,005d9f10,core/svetlana.cpp,5,0,,5
core_svetlana.cpp_CSvetlana_process_FUN_005d8ba0,005d8ba0,core/svetlana.cpp,301,32,stack_param|unknown_field|badspacebase|register_param|stack_ref,646
core_svetlana.cpp_MotionControllerAdvance_ParentBones_FUN_005d9970,005d9970,core/svetlana.cpp,35,9,stack_param,130
core_svetlana.cpp_FUN_005d9ed0,005d9ed0,core/svetlana.cpp,6,2,stack_param,31
core_svetlana.cpp_staticInit_FUN_005d87e0,005d87e0,core/svetlana.cpp,8,0,,8
core_svetlana.cpp_CSvetlana_ctor_FUN_005d8850,005d8850,core/svetlana.cpp,17,0,,17
core_svetlana.cpp_CSvetlana_FUN_005d88e0,005d88e0,core/svetlana.cpp,79,0,,79
core_svetlana.cpp_CSvetlana_FUN_005d9bc0,005d9bc0,core/svetlana.cpp,66,3,badspacebase|register_param|stack_ref,111
core_svetlana.cpp_AttackWithParentBone_FUN_005d9a10,005d9a10,core/svetlana.cpp,78,24,stack_param|unaffected_reg|unknown_field|suspect_float|badspacebase|register_param|stack_ref,353
core_svetlana.cpp_CSvetlana_FUN_005d9f30,005d9f30,core/svetlana.cpp,5,0,,5
core_svetlana.cpp_CSvetlana_dtor_FUN_005d9f50,005d9f50,core/svetlana.cpp,24,4,stack_param,69
core_svetlana.cpp_CSvetlana_FUN_005d9ef0,005d9ef0,core/svetlana.cpp,5,0,,5
core_svetlana.cpp_CSVetlana_serialize_FUN_005d9bb0,005d9bb0,core/svetlana.cpp,5,0,,5
core_svetlana.cpp_FUN_005d9ee0,005d9ee0,core/svetlana.cpp,9,4,stack_param,54
core_svetlana.cpp_FUN_005d8810,005d8810,core/svetlana.cpp,11,0,,11
core_svetlana.cpp_CSvetlana_getActorType_FUN_005d8840,005d8840,core/svetlana.cpp,4,0,,4
core_svetlana.cpp_FUN_005d9ec0,005d9ec0,core/svetlana.cpp,5,0,,5
core_svetlana.cpp_FUN_005d9260,005d9260,core/svetlana.cpp,294,120,stack_param|unaffected_reg|unknown_field|suspect_float|badspacebase|register_param,1524
core_moloch.cpp_CMoloch_load_FUN_00529880,00529880,core/moloch.cpp,22,7,stack_param,97
core_moloch.cpp_CMoloch_process_FUN_00528d20,00528d20,core/moloch.cpp,260,20,stack_param|badspacebase|register_param|stack_ref,480
core_moloch.cpp_FUN_00529950,00529950,core/moloch.cpp,12,6,stack_param,77
core_moloch.cpp_CMoloch_renderOpaque_FUN_00529750,00529750,core/moloch.cpp,48,3,badspacebase|register_param|stack_ref,93
core_moloch.cpp_FUN_005293b0,005293b0,core/moloch.cpp,173,26,stack_param|unaffected_reg|unknown_field|badspacebase|register_param,458
core_moloch.cpp_CMoloch_ctor_FUN_00528b30,00528b30,core/moloch.cpp,40,0,,40
core_moloch.cpp_CMoloch_setup_FUN_00528c70,00528c70,core/moloch.cpp,31,0,,31
core_moloch.cpp_CMoloch_dtor_FUN_00528bf0,00528bf0,core/moloch.cpp,30,6,stack_param|extra_output,100
core_moloch.cpp_staticInit_FUN_00528ac0,00528ac0,core/moloch.cpp,8,0,,8
core_moloch.cpp_FUN_005299e0,005299e0,core/moloch.cpp,5,0,,5
core_moloch.cpp_FUN_005299b0,005299b0,core/moloch.cpp,8,2,stack_param,33
core_moloch.cpp_PlaySoundAbtMolochMorphing_FUN_00529900,00529900,core/moloch.cpp,14,6,stack_param,79
core_moloch.cpp_FUN_00528af0,00528af0,core/moloch.cpp,11,0,,11
core_moloch.cpp_FUN_00528b20,00528b20,core/moloch.cpp,5,0,,5
core_moloch.cpp_FUN_005299d0,005299d0,core/moloch.cpp,5,0,,5
core_waypoint.cpp_FUN_005ebe30,005ebe30,core/waypoint.cpp,11,0,,11
core_waypoint.cpp_CWayPoint_FUN_005ec280,005ec280,core/waypoint.cpp,26,3,badspacebase|register_param|stack_ref,71
core_waypoint.cpp_CWayPoint_FUN_005ec610,005ec610,core/waypoint.cpp,12,2,stack_param,37
core_waypoint.cpp_FUN_005ec4f0,005ec4f0,core/waypoint.cpp,37,6,stack_param,102
core_waypoint.cpp_CWayPoint_dtor_FUN_005ec8d0,005ec8d0,core/waypoint.cpp,17,0,,17
core_waypoint.cpp_CWayPoint_addAdj_FUN_005ec700,005ec700,core/waypoint.cpp,25,16,stack_param,190
core_waypoint.cpp_CWayPoint_FUN_005ec4d0,005ec4d0,core/waypoint.cpp,5,0,,5
core_waypoint.cpp_FUN_005ec830,005ec830,core/waypoint.cpp,36,8,stack_param,121
core_waypoint.cpp_FUN_005ec320,005ec320,core/waypoint.cpp,84,9,stack_param|sborrow_artifact|pointer_cast,189
core_waypoint.cpp_CWayPoint_ctor_FUN_005ebe70,005ebe70,core/waypoint.cpp,20,0,,20
core_waypoint.cpp_CWayPoint_FUN_005ec690,005ec690,core/waypoint.cpp,15,7,stack_param,90
core_waypoint.cpp_FUN_005ebd40,005ebd40,core/waypoint.cpp,39,15,stack_param|badspacebase|register_param,204
core_waypoint.cpp_staticInit_FUN_005ebd10,005ebd10,core/waypoint.cpp,8,0,,8
core_waypoint.cpp_CWayPoint_removeAdj_FUN_005ec7b0,005ec7b0,core/waypoint.cpp,20,12,stack_param,145
core_waypoint.cpp_CWaypoint_FUN_005ebeb0,005ebeb0,core/waypoint.cpp,36,0,,36
core_waypoint.cpp_CWaypoint_FUN_005ebf70,005ebf70,core/waypoint.cpp,106,15,stack_param|unknown_field|badspacebase|register_param|stack_ref,281
core_waypoint.cpp_CallWayPoint_removeAdj_FUN_005ec640,005ec640,core/waypoint.cpp,24,7,stack_param,99
core_waypoint.cpp_CWayPoint_FUN_005ec5e0,005ec5e0,core/waypoint.cpp,7,0,,7
core_waypoint.cpp_CWayPoint_getActorType_FUN_005ebe60,005ebe60,core/waypoint.cpp,4,0,,4
core_dskybox.cpp_initializeSkyboxTexture_FUN_00490070,00490070,core/dskybox.cpp,25,0,,25
core_dskybox.cpp_renderSkyDome_FUN_004901f0,004901f0,core/dskybox.cpp,182,44,unaffected_reg|unknown_field|suspect_float|extra_output|badspacebase|pointer_cast|register_param|stack_ref,662
core_dskybox.cpp_staticInit_FUN_00490040,00490040,core/dskybox.cpp,8,0,,8
core_dskybox.cpp_generateSkyDomeVertex_FUN_004900b0,004900b0,core/dskybox.cpp,45,8,extra_output,130
core_hotdemon.cpp_FUN_004f79d0,004f79d0,core/hotdemon.cpp,11,5,stack_param,66
core_hotdemon.cpp_CHotDemon_ctor_FUN_004f6ca0,004f6ca0,core/hotdemon.cpp,28,0,,28
core_hotdemon.cpp_CHotDemon_load_FUN_004f76c0,004f76c0,core/hotdemon.cpp,13,4,stack_param,58
core_hotdemon.cpp_FUN_004f6d00,004f6d00,core/hotdemon.cpp,68,6,stack_param,133
core_hotdemon.cpp_FUN_004f7a40,004f7a40,core/hotdemon.cpp,29,1,negative_offset,44
core_hotdemon.cpp_FUN_004f7720,004f7720,core/hotdemon.cpp,73,27,stack_param|suspect_float|badspacebase|register_param|stack_ref,368
core_hotdemon.cpp_FUN_004f79b0,004f79b0,core/hotdemon.cpp,8,2,stack_param,33
core_hotdemon.cpp_FUN_004f6c60,004f6c60,core/hotdemon.cpp,11,0,,11
core_hotdemon.cpp_FUN_004f7680,004f7680,core/hotdemon.cpp,18,2,stack_param,43
core_hotdemon.cpp_staticInit_FUN_004f6c30,004f6c30,core/hotdemon.cpp,8,0,,8
core_hotdemon.cpp_FUN_004f6f20,004f6f20,core/hotdemon.cpp,345,143,stack_param|extra_output|badspacebase|register_param|stack_ref,1800
core_hotdemon.cpp_FUN_004f78f0,004f78f0,core/hotdemon.cpp,36,19,stack_param|badspacebase|register_param,241
core_hotdemon.cpp_FUN_004f6c90,004f6c90,core/hotdemon.cpp,5,0,,5
core_hotdemon.cpp_FUN_004f7a10,004f7a10,core/hotdemon.cpp,10,4,stack_param,55
core_lightgun.cpp_FUN_005066f0,005066f0,core/lightgun.cpp,4,0,,4
core_lightgun.cpp_FUN_00506670,00506670,core/lightgun.cpp,11,2,stack_param,36
core_lightgun.cpp_FUN_00505900,00505900,core/lightgun.cpp,51,1,suspect_float,66
core_lightgun.cpp_staticInit_FUN_00505890,00505890,core/lightgun.cpp,8,0,,8
core_lightgun.cpp_FUN_00506a50,00506a50,core/lightgun.cpp,19,2,unaffected_reg,44
core_lightgun.cpp_FUN_005058f0,005058f0,core/lightgun.cpp,5,0,,5
core_lightgun.cpp_FUN_00505ac0,00505ac0,core/lightgun.cpp,28,6,unaffected_reg|badspacebase|register_param|stack_ref,108
core_lightgun.cpp_ChargedRadianceEmitterGunMaybe_FUN_00506450,00506450,core/lightgun.cpp,77,33,stack_param|extra_output,417
core_lightgun.cpp_FUN_005058c0,005058c0,core/lightgun.cpp,11,0,,11
core_lightgun.cpp_FUN_00505c70,00505c70,core/lightgun.cpp,209,114,stack_param|suspect_float|badspacebase|pointer_cast|register_param|stack_ref,1379
core_lightgun.cpp_FUN_005066b0,005066b0,core/lightgun.cpp,101,20,stack_param|unaffected_reg|badspacebase|register_param,321
core_lightgun.cpp_FUN_00505b70,00505b70,core/lightgun.cpp,42,13,stack_param|suspect_float|badspacebase|register_param|stack_ref,197
core_lightgun.cpp_FUN_00505a20,00505a20,core/lightgun.cpp,32,8,stack_param,117
core_lightgun.cpp_FUN_005059c0,005059c0,core/lightgun.cpp,19,5,stack_param,74
core_backgnd.cpp_FUN_00412770,00412770,core/backgnd.cpp,11,0,,11
core_backgnd.cpp_CBackgroundActor_FUN_00412ab0,00412ab0,core/backgnd.cpp,7,2,stack_param,32
core_backgnd.cpp_CBackgroundActor_ctor_FUN_004127b0,004127b0,core/backgnd.cpp,15,2,negative_offset,40
core_backgnd.cpp_CBackgroundActor_FUN_00412a40,00412a40,core/backgnd.cpp,12,5,stack_param,67
core_backgnd.cpp_CBackgroundActor_FUN_00412860,00412860,core/backgnd.cpp,22,6,stack_param|suspect_float|badspacebase|register_param|stack_ref,107
core_backgnd.cpp_CBackgroundActor_FUN_004129f0,004129f0,core/backgnd.cpp,14,2,stack_param,39
core_backgnd.cpp_staticInit_FUN_00412740,00412740,core/backgnd.cpp,9,0,,9
core_backgnd.cpp_SFire_dtor_FUN_00412680,00412680,core/backgnd.cpp,4,0,,4
core_backgnd.cpp_CBackgroundActor_serialize_FUN_00412990,00412990,core/backgnd.cpp,12,0,,12
core_backgnd.cpp_FUN_00412810,00412810,core/backgnd.cpp,13,6,stack_param|concat_artifact,83
core_backgnd.cpp_CBackgroundActor_getActorType_FUN_004127a0,004127a0,core/backgnd.cpp,5,0,,5
core_backgnd.cpp_freeFires_FUN_00412700,00412700,core/backgnd.cpp,6,0,,6
core_backgnd.cpp_freeFlames_FUN_00412720,00412720,core/backgnd.cpp,6,0,,6
core_backgnd.cpp_CBackgroundActor_FUN_004128d0,004128d0,core/backgnd.cpp,21,4,suspect_float|badspacebase|register_param|stack_ref,81
core_backgnd.cpp_CBackgroundActor_process_FUN_00412850,00412850,core/backgnd.cpp,4,0,,4
core_backgnd.cpp_CBackgroundActor_dtor_FUN_00412ad0,00412ad0,core/backgnd.cpp,17,0,,17
core_backgnd.cpp_cleanupVector_FUN_004126e0,004126e0,core/backgnd.cpp,6,0,,6
core_backgnd.cpp_CFlame_dtor_FUN_00412690,00412690,core/backgnd.cpp,16,0,,16
core_backgnd.cpp_CBackgroundActor_FUN_00412a30,00412a30,core/backgnd.cpp,4,0,,4
core_backgnd.cpp_CBackgroundActor_FUN_00412940,00412940,core/backgnd.cpp,16,8,stack_param,101
core_setutil.cpp_C3DSCamera_free_FUN_00585360,00585360,core/setutil.cpp,11,0,,11
core_setutil.cpp_FUN_00585210,00585210,core/setutil.cpp,5,2,stack_param,30
core_setutil.cpp_C3DSLight_apply_FUN_00586bf0,00586bf0,core/setutil.cpp,38,0,,38
core_setutil.cpp_C3DSCamera_dtor_FUN_00585340,00585340,core/setutil.cpp,5,0,,5
core_setutil.cpp_CSlew_copy_FUN_00585240,00585240,core/setutil.cpp,11,0,,11
core_setutil.cpp_C3DSCamera_getProjectionScale_FUN_005851f0,005851f0,core/setutil.cpp,4,0,,4
core_setutil.cpp_FUN_005851d0,005851d0,core/setutil.cpp,8,4,stack_param,53
core_setutil.cpp_C3DSCamera_reset_FUN_005853b0,005853b0,core/setutil.cpp,16,0,,16
core_setutil.cpp_C3DSLight_reset_FUN_005879b0,005879b0,core/setutil.cpp,17,0,,17
core_setutil.cpp_FUN_005851a0,005851a0,core/setutil.cpp,12,10,stack_param,117
core_setutil.cpp_C3DSLight_process_FUN_00586cb0,00586cb0,core/setutil.cpp,63,2,stack_param,88
core_setutil.cpp_C3DSCamera_testSphereInFrustum_FUN_00585970,00585970,core/setutil.cpp,24,12,stack_param|unaffected_reg|badspacebase|register_param,164
core_setutil.cpp_C3DSLight_import3DS_FUN_005874d0,005874d0,core/setutil.cpp,76,17,stack_param|unaffected_reg|badspacebase|register_param|stack_ref,271
core_setutil.cpp_C3DSCamera_loadPVS_FUN_005857b0,005857b0,core/setutil.cpp,32,0,,32
core_setutil.cpp_C3DSCamera_savePVS_FUN_00587450,00587450,core/setutil.cpp,23,0,,23
core_setutil.cpp_C3DSLight_renderVolumetricSphere_FUN_00587b50,00587b50,core/setutil.cpp,103,13,stack_param|extra_output|badspacebase|pointer_cast|register_param,258
core_setutil.cpp_C3DSLight_setFilterFrame_FUN_00586f00,00586f00,core/setutil.cpp,21,2,stack_param,46
core_setutil.cpp_calculateVertexIndex_FUN_00587b30,00587b30,core/setutil.cpp,4,0,,4
core_setutil.cpp_C3DSLight_scalePosition_FUN_00587950,00587950,core/setutil.cpp,15,0,,15
core_setutil.cpp_C3DSLight_advanceFilter_FUN_00586e70,00586e70,core/setutil.cpp,22,2,stack_param,47
core_setutil.cpp_FUN_00585220,00585220,core/setutil.cpp,9,4,stack_param|extra_output,59
core_setutil.cpp_C3DSLight_doNothing_FUN_00586ca0,00586ca0,core/setutil.cpp,4,0,,4
core_setutil.cpp_C3DSLight_save_FUN_00587090,00587090,core/setutil.cpp,69,25,stack_param|unknown_field,329
core_setutil.cpp_C3DSCamera_ctor_FUN_00585310,00585310,core/setutil.cpp,7,0,,7
core_setutil.cpp_C3DSLight_importS3D_FUN_00587710,00587710,core/setutil.cpp,46,0,,46
core_setutil.cpp_C3DSCamera_apply_FUN_00585870,00585870,core/setutil.cpp,54,2,pointer_cast,79
core_setutil.cpp_C3DSLight_exportS3D_FUN_00587850,00587850,core/setutil.cpp,37,8,sub_artifact,122
core_setutil.cpp_generateSphereVertex_FUN_00587a40,00587a40,core/setutil.cpp,34,4,suspect_float|badspacebase|register_param,89
core_setutil.cpp_C3DSLight_create_FUN_00586a90,00586a90,core/setutil.cpp,66,12,unaffected_reg,191
core_setutil.cpp_C3DSCamera_save_FUN_00585a40,00585a40,core/setutil.cpp,36,1,sub_artifact,51
core_setutil.cpp_C3DSLight_addFilter_FUN_00586fa0,00586fa0,core/setutil.cpp,33,5,stack_param|unaffected_reg|pointer_cast,98
core_setutil.cpp_C3DSLight_ctor_FUN_005862f0,005862f0,core/setutil.cpp,5,0,,5
core_setutil.cpp_C3DSCamera_load_FUN_00585420,00585420,core/setutil.cpp,77,9,badspacebase|register_param|stack_ref,182
core_setutil.cpp_C3DSCamera_getAmbientValue_FUN_00585200,00585200,core/setutil.cpp,4,0,,4
core_setutil.cpp_C3DSCamera_scalePosition_FUN_00586150,00586150,core/setutil.cpp,8,0,,8
core_setutil.cpp_C3DSLight_load_FUN_00586310,00586310,core/setutil.cpp,185,43,stack_param|badspacebase|pointer_cast|register_param|stack_ref,640
core_setutil.cpp_C3DSCamera_importS3D_FUN_00585ff0,00585ff0,core/setutil.cpp,40,3,badspacebase|register_param|stack_ref,85
core_setutil.cpp_readAndParseLine_FUN_00585290,00585290,core/setutil.cpp,49,4,stack_param|badspacebase|register_param,104
core_setutil.cpp_C3DSCamera_exportS3D_FUN_00586190,00586190,core/setutil.cpp,39,11,sub_artifact,154
core_setutil.cpp_C3DSLight_isVisible_FUN_00587df0,00587df0,core/setutil.cpp,22,2,badspacebase|register_param,52
core_setutil.cpp_C3DSCamera_import3DS_FUN_00585c90,00585c90,core/setutil.cpp,150,17,stack_param|unaffected_reg|extra_output|badspacebase|register_param|stack_ref,350
core_msnedit.cpp_FUN_0053ca30,0053ca30,core/msnedit.cpp,29,8,stack_param,114
core_msnedit.cpp_FUN_00536e20,00536e20,core/msnedit.cpp,102,22,stack_param|suspect_float|badspacebase|register_param|stack_ref,347
core_msnedit.cpp_FUN_00536bf0,00536bf0,core/msnedit.cpp,1,0,,1
core_msnedit.cpp_FUN_0053d3a0,0053d3a0,core/msnedit.cpp,4,0,,4
core_msnedit.cpp_FUN_00537330,00537330,core/msnedit.cpp,61,11,stack_param|badspacebase|pointer_cast|register_param|stack_ref,196
core_msnedit.cpp_FUN_0053b510,0053b510,core/msnedit.cpp,182,49,stack_param|unaffected_reg|unknown_field|badspacebase|register_param|stack_ref,702
core_msnedit.cpp_UndoTmp_BuildActorList_CreateTmp_FUN_0053c140,0053c140,core/msnedit.cpp,33,11,stack_param,148
core_msnedit.cpp_NotGoingtoAddToList_CantAdd_FUN_00538d60,00538d60,core/msnedit.cpp,33,2,unaffected_reg,58
core_msnedit.cpp_FUN_00537410,00537410,core/msnedit.cpp,49,9,stack_param|badspacebase|register_param,154
core_msnedit.cpp_readIni_FUN_00537530,00537530,core/msnedit.cpp,29,0,,29
core_msnedit.cpp_WalkAroundOnSet_FUN_00538ba0,00538ba0,core/msnedit.cpp,66,28,stack_param|unknown_field|badspacebase|register_param|stack_ref,371
core_msnedit.cpp_PrepareMissionAndEditGore_FUN_0053e220,0053e220,core/msnedit.cpp,286,199,stack_param|suspect_float|unknown_field|badspacebase|pointer_cast|register_param|stack_ref,2311
core_msnedit.cpp_FUN_00535e10,00535e10,core/msnedit.cpp,15,9,stack_param,110
core_msnedit.cpp_FUN_0053c930,0053c930,core/msnedit.cpp,5,0,,5
core_msnedit.cpp_BeginAndEndScene_FUN_0053c970,0053c970,core/msnedit.cpp,24,16,stack_param,189
core_msnedit.cpp_CheckWorldMountedAndSave_FUN_0053d190,0053d190,core/msnedit.cpp,25,8,stack_param|badspacebase|register_param,120
core_msnedit.cpp_FUN_00535df0,00535df0,core/msnedit.cpp,8,2,stack_param,33
core_msnedit.cpp_UndoChangeMaybe_FUN_0053c0b0,0053c0b0,core/msnedit.cpp,23,4,stack_param,68
core_msnedit.cpp_UserInputTempMission_FUN_0053ccf0,0053ccf0,core/msnedit.cpp,195,96,stack_param|sub_artifact|unknown_field|badspacebase|register_param|stack_ref,1185
core_msnedit.cpp_FUN_005379e0,005379e0,core/msnedit.cpp,220,128,stack_param|concat_artifact|badspacebase|register_param|stack_ref,1525
core_msnedit.cpp_FUN_00537230,00537230,core/msnedit.cpp,30,7,badspacebase|register_param|stack_ref,115
core_msnedit.cpp_FUN_0053af50,0053af50,core/msnedit.cpp,42,7,stack_param,117
core_msnedit.cpp_DuplicateActorCheckMaybe_FUN_0053bd80,0053bd80,core/msnedit.cpp,153,42,stack_param|unknown_field|badspacebase|register_param|stack_ref,598
core_msnedit.cpp_RunNoneFunctorForCancelAndElse_FUN_0053cad0,0053cad0,core/msnedit.cpp,53,33,stack_param|badspacebase|register_param|stack_ref,403
core_msnedit.cpp_PrepareMissionMaybe_FUN_005390f0,005390f0,core/msnedit.cpp,1028,140,undefined_type|stack_param|concat_artifact|unknown_field|badspacebase|pointer_cast|register_param|stack_ref,2468
core_msnedit.cpp_CDemonMission_showEditorMenu_FUN_005381e0,005381e0,core/msnedit.cpp,312,40,undefined_type|stack_param|concat_artifact|badspacebase|register_param|stack_ref,742
core_msnedit.cpp_FUN_0053bcf0,0053bcf0,core/msnedit.cpp,25,3,stack_param,60
core_msnedit.cpp_FUN_0053d220,0053d220,core/msnedit.cpp,125,13,stack_param,260
core_msnedit.cpp_FUN_0053c340,0053c340,core/msnedit.cpp,59,41,stack_param|concat_artifact|unknown_field|badspacebase|register_param|stack_ref,499
core_msnedit.cpp_FUN_0053c4f0,0053c4f0,core/msnedit.cpp,56,9,stack_param|unaffected_reg|badspacebase|register_param,166
core_msnedit.cpp_OpenAndCreateWorld_FUN_00537f60,00537f60,core/msnedit.cpp,81,16,stack_param|badspacebase|register_param|stack_ref,261
core_msnedit.cpp_FUN_00538ea0,00538ea0,core/msnedit.cpp,33,8,stack_param|badspacebase|pointer_cast|register_param,133
core_msnedit.cpp_FUN_0053b9f0,0053b9f0,core/msnedit.cpp,130,52,stack_param|badspacebase|pointer_cast|register_param|stack_ref,675
core_msnedit.cpp_CalltoCallToDemonCameraInit_FUN_00539060,00539060,core/msnedit.cpp,22,13,stack_param,157
core_msnedit.cpp_MasterEditorKeysHelpScreen_FUN_00535e70,00535e70,core/msnedit.cpp,263,52,stack_param|unaffected_reg|badspacebase|pointer_cast|register_param|stack_ref,813
core_msnedit.cpp_FUN_0053c210,0053c210,core/msnedit.cpp,65,37,stack_param|badspacebase|register_param|stack_ref,455
core_msnedit.cpp_staticInit_FUN_00535c30,00535c30,core/msnedit.cpp,7,0,,7
core_msnedit.cpp_FUN_0053eb40,0053eb40,core/msnedit.cpp,43,11,stack_param|badspacebase|register_param|stack_ref,173
core_msnedit.cpp_FUN_0053c730,0053c730,core/msnedit.cpp,82,28,stack_param|unaffected_reg|badspacebase|register_param|stack_ref,387
core_msnedit.cpp_FUN_0053d3b0,0053d3b0,core/msnedit.cpp,124,38,stack_param|badspacebase|register_param|stack_ref,524
core_msnedit.cpp_HideActors_FUN_0053dcf0,0053dcf0,core/msnedit.cpp,131,65,stack_param|badspacebase|register_param|stack_ref,801
core_msnedit.cpp_ReallyDeleteActorQuestion_FUN_0053bc80,0053bc80,core/msnedit.cpp,25,10,stack_param,130
core_msnedit.cpp_FUN_00538df0,00538df0,core/msnedit.cpp,31,18,stack_param|pointer_cast,221
core_msnedit.cpp_DementedMissionEditorSomething_FUN_00537680,00537680,core/msnedit.cpp,111,20,unaffected_reg|badspacebase|register_param|stack_ref,331
core_msnedit.cpp_FUN_00536bc0,00536bc0,core/msnedit.cpp,9,4,stack_param,54
core_msnedit.cpp_FUN_0053cc30,0053cc30,core/msnedit.cpp,24,15,stack_param,179
core_msnedit.cpp_FUN_005374b0,005374b0,core/msnedit.cpp,12,5,stack_param,67
core_msnedit.cpp_DisplayTextNoSetsDefinedAndAllowCancel_FUN_00538f90,00538f90,core/msnedit.cpp,37,25,stack_param|badspacebase|register_param|stack_ref,307
core_msnedit.cpp_FUN_0053d7b0,0053d7b0,core/msnedit.cpp,25,6,stack_param,90
core_msnedit.cpp_FUN_0053ea30,0053ea30,core/msnedit.cpp,43,4,stack_param|badspacebase|register_param,98
core_msnedit.cpp_FUN_00537dd0,00537dd0,core/msnedit.cpp,53,19,stack_param,248
core_msnedit.cpp_CDemonMission_FUN_0053c8d0,0053c8d0,core/msnedit.cpp,14,5,stack_param,69
core_msnedit.cpp_writeIni_FUN_005375d0,005375d0,core/msnedit.cpp,16,0,,16
core_msnedit.cpp_RelevantActorsToTesting_FUN_0053b030,0053b030,core/msnedit.cpp,183,49,stack_param|unaffected_reg|unknown_field|badspacebase|register_param|stack_ref,703
core_msnedit.cpp_CDemonMission_FUN_0053ca00,0053ca00,core/msnedit.cpp,5,0,,5
core_msnedit.cpp_FUN_00538f40,00538f40,core/msnedit.cpp,22,6,stack_param,87
core_msnedit.cpp_FUN_0053d8b0,0053d8b0,core/msnedit.cpp,185,34,stack_param|badspacebase|pointer_cast|register_param|stack_ref,550
core_msnedit.cpp_FUN_00536cd0,00536cd0,core/msnedit.cpp,39,9,unaffected_reg,134
core_msnedit.cpp_FUN_00535c60,00535c60,core/msnedit.cpp,60,37,stack_param|badspacebase|pointer_cast|register_param|stack_ref,455
core_msnedit.cpp_CDemonMission_makeOptimizedPalette_FUN_0053ccc0,0053ccc0,core/msnedit.cpp,7,0,,7
core_msnedit.cpp_DeleteActors_FUN_0053df90,0053df90,core/msnedit.cpp,125,54,stack_param|unaffected_reg|badspacebase|pointer_cast|register_param|stack_ref,695
core_msnedit.cpp_FUN_0053ec80,0053ec80,core/msnedit.cpp,55,21,stack_param|badspacebase|register_param|stack_ref,285
core_msnedit.cpp_FUN_0053ca80,0053ca80,core/msnedit.cpp,29,8,stack_param,114
core_platfrm.cpp_FUN_0054ea00,0054ea00,core/platfrm.cpp,296,89,stack_param|unknown_field|suspect_float|badspacebase|pointer_cast|register_param|stack_ref,1221
core_platfrm.cpp_FUN_0054d720,0054d720,core/platfrm.cpp,105,73,stack_param|suspect_float|badspacebase|register_param|stack_ref,860
core_platfrm.cpp_FUN_0054e180,0054e180,core/platfrm.cpp,16,6,stack_param,81
core_platfrm.cpp_FUN_0054db70,0054db70,core/platfrm.cpp,19,10,stack_param,124
core_platfrm.cpp_FUN_0054e700,0054e700,core/platfrm.cpp,35,8,stack_param|suspect_float,125
core_platfrm.cpp_FUN_0054f060,0054f060,core/platfrm.cpp,84,44,stack_param,529
core_platfrm.cpp_FUN_0054e480,0054e480,core/platfrm.cpp,23,2,stack_param,48
core_platfrm.cpp_FUN_0054e1d0,0054e1d0,core/platfrm.cpp,6,2,stack_param,31
core_platfrm.cpp_FUN_0054e320,0054e320,core/platfrm.cpp,43,15,stack_param|badspacebase|register_param|stack_ref,213
core_platfrm.cpp_FUN_0054cc30,0054cc30,core/platfrm.cpp,328,99,stack_param|suspect_float|unknown_field|extra_output|badspacebase|pointer_cast|register_param,1353
core_platfrm.cpp_CPlatform_LoadCourseSomething_FUN_0054ca20,0054ca20,core/platfrm.cpp,30,16,stack_param,195
core_platfrm.cpp_FUN_0054e760,0054e760,core/platfrm.cpp,18,3,stack_param|suspect_float,58
core_platfrm.cpp_FUN_0054e400,0054e400,core/platfrm.cpp,35,7,stack_param,110
core_platfrm.cpp_FUN_0054e4e0,0054e4e0,core/platfrm.cpp,30,9,stack_param|pointer_cast,130
core_platfrm.cpp_FUN_0054e530,0054e530,core/platfrm.cpp,65,36,stack_param|badspacebase|register_param|stack_ref,445
core_platfrm.cpp_FUN_0054f2a0,0054f2a0,core/platfrm.cpp,15,8,stack_param,100
core_platfrm.cpp_FUN_0054df80,0054df80,core/platfrm.cpp,74,19,stack_param|unknown_field|badspacebase|register_param,284
core_platfrm.cpp_FUN_0054cab0,0054cab0,core/platfrm.cpp,76,35,stack_param|badspacebase|pointer_cast|register_param|stack_ref,451
core_platfrm.cpp_FUN_0054e1c0,0054e1c0,core/platfrm.cpp,6,2,stack_param,31
core_platfrm.cpp_CPlatform_attachActor_FUN_0054e1e0,0054e1e0,core/platfrm.cpp,63,19,stack_param|badspacebase|register_param|stack_ref,273
core_platfrm.cpp_FUN_0054c840,0054c840,core/platfrm.cpp,5,0,,5
core_platfrm.cpp_FUN_0054d9b0,0054d9b0,core/platfrm.cpp,73,28,stack_param|suspect_float|badspacebase|register_param|stack_ref,378
core_platfrm.cpp_CPlatform_load_FUN_0054dbc0,0054dbc0,core/platfrm.cpp,153,83,stack_param|badspacebase|register_param|stack_ref,1003
core_platfrm.cpp_FUN_0054e1a0,0054e1a0,core/platfrm.cpp,5,0,,5
core_platfrm.cpp_FUN_0054c810,0054c810,core/platfrm.cpp,11,0,,11
core_platfrm.cpp_FUN_0054e7d0,0054e7d0,core/platfrm.cpp,37,30,stack_param|extra_output,347
core_platfrm.cpp_FUN_0054e2e0,0054e2e0,core/platfrm.cpp,18,12,stack_param,143
core_platfrm.cpp_staticInit_FUN_0054c7e0,0054c7e0,core/platfrm.cpp,8,0,,8
core_platfrm.cpp_FUN_0054d690,0054d690,core/platfrm.cpp,27,19,stack_param,222
core_platfrm.cpp_FUN_0054c850,0054c850,core/platfrm.cpp,90,17,stack_param|negative_offset|badspacebase|pointer_cast|register_param|stack_ref,290
core_dfont.cpp_remapFonts_FUN_00471300,00471300,core/dfont.cpp,5,0,,5
core_dfont.cpp_freeFonts_FUN_004710a0,004710a0,core/dfont.cpp,74,0,,74
core_dfont.cpp_initFonts_FUN_004709a0,004709a0,core/dfont.cpp,201,0,,201
core_hpriest.cpp_FUN_004f7b70,004f7b70,core/hpriest.cpp,25,0,,25
core_hpriest.cpp_CHighPriestOfGardath_load_FUN_004f7bd0,004f7bd0,core/hpriest.cpp,11,4,stack_param,56
core_hpriest.cpp_staticInit_FUN_004f7b00,004f7b00,core/hpriest.cpp,9,0,,9
core_hpriest.cpp_CHighPriestOfGardath_FUN_004f7c70,004f7c70,core/hpriest.cpp,10,4,stack_param,55
core_hpriest.cpp_FUN_004f7b60,004f7b60,core/hpriest.cpp,5,0,,5
core_hpriest.cpp_FUN_004f7c00,004f7c00,core/hpriest.cpp,15,4,stack_param,60
core_hpriest.cpp_FUN_004f7cb0,004f7cb0,core/hpriest.cpp,33,2,negative_offset,58
core_hpriest.cpp_FUN_004f7b30,004f7b30,core/hpriest.cpp,11,0,,11
core_hpriest.cpp_FUN_004f7c50,004f7c50,core/hpriest.cpp,9,3,stack_param,44
core_vessel.cpp_CCryptVessel_FUN_005e9140,005e9140,core/vessel.cpp,6,2,stack_param,31
core_vessel.cpp_CCryptVessel_ctor_FUN_005e8e60,005e8e60,core/vessel.cpp,69,13,negative_offset,204
core_vessel.cpp_CCryptVessel_FUN_005e9b90,005e9b90,core/vessel.cpp,7,0,,7
core_vessel.cpp_CCryptVessel_getActorType_FUN_005e8e50,005e8e50,core/vessel.cpp,5,0,,5
core_vessel.cpp_CCryptVessel_FUN_005e9170,005e9170,core/vessel.cpp,4,0,,4
core_vessel.cpp_FUN_005e8e20,005e8e20,core/vessel.cpp,11,0,,11
core_vessel.cpp_CCryptVessel_FUN_005e9c00,005e9c00,core/vessel.cpp,29,11,stack_param,144
core_vessel.cpp_CCryptVessel_FUN_005e9a00,005e9a00,core/vessel.cpp,4,0,,4
core_vessel.cpp_CCryptVessel_FUN_005e9d10,005e9d10,core/vessel.cpp,7,2,stack_param,32
core_vessel.cpp_CCryptVessel_dtor_FUN_005e9d30,005e9d30,core/vessel.cpp,22,1,negative_offset,37
core_vessel.cpp_CCryptVessel_FUN_005e9bb0,005e9bb0,core/vessel.cpp,16,8,stack_param,101
core_vessel.cpp_staticInit_FUN_005e8df0,005e8df0,core/vessel.cpp,8,0,,8
core_vessel.cpp_FUN_005e9180,005e9180,core/vessel.cpp,6,2,stack_param,31
core_vessel.cpp_CCryptVessel_process_FUN_005e91a0,005e91a0,core/vessel.cpp,204,7,stack_param,279
core_vessel.cpp_CCryptVessel_FUN_005e8fc0,005e8fc0,core/vessel.cpp,72,3,suspect_float|badspacebase|register_param,117
core_vessel.cpp_FUN_005e98b0,005e98b0,core/vessel.cpp,55,0,,55
core_vessel.cpp_CCryptVessel_serialize_FUN_005e9a80,005e9a80,core/vessel.cpp,26,0,,26
core_vessel.cpp_CCryptVessel_FUN_005e9150,005e9150,core/vessel.cpp,7,0,,7
core_vessel.cpp_CCryptVessel_FUN_005e9750,005e9750,core/vessel.cpp,44,6,suspect_float|badspacebase|register_param|stack_ref,124
core_vessel.cpp_CCryptVessel_FUN_005e9100,005e9100,core/vessel.cpp,15,2,stack_param,40
core_shotgun.cpp_FUN_005888b0,005888b0,core/shotgun.cpp,11,2,stack_param,36
core_shotgun.cpp_CShotgun_dtor_FUN_00588ae0,00588ae0,core/shotgun.cpp,19,2,unaffected_reg,44
core_shotgun.cpp_FUN_00587ea0,00587ea0,core/shotgun.cpp,11,0,,11
core_shotgun.cpp_CShotgun_FUN_005887a0,005887a0,core/shotgun.cpp,34,12,stack_param|unknown_field|badspacebase|register_param|stack_ref,179
core_shotgun.cpp_staticInit_FUN_00587e70,00587e70,core/shotgun.cpp,8,0,,8
core_shotgun.cpp_FUN_005888f0,005888f0,core/shotgun.cpp,66,20,stack_param|unknown_field|badspacebase|register_param|stack_ref,291
core_shotgun.cpp_FUN_00587ed0,00587ed0,core/shotgun.cpp,5,0,,5
core_shotgun.cpp_CShotgun_ctor_FUN_00587ee0,00587ee0,core/shotgun.cpp,39,0,,39
core_shotgun.cpp_FUN_00588060,00588060,core/shotgun.cpp,213,59,stack_param|unaffected_reg|suspect_float|unknown_field|extra_output|badspacebase|register_param|stack_ref,843
core_shotgun.cpp_FUN_00587f70,00587f70,core/shotgun.cpp,45,17,stack_param|unaffected_reg|suspect_float|badspacebase|register_param|stack_ref,245
core_boneguy.cpp_FUN_0041da10,0041da10,core/boneguy.cpp,10,4,stack_param,55
core_boneguy.cpp_FUN_0041d970,0041d970,core/boneguy.cpp,12,3,stack_param,47
core_boneguy.cpp_FUN_0041ca40,0041ca40,core/boneguy.cpp,93,18,stack_param|unaffected_reg|badspacebase|pointer_cast|register_param|stack_ref,303
core_boneguy.cpp_constructor_FUN_0041b820,0041b820,core/boneguy.cpp,11,0,,11
core_boneguy.cpp_FUN_0041bf90,0041bf90,core/boneguy.cpp,472,156,stack_param|extra_output|badspacebase|pointer_cast|register_param|stack_ref,2062
core_boneguy.cpp_CBoneGuy_dtor_FUN_0041da40,0041da40,core/boneguy.cpp,31,1,negative_offset,46
core_boneguy.cpp_FUN_0041d550,0041d550,core/boneguy.cpp,55,31,stack_param|badspacebase|register_param|stack_ref,385
core_boneguy.cpp_CBoneGuy_load_FUN_0041d270,0041d270,core/boneguy.cpp,72,36,stack_param|pointer_cast,442
core_boneguy.cpp_FUN_0041b770,0041b770,core/boneguy.cpp,16,15,stack_param|suspect_float|badspacebase|register_param|stack_ref,191
core_boneguy.cpp_ExplodeAndSoundSomething_FUN_0041d4d0,0041d4d0,core/boneguy.cpp,22,9,stack_param,117
core_boneguy.cpp_FUN_0041db30,0041db30,core/boneguy.cpp,6,0,,6
core_boneguy.cpp_CBoneGuy_FUN_0041d680,0041d680,core/boneguy.cpp,87,25,stack_param|suspect_float|badspacebase|pointer_cast|register_param|stack_ref,367
core_boneguy.cpp_FUN_0041d1b0,0041d1b0,core/boneguy.cpp,30,11,stack_param|suspect_float|badspacebase|register_param|stack_ref,165
core_boneguy.cpp_FUN_0041ba10,0041ba10,core/boneguy.cpp,70,13,stack_param|extra_output,210
core_boneguy.cpp_FUN_0041d180,0041d180,core/boneguy.cpp,12,2,stack_param,37
core_boneguy.cpp_SBoneGuyBox_dtor_FUN_0041db20,0041db20,core/boneguy.cpp,4,0,,4
core_boneguy.cpp_CBoneGuy_ctor_FUN_0041bbc0,0041bbc0,core/boneguy.cpp,71,21,extra_output|pointer_cast,291
core_boneguy.cpp_SBoneGuyBox_ctor_FUN_0041db10,0041db10,core/boneguy.cpp,4,0,,4
core_boneguy.cpp_CBoneGuy_explode_FUN_0041bd90,0041bd90,core/boneguy.cpp,63,0,,63
core_boneguy.cpp_FUN_0041da00,0041da00,core/boneguy.cpp,7,2,stack_param,32
core_boneguy.cpp_FUN_0041b700,0041b700,core/boneguy.cpp,17,7,stack_param,92
core_boneguy.cpp_FUN_0041b860,0041b860,core/boneguy.cpp,59,9,stack_param,154
core_boneguy.cpp_SnagRelated_ModelStateDeath_FUN_0041d990,0041d990,core/boneguy.cpp,13,7,stack_param,88
core_boneguy.cpp_FUN_0041cc40,0041cc40,core/boneguy.cpp,181,52,stack_param|badspacebase|register_param,716
core_boneguy.cpp_FUN_0041d4c0,0041d4c0,core/boneguy.cpp,5,0,,5
core_boneguy.cpp_staticInit_FUN_0041b6d0,0041b6d0,core/boneguy.cpp,9,0,,9
core_boneguy.cpp_FUN_0041d8a0,0041d8a0,core/boneguy.cpp,48,16,stack_param|badspacebase|register_param|stack_ref,228
core_boneguy.cpp_FUN_0041b850,0041b850,core/boneguy.cpp,5,0,,5
core_drip.cpp_FUN_0048ea30,0048ea30,core/drip.cpp,14,9,stack_param,109
core_drip.cpp_FUN_0048e930,0048e930,core/drip.cpp,20,15,stack_param|suspect_float,180
core_drip.cpp_FUN_0048e6c0,0048e6c0,core/drip.cpp,30,19,stack_param|suspect_float|badspacebase|register_param|stack_ref,245
core_drip.cpp_dtor_FUN_0048ea90,0048ea90,core/drip.cpp,16,0,,16
core_drip.cpp_FUN_0048e2a0,0048e2a0,core/drip.cpp,118,64,stack_param|suspect_float|unknown_field|badspacebase|register_param,783
core_drip.cpp_FUN_0048e740,0048e740,core/drip.cpp,29,19,stack_param|unaffected_reg,229
core_drip.cpp_FUN_0048dff0,0048dff0,core/drip.cpp,5,0,,5
core_drip.cpp_FUN_0048e6b0,0048e6b0,core/drip.cpp,7,2,stack_param,32
core_drip.cpp_FUN_0048e820,0048e820,core/drip.cpp,5,0,,5
core_drip.cpp_FUN_0048ea60,0048ea60,core/drip.cpp,12,7,stack_param,87
core_drip.cpp_FUN_0048dfc0,0048dfc0,core/drip.cpp,10,0,,10
core_drip.cpp_FUN_0048e8d0,0048e8d0,core/drip.cpp,21,5,stack_param|suspect_float,81
core_drip.cpp_CDrip_load_FUN_0048e170,0048e170,core/drip.cpp,40,13,stack_param,175
core_drip.cpp_ctor_FUN_0048e000,0048e000,core/drip.cpp,38,4,negative_offset|pointer_cast,88
core_drip.cpp_staticInit_FUN_0048df80,0048df80,core/drip.cpp,10,0,,10
core_drip.cpp_FUN_0048e830,0048e830,core/drip.cpp,61,16,stack_param|suspect_float,231
core_drip.cpp_FUN_0048e0e0,0048e0e0,core/drip.cpp,21,13,stack_param,156
core_stairs.cpp_FUN_005b9b30,005b9b30,core/stairs.cpp,11,0,,11
core_stairs.cpp_FUN_005ba4f0,005ba4f0,core/stairs.cpp,15,7,stack_param,90
core_stairs.cpp_FUN_005b9c00,005b9c00,core/stairs.cpp,5,0,,5
core_stairs.cpp_FUN_005bac80,005bac80,core/stairs.cpp,6,2,stack_param,31
core_stairs.cpp_FUN_005ba570,005ba570,core/stairs.cpp,10,2,stack_param,35
core_stairs.cpp_FUN_005ba660,005ba660,core/stairs.cpp,17,7,stack_param|sborrow_artifact,97
core_stairs.cpp_ClassStart_FUN_005b9b60,005b9b60,core/stairs.cpp,5,0,,5
core_stairs.cpp_FUN_005b9c10,005b9c10,core/stairs.cpp,339,107,stack_param|unknown_field|badspacebase|pointer_cast|register_param|stack_ref,1439
core_stairs.cpp_FUN_005ba590,005ba590,core/stairs.cpp,38,16,stack_param|sborrow_artifact|badspacebase|register_param,218
core_stairs.cpp_FUN_005b9be0,005b9be0,core/stairs.cpp,9,2,stack_param,34
core_stairs.cpp_FUN_005bab90,005bab90,core/stairs.cpp,14,10,stack_param,119
core_stairs.cpp_staticInit_FUN_005b9b00,005b9b00,core/stairs.cpp,8,0,,8
core_stairs.cpp_FUN_005ba900,005ba900,core/stairs.cpp,116,82,stack_param,941
core_stairs.cpp_CStairs_dtor_FUN_005bac10,005bac10,core/stairs.cpp,19,0,,19
core_stairs.cpp_FUN_005ba6f0,005ba6f0,core/stairs.cpp,6,2,stack_param,31
core_stairs.cpp_FUN_005ba700,005ba700,core/stairs.cpp,55,25,stack_param|unknown_field|badspacebase|register_param,325
core_stairs.cpp_FUN_005babf0,005babf0,core/stairs.cpp,9,4,stack_param,54
core_stairs.cpp_FUN_005ba840,005ba840,core/stairs.cpp,16,11,stack_param,131
core_stairs.cpp_FUN_005ba490,005ba490,core/stairs.cpp,20,14,stack_param,165
core_stairs.cpp_FUN_005ba6a0,005ba6a0,core/stairs.cpp,26,11,stack_param|sborrow_artifact,146
core_stairs.cpp_CStairs_ctor_FUN_005b9b70,005b9b70,core/stairs.cpp,17,8,pointer_cast,102
core_biggs.cpp_FUN_004185b0,004185b0,core/biggs.cpp,5,0,,5
core_biggs.cpp_FUN_00418b50,00418b50,core/biggs.cpp,35,10,stack_param,140
core_biggs.cpp_FUN_00418c10,00418c10,core/biggs.cpp,19,9,stack_param|badspacebase|register_param,124
core_biggs.cpp_FUN_00418c60,00418c60,core/biggs.cpp,8,2,stack_param,33
core_biggs.cpp_CBiggs_dtor_FUN_00418d10,00418d10,core/biggs.cpp,34,11,stack_param|negative_offset|extra_output,159
core_biggs.cpp_staticInit_FUN_00418550,00418550,core/biggs.cpp,8,0,,8
core_biggs.cpp_CBiggs_load_FUN_00418ac0,00418ac0,core/biggs.cpp,22,7,stack_param,97
core_biggs.cpp_CBiggs_renderOpaque_FUN_004189b0,004189b0,core/biggs.cpp,43,3,badspacebase|register_param|stack_ref,88
core_biggs.cpp_CBiggs_ctor_FUN_004185c0,004185c0,core/biggs.cpp,40,0,,40
core_biggs.cpp_FUN_00418680,00418680,core/biggs.cpp,26,7,stack_param,101
core_biggs.cpp_snag_FUN_00418c80,00418c80,core/biggs.cpp,12,6,stack_param,77
core_biggs.cpp_CBiggs_FUN_00418700,00418700,core/biggs.cpp,104,6,stack_param,169
core_biggs.cpp_FUN_00418ce0,00418ce0,core/biggs.cpp,10,4,stack_param,55
core_biggs.cpp_constructor_FUN_00418580,00418580,core/biggs.cpp,11,0,,11
core_path.cpp_freePathMaps_FUN_00548c30,00548c30,core/path.cpp,5,0,,5
core_path.cpp_CPathMap_getCachedVoxelHeight_FUN_00546ba0,00546ba0,core/path.cpp,25,2,badspacebase|register_param,55
core_path.cpp_CPathMap_findPathWithRetry_FUN_00547d00,00547d00,core/path.cpp,31,0,,31
core_path.cpp_CPathMap_dtor_FUN_005464d0,005464d0,core/path.cpp,24,3,sborrow_artifact|pointer_cast,64
core_path.cpp_GlobalPathmapListCorruption_FUN_00548590,00548590,core/path.cpp,22,2,pointer_cast,47
core_path.cpp_CPathMap_ctor_FUN_00546450,00546450,core/path.cpp,17,0,,17
core_path.cpp_CPathMap_queuePop_FUN_005487a0,005487a0,core/path.cpp,117,61,stack_param|unaffected_reg,737
core_path.cpp_FUN_005485f0,005485f0,core/path.cpp,22,2,pointer_cast,47
core_path.cpp_FUN_00548500,00548500,core/path.cpp,5,0,,5
core_path.cpp_CPathMap_getDirection_FUN_005465b0,005465b0,core/path.cpp,193,2,badspacebase|register_param,223
core_path.cpp_FUN_00548390,00548390,core/path.cpp,72,27,stack_param|unaffected_reg|badspacebase|pointer_cast|register_param|stack_ref,372
core_path.cpp_CPathMap_previewPathfinding_FUN_00547c00,00547c00,core/path.cpp,40,3,badspacebase|register_param|stack_ref,85
core_path.cpp_CPathMap_updateIfNeeded_FUN_00546a60,00546a60,core/path.cpp,64,11,stack_param|badspacebase|pointer_cast|register_param|stack_ref,199
core_path.cpp_FUN_00546310,00546310,core/path.cpp,7,0,,7
core_path.cpp_FUN_00546350,00546350,core/path.cpp,19,10,stack_param,124
core_path.cpp_CPathMap_CallToQueuePop_FUN_00548750,00548750,core/path.cpp,10,0,,10
core_path.cpp_FUN_005463d0,005463d0,core/path.cpp,21,6,stack_param,86
core_path.cpp_CPathMap_isLineWalkable_FUN_00546c40,00546c40,core/path.cpp,118,16,stack_param|unaffected_reg,288
core_path.cpp_FUN_00546330,00546330,core/path.cpp,4,0,,4
core_path.cpp_debugRenderGridQuad_FUN_00547dd0,00547dd0,core/path.cpp,67,8,extra_output,152
core_path.cpp_CPathMap_findPathToDestination_FUN_00547320,00547320,core/path.cpp,314,47,stack_param|unknown_field|extra_output|badspacebase|pointer_cast|register_param,814
core_path.cpp_CPathMap_checkAxisAlignedPath_FUN_00546e90,00546e90,core/path.cpp,143,45,unaffected_reg,598
core_path.cpp_FUN_00548680,00548680,core/path.cpp,40,14,stack_param|badspacebase|pointer_cast|register_param|stack_ref,205
core_path.cpp_CPathMap_reset_FUN_00548510,00548510,core/path.cpp,16,0,,16
core_path.cpp_FUN_00547fc0,00547fc0,core/path.cpp,145,18,stack_param|extra_output|badspacebase|register_param,345
core_zombie.cpp_CZombie_FUN_005fca10,005fca10,core/zombie.cpp,26,5,stack_param,81
core_zombie.cpp_CZombie_FUN_005fbde0,005fbde0,core/zombie.cpp,9,4,stack_param,54
core_zombie.cpp_FUN_005f8d30,005f8d30,core/zombie.cpp,18,7,stack_param,93
core_zombie.cpp_CZombie_ctor_FUN_005f8fe0,005f8fe0,core/zombie.cpp,88,0,,88
core_zombie.cpp_CZombie_FUN_005fb1f0,005fb1f0,core/zombie.cpp,149,24,stack_param|unaffected_reg|badspacebase|pointer_cast|register_param|stack_ref,419
core_zombie.cpp_CZombie_FUN_005fc4f0,005fc4f0,core/zombie.cpp,67,33,stack_param,402
core_zombie.cpp_CZombie_FUN_005fca80,005fca80,core/zombie.cpp,29,7,stack_param,104
core_zombie.cpp_CZombie_FUN_005f9140,005f9140,core/zombie.cpp,126,0,,126
core_zombie.cpp_CZombie_FUN_005fcc20,005fcc20,core/zombie.cpp,6,0,,6
core_zombie.cpp_CZombie_FUN_005fc720,005fc720,core/zombie.cpp,101,20,stack_param|unknown_field|badspacebase|register_param,321
core_zombie.cpp_CZombie_FUN_005fbe70,005fbe70,core/zombie.cpp,68,8,stack_param|badspacebase|register_param|stack_ref,168
core_zombie.cpp_staticInit_FUN_005f8c90,005f8c90,core/zombie.cpp,8,0,,8
core_zombie.cpp_CZombie_process_FUN_005f9470,005f9470,core/zombie.cpp,1079,34,stack_param|extra_output|badspacebase|register_param|stack_ref,1444
core_zombie.cpp_CZombie_serialize_FUN_005fbfd0,005fbfd0,core/zombie.cpp,48,0,,48
core_zombie.cpp_CZombie_FUN_005fc120,005fc120,core/zombie.cpp,45,13,stack_param|badspacebase|register_param|stack_ref,195
core_zombie.cpp_CZombie_PickupSomethingPossibly_FUN_005fb530,005fb530,core/zombie.cpp,288,77,stack_param|unaffected_reg|badspacebase|pointer_cast|register_param,1083
core_zombie.cpp_CZombie_FUN_005fbe20,005fbe20,core/zombie.cpp,15,0,,15
core_zombie.cpp_CZombie_getActorType_FUN_005f8fd0,005f8fd0,core/zombie.cpp,4,0,,4
core_zombie.cpp_CZombie_FUN_005fc920,005fc920,core/zombie.cpp,14,3,stack_param,49
core_zombie.cpp_FUN_005f8cc0,005f8cc0,core/zombie.cpp,11,3,stack_param,46
core_zombie.cpp_CZombie_FUN_005fc9e0,005fc9e0,core/zombie.cpp,13,2,stack_param,38
core_zombie.cpp_CZombie_FUN_005fbd00,005fbd00,core/zombie.cpp,38,13,stack_param,173
core_zombie.cpp_FUN_005fcd20,005fcd20,core/zombie.cpp,60,13,stack_param,195
core_zombie.cpp_CZombie_FUN_005fcb70,005fcb70,core/zombie.cpp,32,4,stack_param,77
core_zombie.cpp_CZombie_FUN_005fc220,005fc220,core/zombie.cpp,101,55,stack_param,656
core_zombie.cpp_CZombie_dtor_FUN_005fcc50,005fcc50,core/zombie.cpp,30,1,negative_offset,45
core_zombie.cpp_CZombie_FUN_005fc960,005fc960,core/zombie.cpp,7,2,stack_param,32
core_zombie.cpp_CZombie_FUN_005fc970,005fc970,core/zombie.cpp,21,11,stack_param,136
core_zombie.cpp_FUN_005f8da0,005f8da0,core/zombie.cpp,17,15,stack_param|suspect_float|badspacebase|register_param|stack_ref,192
core_zombie.cpp_FUN_005f8fa0,005f8fa0,core/zombie.cpp,11,0,,11
core_zombie.cpp_CZombie_FUN_005f8e50,005f8e50,core/zombie.cpp,27,23,stack_param,262
core_zombie.cpp_CZombie_FUN_005fbda0,005fbda0,core/zombie.cpp,12,3,stack_param,47
core_zombie.cpp_FUN_005fcd10,005fcd10,core/zombie.cpp,7,5,stack_param,62
core_zombie.cpp_FUN_005fce40,005fce40,core/zombie.cpp,72,14,stack_param,217
core_zombie.cpp_FUN_005fcf80,005fcf80,core/zombie.cpp,19,4,stack_param,64
core_weapon.cpp_CWeapon_FUN_005ee670,005ee670,core/weapon.cpp,14,5,stack_param,69
core_weapon.cpp_CDemonGlobe_dtor_FUN_005eea90,005eea90,core/weapon.cpp,4,0,,4
core_weapon.cpp_CWeapon_dtor_FUN_005edf80,005edf80,core/weapon.cpp,22,1,negative_offset,37
core_weapon.cpp_CWeapon_FUN_005ee330,005ee330,core/weapon.cpp,4,0,,4
core_weapon.cpp_CWeapon_FUN_005ee030,005ee030,core/weapon.cpp,27,4,suspect_float|badspacebase|register_param|stack_ref,87
core_weapon.cpp_staticInit_FUN_005ede40,005ede40,core/weapon.cpp,8,0,,8
core_weapon.cpp_CWeapon_FUN_005ee340,005ee340,core/weapon.cpp,32,11,stack_param|unknown_field,152
core_weapon.cpp_CWeapon_serialize_FUN_005ee250,005ee250,core/weapon.cpp,25,2,badspacebase|register_param,55
core_weapon.cpp_CWeapon_FUN_005ee9f0,005ee9f0,core/weapon.cpp,12,5,stack_param,67
core_weapon.cpp_CWeapon_process_FUN_005ee110,005ee110,core/weapon.cpp,53,8,stack_param|unknown_field,143
core_weapon.cpp_CWeapon_FUN_005ee830,005ee830,core/weapon.cpp,53,7,unknown_field|badspacebase|register_param,138
core_weapon.cpp_CWeapon_FUN_005ee640,005ee640,core/weapon.cpp,6,2,stack_param,31
core_weapon.cpp_CWeapon_FUN_005eea60,005eea60,core/weapon.cpp,7,2,stack_param,32
core_weapon.cpp_CWeapon_FUN_005ee650,005ee650,core/weapon.cpp,6,2,stack_param,31
core_weapon.cpp_CWeapon_FUN_005edff0,005edff0,core/weapon.cpp,8,0,,8
core_weapon.cpp_CWeapon_FUN_005ee710,005ee710,core/weapon.cpp,4,0,,4
core_weapon.cpp_CDemonGlobe_ctor_FUN_005eea80,005eea80,core/weapon.cpp,4,0,,4
core_weapon.cpp_CWeapon_FUN_005ee860,005ee860,core/weapon.cpp,4,0,,4
core_weapon.cpp_CWeapon_FUN_005ee3f0,005ee3f0,core/weapon.cpp,31,9,stack_param|badspacebase|register_param,136
core_weapon.cpp_FUN_005ee740,005ee740,core/weapon.cpp,31,15,stack_param|unknown_field|suspect_float|badspacebase|register_param,206
core_weapon.cpp_CWeapon_FUN_005ee490,005ee490,core/weapon.cpp,9,4,unknown_field,54
core_weapon.cpp_CWeapon_FUN_005ee730,005ee730,core/weapon.cpp,4,0,,4
core_weapon.cpp_FUN_005ee6e0,005ee6e0,core/weapon.cpp,10,4,stack_param,55
core_weapon.cpp_CWeapon_FUN_005ee3e0,005ee3e0,core/weapon.cpp,12,0,,12
core_weapon.cpp_CWeapon_FUN_005ee0c0,005ee0c0,core/weapon.cpp,15,8,stack_param,100
core_weapon.cpp_CWeapon_ctor_FUN_005ede70,005ede70,core/weapon.cpp,33,21,negative_offset|suspect_float,253
core_weapon.cpp_CWeapon_FUN_005ee4a0,005ee4a0,core/weapon.cpp,51,17,stack_param|unaffected_reg|badspacebase|register_param|stack_ref,246
core_bugs.cpp_FUN_00424ca0,00424ca0,core/bugs.cpp,5,0,,5
core_bugs.cpp_CBugs_FUN_004277e0,004277e0,core/bugs.cpp,31,15,stack_param|extra_output|badspacebase|register_param|stack_ref,206
core_bugs.cpp_FUN_00427a60,00427a60,core/bugs.cpp,19,18,stack_param,204
core_bugs.cpp_FUN_00425610,00425610,core/bugs.cpp,5,0,,5
core_bugs.cpp_FUN_004251b0,004251b0,core/bugs.cpp,64,25,stack_param|badspacebase|register_param|stack_ref,334
core_bugs.cpp_SBug_ctor_FUN_00427ca0,00427ca0,core/bugs.cpp,4,0,,4
core_bugs.cpp_FUN_004279f0,004279f0,core/bugs.cpp,9,11,stack_param,124
core_bugs.cpp_FUN_004250f0,004250f0,core/bugs.cpp,36,11,stack_param|suspect_float,156
core_bugs.cpp_FUN_00424e50,00424e50,core/bugs.cpp,113,32,stack_param|suspect_float|pointer_cast,448
core_bugs.cpp_FUN_00425660,00425660,core/bugs.cpp,23,6,stack_param,88
core_bugs.cpp_SBug_dtor_FUN_00427cb0,00427cb0,core/bugs.cpp,4,0,,4
core_bugs.cpp_FUN_00425cc0,00425cc0,core/bugs.cpp,127,40,stack_param|extra_output|badspacebase|register_param,547
core_bugs.cpp_FUN_004279b0,004279b0,core/bugs.cpp,11,10,stack_param,116
core_bugs.cpp_FUN_00427a20,00427a20,core/bugs.cpp,13,19,stack_param,208
core_bugs.cpp_staticInit_FUN_00424c40,00424c40,core/bugs.cpp,8,0,,8
core_bugs.cpp_FUN_00427ad0,00427ad0,core/bugs.cpp,10,8,stack_param,95
core_bugs.cpp_FUN_004257f0,004257f0,core/bugs.cpp,122,41,stack_param|concat_artifact|unaffected_reg|unknown_field|extra_output|badspacebase|pointer_cast|register_param,572
core_bugs.cpp_FUN_00426410,00426410,core/bugs.cpp,6,0,,6
core_bugs.cpp_FUN_004278d0,004278d0,core/bugs.cpp,36,17,stack_param|concat_artifact,216
core_bugs.cpp_FUN_00425340,00425340,core/bugs.cpp,62,6,stack_param|badspacebase|register_param,137
core_bugs.cpp_FUN_00427400,00427400,core/bugs.cpp,110,49,stack_param|concat_artifact|pointer_cast,615
core_bugs.cpp_FUN_00427cc0,00427cc0,core/bugs.cpp,6,0,,6
core_bugs.cpp_FUN_00426420,00426420,core/bugs.cpp,130,22,stack_param|unaffected_reg|unknown_field|badspacebase|register_param|stack_ref,380
core_bugs.cpp_FUN_00427b60,00427b60,core/bugs.cpp,5,2,stack_param,30
core_bugs.cpp_FUN_004276c0,004276c0,core/bugs.cpp,54,31,stack_param,369
core_bugs.cpp_FUN_00427ba0,00427ba0,core/bugs.cpp,11,6,stack_param,76
core_bugs.cpp_CBugs_ctor_FUN_00424cb0,00424cb0,core/bugs.cpp,93,2,negative_offset|pointer_cast,123
core_bugs.cpp_FUN_00425620,00425620,core/bugs.cpp,12,3,stack_param,47
core_bugs.cpp_FUN_00427b70,00427b70,core/bugs.cpp,6,2,stack_param,31
core_bugs.cpp_CBugs_load_FUN_004254f0,004254f0,core/bugs.cpp,48,14,stack_param,193
core_bugs.cpp_FUN_004268e0,004268e0,core/bugs.cpp,224,49,stack_param|unaffected_reg|unknown_field|badspacebase|pointer_cast|register_param,744
core_bugs.cpp_FUN_00425b70,00425b70,core/bugs.cpp,27,7,stack_param,102
core_bugs.cpp_CBugs_addSwarmGraphEdge_FUN_00425740,00425740,core/bugs.cpp,48,15,stack_param,203
core_bugs.cpp_FUN_004279d0,004279d0,core/bugs.cpp,9,11,stack_param,124
core_bugs.cpp_FUN_00424c70,00424c70,core/bugs.cpp,11,0,,11
core_bugs.cpp_FUN_00425640,00425640,core/bugs.cpp,9,2,stack_param,34
core_bugs.cpp_FUN_00427b00,00427b00,core/bugs.cpp,22,20,stack_param,227
core_bugs.cpp_FUN_004254b0,004254b0,core/bugs.cpp,14,15,stack_param,169
core_bugs.cpp_FUN_00427b80,00427b80,core/bugs.cpp,10,6,stack_param,75
core_bugs.cpp_FUN_00427b40,00427b40,core/bugs.cpp,6,4,stack_param,51
core_bugs.cpp_FUN_004272f0,004272f0,core/bugs.cpp,47,30,stack_param,352
core_bugs.cpp_CBugs_dtor_FUN_00427bd0,00427bd0,core/bugs.cpp,29,1,negative_offset,44
core_bugs.cpp_FUN_004270f0,004270f0,core/bugs.cpp,94,36,stack_param|badspacebase|pointer_cast|register_param|stack_ref,479
core_bugs.cpp_FUN_00425fe0,00425fe0,core/bugs.cpp,173,62,stack_param|badspacebase|pointer_cast|register_param|stack_ref,818
core_dest.cpp_FUN_0046f900,0046f900,core/dest.cpp,25,0,,25
core_dest.cpp_FUN_0046fcc0,0046fcc0,core/dest.cpp,18,12,stack_param,143
core_dest.cpp_CActorDestination_load_FUN_0046fdb0,0046fdb0,core/dest.cpp,30,13,stack_param|badspacebase|register_param|stack_ref,180
core_dest.cpp_staticInit_FUN_0046f890,0046f890,core/dest.cpp,9,0,,9
core_dest.cpp_FUN_0046f970,0046f970,core/dest.cpp,18,9,stack_param,113
core_dest.cpp_FUN_0046fe70,0046fe70,core/dest.cpp,5,0,,5
core_dest.cpp_FUN_0046ff00,0046ff00,core/dest.cpp,16,0,,16
core_dest.cpp_FUN_0046f8f0,0046f8f0,core/dest.cpp,5,0,,5
core_dest.cpp_FUN_0046fd50,0046fd50,core/dest.cpp,24,10,stack_param,129
core_dest.cpp_FUN_0046f9b0,0046f9b0,core/dest.cpp,54,19,stack_param|badspacebase|register_param,259
core_dest.cpp_FUN_0046f8c0,0046f8c0,core/dest.cpp,11,0,,11
core_dest.cpp_CDestActor_renderTransparent_FUN_0046fb70,0046fb70,core/dest.cpp,52,18,stack_param|suspect_float|badspacebase|register_param|stack_ref,257
core_dest.cpp_FUN_0046fe80,0046fe80,core/dest.cpp,13,8,stack_param,98
core_weather.cpp_CWeather_FUN_005ef190,005ef190,core/weather.cpp,190,56,stack_param|unknown_field|suspect_float|badspacebase|pointer_cast|register_param|stack_ref,785
core_weather.cpp_CWeather_FUN_005ef8c0,005ef8c0,core/weather.cpp,23,13,stack_param,158
core_weather.cpp_CWeather_dtor_FUN_005efb40,005efb40,core/weather.cpp,4,0,,4
core_weather.cpp_staticInit_FUN_005eeaa0,005eeaa0,core/weather.cpp,6,0,,6
core_weather.cpp_FUN_005efb50,005efb50,core/weather.cpp,6,2,stack_param,31
core_weather.cpp_CWeather_SomethingWithThunder_FUN_005ef140,005ef140,core/weather.cpp,14,8,stack_param|pointer_cast,104
core_weather.cpp_CWeather_SomethingWithLightingThunder_FUN_005eeaf0,005eeaf0,core/weather.cpp,132,38,stack_param|extra_output|badspacebase|pointer_cast|register_param,537
core_weather.cpp_CWeather_FUN_005ef940,005ef940,core/weather.cpp,74,34,stack_param|concat_artifact|unaffected_reg|badspacebase|pointer_cast|register_param|stack_ref,449
core_weather.cpp_CWeather_ctor_FUN_005eead0,005eead0,core/weather.cpp,5,0,,5
core_weather.cpp_CWeather_AnotherLightningThunderThing_FUN_005eeeb0,005eeeb0,core/weather.cpp,80,13,stack_param|unaffected_reg|suspect_float|badspacebase|register_param|stack_ref,240
core_mobster.cpp_CMobster_load_FUN_00527230,00527230,core/mobster.cpp,44,13,stack_param,179
core_mobster.cpp_FUN_00526b00,00526b00,core/mobster.cpp,11,10,stack_param,116
core_mobster.cpp_FUN_00525110,00525110,core/mobster.cpp,16,15,stack_param|suspect_float|badspacebase|register_param|stack_ref,191
core_mobster.cpp_FUN_00527b70,00527b70,core/mobster.cpp,16,10,stack_param,121
core_mobster.cpp_FUN_00525650,00525650,core/mobster.cpp,41,11,stack_param|badspacebase|register_param,166
core_mobster.cpp_FUN_00527380,00527380,core/mobster.cpp,126,76,stack_param,891
core_mobster.cpp_FUN_00526d90,00526d90,core/mobster.cpp,174,50,stack_param|badspacebase|pointer_cast|register_param,694
core_mobster.cpp_FUN_00526b20,00526b20,core/mobster.cpp,103,20,stack_param|unaffected_reg|badspacebase|register_param|stack_ref,328
core_mobster.cpp_FUN_005278d0,005278d0,core/mobster.cpp,45,25,stack_param|badspacebase|register_param,310
core_mobster.cpp_CMobster_aimTommyGun_FUN_005267a0,005267a0,core/mobster.cpp,148,61,stack_param|unaffected_reg|unknown_field|badspacebase|pointer_cast|register_param,788
core_mobster.cpp_FUN_00525840,00525840,core/mobster.cpp,664,277,stack_param|suspect_float|extra_output|badspacebase|pointer_cast|register_param|stack_ref,3469
core_mobster.cpp_FUN_005250a0,005250a0,core/mobster.cpp,17,7,stack_param,92
core_mobster.cpp_FUN_00527740,00527740,core/mobster.cpp,60,24,stack_param,305
core_mobster.cpp_FUN_005279d0,005279d0,core/mobster.cpp,8,2,stack_param,33
core_mobster.cpp_FUN_00527c30,00527c30,core/mobster.cpp,7,2,stack_param,32
core_mobster.cpp_FUN_00527360,00527360,core/mobster.cpp,5,0,,5
core_mobster.cpp_FUN_00525720,00525720,core/mobster.cpp,40,14,stack_param|badspacebase|register_param|stack_ref,200
core_mobster.cpp_CMobster_dtor_FUN_00527c70,00527c70,core/mobster.cpp,30,1,negative_offset,45
core_mobster.cpp_FUN_00527c40,00527c40,core/mobster.cpp,10,4,stack_param,55
core_mobster.cpp_FUN_005279f0,005279f0,core/mobster.cpp,66,17,stack_param|badspacebase|register_param,251
core_mobster.cpp_staticInit_FUN_00525070,00525070,core/mobster.cpp,8,0,,8
core_mobster.cpp_CMobster_ctor_FUN_00525200,00525200,core/mobster.cpp,91,0,,91
core_mobster.cpp_FUN_005271c0,005271c0,core/mobster.cpp,19,6,stack_param,84
core_mobster.cpp_FUN_005251c0,005251c0,core/mobster.cpp,11,0,,11
core_mobster.cpp_FUN_00525340,00525340,core/mobster.cpp,125,28,stack_param,410
core_mobster.cpp_FUN_005251f0,005251f0,core/mobster.cpp,5,0,,5
core_anvil.cpp_CAnvil_FUN_00412030,00412030,core/anvil.cpp,9,5,stack_param,64
core_anvil.cpp_CAnvil_process_FUN_00411d90,00411d90,core/anvil.cpp,55,6,stack_param|unaffected_reg|badspacebase|register_param,135
core_anvil.cpp_CAnvil_serialize_FUN_00411f50,00411f50,core/anvil.cpp,12,0,,12
core_anvil.cpp_CAnvil_FUN_00411d70,00411d70,core/anvil.cpp,8,2,stack_param,33
core_anvil.cpp_CAnvil_FUN_00411ec0,00411ec0,core/anvil.cpp,24,3,suspect_float|badspacebase|register_param,69
core_anvil.cpp_staticInit_FUN_00411c70,00411c70,core/anvil.cpp,8,0,,8
core_anvil.cpp_CAnvil_FUN_00411fe0,00411fe0,core/anvil.cpp,16,8,stack_param,101
core_anvil.cpp_CAnvil_getActorType_FUN_00411cd0,00411cd0,core/anvil.cpp,4,0,,4
core_anvil.cpp_CAnvil_ctor_FUN_00411ce0,00411ce0,core/anvil.cpp,31,5,negative_offset|pointer_cast,91
core_anvil.cpp_CAnvil_FUN_00412090,00412090,core/anvil.cpp,17,3,stack_param,52
core_anvil.cpp_CAnvil_dtor_FUN_004120e0,004120e0,core/anvil.cpp,16,0,,16
core_anvil.cpp_CAnvil_FUN_00411fd0,00411fd0,core/anvil.cpp,4,0,,4
core_anvil.cpp_constructor_FUN_00411ca0,00411ca0,core/anvil.cpp,11,0,,11
core_skeleton.cpp_CDeformableModelInstance_outlinePolygons_FUN_005a03b0,005a03b0,core/skeleton.cpp,15,2,unaffected_reg,40
core_skeleton.cpp_CDeformableModel_computeBoneDominantPart_FUN_0059c2f0,0059c2f0,core/skeleton.cpp,127,15,stack_param|unaffected_reg|badspacebase|pointer_cast|register_param,302
core_skeleton.cpp_CDeformableModelInstance_offsetAllBonePositions_FUN_0059fd60,0059fd60,core/skeleton.cpp,25,0,,25
core_skeleton.cpp_CDeformableModelInstance_getRootMotionDelta_FUN_005a0d10,005a0d10,core/skeleton.cpp,68,4,extra_output,113
core_skeleton.cpp_skipToEndOfLine_FUN_005996c0,005996c0,core/skeleton.cpp,11,0,,11
core_skeleton.cpp_CDeformableModel_loadStream_FUN_0059b970,0059b970,core/skeleton.cpp,290,28,stack_param|unaffected_reg|badspacebase|pointer_cast|register_param|stack_ref,600
core_skeleton.cpp_CDeformableModelInstance_preCache_FUN_005a0450,005a0450,core/skeleton.cpp,10,2,stack_param,35
core_skeleton.cpp_CDeformableModel_renderSkeleton_FUN_0059b640,0059b640,core/skeleton.cpp,92,13,stack_param|badspacebase|pointer_cast|register_param|stack_ref,247
core_skeleton.cpp_CDeformableModel_dismember_FUN_0059c5e0,0059c5e0,core/skeleton.cpp,182,26,stack_param|unaffected_reg|sborrow_artifact|pointer_cast,462
core_skeleton.cpp_CDeformableModel_computeFarthestChildBones_FUN_0059dbe0,0059dbe0,core/skeleton.cpp,41,0,,41
core_skeleton.cpp_CDeformableModelInstance_shatter_FUN_005a14b0,005a14b0,core/skeleton.cpp,26,4,unaffected_reg,71
core_skeleton.cpp_CDeformableModel_ctor_FUN_0059a160,0059a160,core/skeleton.cpp,41,21,pointer_cast,256
core_skeleton.cpp_CSkeleton_calculateFrameDataSize_FUN_0059a140,0059a140,core/skeleton.cpp,4,0,,4
core_skeleton.cpp_SVert_dtor_FUN_005a1f90,005a1f90,core/skeleton.cpp,6,0,,6
core_skeleton.cpp_CDeformableModel_captureTextures_FUN_0059a780,0059a780,core/skeleton.cpp,30,0,,30
core_skeleton.cpp_CDeformableModelInstance_computeBoundingBox_FUN_005a05e0,005a05e0,core/skeleton.cpp,91,7,badspacebase|pointer_cast|register_param|stack_ref,181
core_skeleton.cpp_freeVectors_FUN_005a2010,005a2010,core/skeleton.cpp,5,0,,5
core_skeleton.cpp_CSkeleton_allocMemory_FUN_00599910,00599910,core/skeleton.cpp,51,2,stack_param,76
core_skeleton.cpp_CDeformableModel_renderBones_FUN_0059b800,0059b800,core/skeleton.cpp,32,8,stack_param|badspacebase|register_param|stack_ref,132
core_skeleton.cpp_CDeformableModelInstance_renderBones_FUN_005a17e0,005a17e0,core/skeleton.cpp,10,0,,10
core_skeleton.cpp_CDeformableModelInstance_getModelPtr_FUN_005a07a0,005a07a0,core/skeleton.cpp,18,0,,18
core_skeleton.cpp_CDeformableModelInstance_rayIntersect_FUN_005a10e0,005a10e0,core/skeleton.cpp,28,6,stack_param|unaffected_reg,98
core_skeleton.cpp_CDeformableModelInstance_skinAndLightVertices_FUN_005a02a0,005a02a0,core/skeleton.cpp,16,2,unaffected_reg,41
core_skeleton.cpp_CDeformableModelInstance_renderWithOptions_FUN_005a0150,005a0150,core/skeleton.cpp,26,7,stack_param|unaffected_reg,106
core_skeleton.cpp_CDeformableModelInstance_renderPolygons_FUN_005a0340,005a0340,core/skeleton.cpp,23,6,stack_param|unaffected_reg,93
core_skeleton.cpp_CDeformableModel_computeBoneBoundsAndFlags_FUN_0059d9e0,0059d9e0,core/skeleton.cpp,96,0,,96
core_skeleton.cpp_CDeformableModelInstance_allocPointList_FUN_0059deb0,0059deb0,core/skeleton.cpp,23,0,,23
core_skeleton.cpp_CDeformableModel_findPartByName_FUN_0059c240,0059c240,core/skeleton.cpp,28,0,,28
core_skeleton.cpp_CDeformableModelInstance_init_FUN_005a0840,005a0840,core/skeleton.cpp,22,0,,22
core_skeleton.cpp_CSkeleton_findBone_FUN_00599fc0,00599fc0,core/skeleton.cpp,27,2,stack_param,52
core_skeleton.cpp_CDeformableModelInstance_skinVerticesForLOD_FUN_005a01d0,005a01d0,core/skeleton.cpp,18,2,stack_param,43
core_skeleton.cpp_freeAllSkeletons_FUN_005a1ea0,005a1ea0,core/skeleton.cpp,12,0,,12
core_skeleton.cpp_CDeformableModelInstance_skinAndRotateVertices_FUN_005a0250,005a0250,core/skeleton.cpp,16,2,unaffected_reg,41
core_skeleton.cpp_CDeformableModelInstance_skinAndInitWRecip_FUN_005a02f0,005a02f0,core/skeleton.cpp,14,0,,14
core_skeleton.cpp_CDeformableModelInstance_spawnDismemberedBodyPart_FUN_005a0fe0,005a0fe0,core/skeleton.cpp,15,0,,15
core_skeleton.cpp_freeAllModels_FUN_005a1dc0,005a1dc0,core/skeleton.cpp,11,0,,11
core_skeleton.cpp_CDeformableModel_selectLOD_FUN_0059ce40,0059ce40,core/skeleton.cpp,35,5,stack_param|extra_output,95
core_skeleton.cpp_CDeformableModelInstance_findPatchToFrame_FUN_005a08a0,005a08a0,core/skeleton.cpp,90,11,stack_param|unaffected_reg|badspacebase|register_param|stack_ref,225
core_skeleton.cpp_CDeformableModelInstance_initializeFromModel_FUN_005a0480,005a0480,core/skeleton.cpp,67,22,stack_param|badspacebase|register_param|stack_ref,307
core_skeleton.cpp_CDeformableModelInstance_updateMotionAtFrame_FUN_0059e070,0059e070,core/skeleton.cpp,10,0,,10
core_skeleton.cpp_CDeformableModel_allocMemory_FUN_0059a3f0,0059a3f0,core/skeleton.cpp,47,0,,47
core_skeleton.cpp_CDeformableModelInstance_dismemberPart_FUN_005a1040,005a1040,core/skeleton.cpp,29,4,stack_param|unaffected_reg,79
core_skeleton.cpp_CDeformableModel_dtor_FUN_0059a270,0059a270,core/skeleton.cpp,10,4,extra_output,55
core_skeleton.cpp_SVert_ctor_FUN_005a1f70,005a1f70,core/skeleton.cpp,7,1,pointer_cast,22
core_skeleton.cpp_CSkeleton_dtor_FUN_005998e0,005998e0,core/skeleton.cpp,9,5,stack_param|extra_output,69
core_skeleton.cpp_computeBoneWorldMatrices_FUN_005a1950,005a1950,core/skeleton.cpp,95,29,stack_param|badspacebase|pointer_cast|register_param,405
core_skeleton.cpp_CSkeleton_loadStream_FUN_00599bb0,00599bb0,core/skeleton.cpp,121,50,stack_param|unaffected_reg|pointer_cast,636
core_skeleton.cpp_CDeformableModelInstance_copyBoneRotations_FUN_0059f6e0,0059f6e0,core/skeleton.cpp,34,5,stack_param|pointer_cast,94
core_skeleton.cpp_getDeformableModel_FUN_005a1cf0,005a1cf0,core/skeleton.cpp,30,0,,30
core_skeleton.cpp_CSkeleton_load_FUN_00599b10,00599b10,core/skeleton.cpp,28,2,stack_param,53
core_skeleton.cpp_CDeformableModelInstance_findClosestBone_FUN_005a1160,005a1160,core/skeleton.cpp,85,0,,85
core_skeleton.cpp_CDeformableModelInstance_getSkeletonPtr_FUN_005a0820,005a0820,core/skeleton.cpp,10,0,,10
core_skeleton.cpp_CDeformableModel_renderParts_FUN_0059abf0,0059abf0,core/skeleton.cpp,205,4,badspacebase|pointer_cast|register_param|stack_ref,265
core_skeleton.cpp_freeVectors_FUN_005a1ff0,005a1ff0,core/skeleton.cpp,5,0,,5
core_skeleton.cpp_CDeformableModel_bindSkeleton_FUN_0059c1f0,0059c1f0,core/skeleton.cpp,9,0,,9
core_skeleton.cpp_CDeformableModelInstance_updateAnimationAndTransforms_FUN_0059e000,0059e000,core/skeleton.cpp,9,2,stack_param,34
core_skeleton.cpp_CDeformableModel_setModelName_FUN_0059a740,0059a740,core/skeleton.cpp,19,0,,19
core_skeleton.cpp_CDeformableModel_initVertexWRecip_FUN_0059ab90,0059ab90,core/skeleton.cpp,18,1,pointer_cast,33
core_skeleton.cpp_CDeformableModelInstance_updateAnimation_FUN_0059e020,0059e020,core/skeleton.cpp,17,0,,17
core_skeleton.cpp_blendBoneTransformData_FUN_005a1b70,005a1b70,core/skeleton.cpp,75,11,stack_param|badspacebase|pointer_cast|register_param|stack_ref,210
core_skeleton.cpp_CDeformableModelInstance_updateMotion_FUN_0059e0a0,0059e0a0,core/skeleton.cpp,481,105,stack_param|unaffected_reg|unknown_field|badspacebase|pointer_cast|register_param|stack_ref,1566
core_skeleton.cpp_CDeformableModelInstance_computeCylindricalUVs_FUN_005a1800,005a1800,core/skeleton.cpp,78,18,stack_param|extra_output|pointer_cast,273
core_skeleton.cpp_distancePointToLineSegment_FUN_005996e0,005996e0,core/skeleton.cpp,41,0,,41
core_skeleton.cpp_CDeformableModel_findMinWeightBone_FUN_0059dca0,0059dca0,core/skeleton.cpp,49,4,badspacebase|pointer_cast|register_param,104
core_skeleton.cpp_loadSkeleton_FUN_005a1df0,005a1df0,core/skeleton.cpp,28,0,,28
core_skeleton.cpp_CDeformableModelInstance_ctor_FUN_0059ddc0,0059ddc0,core/skeleton.cpp,20,12,pointer_cast,145
core_skeleton.cpp_staticInit_FUN_00599670,00599670,core/skeleton.cpp,10,0,,10
core_skeleton.cpp_CDeformableModelInstance_showAllParts_FUN_005a0410,005a0410,core/skeleton.cpp,14,0,,14
core_skeleton.cpp_CDeformableModel_calculateMemorySize_FUN_0059dd60,0059dd60,core/skeleton.cpp,19,0,,19
core_skeleton.cpp_CDeformableModelInstance_setBoneTransform_FUN_005a15e0,005a15e0,core/skeleton.cpp,66,3,pointer_cast,101
core_skeleton.cpp_defaultBlendWeight_FUN_0059ddb0,0059ddb0,core/skeleton.cpp,7,0,,7
core_skeleton.cpp_CSkeleton_getBoneAngleInterpolated_FUN_0059a070,0059a070,core/skeleton.cpp,54,17,stack_param|sub_artifact|unaffected_reg|badspacebase|pointer_cast|register_param|stack_ref,259
core_skeleton.cpp_CDeformableModel_getSkeletonPtr_FUN_0059a810,0059a810,core/skeleton.cpp,12,2,stack_param,37
core_skeleton.cpp_CDeformableModelInstance_scalePoseDataForHierarchy_FUN_005a00f0,005a00f0,core/skeleton.cpp,24,2,stack_param,49
core_skeleton.cpp_getRootMotionDeltaForMotion_FUN_005a0f50,005a0f50,core/skeleton.cpp,22,4,stack_param,67
core_skeleton.cpp_CDeformableModelInstance_blendWithPoseData_FUN_0059f230,0059f230,core/skeleton.cpp,10,0,,10
core_skeleton.cpp_CDeformableModel_rotateVertices_FUN_0059ab20,0059ab20,core/skeleton.cpp,8,0,,8
core_skeleton.cpp_CDeformableModelInstance_renderSkeleton_FUN_005a17b0,005a17b0,core/skeleton.cpp,13,2,unaffected_reg,38
core_skeleton.cpp_CDeformableModelInstance_aimBoneAtTarget_FUN_0059fdd0,0059fdd0,core/skeleton.cpp,79,20,stack_param|unknown_field|badspacebase|pointer_cast|register_param|stack_ref,309
core_skeleton.cpp_CDeformableModel_skinSingleVertex_FUN_0059aa00,0059aa00,core/skeleton.cpp,56,8,stack_param|unaffected_reg|badspacebase|register_param,156
core_skeleton.cpp_CDeformableModelInstance_clearAllTextureSetIndices_FUN_005a0430,005a0430,core/skeleton.cpp,14,0,,14
core_skeleton.cpp_CDeformableModelInstance_blendWithQuaternions_FUN_0059f260,0059f260,core/skeleton.cpp,191,52,stack_param|unaffected_reg|suspect_float|unknown_field|badspacebase|pointer_cast|register_param|stack_ref,751
core_skeleton.cpp_CDeformableModel_skinVertices_FUN_0059a880,0059a880,core/skeleton.cpp,67,7,badspacebase|pointer_cast|register_param,152
core_skeleton.cpp_CDeformableModel_exactRayTrace_FUN_0059cba0,0059cba0,core/skeleton.cpp,94,3,badspacebase|register_param|stack_ref,139
core_skeleton.cpp_CDeformableModel_computePartDominantBones_FUN_0059d460,0059d460,core/skeleton.cpp,201,26,stack_param|unaffected_reg|suspect_float|badspacebase|pointer_cast|register_param,491
core_skeleton.cpp_CDeformableModelInstance_accumulateScaledRootMotion_FUN_005a0c90,005a0c90,core/skeleton.cpp,22,12,stack_param|badspacebase|pointer_cast|register_param,162
core_skeleton.cpp_CDeformableModelInstance_computeBoundingBox_FUN_005a16c0,005a16c0,core/skeleton.cpp,42,6,stack_param|badspacebase|register_param|stack_ref,122
core_skeleton.cpp_CDeformableModelInstance_getBoneCachedWorldPosition_FUN_0059fb00,0059fb00,core/skeleton.cpp,9,0,,9
core_skeleton.cpp_CDeformableModelInstance_computeBoneTransforms_FUN_0059fb40,0059fb40,core/skeleton.cpp,105,26,unaffected_reg|badspacebase|pointer_cast|register_param,385
core_skeleton.cpp_CSkeleton_free_FUN_00599a50,00599a50,core/skeleton.cpp,22,2,negative_offset,47
core_skeleton.cpp_CDeformableModel_getPartPtr_FUN_0059c220,0059c220,core/skeleton.cpp,6,0,,6
core_skeleton.cpp_freeBoundingBoxes_FUN_005a2030,005a2030,core/skeleton.cpp,5,0,,5
core_skeleton.cpp_CDeformableModel_load_FUN_0059b8d0,0059b8d0,core/skeleton.cpp,29,2,stack_param,54
core_skeleton.cpp_CDeformableModel_lightVertices_FUN_0059ab50,0059ab50,core/skeleton.cpp,9,0,,9
core_skeleton.cpp_getMemoryStats_FUN_005a1ed0,005a1ed0,core/skeleton.cpp,35,0,,35
core_skeleton.cpp_CDeformableModelInstance_skinSingleVertex_FUN_005a0210,005a0210,core/skeleton.cpp,13,2,unaffected_reg,38
core_skeleton.cpp_CDeformableModelInstance_getBoneTransform_FUN_005a1510,005a1510,core/skeleton.cpp,61,4,pointer_cast,106
core_skeleton.cpp_CDeformableModelInstance_dtor_FUN_0059de40,0059de40,core/skeleton.cpp,25,2,extra_output,50
core_skeleton.cpp_freeSkeletons_FUN_005a1fb0,005a1fb0,core/skeleton.cpp,5,0,,5
core_skeleton.cpp_freeDeformableModels_FUN_005a1fd0,005a1fd0,core/skeleton.cpp,5,0,,5
core_skeleton.cpp_CDeformableModelInstance_resetToRestPose_FUN_0059df80,0059df80,core/skeleton.cpp,26,12,stack_param,151
core_skeleton.cpp_CDeformableModelInstance_free_FUN_0059df40,0059df40,core/skeleton.cpp,12,0,,12
core_skeleton.cpp_CDeformableModel_renderWireframe_FUN_0059b5a0,0059b5a0,core/skeleton.cpp,29,6,pointer_cast,94
core_skeleton.cpp_CDeformableModel_getBonePart_FUN_0059c2d0,0059c2d0,core/skeleton.cpp,9,0,,9
core_skeleton.cpp_CDeformableModel_allocLOD_FUN_0059a510,0059a510,core/skeleton.cpp,73,6,stack_param,138
core_skeleton.cpp_CSkeleton_getBoneAngleAtFrame_FUN_0059a050,0059a050,core/skeleton.cpp,6,0,,6
core_skeleton.cpp_CSkeleton_ctor_FUN_00599880,00599880,core/skeleton.cpp,18,4,stack_param|extra_output,68
core_skeleton.cpp_CDeformableModel_getVertexPoolPtr_FUN_0059a860,0059a860,core/skeleton.cpp,6,0,,6
core_skeleton.cpp_CDeformableModelInstance_getBoneWorldPosition_FUN_0059fa20,0059fa20,core/skeleton.cpp,43,8,stack_param|badspacebase|pointer_cast|register_param,143
core_skeleton.cpp_CDeformableModelInstance_blendMotion_FUN_0059eb50,0059eb50,core/skeleton.cpp,274,61,stack_param|unaffected_reg|unknown_field|badspacebase|pointer_cast|register_param|stack_ref,919
core_skeleton.cpp_CDeformableModelInstance_blendBoneRotations_FUN_0059f750,0059f750,core/skeleton.cpp,52,14,stack_param|badspacebase|pointer_cast|register_param,212
core_skeleton.cpp_CDeformableModel_free_FUN_0059a2b0,0059a2b0,core/skeleton.cpp,41,0,,41
core_skeleton.cpp_CSkeleton_getHierarchyDistance_FUN_0059a100,0059a100,core/skeleton.cpp,20,0,,20
core_skeleton.cpp_CDeformableModelInstance_computeBoneTransformsForFrame_FUN_005a0ad0,005a0ad0,core/skeleton.cpp,77,8,badspacebase|pointer_cast|register_param|stack_ref,177
core_skeleton.cpp_CDeformableModelInstance_getBoneWorldMatrix_FUN_0059f820,0059f820,core/skeleton.cpp,86,11,stack_param|unaffected_reg|badspacebase|pointer_cast|register_param,221
core_skeleton.cpp_CDeformableModelInstance_applyRotationToHierarchy_FUN_0059ff20,0059ff20,core/skeleton.cpp,110,16,stack_param|unknown_field|badspacebase|pointer_cast|register_param,295
core_skeleton.cpp_CDeformableModel_shatter_FUN_0059cec0,0059cec0,core/skeleton.cpp,191,18,stack_param|unaffected_reg|unknown_field|badspacebase|pointer_cast|register_param|stack_ref,406
core_setdir.cpp_CDemonSet_refreshThumbs_FUN_00575b40,00575b40,core/setdir.cpp,15,2,stack_param,40
core_setdir.cpp_CZThumb_restoreZBufferTable_FUN_00574830,00574830,core/setdir.cpp,21,3,sborrow_artifact|pointer_cast,61
core_setdir.cpp_CDemonSet_evaluateVirtualDirector_FUN_005751d0,005751d0,core/setdir.cpp,310,25,stack_param|suspect_float|unknown_field|sborrow_artifact|badspacebase|pointer_cast|register_param|stack_ref,600
core_setdir.cpp_CDemonSet_freeThumbs_FUN_00575df0,00575df0,core/setdir.cpp,18,0,,18
core_setdir.cpp_CZThumb_testCameraVisibility_FUN_005750a0,005750a0,core/setdir.cpp,40,17,stack_param|pointer_cast,220
core_setdir.cpp_CZThumb_pushRenderingContext_FUN_00574e70,00574e70,core/setdir.cpp,15,0,,15
core_setdir.cpp_CZThumb_write_FUN_00574b20,00574b20,core/setdir.cpp,6,0,,6
core_setdir.cpp_CZThumb_setupZBufferScanlines_FUN_00574e30,00574e30,core/setdir.cpp,16,0,,16
core_setdir.cpp_CDemonSet_FUN_00576340,00576340,core/setdir.cpp,21,0,,21
core_setdir.cpp_FUN_005763a0,005763a0,core/setdir.cpp,143,37,stack_param|badspacebase|register_param|stack_ref,533
core_setdir.cpp_CDemonSet_writeThumbs_FUN_00575e40,00575e40,core/setdir.cpp,48,7,stack_param,123
core_setdir.cpp_CDemonSet_FUN_00576870,00576870,core/setdir.cpp,17,0,,17
core_setdir.cpp_CDemonSet_saveThumbs_FUN_00575f60,00575f60,core/setdir.cpp,5,0,,5
core_setdir.cpp_copySet_FUN_005768e0,005768e0,core/setdir.cpp,5,0,,5
core_setdir.cpp_CDemonSet_FUN_00576820,00576820,core/setdir.cpp,17,6,stack_param,82
core_setdir.cpp_CZThumb_popRenderingContext_FUN_00574ef0,00574ef0,core/setdir.cpp,7,0,,7
core_setdir.cpp_CZThumb_calculateActorVisibility_FUN_00574ba0,00574ba0,core/setdir.cpp,89,14,unaffected_reg|sborrow_artifact|badspacebase|pointer_cast|register_param|stack_ref,259
core_setdir.cpp_setPixelGrayscale_FUN_005748a0,005748a0,core/setdir.cpp,5,1,pointer_cast,20
core_setdir.cpp_CDemonSet_FUN_00576710,00576710,core/setdir.cpp,46,5,unaffected_reg,101
core_setdir.cpp_freeCZThumbs_FUN_00576910,00576910,core/setdir.cpp,5,0,,5
core_setdir.cpp_CDemonSet_clearCameraSwitchCooldown_FUN_00575b20,00575b20,core/setdir.cpp,8,0,,8
core_setdir.cpp_CZThumb_render_FUN_00574f20,00574f20,core/setdir.cpp,55,3,pointer_cast,90
core_setdir.cpp_CDemonSet_skipDeprecatedVirtualDirectorData_FUN_00576200,00576200,core/setdir.cpp,29,10,unaffected_reg|badspacebase|register_param|stack_ref,149
core_setdir.cpp_CDemonSet_setPendingCamera_FUN_00575b00,00575b00,core/setdir.cpp,8,0,,8
core_setdir.cpp_CZThumb_dtor_FUN_005748f0,005748f0,core/setdir.cpp,5,0,,5
core_setdir.cpp_copySet_FUN_005768d0,005768d0,core/setdir.cpp,5,0,,5
core_setdir.cpp_CZThumb_saveZBufferTable_FUN_005747d0,005747d0,core/setdir.cpp,20,3,sborrow_artifact|pointer_cast,60
core_setdir.cpp_CDemonSet_saveThumbs_FUN_00575bc0,00575bc0,core/setdir.cpp,112,9,stack_param|unaffected_reg|badspacebase|register_param,222
core_setdir.cpp_CDemonSet_FUN_005762a0,005762a0,core/setdir.cpp,20,8,stack_param|badspacebase|register_param,115
core_setdir.cpp_CZThumb_saveZBufferTable_FUN_00574910,00574910,core/setdir.cpp,81,9,stack_param|sborrow_artifact|pointer_cast,186
core_setdir.cpp_staticInit_FUN_00574790,00574790,core/setdir.cpp,9,0,,9
core_setdir.cpp_freeBoundingBoxes_FUN_005768f0,005768f0,core/setdir.cpp,5,0,,5
core_setdir.cpp_CZThumb_free_FUN_00574b50,00574b50,core/setdir.cpp,13,0,,13
core_setdir.cpp_CDemonSet_renderVirtualDirectors_FUN_00575f70,00575f70,core/setdir.cpp,92,26,unaffected_reg|badspacebase|pointer_cast|register_param|stack_ref,377
core_setdir.cpp_CZThumb_ctor_FUN_005748d0,005748d0,core/setdir.cpp,7,0,,7
core_setdir.cpp_copySet_FUN_005768c0,005768c0,core/setdir.cpp,5,0,,5
core_tommygun.cpp_FUN_005dda50,005dda50,core/tommygun.cpp,11,0,,11
core_tommygun.cpp_FUN_005de5a0,005de5a0,core/tommygun.cpp,10,4,stack_param,55
core_tommygun.cpp_CTommyGun_ctor_FUN_005dda90,005dda90,core/tommygun.cpp,46,1,suspect_float,61
core_tommygun.cpp_CTommyGun_process_FUN_005de360,005de360,core/tommygun.cpp,73,13,stack_param|sub_artifact|concat_artifact|unknown_field|extra_output|badspacebase|register_param,238
core_tommygun.cpp_FUN_005ddb30,005ddb30,core/tommygun.cpp,217,70,stack_param|unaffected_reg|unknown_field|extra_output|badspacebase|register_param|stack_ref,952
core_tommygun.cpp_staticInit_FUN_005dda20,005dda20,core/tommygun.cpp,8,0,,8
core_tommygun.cpp_FUN_005de330,005de330,core/tommygun.cpp,7,0,,7
core_tommygun.cpp_CTommyGun_dtor_FUN_005de5d0,005de5d0,core/tommygun.cpp,20,2,unaffected_reg,45
core_tommygun.cpp_CTommyGun_getActorType_FUN_005dda80,005dda80,core/tommygun.cpp,4,0,,4
core_dtri.cpp_clipPolygonToTop_FUN_0049b860,0049b860,core/dtri.cpp,53,0,,53
core_dtri.cpp_rayTriangleIntersection_FUN_0049a800,0049a800,core/dtri.cpp,70,1,suspect_float,85
core_dtri.cpp_getClippedVertices_FUN_0049cbc0,0049cbc0,core/dtri.cpp,4,0,,4
core_dtri.cpp_CDemonTriangle_render_FUN_0049cbd0,0049cbd0,core/dtri.cpp,36,2,badspacebase|register_param,66
core_dtri.cpp_getClippedTriangleCount_FUN_0049cb30,0049cb30,core/dtri.cpp,7,0,,7
core_dtri.cpp_buildClipTriangleFan_FUN_0049cb5a,0049cb5a,core/dtri.cpp,19,4,unaffected_reg,64
core_dtri.cpp_staticInit_FUN_0049a430,0049a430,core/dtri.cpp,20,0,,20
core_dtri.cpp_buildClipTriangleFan_FUN_0049cb40,0049cb40,core/dtri.cpp,25,0,,25
core_dtri.cpp_getClippedVertexCount_FUN_0049cbb0,0049cbb0,core/dtri.cpp,4,0,,4
core_dtri.cpp_clipPolygonToNear_FUN_0049bdf0,0049bdf0,core/dtri.cpp,53,0,,53
core_dtri.cpp_rayEdgeHeightTest_FUN_0049b180,0049b180,core/dtri.cpp,36,0,,36
core_dtri.cpp_CDemonTriangle_writeDataBinary_FUN_0049a5f0,0049a5f0,core/dtri.cpp,10,0,,10
core_dtri.cpp_CDemonTriangle_buildCollision_FUN_0049a790,0049a790,core/dtri.cpp,22,0,,22
core_dtri.cpp_CDemonTriangle_writeDataCSV_FUN_0049a530,0049a530,core/dtri.cpp,11,0,,11
core_dtri.cpp_clipPolygonToFar_FUN_0049bf60,0049bf60,core/dtri.cpp,53,0,,53
core_dtri.cpp_cylinderEdgeIntersection_FUN_0049aa00,0049aa00,core/dtri.cpp,86,0,,86
core_dtri.cpp_cylinderEdgeTestWithHeight_FUN_0049ace0,0049ace0,core/dtri.cpp,24,0,,24
core_dtri.cpp_freeTriangles_FUN_0049cd20,0049cd20,core/dtri.cpp,5,0,,5
core_dtri.cpp_rayTriangleFloorTest_FUN_0049b2f0,0049b2f0,core/dtri.cpp,143,60,concat_artifact|unknown_field|badspacebase|pointer_cast|register_param,768
core_dtri.cpp_copyVector3_FUN_0049b6a0,0049b6a0,core/dtri.cpp,10,0,,10
core_dtri.cpp_clipPolygonToLeft_FUN_0049bc90,0049bc90,core/dtri.cpp,55,0,,55
core_dtri.cpp_CDemonTriangle_calculateData_FUN_0049a640,0049a640,core/dtri.cpp,51,2,suspect_float,76
core_dtri.cpp_clipPolygonToRight_FUN_0049bb30,0049bb30,core/dtri.cpp,55,0,,55
core_dtri.cpp_clipLineToPlane_FUN_0049b6c0,0049b6c0,core/dtri.cpp,45,11,sub_artifact|concat_artifact|unknown_field,170
core_dtri.cpp_CDemonTriangle_readDataCSV_FUN_0049a4e0,0049a4e0,core/dtri.cpp,10,0,,10
core_dtri.cpp_CDemonTriangle_readDataBinary_FUN_0049a5a0,0049a5a0,core/dtri.cpp,9,0,,9
core_dtri.cpp_clipTriangleToBounds_FUN_0049c120,0049c120,core/dtri.cpp,371,0,,371
core_dtri.cpp_clipPolygonToBottom_FUN_0049b9c0,0049b9c0,core/dtri.cpp,53,0,,53
core_dtri.cpp_cylinderTriangleTest_FUN_0049ad80,0049ad80,core/dtri.cpp,179,9,stack_param|badspacebase|register_param|stack_ref,289
core_marquee.cpp_FUN_0050bc30,0050bc30,core/marquee.cpp,44,20,stack_param,249
core_marquee.cpp_FUN_0050bec0,0050bec0,core/marquee.cpp,86,20,stack_param|suspect_float|badspacebase|pointer_cast|register_param,311
core_marquee.cpp_FUN_0050bda0,0050bda0,core/marquee.cpp,30,19,stack_param,225
core_marquee.cpp_CMarquee_load_FUN_0050c2f0,0050c2f0,core/marquee.cpp,17,7,stack_param,92
core_marquee.cpp_FUN_0050c3e0,0050c3e0,core/marquee.cpp,18,13,stack_param,153
core_marquee.cpp_FUN_0050bb20,0050bb20,core/marquee.cpp,11,0,,11
core_marquee.cpp_FUN_0050bb50,0050bb50,core/marquee.cpp,5,0,,5
core_marquee.cpp_FUN_0050be50,0050be50,core/marquee.cpp,23,12,stack_param|suspect_float|badspacebase|register_param|stack_ref,168
core_marquee.cpp_FUN_0050c4c0,0050c4c0,core/marquee.cpp,18,0,,18
core_marquee.cpp_FUN_0050c480,0050c480,core/marquee.cpp,12,7,stack_param,87
core_marquee.cpp_FUN_0050bb60,0050bb60,core/marquee.cpp,34,14,negative_offset|pointer_cast,184
core_marquee.cpp_FUN_0050c370,0050c370,core/marquee.cpp,5,0,,5
core_marquee.cpp_FUN_0050bd60,0050bd60,core/marquee.cpp,11,5,stack_param,66
core_marquee.cpp_FUN_0050c050,0050c050,core/marquee.cpp,108,16,stack_param|suspect_float|unknown_field|badspacebase|register_param,293
core_marquee.cpp_staticInit_FUN_0050baf0,0050baf0,core/marquee.cpp,8,0,,8
core_marquee.cpp_FUN_0050c380,0050c380,core/marquee.cpp,24,20,stack_param,229
core_particle.cpp_CParticle_dtor_FUN_00545670,00545670,core/particle.cpp,5,0,,5
core_particle.cpp_CParticle_onCollision_FUN_00545ab0,00545ab0,core/particle.cpp,6,0,,6
core_particle.cpp_CParticle_ctor_FUN_00545650,00545650,core/particle.cpp,6,0,,6
core_particle.cpp_CParticle_render_FUN_00545a80,00545a80,core/particle.cpp,7,0,,7
core_particle.cpp_CParticle_process_FUN_00545760,00545760,core/particle.cpp,101,18,stack_param|unaffected_reg|unknown_field|badspacebase|pointer_cast|register_param,311
core_particle.cpp_CParticle_setup_FUN_00545680,00545680,core/particle.cpp,41,0,,41
core_moon.cpp_freeCourses_FUN_0052a450,0052a450,core/moon.cpp,5,0,,5
core_moon.cpp_CMoon_ctor_FUN_00529a80,00529a80,core/moon.cpp,10,2,negative_offset,35
core_moon.cpp_freeBats_FUN_0052a430,0052a430,core/moon.cpp,5,0,,5
core_moon.cpp_CMoon_init_FUN_00529ae0,00529ae0,core/moon.cpp,54,7,pointer_cast,129
core_moon.cpp_SBat_ctor_FUN_0052a410,0052a410,core/moon.cpp,4,0,,4
core_moon.cpp_CMoon_renderJoystickCalibration_FUN_0052a2c0,0052a2c0,core/moon.cpp,34,10,stack_param|badspacebase|register_param|stack_ref,154
core_moon.cpp_CMoon_update_FUN_00529d60,00529d60,core/moon.cpp,43,9,pointer_cast,138
core_moon.cpp_CMoon_render_FUN_00529ed0,00529ed0,core/moon.cpp,111,16,concat_artifact|suspect_float|extra_output|badspacebase|pointer_cast|register_param|stack_ref,306
core_moon.cpp_SBat_dtor_FUN_0052a420,0052a420,core/moon.cpp,4,0,,4
core_moon.cpp_CMoon_free_FUN_00529ce0,00529ce0,core/moon.cpp,22,0,,22
core_moon.cpp_CMoon_isAnimationFirstHalf_FUN_0052a3f0,0052a3f0,core/moon.cpp,7,0,,7
core_moon.cpp_staticInit_FUN_005299f0,005299f0,core/moon.cpp,14,0,,14
core_moon.cpp_freeAlphaBitmaps_FUN_0052a470,0052a470,core/moon.cpp,5,0,,5
core_moon.cpp_CMoon_dtor_FUN_00529ab0,00529ab0,core/moon.cpp,7,1,negative_offset,22
core_barrier.cpp_CBarrier_FUN_004142e0,004142e0,core/barrier.cpp,15,7,stack_param,90
core_barrier.cpp_CBarrier_FUN_004143a0,004143a0,core/barrier.cpp,15,2,stack_param,40
core_barrier.cpp_CBarrier_FUN_004143e0,004143e0,core/barrier.cpp,8,0,,8
core_barrier.cpp_CBarrier_FUN_00414610,00414610,core/barrier.cpp,12,10,stack_param,117
core_barrier.cpp_CBarrier_FUN_00414240,00414240,core/barrier.cpp,20,3,badspacebase|register_param|stack_ref,65
core_barrier.cpp_constructor_FUN_00414180,00414180,core/barrier.cpp,11,0,,11
core_barrier.cpp_CBarrier_ctor_FUN_004141c0,004141c0,core/barrier.cpp,18,0,,18
core_barrier.cpp_CBarrier_FUN_00414460,00414460,core/barrier.cpp,77,12,stack_param,202
core_barrier.cpp_CBarrier_serialize_FUN_00414340,00414340,core/barrier.cpp,13,0,,13
core_barrier.cpp_CBarrier_FUN_00414210,00414210,core/barrier.cpp,9,0,,9
core_barrier.cpp_CBarrier_getActorType_FUN_004141b0,004141b0,core/barrier.cpp,4,0,,4
core_barrier.cpp_staticInit_FUN_00414150,00414150,core/barrier.cpp,9,0,,9
core_barrier.cpp_CBarrier_dtor_FUN_00414670,00414670,core/barrier.cpp,16,0,,16
core_barrier.cpp_CBarrier_FUN_00414400,00414400,core/barrier.cpp,9,5,stack_param,64
core_dtrace.cpp_CDemonRaytrace_renderFrustumCubes_FUN_00497e50,00497e50,core/dtrace.cpp,729,26,stack_param|extra_output|sborrow_artifact|badspacebase|pointer_cast|register_param|stack_ref,1024
core_dtrace.cpp_CDemonRaytrace_getCubeAt_FUN_004952b0,004952b0,core/dtrace.cpp,13,0,,13
core_dtrace.cpp_CDemonRaytrace_getBBoxMax_FUN_00499b70,00499b70,core/dtrace.cpp,9,0,,9
core_dtrace.cpp_CDemonRaytrace_consolidateTriList_FUN_00494450,00494450,core/dtrace.cpp,81,5,pointer_cast,136
core_dtrace.cpp_CDemonRaytrace_loadAndSyncWithGeoFile_FUN_00494de0,00494de0,core/dtrace.cpp,40,8,unaffected_reg|badspacebase|register_param|stack_ref,140
core_dtrace.cpp_CDemonRaytrace_cylinderGroundCheck_FUN_00496950,00496950,core/dtrace.cpp,119,26,unaffected_reg|suspect_float|extra_output|badspacebase|register_param,404
core_dtrace.cpp_CDemonRaytrace_rayVoxelGridTest_FUN_00496220,00496220,core/dtrace.cpp,177,12,suspect_float|unknown_field|extra_output|badspacebase|pointer_cast|register_param|stack_ref,332
core_dtrace.cpp_CDemonRaytrace_convertCubeIndexToPosition_FUN_00499ba0,00499ba0,core/dtrace.cpp,18,0,,18
core_dtrace.cpp_CDemonRaytrace_save_FUN_00495040,00495040,core/dtrace.cpp,15,2,stack_param,40
core_dtrace.cpp_CDemonRaytrace_setPVS_FUN_00498e50,00498e50,core/dtrace.cpp,56,2,badspacebase|register_param,86
core_dtrace.cpp_CDemonRaytrace_testCapsuleCollision_FUN_00496c60,00496c60,core/dtrace.cpp,65,10,unaffected_reg,170
core_dtrace.cpp_CDemonRaytrace_crunch_FUN_00495310,00495310,core/dtrace.cpp,368,29,stack_param|badspacebase|pointer_cast|register_param|stack_ref,683
core_dtrace.cpp_CDemonRaytrace_voxelCoordsToWorldPosition_FUN_00499930,00499930,core/dtrace.cpp,12,0,,12
core_dtrace.cpp_CDemonRaytrace_loadBinary_FUN_004947a0,004947a0,core/dtrace.cpp,247,63,stack_param|negative_offset|unaffected_reg|badspacebase|pointer_cast|register_param|stack_ref,912
core_dtrace.cpp_CDemonRaytrace_worldPositionToGridCoords_FUN_004997d0,004997d0,core/dtrace.cpp,33,8,extra_output|badspacebase|register_param|stack_ref,133
core_dtrace.cpp_CDemonRaytrace_transferVoxelShadowBit_FUN_0049a280,0049a280,core/dtrace.cpp,52,18,stack_param|badspacebase|pointer_cast|register_param|stack_ref,257
core_dtrace.cpp_STriangleRef_dtor_FUN_0049a400,0049a400,core/dtrace.cpp,4,0,,4
core_dtrace.cpp_CDemonRaytrace_allocTris_FUN_004950b0,004950b0,core/dtrace.cpp,13,0,,13
core_dtrace.cpp_CDemonRaytrace_allocCubeList_FUN_00494270,00494270,core/dtrace.cpp,16,0,,16
core_dtrace.cpp_CDemonRaytrace_getBBoxMin_FUN_00499b40,00499b40,core/dtrace.cpp,9,0,,9
core_dtrace.cpp_CDemonRaytrace_renderCubeForPVS_FUN_00497500,00497500,core/dtrace.cpp,219,23,stack_param|unaffected_reg|unknown_field|badspacebase|register_param,474
core_dtrace.cpp_CDemonRaytrace_getGroundHeight_FUN_004966f0,004966f0,core/dtrace.cpp,100,11,unknown_field|suspect_float|badspacebase|register_param,230
core_dtrace.cpp_CDemonRaytrace_worldPositionToVoxelCoords_FUN_00499880,00499880,core/dtrace.cpp,33,8,extra_output|badspacebase|register_param|stack_ref,133
core_dtrace.cpp_CDemonRaytrace_copyVoxelBuffer2ToBuffer1_FUN_00499e70,00499e70,core/dtrace.cpp,53,4,pointer_cast,98
core_dtrace.cpp_CDemonRaytrace_convertLinearIndexToWorldPosAndCallback_FUN_00494710,00494710,core/dtrace.cpp,22,2,badspacebase|register_param,52
core_dtrace.cpp_CDemonRaytrace_voxelRaycast3D_FUN_00499330,00499330,core/dtrace.cpp,114,0,,114
core_dtrace.cpp_CDemonRaytrace_testVoxelAtCoords_FUN_00499970,00499970,core/dtrace.cpp,30,0,,30
core_dtrace.cpp_CDemonRaytrace_dtor_FUN_00494240,00494240,core/dtrace.cpp,7,0,,7
core_dtrace.cpp_STriangleRef_copy_FUN_0049a3b0,0049a3b0,core/dtrace.cpp,12,0,,12
core_dtrace.cpp_CDemonRaytrace_voxelGridSweepTest2_FUN_00499f10,00499f10,core/dtrace.cpp,96,10,unknown_field|badspacebase|register_param,211
core_dtrace.cpp_CDemonRaytrace_allocNewCubeList_FUN_00494380,00494380,core/dtrace.cpp,23,2,unaffected_reg,48
core_dtrace.cpp_CDemonRaytrace_getVoxelHeightAtPosition_FUN_00499170,00499170,core/dtrace.cpp,66,10,unknown_field|extra_output,176
core_dtrace.cpp_CDemonRaytrace_saveBinary_FUN_00494f50,00494f50,core/dtrace.cpp,28,1,pointer_cast,43
core_dtrace.cpp_CDemonRaytrace_freeTriList_FUN_00494690,00494690,core/dtrace.cpp,21,1,negative_offset,36
core_dtrace.cpp_CDemonRaytrace_setVoxelShadowBit_FUN_0049a160,0049a160,core/dtrace.cpp,58,30,stack_param|badspacebase|pointer_cast|register_param|stack_ref,383
core_dtrace.cpp_CDemonRaytrace_savePVS_FUN_00498fb0,00498fb0,core/dtrace.cpp,62,5,stack_param,117
core_dtrace.cpp_initCapsuleCollisionData_FUN_00496b90,00496b90,core/dtrace.cpp,28,0,,28
core_dtrace.cpp_CDemonRaytrace_addTriangle_FUN_00495100,00495100,core/dtrace.cpp,74,2,stack_param,99
core_dtrace.cpp_CDemonRaytrace_renderPVSCubes_FUN_004990f0,004990f0,core/dtrace.cpp,23,0,,23
core_dtrace.cpp_CDemonRaytrace_rayVoxelIntersection_FUN_00495b70,00495b70,core/dtrace.cpp,233,33,concat_artifact|unknown_field|suspect_float|extra_output|badspacebase|register_param|stack_ref,598
core_dtrace.cpp_CDemonRaytrace_freeNewCubeList_FUN_00494400,00494400,core/dtrace.cpp,15,0,,15
core_dtrace.cpp_CDemonRaytrace_renderGridCube_FUN_00496e70,00496e70,core/dtrace.cpp,127,22,unknown_field|suspect_float|badspacebase|register_param|stack_ref,372
core_dtrace.cpp_freeVectors_FUN_0049a410,0049a410,core/dtrace.cpp,5,0,,5
core_dtrace.cpp_CDemonRaytrace_ctor_FUN_00494200,00494200,core/dtrace.cpp,12,0,,12
core_dtrace.cpp_CDemonRaytrace_voxelGridSweepTest_FUN_00499c20,00499c20,core/dtrace.cpp,97,12,unknown_field|badspacebase|pointer_cast|register_param,237
core_dtrace.cpp_CDemonRaytrace_allocTriList_FUN_00494600,00494600,core/dtrace.cpp,27,0,,27
core_dtrace.cpp_staticInit_FUN_004941e0,004941e0,core/dtrace.cpp,6,0,,6
core_dtrace.cpp_CDemonRaytrace_getVoxelHeightAtVoxelCoords_FUN_00499a50,00499a50,core/dtrace.cpp,41,2,unaffected_reg,66
core_dtrace.cpp_CDemonRaytrace_renderVoxelGrid_FUN_004973b0,004973b0,core/dtrace.cpp,59,2,badspacebase|register_param,89
core_dtrace.cpp_CDemonRaytrace_rayIntersection_FUN_00495aa0,00495aa0,core/dtrace.cpp,26,0,,26
core_dtrace.cpp_CDemonRaytrace_freeCubeList_FUN_004942d0,004942d0,core/dtrace.cpp,32,1,pointer_cast,47
core_skeledit.cpp_FUN_0058e600,0058e600,core/skeledit.cpp,33,16,stack_param,198
core_skeledit.cpp_CDeformableModel_determinePartsFromS3D_FUN_0058f810,0058f810,core/skeledit.cpp,1435,214,stack_param|negative_offset|sub_artifact|concat_artifact|unknown_field|extra_output|badspacebase|pointer_cast|register_param|stack_ref,3625
core_skeledit.cpp_readNonEmptyLine_FUN_005895f0,005895f0,core/skeledit.cpp,37,3,stack_param|pointer_cast,77
core_skeledit.cpp_FUN_0058bc40,0058bc40,core/skeledit.cpp,40,11,stack_param|unaffected_reg|badspacebase|register_param,170
core_skeledit.cpp_FUN_0058b200,0058b200,core/skeledit.cpp,24,12,stack_param,149
core_skeledit.cpp_FUN_00592520,00592520,core/skeledit.cpp,33,17,stack_param,208
core_skeledit.cpp_FUN_0058a0f0,0058a0f0,core/skeledit.cpp,16,11,stack_param,131
core_skeledit.cpp_FUN_00589b10,00589b10,core/skeledit.cpp,32,2,stack_param,57
core_skeledit.cpp_FUN_00589fa0,00589fa0,core/skeledit.cpp,7,2,stack_param,32
core_skeledit.cpp_CBoneStructure_skipBONframe_FUN_0058abb0,0058abb0,core/skeledit.cpp,27,5,stack_param,82
core_skeledit.cpp_FUN_0058e240,0058e240,core/skeledit.cpp,112,12,stack_param|badspacebase|pointer_cast|register_param,252
core_skeledit.cpp_FUN_00589c20,00589c20,core/skeledit.cpp,114,39,stack_param|badspacebase|register_param|stack_ref,524
core_skeledit.cpp_CDeformableModel_saveStream_FUN_0058f120,0058f120,core/skeledit.cpp,219,116,stack_param|sub_artifact|unaffected_reg|pointer_cast,1399
core_skeledit.cpp_FUN_0058d790,0058d790,core/skeledit.cpp,248,87,stack_param|unaffected_reg|extra_output|badspacebase|pointer_cast|register_param|stack_ref,1153
core_skeledit.cpp_FUN_00589500,00589500,core/skeledit.cpp,9,4,stack_param,54
core_skeledit.cpp_FUN_0058b260,0058b260,core/skeledit.cpp,22,8,stack_param,107
core_skeledit.cpp_FUN_00589fc0,00589fc0,core/skeledit.cpp,7,2,stack_param,32
core_skeledit.cpp_CBoneStructure_readBONframe_FUN_0058aa10,0058aa10,core/skeledit.cpp,63,25,stack_param|pointer_cast,323
core_skeledit.cpp_FUN_005995d0,005995d0,core/skeledit.cpp,19,26,stack_param,284
core_skeledit.cpp_FUN_0058b660,0058b660,core/skeledit.cpp,90,30,stack_param|unaffected_reg|badspacebase|register_param|stack_ref,415
core_skeledit.cpp_FUN_0058afe0,0058afe0,core/skeledit.cpp,61,29,stack_param|negative_offset|badspacebase|pointer_cast|register_param|stack_ref,381
core_skeledit.cpp_FUN_0058f790,0058f790,core/skeledit.cpp,39,13,undefined_type|stack_param|concat_artifact|pointer_cast,189
core_skeledit.cpp_FUN_00589a40,00589a40,core/skeledit.cpp,21,0,,21
core_skeledit.cpp_FUN_00589bb0,00589bb0,core/skeledit.cpp,16,3,stack_param,51
core_skeledit.cpp_CDeformableModel_save_FUN_0058f040,0058f040,core/skeledit.cpp,29,0,,29
core_skeledit.cpp_FUN_0058eaa0,0058eaa0,core/skeledit.cpp,85,11,stack_param|pointer_cast,205
core_skeledit.cpp_FUN_00596860,00596860,core/skeledit.cpp,12,6,stack_param,77
core_skeledit.cpp_CSkeleton_saveStream_FUN_0058b3a0,0058b3a0,core/skeledit.cpp,112,31,stack_param|sub_artifact|pointer_cast,437
core_skeledit.cpp_FUN_0058e0b0,0058e0b0,core/skeledit.cpp,59,6,unaffected_reg|badspacebase|register_param|stack_ref,139
core_skeledit.cpp_FUN_0058b160,0058b160,core/skeledit.cpp,47,11,stack_param|pointer_cast,167
core_skeledit.cpp_FUN_00589530,00589530,core/skeledit.cpp,26,13,stack_param|badspacebase|register_param|stack_ref,176
core_skeledit.cpp_CBoneStructure_importBON_FUN_0058a3d0,0058a3d0,core/skeledit.cpp,35,10,stack_param|unaffected_reg|badspacebase|register_param|stack_ref,160
core_skeledit.cpp_FUN_00589f40,00589f40,core/skeledit.cpp,17,7,stack_param,92
core_skeledit.cpp_FUN_0058de70,0058de70,core/skeledit.cpp,95,24,stack_param|badspacebase|register_param|stack_ref,355
core_skeledit.cpp_FUN_0058ad30,0058ad30,core/skeledit.cpp,44,8,stack_param|badspacebase|register_param,139
core_skeledit.cpp_CDeformable_groundBias_FUN_0058e4e0,0058e4e0,core/skeledit.cpp,43,8,stack_param,128
core_skeledit.cpp_viewModel_FUN_00598fc0,00598fc0,core/skeledit.cpp,179,8,stack_param|sub_artifact|badspacebase|register_param|stack_ref,284
core_skeledit.cpp_FUN_00589450,00589450,core/skeledit.cpp,34,7,stack_param,109
core_skeledit.cpp_LodVert_dtor_FUN_005995c0,005995c0,core/skeledit.cpp,6,0,,6
core_skeledit.cpp_FUN_0058bd00,0058bd00,core/skeledit.cpp,156,62,stack_param|unaffected_reg|badspacebase|pointer_cast|register_param|stack_ref,806
core_skeledit.cpp_FUN_00599630,00599630,core/skeledit.cpp,8,5,stack_param,63
core_skeledit.cpp_FUN_0058c190,0058c190,core/skeledit.cpp,733,215,undefined_type|stack_param|concat_artifact|unaffected_reg|unknown_field|badspacebase|pointer_cast|register_param|stack_ref,2928
core_skeledit.cpp_FUN_00599480,00599480,core/skeledit.cpp,45,54,stack_param,590
core_skeledit.cpp_GetModelPtrOfFile_FUN_0058a260,0058a260,core/skeledit.cpp,9,3,stack_param,44
core_skeledit.cpp_CDeformableModelInstance_viewModel_FUN_005968b0,005968b0,core/skeledit.cpp,1246,264,undefined_type|stack_param|sub_artifact|concat_artifact|suspect_float|unknown_field|extra_output|badspacebase|pointer_cast|register_param,3936
core_skeledit.cpp_FUN_00599650,00599650,core/skeledit.cpp,8,5,stack_param,63
core_skeledit.cpp_FUN_0058b9b0,0058b9b0,core/skeledit.cpp,118,30,stack_param|sub_artifact|suspect_float|extra_output|badspacebase|pointer_cast|register_param|stack_ref,458
core_skeledit.cpp_FUN_005894c0,005894c0,core/skeledit.cpp,16,7,stack_param,91
core_skeledit.cpp_CDeformableModel_exportModelToS3D_FUN_00595fc0,00595fc0,core/skeledit.cpp,264,18,stack_param|badspacebase|pointer_cast|register_param|stack_ref,469
core_skeledit.cpp_LodVert_copy_FUN_00599550,00599550,core/skeledit.cpp,31,0,,31
core_skeledit.cpp_FUN_0058dde0,0058dde0,core/skeledit.cpp,33,8,stack_param|badspacebase|register_param,128
core_skeledit.cpp_FUN_00598f10,00598f10,core/skeledit.cpp,27,4,stack_param,72
core_skeledit.cpp_FUN_00589fe0,00589fe0,core/skeledit.cpp,24,18,stack_param,209
core_skeledit.cpp_FUN_0058aeb0,0058aeb0,core/skeledit.cpp,41,22,stack_param|unaffected_reg|suspect_float|badspacebase|pointer_cast|register_param,291
core_skeledit.cpp_FUN_0058b8e0,0058b8e0,core/skeledit.cpp,34,11,stack_param|badspacebase|register_param|stack_ref,164
core_skeledit.cpp_FUN_00595f30,00595f30,core/skeledit.cpp,33,8,stack_param|badspacebase|register_param,128
core_skeledit.cpp_FUN_0058af40,0058af40,core/skeledit.cpp,42,18,stack_param|unaffected_reg|badspacebase|pointer_cast|register_param,247
core_skeledit.cpp_FUN_0058e3e0,0058e3e0,core/skeledit.cpp,47,25,stack_param|pointer_cast,307
core_skeledit.cpp_FUN_0058a2b0,0058a2b0,core/skeledit.cpp,66,15,stack_param|badspacebase|register_param,231
core_skeledit.cpp_FUN_005896b0,005896b0,core/skeledit.cpp,23,11,stack_param|badspacebase|register_param|stack_ref,153
core_skeledit.cpp_CBoneStructure_readBONheader_FUN_0058a4a0,0058a4a0,core/skeledit.cpp,238,34,stack_param|badspacebase|pointer_cast|register_param,598
core_skeledit.cpp_FUN_0058a1b0,0058a1b0,core/skeledit.cpp,29,21,stack_param|unaffected_reg|badspacebase|register_param|stack_ref,264
core_skeledit.cpp_FUN_005925c0,005925c0,core/skeledit.cpp,31,7,stack_param,106
core_skeledit.cpp_CDeformableModelInstance_exportModelToS3D_FUN_00598ee0,00598ee0,core/skeledit.cpp,14,4,stack_param,59
core_skeledit.cpp_CDeformableModel_calcRootOffsetScale_FUN_0058e690,0058e690,core/skeledit.cpp,151,39,stack_param|badspacebase|pointer_cast|register_param|stack_ref,566
core_skeledit.cpp_FUN_00589740,00589740,core/skeledit.cpp,40,10,stack_param,145
core_skeledit.cpp_FUN_0058ac80,0058ac80,core/skeledit.cpp,59,12,stack_param|badspacebase|register_param,194
core_skeledit.cpp_CBoneStructure_fixupMatrices_FUN_0058adb0,0058adb0,core/skeledit.cpp,35,6,stack_param|sub_artifact,105
core_skeledit.cpp_FUN_005897b0,005897b0,core/skeledit.cpp,110,2,unaffected_reg,135
core_skeledit.cpp_FUN_00592690,00592690,core/skeledit.cpp,2144,456,stack_param|unknown_field|suspect_float|extra_output|sborrow_artifact|badspacebase|pointer_cast|register_param|stack_ref,6749
core_skeledit.cpp_CSkeleton_save_FUN_0058b2c0,0058b2c0,core/skeledit.cpp,29,0,,29
core_skeledit.cpp_FUN_0058ac30,0058ac30,core/skeledit.cpp,22,6,stack_param,87
core_skeledit.cpp_FUN_0058ede0,0058ede0,core/skeledit.cpp,77,6,stack_param,142
core_skeledit.cpp_CDeformableModel_removeUnusedTextures_FUN_0058ec60,0058ec60,core/skeledit.cpp,74,16,stack_param,239
core_larva.cpp_FUN_00502f90,00502f90,core/larva.cpp,41,0,,41
core_larva.cpp_FUN_005039d0,005039d0,core/larva.cpp,11,3,stack_param,46
core_larva.cpp_FUN_00503cc0,00503cc0,core/larva.cpp,29,1,negative_offset,44
core_larva.cpp_FUN_00502f50,00502f50,core/larva.cpp,11,0,,11
core_larva.cpp_FUN_00503a20,00503a20,core/larva.cpp,79,15,stack_param|badspacebase|pointer_cast|register_param|stack_ref,254
core_larva.cpp_FUN_00503080,00503080,core/larva.cpp,369,127,stack_param|extra_output|badspacebase|register_param|stack_ref,1664
core_larva.cpp_CLarva_load_FUN_00503960,00503960,core/larva.cpp,16,6,stack_param,81
core_larva.cpp_FUN_00503c50,00503c50,core/larva.cpp,11,5,stack_param,66
core_larva.cpp_staticInit_FUN_00502f20,00502f20,core/larva.cpp,8,0,,8
core_larva.cpp_FUN_00502f80,00502f80,core/larva.cpp,5,0,,5
core_larva.cpp_FUN_00503c90,00503c90,core/larva.cpp,10,4,stack_param,55
core_larva.cpp_FUN_00503020,00503020,core/larva.cpp,20,5,stack_param,75
core_larva.cpp_FUN_00503c00,00503c00,core/larva.cpp,19,9,stack_param|badspacebase|register_param,124
core_manpuz.cpp_FUN_0050b840,0050b840,core/manpuz.cpp,16,0,,16
core_manpuz.cpp_FUN_0050b3c0,0050b3c0,core/manpuz.cpp,12,5,stack_param,67
core_manpuz.cpp_FUN_0050b930,0050b930,core/manpuz.cpp,4,0,,4
core_manpuz.cpp_FUN_00509d50,00509d50,core/manpuz.cpp,120,21,unaffected_reg|unknown_field|suspect_float|extra_output|badspacebase|register_param|stack_ref,365
core_manpuz.cpp_FUN_005097e0,005097e0,core/manpuz.cpp,50,22,stack_param|pointer_cast,280
core_manpuz.cpp_FUN_00509b20,00509b20,core/manpuz.cpp,51,26,stack_param|badspacebase|register_param|stack_ref,331
core_manpuz.cpp_FUN_0050b110,0050b110,core/manpuz.cpp,13,2,negative_offset,38
core_manpuz.cpp_FUN_00509720,00509720,core/manpuz.cpp,36,9,stack_param|badspacebase|register_param,141
core_manpuz.cpp_FUN_0050b810,0050b810,core/manpuz.cpp,12,7,stack_param,87
core_manpuz.cpp_FUN_005097d0,005097d0,core/manpuz.cpp,5,0,,5
core_manpuz.cpp_FUN_0050b2c0,0050b2c0,core/manpuz.cpp,13,6,stack_param,78
core_manpuz.cpp_FUN_0050b2b0,0050b2b0,core/manpuz.cpp,5,0,,5
core_manpuz.cpp_FUN_0050b100,0050b100,core/manpuz.cpp,5,0,,5
core_manpuz.cpp_CMansionPuzzleCircle_processPanel_FUN_0050a290,0050a290,core/manpuz.cpp,73,7,stack_param,148
core_manpuz.cpp_FUN_0050b920,0050b920,core/manpuz.cpp,4,0,,4
core_manpuz.cpp_FUN_0050b890,0050b890,core/manpuz.cpp,22,0,,22
core_manpuz.cpp_FUN_0050b940,0050b940,core/manpuz.cpp,7,1,pointer_cast,22
core_manpuz.cpp_FUN_0050bad0,0050bad0,core/manpuz.cpp,7,2,stack_param,32
core_manpuz.cpp_CMansionPuzzleCircle_panelOccupied_FUN_0050b040,0050b040,core/manpuz.cpp,23,11,stack_param,138
core_manpuz.cpp_FUN_0050af00,0050af00,core/manpuz.cpp,29,8,stack_param,114
core_manpuz.cpp_FUN_00509320,00509320,core/manpuz.cpp,5,0,,5
core_manpuz.cpp_FUN_0050b260,0050b260,core/manpuz.cpp,17,10,stack_param,122
core_manpuz.cpp_FUN_0050b340,0050b340,core/manpuz.cpp,12,5,stack_param,67
core_manpuz.cpp_FUN_0050b980,0050b980,core/manpuz.cpp,4,0,,4
core_manpuz.cpp_FUN_0050b2f0,0050b2f0,core/manpuz.cpp,17,11,stack_param,132
core_manpuz.cpp_FUN_0050aee0,0050aee0,core/manpuz.cpp,11,6,stack_param,76
core_manpuz.cpp_FUN_00509bf0,00509bf0,core/manpuz.cpp,18,5,stack_param,73
core_manpuz.cpp_CMansionPuzzleCircle_shiftPanelLeft_FUN_0050aba0,0050aba0,core/manpuz.cpp,59,5,stack_param,114
core_manpuz.cpp_staticInit_FUN_00508890,00508890,core/manpuz.cpp,12,0,,12
core_manpuz.cpp_FUN_0050a610,0050a610,core/manpuz.cpp,140,28,stack_param|unaffected_reg|suspect_float|badspacebase|pointer_cast|register_param,450
core_manpuz.cpp_FUN_0050b9a0,0050b9a0,core/manpuz.cpp,38,58,stack_param,623
core_manpuz.cpp_FUN_005098f0,005098f0,core/manpuz.cpp,68,38,stack_param,453
core_manpuz.cpp_FUN_0050a1f0,0050a1f0,core/manpuz.cpp,23,8,stack_param|unaffected_reg,113
core_manpuz.cpp_FUN_0050b3e0,0050b3e0,core/manpuz.cpp,12,7,stack_param,87
core_manpuz.cpp_CMansionPuzzleCircle_shiftPanelRight_FUN_0050ad40,0050ad40,core/manpuz.cpp,23,5,stack_param,78
core_manpuz.cpp_FUN_0050b1d0,0050b1d0,core/manpuz.cpp,20,10,stack_param,125
core_manpuz.cpp_FUN_0050a420,0050a420,core/manpuz.cpp,22,21,stack_param,237
core_manpuz.cpp_FUN_00508910,00508910,core/manpuz.cpp,5,0,,5
core_manpuz.cpp_FUN_0050a490,0050a490,core/manpuz.cpp,18,19,stack_param,213
core_manpuz.cpp_CMansionPuzzleCircle_load_FUN_0050adf0,0050adf0,core/manpuz.cpp,42,20,stack_param|pointer_cast,252
core_manpuz.cpp_FUN_0050b440,0050b440,core/manpuz.cpp,148,102,stack_param|badspacebase|register_param|stack_ref,1188
core_manpuz.cpp_FUN_0050ba90,0050ba90,core/manpuz.cpp,7,2,stack_param,32
core_manpuz.cpp_FUN_0050b960,0050b960,core/manpuz.cpp,6,0,,6
core_manpuz.cpp_FUN_0050aef0,0050aef0,core/manpuz.cpp,10,3,stack_param,45
core_manpuz.cpp_FUN_005092e0,005092e0,core/manpuz.cpp,16,13,stack_param,151
core_manpuz.cpp_FUN_0050b990,0050b990,core/manpuz.cpp,4,0,,4
core_manpuz.cpp_FUN_00509c60,00509c60,core/manpuz.cpp,23,6,stack_param|badspacebase|register_param|stack_ref,103
core_manpuz.cpp_FUN_005090d0,005090d0,core/manpuz.cpp,51,17,stack_param|suspect_float|badspacebase|register_param|stack_ref,246
core_manpuz.cpp_FUN_0050af80,0050af80,core/manpuz.cpp,22,6,stack_param|badspacebase|register_param,97
core_manpuz.cpp_FUN_00508a70,00508a70,core/manpuz.cpp,275,104,stack_param|extra_output|badspacebase|pointer_cast|register_param|stack_ref,1345
core_manpuz.cpp_FUN_0050a8d0,0050a8d0,core/manpuz.cpp,87,33,stack_param|badspacebase|register_param|stack_ref,437
core_manpuz.cpp_FUN_005088e0,005088e0,core/manpuz.cpp,11,0,,11
core_manpuz.cpp_FUN_00509330,00509330,core/manpuz.cpp,131,20,unaffected_reg|unknown_field|badspacebase|pointer_cast|register_param,356
core_manpuz.cpp_FUN_0050bab0,0050bab0,core/manpuz.cpp,7,2,stack_param,32
core_manpuz.cpp_FUN_00508920,00508920,core/manpuz.cpp,55,23,pointer_cast,290
core_manpuz.cpp_FUN_0050a4f0,0050a4f0,core/manpuz.cpp,47,38,stack_param|unaffected_reg,437
core_manpuz.cpp_FUN_0050b7d0,0050b7d0,core/manpuz.cpp,14,8,stack_param,99
core_manpuz.cpp_FUN_0050b180,0050b180,core/manpuz.cpp,12,4,stack_param,57
core_manpuz.cpp_FUN_0050b360,0050b360,core/manpuz.cpp,23,16,stack_param,188
core_manpuz.cpp_FUN_0050b0d0,0050b0d0,core/manpuz.cpp,11,0,,11
core_manpuz.cpp_FUN_0050ba70,0050ba70,core/manpuz.cpp,6,2,stack_param,31
core_manpuz.cpp_FUN_0050b160,0050b160,core/manpuz.cpp,10,4,stack_param,55
core_manpuz.cpp_FUN_005091d0,005091d0,core/manpuz.cpp,54,15,stack_param,209
core_sentinel.cpp_FUN_00568b70,00568b70,core/sentinel.cpp,30,9,stack_param|badspacebase|register_param,135
core_sentinel.cpp_FUN_00568ef0,00568ef0,core/sentinel.cpp,8,2,stack_param,33
core_sentinel.cpp_FUN_00568dd0,00568dd0,core/sentinel.cpp,53,30,stack_param|badspacebase|register_param|stack_ref,373
core_sentinel.cpp_staticInit_FUN_00567d40,00567d40,core/sentinel.cpp,8,0,,8
core_sentinel.cpp_FUN_00568f50,00568f50,core/sentinel.cpp,10,4,stack_param,55
core_sentinel.cpp_FUN_00568030,00568030,core/sentinel.cpp,480,181,stack_param|extra_output|badspacebase|register_param|stack_ref,2315
core_sentinel.cpp_FUN_00568f10,00568f10,core/sentinel.cpp,11,5,stack_param,66
core_sentinel.cpp_CSentinel_ctor_FUN_00567db0,00567db0,core/sentinel.cpp,31,0,,31
core_sentinel.cpp_SentinelBehavior_FUN_00568cd0,00568cd0,core/sentinel.cpp,43,13,stack_param,178
core_sentinel.cpp_CSentinel_load_FUN_00568c70,00568c70,core/sentinel.cpp,15,5,stack_param,70
core_sentinel.cpp_CSentinel_dtor_FUN_00568f80,00568f80,core/sentinel.cpp,30,1,negative_offset,45
core_sentinel.cpp_FUN_00567da0,00567da0,core/sentinel.cpp,5,0,,5
core_sentinel.cpp_FUN_00567e20,00567e20,core/sentinel.cpp,59,5,stack_param,114
core_sentinel.cpp_FUN_00567d70,00567d70,core/sentinel.cpp,11,0,,11
core_camview.cpp_CCameraView_ctor_FUN_00427ce0,00427ce0,core/camview.cpp,7,0,,7
core_camview.cpp_CCameraView_dtor_FUN_00427d00,00427d00,core/camview.cpp,15,0,,15
core_camview.cpp_CCameraView_FUN_00427d50,00427d50,core/camview.cpp,4,0,,4
core_camview.cpp_CCameraView_FUN_00427d20,00427d20,core/camview.cpp,4,0,,4
core_camview.cpp_CCameraView_FUN_00427d60,00427d60,core/camview.cpp,4,0,,4
core_camview.cpp_CCameraView_FUN_00427d70,00427d70,core/camview.cpp,4,0,,4
core_baron.cpp_CBaronWeapon_getActorType_FUN_00413d30,00413d30,core/baron.cpp,5,0,,5
core_baron.cpp_CBaronWeapon_FUN_00413da0,00413da0,core/baron.cpp,6,0,,6
core_baron.cpp_CBaronWeapon_setWeaponState_FUN_00413e90,00413e90,core/baron.cpp,22,0,,22
core_baron.cpp_CBaron_ctor_FUN_00412bc0,00412bc0,core/baron.cpp,63,0,,63
core_baron.cpp_FUN_00413a00,00413a00,core/baron.cpp,23,7,stack_param,98
core_baron.cpp_constructor_FUN_00413d00,00413d00,core/baron.cpp,11,0,,11
core_baron.cpp_FUN_004135a0,004135a0,core/baron.cpp,15,7,stack_param,90
core_baron.cpp_CBaronWeapon_ctor_FUN_00413d40,00413d40,core/baron.cpp,19,0,,19
core_baron.cpp_FUN_004136b0,004136b0,core/baron.cpp,89,42,stack_param|unknown_field|suspect_float|badspacebase|register_param|stack_ref,539
core_baron.cpp_CBaronWeapon_FUN_00413e30,00413e30,core/baron.cpp,22,0,,22
core_baron.cpp_CBaron_getActorType_FUN_00412bb0,00412bb0,core/baron.cpp,4,0,,4
core_baron.cpp_CBaron_dtor_FUN_00414100,00414100,core/baron.cpp,22,6,stack_param|unaffected_reg,92
core_baron.cpp_CBaronWeapon_FUN_00413e60,00413e60,core/baron.cpp,4,0,,4
core_baron.cpp_CBaron_FUN_00413cd0,00413cd0,core/baron.cpp,7,2,stack_param,32
core_baron.cpp_CBaron_FUN_00413ad0,00413ad0,core/baron.cpp,4,0,,4
core_baron.cpp_CBaron_FUN_004140a0,004140a0,core/baron.cpp,4,0,,4
core_baron.cpp_FUN_00413f20,00413f20,core/baron.cpp,31,7,stack_param,106
core_baron.cpp_FUN_00413470,00413470,core/baron.cpp,49,29,stack_param|badspacebase|register_param|stack_ref,359
core_baron.cpp_CBaron_FUN_00414010,00414010,core/baron.cpp,9,4,stack_param,54
core_baron.cpp_CBaronWeapon_process_FUN_00413dc0,00413dc0,core/baron.cpp,7,2,stack_param,32
core_baron.cpp_CBaron_FUN_00413ff0,00413ff0,core/baron.cpp,5,0,,5
core_baron.cpp_FUN_00412b41,00412b41,core/baron.cpp,10,0,,10
core_baron.cpp_FUN_00412b80,00412b80,core/baron.cpp,11,0,,11
core_baron.cpp_FUN_00413df0,00413df0,core/baron.cpp,9,0,,9
core_baron.cpp_FUN_00414090,00414090,core/baron.cpp,7,4,stack_param,52
core_baron.cpp_staticInit_FUN_00412b20,00412b20,core/baron.cpp,13,0,,13
core_baron.cpp_CBaron_serialize_FUN_00413a70,00413a70,core/baron.cpp,14,0,,14
core_baron.cpp_CBaron_FUN_00414070,00414070,core/baron.cpp,5,0,,5
core_baron.cpp_CBaron_renderTransparent_FUN_00413ae0,00413ae0,core/baron.cpp,72,13,stack_param|suspect_float|badspacebase|register_param|stack_ref,227
core_baron.cpp_CBaron_FUN_00412cb0,00412cb0,core/baron.cpp,54,0,,54
core_baron.cpp_CBaronWeapon_dtor_FUN_004140b0,004140b0,core/baron.cpp,20,2,unaffected_reg,45
core_baron.cpp_CBaron_process_FUN_00412e80,00412e80,core/baron.cpp,263,25,stack_param|unaffected_reg|unknown_field|badspacebase|register_param,538
core_baron.cpp_FUN_CBaronWeapon_00413de0,00413de0,core/baron.cpp,5,0,,5
core_baron.cpp_CBaron_FUN_00413cf0,00413cf0,core/baron.cpp,4,0,,4
core_baron.cpp_FUN_004135e0,004135e0,core/baron.cpp,34,8,stack_param|badspacebase|register_param,129
core_gasmask.cpp_CGasMask_FUN_004e5da0,004e5da0,core/gasmask.cpp,19,5,stack_param,74
core_gasmask.cpp_CGasMask_ctor_FUN_004e5d00,004e5d00,core/gasmask.cpp,14,2,negative_offset,39
core_gasmask.cpp_FUN_004e5cc0,004e5cc0,core/gasmask.cpp,11,0,,11
core_gasmask.cpp_FUN_004e5ef0,004e5ef0,core/gasmask.cpp,19,8,stack_param,104
core_gasmask.cpp_CGasMask_FUN_004e5eb0,004e5eb0,core/gasmask.cpp,11,6,stack_param,76
core_gasmask.cpp_CGasMask_FUN_004e5d50,004e5d50,core/gasmask.cpp,10,4,stack_param,55
core_gasmask.cpp_FUN_004e5e50,004e5e50,core/gasmask.cpp,5,0,,5
core_gasmask.cpp_CGasMask_FUN_004e5e60,004e5e60,core/gasmask.cpp,19,10,stack_param,124
core_gasmask.cpp_staticInit_FUN_004e5c90,004e5c90,core/gasmask.cpp,8,0,,8
core_gasmask.cpp_FUN_004e5cf0,004e5cf0,core/gasmask.cpp,5,0,,5
core_gasmask.cpp_FUN_004e5f40,004e5f40,core/gasmask.cpp,16,0,,16
core_gasmask.cpp_CGasMask_FUN_004e5d70,004e5d70,core/gasmask.cpp,12,2,stack_param,37
core_gasmask.cpp_CGasMask_load_FUN_004e5e20,004e5e20,core/gasmask.cpp,10,4,stack_param,55
core_gasmask.cpp_FUN_004e5d90,004e5d90,core/gasmask.cpp,5,0,,5
core_stone.cpp_CTempleStone_dtor_FUN_005bae10,005bae10,core/stone.cpp,20,1,negative_offset,35
core_stone.cpp_FUN_005bacd0,005bacd0,core/stone.cpp,11,0,,11
core_stone.cpp_staticInit_FUN_005baca0,005baca0,core/stone.cpp,8,0,,8
core_stone.cpp_FUN_005badd0,005badd0,core/stone.cpp,9,2,stack_param,34
core_stone.cpp_FUN_005bad70,005bad70,core/stone.cpp,22,6,stack_param,87
core_stone.cpp_FUN_005bad00,005bad00,core/stone.cpp,5,0,,5
core_stone.cpp_CTempleStone_ctor_FUN_005bad10,005bad10,core/stone.cpp,11,0,,11
core_stone.cpp_FUN_005bad40,005bad40,core/stone.cpp,9,2,stack_param,34
core_sound.cpp_editSoundName_FUN_005b3de0,005b3de0,core/sound.cpp,6,0,,6
core_sound.cpp_freeTrainNoises_FUN_005b3e50,005b3e50,core/sound.cpp,5,0,,5
core_sound.cpp_CSound_setReverbPreset_FUN_005b3cc0,005b3cc0,core/sound.cpp,12,0,,12
core_sound.cpp_CSound_playSound_FUN_005b3a20,005b3a20,core/sound.cpp,6,0,,6
core_sound.cpp_CSound_setVolumeFade_FUN_005b3dc0,005b3dc0,core/sound.cpp,8,0,,8
core_sound.cpp_CSound_findRandomSoundFile_FUN_005b1ed0,005b1ed0,core/sound.cpp,51,3,unaffected_reg,86
core_sound.cpp_stopTrainSounds_FUN_005b2ca0,005b2ca0,core/sound.cpp,14,1,pointer_cast,29
core_sound.cpp_CSound_getSoundDuration_FUN_005b3ba0,005b3ba0,core/sound.cpp,29,6,stack_param|badspacebase|register_param|stack_ref,109
core_sound.cpp_CSound_playActorNonPositionalSoundWithDelay_FUN_005b3aa0,005b3aa0,core/sound.cpp,13,3,stack_param,48
core_sound.cpp_CSound_reset_FUN_005b39a0,005b39a0,core/sound.cpp,6,0,,6
core_sound.cpp_playSfxInternal_FUN_005b1fd0,005b1fd0,core/sound.cpp,279,10,stack_param|concat_artifact|badspacebase|register_param|stack_ref,404
core_sound.cpp_CSound_killSound_FUN_005b3b90,005b3b90,core/sound.cpp,5,0,,5
core_sound.cpp_assignInt_FUN_005b3e30,005b3e30,core/sound.cpp,5,0,,5
core_sound.cpp_updateListeners_FUN_005b1870,005b1870,core/sound.cpp,211,47,stack_param|sub_artifact|concat_artifact|unknown_field|badspacebase|pointer_cast|register_param|stack_ref,721
core_sound.cpp_assignInt_FUN_005b3e40,005b3e40,core/sound.cpp,5,0,,5
core_sound.cpp_CSound_configure_FUN_005b3830,005b3830,core/sound.cpp,51,2,stack_param,76
core_sound.cpp_processTrainSounds_FUN_005b2770,005b2770,core/sound.cpp,174,25,stack_param|badspacebase|pointer_cast|register_param|stack_ref,449
core_sound.cpp_CSound_getSoundModeName_FUN_005b3c70,005b3c70,core/sound.cpp,8,0,,8
core_sound.cpp_CSound_dtor_FUN_005aaeb0,005b2d60,core/sound.cpp,5,0,,5
core_sound.cpp_CSound_selectReverbPreset_FUN_005b3d20,005b3d20,core/sound.cpp,36,29,stack_param|badspacebase|pointer_cast|register_param|stack_ref,351
core_sound.cpp_CSound_set3DListenerOrientRight_FUN_005b3c90,005b3c90,core/sound.cpp,11,0,,11
core_sound.cpp_CSound_playActorSound_FUN_005b3a40,005b3a40,core/sound.cpp,8,0,,8
core_sound.cpp_CSound_playAmbientSound_FUN_005b39b0,005b39b0,core/sound.cpp,25,7,stack_param|extra_output,105
core_sound.cpp_resetTrainSounds_FUN_005b26f0,005b26f0,core/sound.cpp,13,3,badspacebase|register_param|stack_ref,58
core_sound.cpp_CSound_isSoundPlaying_FUN_005b3b80,005b3b80,core/sound.cpp,5,0,,5
core_sound.cpp_CSound_init_FUN_005b2dd0,005b2dd0,core/sound.cpp,56,7,stack_param|extra_output|badspacebase|register_param|stack_ref,151
core_sound.cpp_STrainNoise_dtor_FUN_005b3e10,005b3e10,core/sound.cpp,4,0,,4
core_sound.cpp_populateSoundFiles_FUN_005b17a0,005b17a0,core/sound.cpp,8,0,,8
core_sound.cpp_CSound_playTrackedActorSound_FUN_005b3a70,005b3a70,core/sound.cpp,9,0,,9
core_sound.cpp_syncChannel3WithChannel0_FUN_005b2d70,005b2d70,core/sound.cpp,14,0,,14
core_sound.cpp_STrainNoise_ctor_FUN_005b3e00,005b3e00,core/sound.cpp,4,0,,4
core_sound.cpp_CSound_process_FUN_005b2fd0,005b2fd0,core/sound.cpp,262,31,stack_param|extra_output|badspacebase|pointer_cast|register_param,597
core_sound.cpp_CSound_getReverbPresetCount_FUN_005b3c60,005b3c60,core/sound.cpp,4,0,,4
core_sound.cpp_assignInt_FUN_005b3e20,005b3e20,core/sound.cpp,5,0,,5
core_sound.cpp_CSound_playTrackedActorSoundWithDelay_FUN_005b3b30,005b3b30,core/sound.cpp,14,3,stack_param,49
core_sound.cpp_CSound_shutdown_FUN_005b2f70,005b2f70,core/sound.cpp,16,1,pointer_cast,31
core_sound.cpp_CSound_playActorPositionalSoundWithDelay_FUN_005b3ae0,005b3ae0,core/sound.cpp,13,2,stack_param,38
core_sound.cpp_CSound_findAllSoundFiles_FUN_005b2d00,005b2d00,core/sound.cpp,17,0,,17
core_sound.cpp_CSound_ctor_FUN_005b2ce0,005b2ce0,core/sound.cpp,7,0,,7
core_sound.cpp_staticInit_FUN_005b1760,005b1760,core/sound.cpp,9,0,,9
core_sound.cpp_filterSoundFilesByPattern_FUN_005b17d0,005b17d0,core/sound.cpp,42,3,unaffected_reg,77
core_game.cpp_CGame_process_FUN_004e3190,004e3190,core/game.cpp,120,5,stack_param|unaffected_reg,180
core_game.cpp_CGame_showChapterSelect_FUN_004e1cb0,004e1cb0,core/game.cpp,508,201,stack_param|sub_artifact|badspacebase|pointer_cast|register_param|stack_ref,2548
core_game.cpp_CGame_restoreDefaultControls_FUN_004dbbc0,004dbbc0,core/game.cpp,67,57,stack_param,642
core_game.cpp_FUN_004e3110,004e3110,core/game.cpp,14,2,stack_param,39
core_game.cpp_CGame_processCheatCodes_FUN_004ddaf0,004ddaf0,core/game.cpp,2055,17,undefined_type|sub_artifact|concat_artifact|unknown_field|badspacebase|register_param|stack_ref,2260
core_game.cpp_CGame_copyPixx_FUN_004e4460,004e4460,core/game.cpp,5,0,,5
core_game.cpp_FUN_004d8890,004d8890,core/game.cpp,13,2,stack_param,38
core_game.cpp_CGame_FUN_004dda80,004dda80,core/game.cpp,22,10,stack_param,127
core_game.cpp_CGame_saveClockTime_FUN_004d7d80,004d7d80,core/game.cpp,7,0,,7
core_game.cpp_FUN_004e2f10,004e2f10,core/game.cpp,24,0,,24
core_game.cpp_CGame_loadSaveGame_FUN_004e12b0,004e12b0,core/game.cpp,383,55,stack_param|badspacebase|register_param|stack_ref,953
core_game.cpp_CGame_beginFadeOut_FUN_004e0960,004e0960,core/game.cpp,54,4,stack_param|badspacebase|register_param,109
core_game.cpp_CGame_FUN_004e07a0,004e07a0,core/game.cpp,8,0,,8
core_game.cpp_FUN_004e0aa0,004e0aa0,core/game.cpp,43,2,extra_output,68
core_game.cpp_KeypressesAndCGame_FUN_004dc3e0,004dc3e0,core/game.cpp,259,2,stack_param,284
core_game.cpp_FUN_004e09a0,004e09a0,core/game.cpp,50,4,stack_param|badspacebase|register_param,105
core_game.cpp_FUN_004d8910,004d8910,core/game.cpp,19,5,stack_param|badspacebase|register_param|stack_ref,89
core_game.cpp_CGame_openSomething_FUN_004e2910,004e2910,core/game.cpp,205,46,undefined_type|stack_param|concat_artifact|badspacebase|pointer_cast|register_param|stack_ref,700
core_game.cpp_CGame_showCustomizableKeys_FUN_004d89d0,004d89d0,core/game.cpp,414,6,badspacebase|register_param|stack_ref,489
core_game.cpp_CGame_resetKeyState_FUN_004dbe60,004dbe60,core/game.cpp,93,25,stack_param|unaffected_reg,353
core_game.cpp_CGame_saveGame_FUN_004e0cd0,004e0cd0,core/game.cpp,194,53,undefined_type|stack_param|concat_artifact|badspacebase|pointer_cast|register_param|stack_ref,759
core_game.cpp_CGame_FUN_004d8730,004d8730,core/game.cpp,8,4,stack_param,53
core_game.cpp_CGame_rollCredits_FUN_004e4010,004e4010,core/game.cpp,168,42,stack_param|unaffected_reg|extra_output|sborrow_artifact|badspacebase|register_param|stack_ref,623
core_game.cpp_FUN_004dc2d0,004dc2d0,core/game.cpp,29,23,stack_param,264
core_game.cpp_CallToJoystickStuff_FUN_004dc230,004dc230,core/game.cpp,9,0,,9
core_game.cpp_CGame_playerControls_FUN_004dbd80,004dbd80,core/game.cpp,51,2,unaffected_reg,76
core_game.cpp_CGame_displayActStats_FUN_004e3800,004e3800,core/game.cpp,215,24,stack_param|extra_output|badspacebase|register_param|stack_ref,480
core_game.cpp_CGame_runGameSession_FUN_004daf80,004daf80,core/game.cpp,406,83,stack_param|badspacebase|register_param|stack_ref,1256
core_game.cpp_FUN_004dd9d0,004dd9d0,core/game.cpp,44,9,stack_param,139
core_game.cpp_CGame_slamDT_FUN_004e3080,004e3080,core/game.cpp,15,2,stack_param,40
core_game.cpp_CGame_beginFadeIn_FUN_004e0920,004e0920,core/game.cpp,9,0,,9
core_game.cpp_CGame_ctor_FUN_004d7b40,004d7b40,core/game.cpp,68,0,,68
core_game.cpp_adjustFudgePosition_FUN_004d8750,004d8750,core/game.cpp,56,12,stack_param,181
core_game.cpp_FUN_004dc270,004dc270,core/game.cpp,10,6,stack_param,75
core_game.cpp_CGame_dtor_FUN_004d7d70,004d7d70,core/game.cpp,4,0,,4
core_game.cpp_CGame_copyPixx_FUN_004e4450,004e4450,core/game.cpp,5,0,,5
core_game.cpp_CGame_finishAct_FUN_004e3b90,004e3b90,core/game.cpp,238,29,stack_param|badspacebase|register_param|stack_ref,548
core_game.cpp_CGame_FUN_004e0bb0,004e0bb0,core/game.cpp,6,0,,6
core_game.cpp_FUN_004dd930,004dd930,core/game.cpp,22,2,stack_param,47
core_game.cpp_CGame_setScreenResolutionAndDisplayFangs_FUN_004daed0,004daed0,core/game.cpp,21,7,stack_param|badspacebase|register_param|stack_ref,111
core_game.cpp_SaveRelated_FUN_004dcee0,004dcee0,core/game.cpp,253,13,stack_param|badspacebase|pointer_cast|register_param|stack_ref,408
core_game.cpp_PleaseEnterValidInteger_FUN_004d7730,004d7730,core/game.cpp,37,6,undefined_type|concat_artifact,107
core_game.cpp_CGame_FUN_004e0bf0,004e0bf0,core/game.cpp,46,15,stack_param,201
core_game.cpp_FUN_004e30f0,004e30f0,core/game.cpp,8,0,,8
core_game.cpp_CGame_processFrame_FUN_004da100,004da100,core/game.cpp,369,21,stack_param|sub_artifact|unknown_field|badspacebase|pointer_cast|register_param|stack_ref,614
core_game.cpp_FUN_004dd7f0,004dd7f0,core/game.cpp,32,5,stack_param,87
core_game.cpp_FUN_004e1c30,004e1c30,core/game.cpp,27,10,stack_param,132
core_game.cpp_CGame_updateDeltaTime_FUN_004d7d90,004d7d90,core/game.cpp,29,0,,29
core_game.cpp_SettingCursorPos_FUN_004dccc0,004dccc0,core/game.cpp,49,0,,49
core_game.cpp_CGame_FUN_004e0bd0,004e0bd0,core/game.cpp,6,0,,6
core_game.cpp_CGame_fadeIn_FUN_004e0b90,004e0b90,core/game.cpp,8,0,,8
core_game.cpp_CGame_displayBitmap_FUN_004e2890,004e2890,core/game.cpp,30,16,stack_param,195
core_game.cpp_FUN_004dc2a0,004dc2a0,core/game.cpp,11,7,stack_param,86
core_game.cpp_FUN_004e09c0,004e09c0,core/game.cpp,32,3,stack_param,67
core_game.cpp_staticInit_FUN_004d76d0,004d76d0,core/game.cpp,10,0,,10
core_game.cpp_CGame_FUN_004d85a0,004d85a0,core/game.cpp,50,5,unaffected_reg,105
core_game.cpp_CGame_drawScreenBorder_FUN_004d7e50,004d7e50,core/game.cpp,13,0,,13
core_game.cpp_FUN_004dc370,004dc370,core/game.cpp,22,17,stack_param,197
core_game.cpp_CGame_FUN_004e36f0,004e36f0,core/game.cpp,62,4,badspacebase|pointer_cast|register_param,117
core_game.cpp_CGame_resetInputAndCenterCursor_FUN_004dce70,004dce70,core/game.cpp,14,0,,14
core_game.cpp_CGame_FUN_004d7f80,004d7f80,core/game.cpp,6,0,,6
core_game.cpp_CGame_displayMessage_FUN_004d7f20,004d7f20,core/game.cpp,28,0,,28
core_game.cpp_giveHeroWeapon_FUN_004dd870,004dd870,core/game.cpp,25,0,,25
core_game.cpp_CGame_setGameRes_FUN_004dade0,004dade0,core/game.cpp,29,0,,29
core_game.cpp_FUN_004e2fc0,004e2fc0,core/game.cpp,37,5,badspacebase|register_param|stack_ref,102
core_game.cpp_FUN_004d7fa0,004d7fa0,core/game.cpp,30,19,stack_param,225
core_game.cpp_CGame_renderOverlay_FUN_004d8040,004d8040,core/game.cpp,150,3,badspacebase|register_param|stack_ref,195
core_game.cpp_FUN_004d7810,004d7810,core/game.cpp,98,5,badspacebase|pointer_cast|register_param|stack_ref,168
core_game.cpp_CGame_copyPixx_FUN_004e4440,004e4440,core/game.cpp,5,0,,5
core_cloth.cpp_FUN_0043bf40,0043bf40,core/cloth.cpp,9,5,stack_param,64
core_cloth.cpp_FUN_0043a2b0,0043a2b0,core/cloth.cpp,78,18,stack_param|badspacebase|register_param|stack_ref,278
core_cloth.cpp_CCloth_allocMemory_FUN_00438c50,00438c50,core/cloth.cpp,15,0,,15
core_cloth.cpp_FUN_0043e2f0,0043e2f0,core/cloth.cpp,9,11,stack_param,124
core_cloth.cpp_FUN_0043bf80,0043bf80,core/cloth.cpp,7,2,stack_param,32
core_cloth.cpp_FUN_0043e2a0,0043e2a0,core/cloth.cpp,5,2,stack_param,30
core_cloth.cpp_FUN_0043c070,0043c070,core/cloth.cpp,26,7,stack_param,101
core_cloth.cpp_CCloth_grabCloth_FUN_0043e0d0,0043e0d0,core/cloth.cpp,30,5,stack_param,85
core_cloth.cpp_FUN_0043c820,0043c820,core/cloth.cpp,15,6,stack_param|badspacebase|register_param,90
core_cloth.cpp_OrientBoneCheck_FUN_0043a110,0043a110,core/cloth.cpp,86,16,stack_param|suspect_float|badspacebase|register_param,266
core_cloth.cpp_FUN_0043c3a0,0043c3a0,core/cloth.cpp,13,3,stack_param,48
core_cloth.cpp_FUN_0043e4c0,0043e4c0,core/cloth.cpp,16,13,stack_param|unaffected_reg|badspacebase|pointer_cast|register_param,171
core_cloth.cpp_freeClothVertices_FUN_0043e480,0043e480,core/cloth.cpp,6,0,,6
core_cloth.cpp_FUN_0043ab80,0043ab80,core/cloth.cpp,7,0,,7
core_cloth.cpp_FUN_0043c2d0,0043c2d0,core/cloth.cpp,15,3,stack_param,50
core_cloth.cpp_FUN_0043b7e0,0043b7e0,core/cloth.cpp,81,10,undefined_type|concat_artifact|unaffected_reg|badspacebase|pointer_cast|register_param|stack_ref,216
core_cloth.cpp_FUN_0043c6e0,0043c6e0,core/cloth.cpp,42,4,stack_param,87
core_cloth.cpp_FUN_0043a420,0043a420,core/cloth.cpp,212,64,stack_param|suspect_float|badspacebase|register_param,872
core_cloth.cpp_CallToUnknownSomethingFreeMem_FUN_00438c00,00438c00,core/cloth.cpp,11,4,stack_param|extra_output,61
core_cloth.cpp_staticInit_FUN_00438b80,00438b80,core/cloth.cpp,6,0,,6
core_cloth.cpp_FUN_00439710,00439710,core/cloth.cpp,344,13,unaffected_reg|badspacebase|pointer_cast|register_param,494
core_cloth.cpp_FUN_0043c3e0,0043c3e0,core/cloth.cpp,29,10,stack_param,134
core_cloth.cpp_FUN_0043b790,0043b790,core/cloth.cpp,14,3,stack_param,49
core_cloth.cpp_ConnectingVerticesCheck_FUN_004394e0,004394e0,core/cloth.cpp,96,9,stack_param,191
core_cloth.cpp_FUN_0043e0a0,0043e0a0,core/cloth.cpp,11,7,stack_param,86
core_cloth.cpp_LockVerticesMaybe_FUN_0043d590,0043d590,core/cloth.cpp,287,84,undefined_type|stack_param|concat_artifact|unaffected_reg|badspacebase|pointer_cast|register_param|stack_ref,1167
core_cloth.cpp_CClothList_load_FUN_0043bfa0,0043bfa0,core/cloth.cpp,37,0,,37
core_cloth.cpp_FUN_0043e350,0043e350,core/cloth.cpp,7,7,stack_param,82
core_cloth.cpp_FUN_0043c6b0,0043c6b0,core/cloth.cpp,11,8,stack_param,96
core_cloth.cpp_FUN_0043e3d0,0043e3d0,core/cloth.cpp,10,12,stack_param,135
core_cloth.cpp_freeClothBones_FUN_0043e4a0,0043e4a0,core/cloth.cpp,5,0,,5
core_cloth.cpp_SClothBone_ctor_FUN_0043e400,0043e400,core/cloth.cpp,4,0,,4
core_cloth.cpp_FUN_0043c290,0043c290,core/cloth.cpp,15,3,stack_param,50
core_cloth.cpp_ParseClothFile_FUN_00439260,00439260,core/cloth.cpp,60,5,concat_artifact|unaffected_reg,120
core_cloth.cpp_SClothVertex_ctor_FUN_0043e420,0043e420,core/cloth.cpp,7,1,pointer_cast,22
core_cloth.cpp_FUN_0043abb0,0043abb0,core/cloth.cpp,393,198,stack_param|unknown_field|badspacebase|pointer_cast|register_param|stack_ref,2403
core_cloth.cpp_BoneAndClothEditor_FUN_0043c880,0043c880,core/cloth.cpp,419,166,undefined_type|stack_param|concat_artifact|suspect_float|badspacebase|pointer_cast|register_param|stack_ref,2119
core_cloth.cpp_CClothList_remove_FUN_0043c170,0043c170,core/cloth.cpp,53,20,stack_param|pointer_cast,263
core_cloth.cpp_FUN_0043ddf0,0043ddf0,core/cloth.cpp,117,24,undefined_type|stack_param|sub_artifact|concat_artifact|badspacebase|register_param|stack_ref,392
core_cloth.cpp_SClothBone_dtor_FUN_0043e410,0043e410,core/cloth.cpp,4,0,,4
core_cloth.cpp_MultipleCallSaveJoinedLight_FUN_0043c320,0043c320,core/cloth.cpp,26,8,stack_param,111
core_cloth.cpp_CCloth_load_FUN_00438cf0,00438cf0,core/cloth.cpp,131,24,stack_param|unaffected_reg|badspacebase|register_param|stack_ref,396
core_cloth.cpp_FUN_0043e320,0043e320,core/cloth.cpp,7,8,stack_param,92
core_cloth.cpp_FUN_0043e170,0043e170,core/cloth.cpp,9,7,stack_param,84
core_cloth.cpp_freeVectors_FUN_0043e460,0043e460,core/cloth.cpp,6,0,,6
core_cloth.cpp_FUN_0043c430,0043c430,core/cloth.cpp,97,45,stack_param|badspacebase|register_param|stack_ref,567
core_cloth.cpp_SClothVertex_dtor_FUN_0043e440,0043e440,core/cloth.cpp,6,0,,6
core_cloth.cpp_FUN_0043e380,0043e380,core/cloth.cpp,13,13,stack_param,148
core_cloth.cpp_FUN_0043bae0,0043bae0,core/cloth.cpp,146,33,unaffected_reg|pointer_cast,486
core_cloth.cpp_FUN_00438ba0,00438ba0,core/cloth.cpp,15,6,stack_param|pointer_cast,85
core_cloth.cpp_CClothList_add_FUN_0043c0f0,0043c0f0,core/cloth.cpp,24,5,stack_param,79
core_cloth.cpp_UnknownSomethingAndFreeMem_FUN_00438cb0,00438cb0,core/cloth.cpp,13,4,stack_param,58
core_cloth.cpp_CCloth_saveJoinedLight_FUN_0043b9f0,0043b9f0,core/cloth.cpp,40,3,stack_param,75
core_cloth.cpp_FUN_0043dcc0,0043dcc0,core/cloth.cpp,71,34,stack_param,416
core_cloth.cpp_FUN_0043e2c0,0043e2c0,core/cloth.cpp,7,8,stack_param,92
core_cloth.cpp_FUN_0043e1a0,0043e1a0,core/cloth.cpp,51,28,stack_param|unknown_field|badspacebase|register_param|stack_ref,356
core_dfilter.cpp_CDemonFilter_freeMemory_FUN_004702c0,004702c0,core/dfilter.cpp,9,0,,9
core_dfilter.cpp_freeFilters_FUN_00470980,00470980,core/dfilter.cpp,5,0,,5
core_dfilter.cpp_CFilterCache_getFilter_FUN_00470060,00470060,core/dfilter.cpp,56,4,stack_param,101
core_dfilter.cpp_CFilterCache_ctor_FUN_0046ffd0,0046ffd0,core/dfilter.cpp,5,0,,5
core_dfilter.cpp_CDemonFilter_load_FUN_004702f0,004702f0,core/dfilter.cpp,66,2,extra_output,91
core_dfilter.cpp_CFilterFX_openMovie_FUN_00470730,00470730,core/dfilter.cpp,42,6,badspacebase|register_param|stack_ref,117
core_dfilter.cpp_CDemonFilter_allocMemory_FUN_00470260,00470260,core/dfilter.cpp,15,0,,15
core_dfilter.cpp_CDemonFilter_init_FUN_004705a0,004705a0,core/dfilter.cpp,50,4,extra_output|pointer_cast,100
core_dfilter.cpp_CFilterFX_dtor_FUN_004706e0,004706e0,core/dfilter.cpp,5,0,,5
core_dfilter.cpp_CFilterCache_dtor_FUN_0046ffe0,0046ffe0,core/dfilter.cpp,5,0,,5
core_dfilter.cpp_staticInit_FUN_0046ff50,0046ff50,core/dfilter.cpp,14,0,,14
core_dfilter.cpp_CFilterFX_ctor_FUN_004706c0,004706c0,core/dfilter.cpp,7,0,,7
core_dfilter.cpp_CFilterCache_free_FUN_00470000,00470000,core/dfilter.cpp,22,0,,22
core_dfilter.cpp_CFilterCache_findFilter_FUN_004701a0,004701a0,core/dfilter.cpp,20,0,,20
core_dfilter.cpp_CFilterFX_free_FUN_00470700,00470700,core/dfilter.cpp,9,0,,9
core_dfilter.cpp_CDemonFilter_save_FUN_00470510,00470510,core/dfilter.cpp,16,0,,16
core_dfilter.cpp_CDemonFilter_ctor_FUN_004701f0,004701f0,core/dfilter.cpp,23,0,,23
core_dfilter.cpp_CFilterFX_process_FUN_004708e0,004708e0,core/dfilter.cpp,35,7,extra_output|pointer_cast,115
core_dfilter.cpp_CDemonFilter_dtor_FUN_00470240,00470240,core/dfilter.cpp,5,0,,5
core_spline.cpp_FUN_005b90a0,005b90a0,core/spline.cpp,40,21,stack_param,255
core_spline.cpp_FUN_005b93f0,005b93f0,core/spline.cpp,12,13,stack_param,147
core_spline.cpp_FUN_005b9490,005b9490,core/spline.cpp,55,26,stack_param,320
core_spline.cpp_FUN_005b9230,005b9230,core/spline.cpp,11,13,stack_param,146
core_spline.cpp_FUN_005b9430,005b9430,core/spline.cpp,12,13,stack_param,147
core_spline.cpp_FUN_005b9270,005b9270,core/spline.cpp,12,13,stack_param,147
core_spline.cpp_FUN_005b92d0,005b92d0,core/spline.cpp,53,28,stack_param,338
core_water.cpp_CWater_process_FUN_005e9ed0,005e9ed0,core/water.cpp,4,0,,4
core_water.cpp_CWater_dtor_FUN_005e9e30,005e9e30,core/water.cpp,4,0,,4
core_water.cpp_CWater_render_FUN_005ea320,005ea320,core/water.cpp,140,13,stack_param|badspacebase|pointer_cast|register_param|stack_ref,295
core_water.cpp_staticInit_FUN_005e9da0,005e9da0,core/water.cpp,6,0,,6
core_water.cpp_CWater_calculateVisibleTiles_FUN_005e9e70,005e9e70,core/water.cpp,147,15,unknown_field|suspect_float|extra_output|sborrow_artifact|badspacebase|register_param|stack_ref,332
core_water.cpp_CWater_ctor_FUN_005e9e10,005e9e10,core/water.cpp,7,0,,7
core_water.cpp_calculateWaveHeight_FUN_005e9dc0,005e9dc0,core/water.cpp,7,0,,7
core_water.cpp_CWater_captureTextures_FUN_005e9e40,005e9e40,core/water.cpp,10,0,,10
core_trigger.cpp_FUN_005e0aa0,005e0aa0,core/trigger.cpp,10,3,stack_param,45
core_trigger.cpp_CTrigger_ctor_FUN_005df840,005df840,core/trigger.cpp,112,0,,112
core_trigger.cpp_CTrigger_FUN_005e0980,005e0980,core/trigger.cpp,21,4,stack_param|badspacebase|register_param,76
core_trigger.cpp_CTrigger_FUN_005e0a50,005e0a50,core/trigger.cpp,17,7,stack_param,92
core_trigger.cpp_FUN_005e0ac0,005e0ac0,core/trigger.cpp,17,7,stack_param,92
core_trigger.cpp_CTrigger_process_FUN_005dfac0,005dfac0,core/trigger.cpp,242,5,stack_param|badspacebase|pointer_cast|register_param,312
core_trigger.cpp_CTrigger_serialize_FUN_005e0690,005e0690,core/trigger.cpp,86,0,,86
core_trigger.cpp_CTrigger_getActorType_FUN_005df830,005df830,core/trigger.cpp,4,0,,4
core_trigger.cpp_SomethingReceivedDamage_FUN_005e0b00,005e0b00,core/trigger.cpp,20,2,unaffected_reg,45
core_trigger.cpp_CTrigger_FUN_005e00d0,005e00d0,core/trigger.cpp,215,31,stack_param|suspect_float|unknown_field|extra_output|badspacebase|pointer_cast|register_param|stack_ref,565
core_trigger.cpp_FUN_005df800,005df800,core/trigger.cpp,11,0,,11
core_trigger.cpp_CTrigger_containsActor_FUN_005e0cd0,005e0cd0,core/trigger.cpp,83,21,unaffected_reg|unknown_field|badspacebase|register_param|stack_ref,318
core_trigger.cpp_CTrigger_FUN_005e0f70,005e0f70,core/trigger.cpp,49,18,stack_param,234
core_trigger.cpp_CTrigger_FUN_005e1180,005e1180,core/trigger.cpp,79,14,stack_param,224
core_trigger.cpp_CTrigger_FUN_005e0930,005e0930,core/trigger.cpp,14,4,stack_param,59
core_trigger.cpp_CTrigger_FUN_005e0c30,005e0c30,core/trigger.cpp,22,7,stack_param|badspacebase|register_param,107
core_trigger.cpp_CTrigger_FUN_005e0630,005e0630,core/trigger.cpp,15,7,stack_param,90
core_trigger.cpp_staticInit_FUN_005df7d0,005df7d0,core/trigger.cpp,8,0,,8
core_trigger.cpp_CTrigger_dtor_FUN_005e1660,005e1660,core/trigger.cpp,16,0,,16
core_trigger.cpp_CTrigger_processActionButton_FUN_005e0a20,005e0a20,core/trigger.cpp,11,0,,11
core_trigger.cpp_FUN_005e0ba0,005e0ba0,core/trigger.cpp,20,5,stack_param|extra_output,80
core_trigger.cpp_CTrigger_FUN_005e1350,005e1350,core/trigger.cpp,63,61,stack_param,678
core_trigger.cpp_CTrigger_FUN_005df990,005df990,core/trigger.cpp,46,0,,46
core_enemy.cpp_CEnemy_FUN_004aa250,004aa250,core/enemy.cpp,4,0,,4
core_enemy.cpp_CEnemy_FUN_004a9fd0,004a9fd0,core/enemy.cpp,14,0,,14
core_enemy.cpp_FUN_004a9880,004a9880,core/enemy.cpp,15,6,stack_param,80
core_enemy.cpp_CEnemy_dtor_FUN_004125c0,004125c0,core/enemy.cpp,30,1,negative_offset,45
core_enemy.cpp_FUN_004a9f10,004a9f10,core/enemy.cpp,37,6,unaffected_reg,102
core_enemy.cpp_CEnemy_FUN_004aa170,004aa170,core/enemy.cpp,21,12,stack_param|extra_output,151
core_enemy.cpp_CEnemy_FUN_004a9fa0,004a9fa0,core/enemy.cpp,14,2,stack_param,39
core_enemy.cpp_FUN_004aa0f0,004aa0f0,core/enemy.cpp,32,4,stack_param|unaffected_reg,82
core_enemy.cpp_CEnemy_FUN_004a99d0,004a99d0,core/enemy.cpp,20,10,stack_param|unaffected_reg|badspacebase|register_param,140
core_enemy.cpp_CEnemy_FUN_004a9b00,004a9b00,core/enemy.cpp,161,8,stack_param|badspacebase|pointer_cast|register_param,261
core_enemy.cpp_CEnemy_FUN_004aa0c0,004aa0c0,core/enemy.cpp,11,3,stack_param,46
core_enemy.cpp_staticInit_FUN_004a94d0,004a94d0,core/enemy.cpp,8,0,,8
core_enemy.cpp_FUN_004a9930,004a9930,core/enemy.cpp,15,6,stack_param,80
core_enemy.cpp_CEnemy_FUN_004aa030,004aa030,core/enemy.cpp,21,0,,21
core_enemy.cpp_CEnemy_FUN_004a97c0,004a97c0,core/enemy.cpp,27,7,stack_param|badspacebase|register_param,112
core_enemy.cpp_CEnemy_ctor_FUN_004a9500,004a9500,core/enemy.cpp,68,2,pointer_cast,93
core_enemy.cpp_FUN_004a9a50,004a9a50,core/enemy.cpp,31,15,stack_param|suspect_float|badspacebase|register_param|stack_ref,206
core_enemy.cpp_CEnemy_FUN_004a9650,004a9650,core/enemy.cpp,5,0,,5
core_enemy.cpp_FUN_004a9ef0,004a9ef0,core/enemy.cpp,10,5,stack_param,65
core_enemy.cpp_CEnemy_serialize_FUN_004a9660,004a9660,core/enemy.cpp,44,0,,44
core_hostage.cpp_CHostage_FUN_004f6550,004f6550,core/hostage.cpp,161,28,stack_param|unaffected_reg|unknown_field|badspacebase|register_param|stack_ref,471
core_hostage.cpp_CHostage_load_FUN_004f6170,004f6170,core/hostage.cpp,86,22,stack_param,311
core_hostage.cpp_CHostage_FUN_004f6390,004f6390,core/hostage.cpp,13,0,,13
core_hostage.cpp_RelatedToRescuedTownsfolk_FUN_004f4bd0,004f4bd0,core/hostage.cpp,747,365,stack_param|concat_artifact|unknown_field|suspect_float|badspacebase|register_param|stack_ref,4432
core_hostage.cpp_CHostage_FUN_004f63e0,004f63e0,core/hostage.cpp,19,7,stack_param,94
core_hostage.cpp_FUN_004f5ff0,004f5ff0,core/hostage.cpp,37,26,stack_param|badspacebase|register_param|stack_ref,317
core_hostage.cpp_FUN_004f4800,004f4800,core/hostage.cpp,11,0,,11
core_hostage.cpp_FUN_004f6b60,004f6b60,core/hostage.cpp,33,2,negative_offset,58
core_hostage.cpp_staticInit_FUN_004f47d0,004f47d0,core/hostage.cpp,8,0,,8
core_hostage.cpp_FUN_004f4840,004f4840,core/hostage.cpp,68,0,,68
core_hostage.cpp_FUN_004f6b30,004f6b30,core/hostage.cpp,10,4,stack_param,55
core_hostage.cpp_CHostage_FUN_004f63d0,004f63d0,core/hostage.cpp,4,0,,4
core_hostage.cpp_FUN_004f69c0,004f69c0,core/hostage.cpp,24,18,stack_param,209
core_hostage.cpp_FUN_004f4830,004f4830,core/hostage.cpp,5,0,,5
core_hostage.cpp_RelatedToScatDazzle_FUN_004f6120,004f6120,core/hostage.cpp,24,4,stack_param|unaffected_reg,74
core_hostage.cpp_NPCSFromZombieTown_FUN_004f4970,004f4970,core/hostage.cpp,71,30,stack_param|suspect_float,381
core_hostage.cpp_FUN_004f4b40,004f4b40,core/hostage.cpp,19,5,stack_param,74
core_hostage.cpp_CHostage_FUN_004f6450,004f6450,core/hostage.cpp,52,4,stack_param,97
core_trap.cpp_CTrap_FUN_005dea90,005dea90,core/trap.cpp,7,2,stack_param,32
core_trap.cpp_CTrap_FUN_005de720,005de720,core/trap.cpp,4,0,,4
core_trap.cpp_CTrap_FUN_005de760,005de760,core/trap.cpp,4,0,,4
core_trap.cpp_CTrap_FUN_005dea00,005dea00,core/trap.cpp,16,8,stack_param,101
core_trap.cpp_CTrap_FUN_005de740,005de740,core/trap.cpp,6,2,stack_param,31
core_trap.cpp_CTrap_serialize_FUN_005de9c0,005de9c0,core/trap.cpp,9,0,,9
core_trap.cpp_CTrap_FUN_005de6e0,005de6e0,core/trap.cpp,11,0,,11
core_trap.cpp_CTrap_FUN_005de920,005de920,core/trap.cpp,28,4,suspect_float|badspacebase|register_param|stack_ref,88
core_trap.cpp_CTrap_FUN_005de750,005de750,core/trap.cpp,8,0,,8
core_trap.cpp_CTrap_dtor_FUN_005deab0,005deab0,core/trap.cpp,16,0,,16
core_trap.cpp_CTrap_getActorType_FUN_005de680,005de680,core/trap.cpp,4,0,,4
core_trap.cpp_staticInit_FUN_005de620,005de620,core/trap.cpp,8,0,,8
core_trap.cpp_CTrap_ctor_FUN_005de690,005de690,core/trap.cpp,13,2,negative_offset,38
core_trap.cpp_CTrap_FUN_005dea50,005dea50,core/trap.cpp,8,4,stack_param,53
core_trap.cpp_CTrap_FUN_005de710,005de710,core/trap.cpp,15,2,stack_param,40
core_trap.cpp_CTrap_process_FUN_005de770,005de770,core/trap.cpp,67,16,stack_param|unaffected_reg|unknown_field|badspacebase|register_param|stack_ref,257
core_trap.cpp_FUN_005de650,005de650,core/trap.cpp,10,0,,10
core_filmreel.cpp_FUN_004bed00,004bed00,core/filmreel.cpp,32,18,stack_param|suspect_float|badspacebase|register_param|stack_ref,237
core_filmreel.cpp_FUN_004be9b0,004be9b0,core/filmreel.cpp,19,8,stack_param,104
core_filmreel.cpp_FUN_004bea00,004bea00,core/filmreel.cpp,11,0,,11
core_filmreel.cpp_FUN_004be880,004be880,core/filmreel.cpp,5,0,,5
core_filmreel.cpp_FUN_004be810,004be810,core/filmreel.cpp,19,5,stack_param,74
core_filmreel.cpp_FUN_004be6a0,004be6a0,core/filmreel.cpp,5,0,,5
core_filmreel.cpp_FUN_004be8f0,004be8f0,core/filmreel.cpp,6,2,stack_param,31
core_filmreel.cpp_FUN_004be7e0,004be7e0,core/filmreel.cpp,6,2,stack_param,31
core_filmreel.cpp_FUN_004be7f0,004be7f0,core/filmreel.cpp,5,2,stack_param,30
core_filmreel.cpp_process_FUN_004be800,004be800,core/filmreel.cpp,5,0,,5
core_filmreel.cpp_staticInit_FUN_004be620,004be620,core/filmreel.cpp,12,0,,12
core_filmreel.cpp_serialize_FUN_004bede0,004bede0,core/filmreel.cpp,14,3,stack_param,49
core_filmreel.cpp_FUN_004be8a0,004be8a0,core/filmreel.cpp,14,4,stack_param,59
core_filmreel.cpp_FUN_004becd0,004becd0,core/filmreel.cpp,13,7,stack_param,88
core_filmreel.cpp_CFilmProjector_load_FUN_004beb40,004beb40,core/filmreel.cpp,54,25,stack_param,309
core_filmreel.cpp_dtor_FUN_004bee80,004bee80,core/filmreel.cpp,16,0,,16
core_filmreel.cpp_FUN_004beb00,004beb00,core/filmreel.cpp,12,5,stack_param,67
core_filmreel.cpp_FUN_004be960,004be960,core/filmreel.cpp,11,6,stack_param,76
core_filmreel.cpp_CFilmReel_FUN_004bee30,004bee30,core/filmreel.cpp,10,3,stack_param,45
core_filmreel.cpp_FUN_004be7d0,004be7d0,core/filmreel.cpp,7,4,stack_param,52
core_filmreel.cpp_ctor_FUN_004bea40,004bea40,core/filmreel.cpp,42,5,negative_offset|pointer_cast,102
core_filmreel.cpp_FUN_004be910,004be910,core/filmreel.cpp,19,10,stack_param,124
core_filmreel.cpp_ctor_FUN_004be6b0,004be6b0,core/filmreel.cpp,28,5,negative_offset|pointer_cast,88
core_filmreel.cpp_NewClass_FUN_004bea30,004bea30,core/filmreel.cpp,5,0,,5
core_filmreel.cpp_FUN_004be7b0,004be7b0,core/filmreel.cpp,10,2,stack_param,35
core_filmreel.cpp_FUN_004be720,004be720,core/filmreel.cpp,23,12,stack_param|badspacebase|register_param,158
core_filmreel.cpp_FUN_004be670,004be670,core/filmreel.cpp,11,0,,11
core_filmreel.cpp_dtor_FUN_004beed0,004beed0,core/filmreel.cpp,17,0,,17
core_mimic.cpp_FUN_0051f2c0,0051f2c0,core/mimic.cpp,44,3,negative_offset|unaffected_reg,84
core_mimic.cpp_CMimic_setup_FUN_0051f3e0,0051f3e0,core/mimic.cpp,149,29,stack_param|badspacebase|register_param|stack_ref,459
core_mimic.cpp_FUN_00520a00,00520a00,core/mimic.cpp,26,13,stack_param,161
core_mimic.cpp_CMimic_beginMorph_FUN_00520a80,00520a80,core/mimic.cpp,39,23,stack_param,274
core_mimic.cpp_FUN_0051f1c0,0051f1c0,core/mimic.cpp,5,0,,5
core_mimic.cpp_FUN_00520500,00520500,core/mimic.cpp,44,8,stack_param|pointer_cast,134
core_mimic.cpp_FUN_00520890,00520890,core/mimic.cpp,11,3,stack_param,46
core_mimic.cpp_FUN_005208b0,005208b0,core/mimic.cpp,28,13,stack_param|suspect_float|badspacebase|register_param,178
core_mimic.cpp_FUN_0051f930,0051f930,core/mimic.cpp,191,61,stack_param|unaffected_reg|badspacebase|pointer_cast|register_param|stack_ref,831
core_mimic.cpp_FUN_005208a0,005208a0,core/mimic.cpp,4,0,,4
core_mimic.cpp_CMimic_renderOpaque_FUN_00520870,00520870,core/mimic.cpp,9,0,,9
core_mimic.cpp_FUN_0051f130,0051f130,core/mimic.cpp,10,0,,10
core_mimic.cpp_staticInit_FUN_0051f100,0051f100,core/mimic.cpp,8,0,,8
core_mimic.cpp_FUN_0051f190,0051f190,core/mimic.cpp,11,0,,11
core_mimic.cpp_FUN_00520da0,00520da0,core/mimic.cpp,15,9,stack_param,110
core_mimic.cpp_FUN_0051fcc0,0051fcc0,core/mimic.cpp,317,97,stack_param|unknown_field|badspacebase|pointer_cast|register_param|stack_ref,1317
core_mimic.cpp_FUN_00520dd0,00520dd0,core/mimic.cpp,10,4,stack_param,55
core_mimic.cpp_CMimic_setup2_FUN_0051f780,0051f780,core/mimic.cpp,76,19,stack_param,271
core_mimic.cpp_FUN_0051f1d0,0051f1d0,core/mimic.cpp,42,0,,42
core_mimic.cpp_FUN_00520d10,00520d10,core/mimic.cpp,14,8,stack_param,99
core_mimic.cpp_CMimic_FUN_005205f0,005205f0,core/mimic.cpp,93,12,stack_param|unknown_field|badspacebase|pointer_cast|register_param|stack_ref,243
core_mimic.cpp_FUN_00520e00,00520e00,core/mimic.cpp,10,10,stack_param,115
core_mimic.cpp_CMimic_processMorph_FUN_00520ba0,00520ba0,core/mimic.cpp,48,15,stack_param,203
core_mimic.cpp_CMimic_load_FUN_00520930,00520930,core/mimic.cpp,38,9,stack_param,133
core_grave.cpp_CGrave_load_FUN_004ee7f0,004ee7f0,core/grave.cpp,42,18,stack_param|suspect_float|badspacebase|register_param|stack_ref,247
core_grave.cpp_FUN_004ee790,004ee790,core/grave.cpp,14,7,stack_param,89
core_grave.cpp_FUN_004ee680,004ee680,core/grave.cpp,26,14,stack_param|suspect_float|badspacebase|register_param|stack_ref,191
core_grave.cpp_FUN_004eeb40,004eeb40,core/grave.cpp,16,0,,16
core_grave.cpp_FUN_004ee510,004ee510,core/grave.cpp,19,2,negative_offset,44
core_grave.cpp_staticInit_FUN_004ee4a0,004ee4a0,core/grave.cpp,8,0,,8
core_grave.cpp_FUN_004eead0,004eead0,core/grave.cpp,16,8,stack_param,101
core_grave.cpp_FUN_004ee710,004ee710,core/grave.cpp,31,17,stack_param|suspect_float|badspacebase|register_param|stack_ref,226
core_grave.cpp_FUN_004ee9d0,004ee9d0,core/grave.cpp,5,0,,5
core_grave.cpp_FUN_004eea70,004eea70,core/grave.cpp,17,5,stack_param,72
core_grave.cpp_FUN_004ee5a0,004ee5a0,core/grave.cpp,10,4,stack_param,55
core_grave.cpp_FUN_004ee5c0,004ee5c0,core/grave.cpp,37,14,stack_param,182
core_grave.cpp_FUN_004ee8f0,004ee8f0,core/grave.cpp,40,22,stack_param,265
core_grave.cpp_FUN_004ee500,004ee500,core/grave.cpp,5,0,,5
core_grave.cpp_FUN_004ee4d0,004ee4d0,core/grave.cpp,11,0,,11
core_grave.cpp_FUN_004ee9e0,004ee9e0,core/grave.cpp,14,9,stack_param,109
core_grave.cpp_FUN_004eeb10,004eeb10,core/grave.cpp,12,7,stack_param,87
core_dstrender.cpp_renderDepthOnlyStandard_FUN_0049072f,0049072f,core/dstrender.cpp,47,1,pointer_cast,62
core_dstrender.cpp_renderPerspectiveTexturedScanline_FUN_004940e9,004940e9,core/dstrender.cpp,53,14,unaffected_reg|pointer_cast,203
core_dstrender.cpp_saveMMXRegisters_FUN_004906b0,004906b0,core/dstrender.cpp,20,0,,20
core_dstrender.cpp_renderDepthInterlacedProfiled_FUN_00490c37,00490c37,core/dstrender.cpp,50,0,,50
core_dstrender.cpp_renderPerspectiveCorrectTextured16xCached_FUN_00490ec0,00490ec0,core/dstrender.cpp,359,39,concat_artifact|pointer_cast,759
core_dstrender.cpp_blendLightmapToTextureMMX_FUN_00493dc4,00493dc4,core/dstrender.cpp,106,25,concat_artifact|pointer_cast,366
core_dstrender.cpp_blendBilerpLightmapToTexture64BitOutput_FUN_004917bc,004917bc,core/dstrender.cpp,120,28,concat_artifact,405
core_dstrender.cpp_blendLightmapToTextureMMX_Variant2_FUN_00492f03,00492f03,core/dstrender.cpp,122,27,concat_artifact,397
core_dstrender.cpp_renderZBufferFill16xUnrolled_FUN_00490902,00490902,core/dstrender.cpp,84,0,,84
core_dstrender.cpp_blendLightmapToTexture64BitOutput_FUN_00492bd5,00492bd5,core/dstrender.cpp,98,24,concat_artifact|pointer_cast,348
core_dstrender.cpp_blendSinglePixelLightmapNoRoundingMMX_FUN_00491f90,00491f90,core/dstrender.cpp,56,18,concat_artifact,241
core_dstrender.cpp_spatialFilter9TapMMX_FUN_004923ff,004923ff,core/dstrender.cpp,123,51,concat_artifact,638
core_dstrender.cpp_renderSolidColorDepth16xUnrolled_FUN_00490a58,00490a58,core/dstrender.cpp,162,1,pointer_cast,177
core_dstrender.cpp_renderScreenDepthTestInterlacedProfiled_FUN_00490cb5,00490cb5,core/dstrender.cpp,50,1,pointer_cast,65
core_dstrender.cpp_blendSinglePixelLightmapMMX_FUN_004937b6,004937b6,core/dstrender.cpp,62,18,concat_artifact,247
core_dstrender.cpp_blendLightmapToTexture32BitInputOutput_FUN_004926e1,004926e1,core/dstrender.cpp,108,31,concat_artifact,423
core_dstrender.cpp_blendLightmapToTexture64BitOutput_FUN_004924a9,004924a9,core/dstrender.cpp,167,42,concat_artifact,592
core_dstrender.cpp_verticalBlur3TapMMXStride320_FUN_00492042,00492042,core/dstrender.cpp,156,99,concat_artifact|unknown_field,1156
core_dstrender.cpp_blendBilerpLightmapToTexture64BitOutput_FUN_00491c9a,00491c9a,core/dstrender.cpp,121,27,concat_artifact,396
core_dstrender.cpp_verticalBlur3TapMMXStride256_FUN_00492185,00492185,core/dstrender.cpp,156,99,concat_artifact|unknown_field,1156
core_dstrender.cpp_memcpyMMX_FUN_00492001,00492001,core/dstrender.cpp,26,2,register_param,51
core_dstrender.cpp_blendTextureWithLightmapMMX_FUN_00493860,00493860,core/dstrender.cpp,119,31,concat_artifact,434
core_dstrender.cpp_renderDepth16BitConditional_FUN_0049077d,0049077d,core/dstrender.cpp,52,1,pointer_cast,67
core_dstrender.cpp_renderDepthOnlyReversed_FUN_004906e9,004906e9,core/dstrender.cpp,46,0,,46
core_dstrender.cpp_blendLightmapToTexture64BitOutput_FUN_004925c5,004925c5,core/dstrender.cpp,167,42,concat_artifact,592
core_dstrender.cpp_renderDepthTestStatistics16xUnrolled_FUN_00490d35,00490d35,core/dstrender.cpp,85,0,,85
core_dstrender.cpp_renderTexturedAlphaMMXScanline_FUN_004907e7,004907e7,core/dstrender.cpp,65,3,pointer_cast,100
core_dstrender.cpp_verticalBlur3TapMMXStride128_FUN_004922c8,004922c8,core/dstrender.cpp,156,99,concat_artifact|unknown_field,1156
core_dstrender.cpp_blendBilerpTextureWithLightmapMMX_FUN_00493450,00493450,core/dstrender.cpp,123,26,concat_artifact,388
core_dstrender.cpp_renderTexturedDecalMMXScanline_FUN_0049169d,0049169d,core/dstrender.cpp,62,3,pointer_cast,97
core_dstrender.cpp_alphaBlendPixelsMMX_FUN_00492e8a,00492e8a,core/dstrender.cpp,60,20,concat_artifact,265
core_bodypart.cpp_CBodyPart_FUN_0041b070,0041b070,core/bodypart.cpp,55,8,stack_param|suspect_float|badspacebase|register_param|stack_ref,160
core_bodypart.cpp_FUN_0041b570,0041b570,core/bodypart.cpp,9,8,stack_param,94
core_bodypart.cpp_FUN_0041b510,0041b510,core/bodypart.cpp,10,12,stack_param,135
core_bodypart.cpp_CBodyPart_setCounts_FUN_004191d0,004191d0,core/bodypart.cpp,45,4,stack_param,90
core_bodypart.cpp_CBodyPart_setup_FUN_00419810,00419810,core/bodypart.cpp,21,0,,21
core_bodypart.cpp_CBodyPart_fillAttackDamageInfo_FUN_0041b210,0041b210,core/bodypart.cpp,12,0,,12
core_bodypart.cpp_CBodyPart_serialize_FUN_00419880,00419880,core/bodypart.cpp,127,0,,127
core_bodypart.cpp_CBodyPart_process_FUN_00419be0,00419be0,core/bodypart.cpp,94,7,stack_param|badspacebase|register_param|stack_ref,184
core_bodypart.cpp_freeBodyPartModels_FUN_0041b690,0041b690,core/bodypart.cpp,6,0,,6
core_bodypart.cpp_staticInit_FUN_00418de0,00418de0,core/bodypart.cpp,8,0,,8
core_bodypart.cpp_CreateBodyPart_FUN_00418e10,00418e10,core/bodypart.cpp,67,26,stack_param,332
core_bodypart.cpp_FUN_0041b590,0041b590,core/bodypart.cpp,9,12,stack_param,134
core_bodypart.cpp_createBodyPart_FUN_00418fd0,00418fd0,core/bodypart.cpp,11,0,,11
core_bodypart.cpp_FUN_0041add0,0041add0,core/bodypart.cpp,29,16,stack_param,194
core_bodypart.cpp_CBodyPart_processInEditor_FUN_0041b260,0041b260,core/bodypart.cpp,7,2,stack_param,32
core_bodypart.cpp_CBodyPart_ctor_FUN_00419010,00419010,core/bodypart.cpp,36,25,negative_offset|suspect_float|pointer_cast,301
core_bodypart.cpp_SBodyPartFire_ctor_FUN_0041b620,0041b620,core/bodypart.cpp,6,1,negative_offset,21
core_bodypart.cpp_CBodyPart_dtor_FUN_00419130,00419130,core/bodypart.cpp,27,1,negative_offset,42
core_bodypart.cpp_CBodyPart_hasCollision_FUN_00419f50,00419f50,core/bodypart.cpp,4,0,,4
core_bodypart.cpp_CBodyPart_canPickup_FUN_00419fa0,00419fa0,core/bodypart.cpp,8,0,,8
core_bodypart.cpp_CBodyPart_onDropped_FUN_00419fd0,00419fd0,core/bodypart.cpp,29,5,stack_param|badspacebase|register_param,94
core_bodypart.cpp_FUN_0041ae50,0041ae50,core/bodypart.cpp,60,23,stack_param|suspect_float|badspacebase|pointer_cast|register_param,315
core_bodypart.cpp_CBodyPart_initializeInEditor_FUN_0041b280,0041b280,core/bodypart.cpp,110,40,stack_param|badspacebase|pointer_cast|register_param|stack_ref,535
core_bodypart.cpp_CBodyPart_getBoundingBox_FUN_00419f60,00419f60,core/bodypart.cpp,11,0,,11
core_bodypart.cpp_CBodyPart_getActorType_FUN_00419000,00419000,core/bodypart.cpp,4,0,,4
core_bodypart.cpp_CBodyPart_getCarrier_FUN_0041a040,0041a040,core/bodypart.cpp,4,0,,4
core_bodypart.cpp_CBodyPart_renderOpaque_FUN_004194b0,004194b0,core/bodypart.cpp,47,3,badspacebase|register_param|stack_ref,92
core_bodypart.cpp_FUN_0041b4e0,0041b4e0,core/bodypart.cpp,10,12,stack_param,135
core_bodypart.cpp_CBodyPart_pickup_FUN_00419fc0,00419fc0,core/bodypart.cpp,6,0,,6
core_bodypart.cpp_SBodyPartModel_dtor_FUN_0041b680,0041b680,core/bodypart.cpp,5,0,,5
core_bodypart.cpp_FUN_0041aa40,0041aa40,core/bodypart.cpp,180,15,stack_param|extra_output|badspacebase|register_param,350
core_bodypart.cpp_SBodyPartModel_ctor_FUN_0041b660,0041b660,core/bodypart.cpp,8,1,negative_offset,23
core_bodypart.cpp_FUN_0041b1b0,0041b1b0,core/bodypart.cpp,10,0,,10
core_bodypart.cpp_FUN_0041b5c0,0041b5c0,core/bodypart.cpp,19,12,stack_param,144
core_bodypart.cpp_FUN_0041b540,0041b540,core/bodypart.cpp,10,12,stack_param,135
core_bodypart.cpp_FUN_0041a050,0041a050,core/bodypart.cpp,213,73,stack_param|extra_output|badspacebase|register_param,963
core_bodypart.cpp_FUN_00419e10,00419e10,core/bodypart.cpp,55,26,stack_param|badspacebase|register_param,330
core_bodypart.cpp_CBodyPart_getAllowedMeleeAttackTypes_FUN_0041b1f0,0041b1f0,core/bodypart.cpp,9,0,,9
core_bodypart.cpp_SBodyPartFire_dtor_FUN_0041b640,0041b640,core/bodypart.cpp,7,1,negative_offset,22
core_bodypart.cpp_CBodyPart_renderBackground_FUN_00419610,00419610,core/bodypart.cpp,46,3,badspacebase|register_param|stack_ref,91
core_bodypart.cpp_FUN_00419340,00419340,core/bodypart.cpp,53,21,stack_param,268
core_bodypart.cpp_freeBodyPartFires_FUN_0041b6b0,0041b6b0,core/bodypart.cpp,6,0,,6
core_bodypart.cpp_CBodyPart_renderTransparent_FUN_00419740,00419740,core/bodypart.cpp,25,0,,25
core_bodypart.cpp_FUN_0041a630,0041a630,core/bodypart.cpp,201,34,stack_param|unknown_field|extra_output|badspacebase|pointer_cast|register_param,571
core_bodypart.cpp_CBodyPart_FUN_0041af90,0041af90,core/bodypart.cpp,40,6,stack_param,105
core_colonel.cpp_FUN_00440650,00440650,core/colonel.cpp,7,2,stack_param,32
core_colonel.cpp_FUN_00440630,00440630,core/colonel.cpp,8,2,stack_param,33
core_colonel.cpp_FUN_00440610,00440610,core/colonel.cpp,8,2,stack_param,33
core_colonel.cpp_FUN_0043f7a0,0043f7a0,core/colonel.cpp,11,0,,11
core_colonel.cpp_CColonel_FUN_004404b0,004404b0,core/colonel.cpp,45,6,stack_param,110
core_colonel.cpp_CColonel_load_FUN_00440490,00440490,core/colonel.cpp,7,2,stack_param,32
core_colonel.cpp_FUN_00440430,00440430,core/colonel.cpp,20,9,stack_param,115
core_colonel.cpp_FUN_0043f850,0043f850,core/colonel.cpp,49,9,stack_param,144
core_colonel.cpp_CColonel_dtor_FUN_00440670,00440670,core/colonel.cpp,22,6,stack_param|unaffected_reg,92
core_colonel.cpp_FUN_004405e0,004405e0,core/colonel.cpp,9,4,stack_param,54
core_colonel.cpp_FUN_0043fa00,0043fa00,core/colonel.cpp,276,107,stack_param|suspect_float|unknown_field|badspacebase|register_param,1371
core_colonel.cpp_FUN_0043ff20,0043ff20,core/colonel.cpp,177,81,stack_param|unaffected_reg|unknown_field|badspacebase|register_param,1012
core_colonel.cpp_CColonel_ctor_FUN_0043f7e0,0043f7e0,core/colonel.cpp,27,0,,27
core_colonel.cpp_FUN_004404a0,004404a0,core/colonel.cpp,7,2,stack_param,32
core_colonel.cpp_staticInit_FUN_0043f770,0043f770,core/colonel.cpp,8,0,,8
core_colonel.cpp_FUN_004405d0,004405d0,core/colonel.cpp,6,2,stack_param,31
core_colonel.cpp_FUN_004405f0,004405f0,core/colonel.cpp,8,2,stack_param,33
core_colonel.cpp_FUN_0043f7d0,0043f7d0,core/colonel.cpp,5,0,,5
core_netgame.cpp_initializeNetworkToHost_FUN_0053f860,0053f860,core/netgame.cpp,22,10,stack_param|badspacebase|register_param|stack_ref,142
core_netgame.cpp_FUN_00543e30,00543e30,core/netgame.cpp,7,5,stack_param,62
core_netgame.cpp_CNetGame_FUN_0053fd00,0053fd00,core/netgame.cpp,181,2,stack_param,206
core_netgame.cpp_FUN_00543b50,00543b50,core/netgame.cpp,7,3,stack_param,42
core_netgame.cpp_CNetGame_dtor_FUN_0053f760,0053f760,core/netgame.cpp,7,0,,7
core_netgame.cpp_SNetPlayer_ctor_FUN_00543ce0,00543ce0,core/netgame.cpp,4,0,,4
core_netgame.cpp_FUN_00543bb0,00543bb0,core/netgame.cpp,78,38,stack_param|badspacebase|register_param,473
core_netgame.cpp_CNetGame_sendGameSetting_FUN_00542dd0,00542dd0,core/netgame.cpp,90,20,stack_param|badspacebase|register_param,305
core_netgame.cpp_FUN_0053f550,0053f550,core/netgame.cpp,18,3,stack_param|pointer_cast,58
core_netgame.cpp_CNetGame_removeChatOut_FUN_00541ff0,00541ff0,core/netgame.cpp,120,10,stack_param|badspacebase|pointer_cast|register_param,240
core_netgame.cpp_removeChatOut_FUN_0053f4b0,0053f4b0,core/netgame.cpp,14,6,stack_param,79
core_netgame.cpp_FUN_00543ba0,00543ba0,core/netgame.cpp,7,3,stack_param,42
core_netgame.cpp_FUN_0053f360,0053f360,core/netgame.cpp,8,0,,8
core_netgame.cpp_FUN_00543b70,00543b70,core/netgame.cpp,7,3,stack_param,42
core_netgame.cpp_FUN_0053f4a2,0053f4a2,core/netgame.cpp,6,0,,6
core_netgame.cpp_SChatHistory_dtor_FUN_00543cd0,00543cd0,core/netgame.cpp,4,0,,4
core_netgame.cpp_CNetGame_removePlayer_FUN_00542b00,00542b00,core/netgame.cpp,60,41,stack_param|unaffected_reg|pointer_cast,485
core_netgame.cpp_CNetGame_processClientFrame_FUN_005435a0,005435a0,core/netgame.cpp,98,4,pointer_cast,143
core_netgame.cpp_CNetGame_FUN_00543e20,00543e20,core/netgame.cpp,9,5,stack_param,64
core_netgame.cpp_CNetGame_FUN_0053f830,0053f830,core/netgame.cpp,13,8,stack_param,98
core_netgame.cpp_CNetGame_processChatOut_FUN_00541e40,00541e40,core/netgame.cpp,59,12,stack_param|pointer_cast,189
core_netgame.cpp_CNetGame_getMyControls_FUN_005438c0,005438c0,core/netgame.cpp,12,0,,12
core_netgame.cpp_CNetGame_sendSimFrameAck_FUN_00543970,00543970,core/netgame.cpp,42,9,stack_param|badspacebase|register_param,147
core_netgame.cpp_FUN_0053f390,0053f390,core/netgame.cpp,16,0,,16
core_netgame.cpp_CNetGame_FUN_0053f780,0053f780,core/netgame.cpp,35,3,stack_param,70
core_netgame.cpp_CNetGame_FUN_00541230,00541230,core/netgame.cpp,12,7,stack_param,87
core_netgame.cpp_CNetGame_allocSimFrame_FUN_005406a0,005406a0,core/netgame.cpp,401,20,undefined_type|concat_artifact|unaffected_reg|unknown_field|badspacebase|pointer_cast|register_param,636
core_netgame.cpp_CNetGame_gameSettingsChanged_FUN_00542cf0,00542cf0,core/netgame.cpp,41,6,stack_param,106
core_netgame.cpp_CNetGame_ctor_FUN_0053f6d0,0053f6d0,core/netgame.cpp,29,10,extra_output|pointer_cast,139
core_netgame.cpp_FUN_00543db0,00543db0,core/netgame.cpp,17,24,stack_param,262
core_netgame.cpp_CNetGame_processServerFrame_FUN_00543150,00543150,core/netgame.cpp,200,7,badspacebase|pointer_cast|register_param,285
core_netgame.cpp_FUN_00543b80,00543b80,core/netgame.cpp,7,3,stack_param,42
core_netgame.cpp_CNetGame_FUN_00543930,00543930,core/netgame.cpp,7,0,,7
core_netgame.cpp_allocSimFrame_FUN_0053f5a0,0053f5a0,core/netgame.cpp,32,6,stack_param|pointer_cast,102
core_netgame.cpp_FUN_00543e00,00543e00,core/netgame.cpp,8,6,stack_param,73
core_netgame.cpp_CNetGame_syncPlayers_FUN_005401e0,005401e0,core/netgame.cpp,121,11,concat_artifact|unaffected_reg|badspacebase|register_param|stack_ref,256
core_netgame.cpp_CNetGame_receivePackets_FUN_005405b0,005405b0,core/netgame.cpp,32,4,badspacebase|register_param|stack_ref,87
core_netgame.cpp_initializeNetwork_FUN_0053fbc0,0053fbc0,core/netgame.cpp,44,4,stack_param,89
core_netgame.cpp_FUN_00543b90,00543b90,core/netgame.cpp,7,3,stack_param,42
core_netgame.cpp_initializeNetworkToJoin_FUN_0053f900,0053f900,core/netgame.cpp,113,25,stack_param|unknown_field|badspacebase|register_param|stack_ref,388
core_netgame.cpp_FUN_00543b40,00543b40,core/netgame.cpp,7,3,stack_param,42
core_netgame.cpp_CNetGame_addPlayer_FUN_005412b0,005412b0,core/netgame.cpp,67,17,stack_param,242
core_netgame.cpp_FUN_0053f650,0053f650,core/netgame.cpp,26,4,stack_param|pointer_cast,76
core_netgame.cpp_FUN_00543b00,00543b00,core/netgame.cpp,9,7,stack_param,84
core_netgame.cpp_FUN_00541390,00541390,core/netgame.cpp,312,66,stack_param|badspacebase|register_param|stack_ref,992
core_netgame.cpp_FUN_00543ab0,00543ab0,core/netgame.cpp,6,4,stack_param,51
core_netgame.cpp_CNetGame_FUN_00541260,00541260,core/netgame.cpp,21,7,stack_param,96
core_netgame.cpp_FUN_00543b20,00543b20,core/netgame.cpp,7,3,stack_param,42
core_netgame.cpp_FUN_00543b60,00543b60,core/netgame.cpp,7,3,stack_param,42
core_netgame.cpp_CNetGame_FUN_00542370,00542370,core/netgame.cpp,49,9,stack_param,144
core_netgame.cpp_FUN_00543b30,00543b30,core/netgame.cpp,7,3,stack_param,42
core_netgame.cpp_staticInit_FUN_0053f310,0053f310,core/netgame.cpp,10,0,,10
core_netgame.cpp_CNetGame_updatePing_FUN_00541c80,00541c80,core/netgame.cpp,59,0,,59
core_netgame.cpp_SNetPlayer_copy_FUN_00543cf0,00543cf0,core/netgame.cpp,34,0,,34
core_netgame.cpp_SChatHistory_ctor_FUN_00543cc0,00543cc0,core/netgame.cpp,4,0,,4
core_netgame.cpp_FUN_00543ad0,00543ad0,core/netgame.cpp,10,6,stack_param,75
core_netgame.cpp_CNetGame_applySimFrameHistory_FUN_00543800,00543800,core/netgame.cpp,44,14,stack_param|pointer_cast,194
core_netgame.cpp_CNetGame_sendMyStateChanged_FUN_00542ff0,00542ff0,core/netgame.cpp,55,27,stack_param|undefined_type|concat_artifact|unaffected_reg|unknown_field|badspacebase|pointer_cast|register_param,365
core_netgame.cpp_FUN_00540550,00540550,core/netgame.cpp,28,3,stack_param,63
core_netgame.cpp_FUN_0053f440,0053f440,core/netgame.cpp,13,2,stack_param,38
core_netgame.cpp_FUN_0053f3e0,0053f3e0,core/netgame.cpp,14,4,stack_param,59
core_netgame.cpp_CNetGame_send_FUN_005411c0,005411c0,core/netgame.cpp,14,5,stack_param,69
core_netgame.cpp_SPlayer_ctor_FUN_00543cb0,00543cb0,core/netgame.cpp,4,0,,4
core_netgame.cpp_CNetGame_applyNewGameSettings_FUN_00542470,00542470,core/netgame.cpp,266,44,stack_param|badspacebase|pointer_cast|register_param|stack_ref,731
core_turret.cpp_CTurret_FUN_005e3440,005e3440,core/turret.cpp,24,10,stack_param,129
core_turret.cpp_CTurret_FUN_005e3dd0,005e3dd0,core/turret.cpp,13,0,,13
core_turret.cpp_CTurret_FUN_005e2320,005e2320,core/turret.cpp,46,8,stack_param|unaffected_reg|suspect_float|badspacebase|register_param|stack_ref,156
core_turret.cpp_CTurret_getActorType_FUN_005e20e0,005e20e0,core/turret.cpp,4,0,,4
core_turret.cpp_CTurret_process_FUN_005e2430,005e2430,core/turret.cpp,225,29,stack_param|concat_artifact|suspect_float|unknown_field|badspacebase|pointer_cast|register_param,550
core_turret.cpp_staticInit_FUN_005e2080,005e2080,core/turret.cpp,8,0,,8
core_turret.cpp_FUN_005e2d50,005e2d50,core/turret.cpp,138,20,stack_param|unknown_field|badspacebase|register_param|stack_ref,363
core_turret.cpp_CTurret_serialize_FUN_005e2c40,005e2c40,core/turret.cpp,25,0,,25
core_turret.cpp_FUN_005e3720,005e3720,core/turret.cpp,11,9,stack_param,106
core_turret.cpp_CTurret_FUN_005e3ca0,005e3ca0,core/turret.cpp,31,11,stack_param,146
core_turret.cpp_FUN_005e36f0,005e36f0,core/turret.cpp,7,0,,7
core_turret.cpp_CTurret_FUN_005e3540,005e3540,core/turret.cpp,12,2,stack_param,37
core_turret.cpp_CTurret_dtor_FUN_005e3e00,005e3e00,core/turret.cpp,19,2,unaffected_reg,44
core_turret.cpp_CTurret_FUN_005e34d0,005e34d0,core/turret.cpp,21,9,stack_param,116
core_turret.cpp_FUN_005e20b0,005e20b0,core/turret.cpp,11,0,,11
core_turret.cpp_FUN_005e3750,005e3750,core/turret.cpp,139,65,stack_param|unknown_field|suspect_float|extra_output|badspacebase|register_param|stack_ref,824
core_turret.cpp_CTurret_FUN_005e2910,005e2910,core/turret.cpp,75,22,stack_param|badspacebase|register_param|stack_ref,315
core_turret.cpp_CTurret_FUN_005e3c70,005e3c70,core/turret.cpp,9,0,,9
core_turret.cpp_FUN_005e3560,005e3560,core/turret.cpp,68,19,stack_param|badspacebase|register_param,273
core_turret.cpp_CTurret_getCurFrame_FUN_005e2b30,005e2b30,core/turret.cpp,43,6,stack_param,108
core_turret.cpp_CTurret_FUN_005e2240,005e2240,core/turret.cpp,40,0,,40
core_turret.cpp_CTurret_FUN_005e34b0,005e34b0,core/turret.cpp,9,2,stack_param,34
core_turret.cpp_CTurret_ctor_FUN_005e20f0,005e20f0,core/turret.cpp,70,9,negative_offset|badspacebase|register_param|stack_ref,180
core_turret.cpp_FUN_005e3280,005e3280,core/turret.cpp,45,29,stack_param|badspacebase|register_param|stack_ref,355
core_flashlit.cpp_FUN_004cbb80,004cbb80,core/flashlit.cpp,11,0,,11
core_flashlit.cpp_staticInit_FUN_004cbb50,004cbb50,core/flashlit.cpp,8,0,,8
core_chain.cpp_CChain_ctor_FUN_0042fb80,0042fb80,core/chain.cpp,60,18,pointer_cast,245
core_chain.cpp_FUN_0042fd20,0042fd20,core/chain.cpp,83,36,stack_param|badspacebase|pointer_cast|register_param,463
core_chain.cpp_CChain_load_FUN_00430fe0,00430fe0,core/chain.cpp,39,14,stack_param,184
core_chain.cpp_FUN_00431110,00431110,core/chain.cpp,5,0,,5
core_chain.cpp_FUN_0042fed0,0042fed0,core/chain.cpp,59,48,stack_param|badspacebase|register_param,554
core_chain.cpp_FUN_00431120,00431120,core/chain.cpp,21,16,stack_param,186
core_chain.cpp_SChainVertex_ctor_FUN_004313d0,004313d0,core/chain.cpp,4,0,,4
core_chain.cpp_FUN_00431330,00431330,core/chain.cpp,5,2,stack_param,30
core_chain.cpp_StartOfClass_FUN_0042fb70,0042fb70,core/chain.cpp,5,0,,5
core_chain.cpp_staticInit_FUN_0042fb10,0042fb10,core/chain.cpp,8,0,,8
core_chain.cpp_CChain_addFilesToExtractList_FUN_00431250,00431250,core/chain.cpp,51,4,unaffected_reg|badspacebase|register_param,106
core_chain.cpp_FUN_004300d0,004300d0,core/chain.cpp,270,116,stack_param|negative_offset|suspect_float|badspacebase|pointer_cast|register_param,1460
core_chain.cpp_FUN_00431350,00431350,core/chain.cpp,5,2,stack_param,30
core_chain.cpp_FUN_00431340,00431340,core/chain.cpp,5,2,stack_param,30
core_chain.cpp_FUN_00430eb0,00430eb0,core/chain.cpp,63,28,stack_param|unknown_field|badspacebase|register_param,363
core_chain.cpp_FUN_004308f0,004308f0,core/chain.cpp,155,64,stack_param|unknown_field|suspect_float|badspacebase|register_param|stack_ref,825
core_chain.cpp_FUN_0042fb40,0042fb40,core/chain.cpp,11,0,,11
core_chain.cpp_SChainVertex_dtor_FUN_004313e0,004313e0,core/chain.cpp,4,0,,4
core_chain.cpp_FUN_0042fcc0,0042fcc0,core/chain.cpp,18,10,stack_param|badspacebase|register_param|stack_ref,138
core_chain.cpp_FUN_004313f0,004313f0,core/chain.cpp,6,0,,6
core_chain.cpp_CChain_dtor_FUN_00431360,00431360,core/chain.cpp,18,0,,18
core_box.cpp_CBoundingBox3D_isVisibleWithShadow_FUN_00420320,00420320,core/box.cpp,89,2,badspacebase|register_param,119
core_box.cpp_CBoundingBox3D_doesSphereIntersect_FUN_004215f0,004215f0,core/box.cpp,15,5,stack_param|badspacebase|register_param,80
core_box.cpp_CBoundingBox3D_reset_FUN_00420fb0,00420fb0,core/box.cpp,12,0,,12
core_box.cpp_CBox_ctor_FUN_0041dc50,0041dc50,core/box.cpp,27,33,pointer_cast,362
core_box.cpp_CBoundingBox3D_isVisibleWithCamera_FUN_00420680,00420680,core/box.cpp,81,10,badspacebase|pointer_cast|register_param,196
core_box.cpp_CBox_saveToFile_FUN_00420020,00420020,core/box.cpp,18,0,,18
core_box.cpp_CBoundingBox3D_getMaximumBound_FUN_00421060,00421060,core/box.cpp,14,0,,14
core_box.cpp_CBoundingBox3D_getCorner_FUN_004202b0,004202b0,core/box.cpp,26,0,,26
core_box.cpp_CBox_dtor_FUN_0041dd00,0041dd00,core/box.cpp,6,0,,6
core_box.cpp_CBox_setupVelocities_FUN_00420180,00420180,core/box.cpp,29,2,badspacebase|register_param,59
core_box.cpp_CBoundingBox3D_computeFromVertices_FUN_00420e90,00420e90,core/box.cpp,54,0,,54
core_box.cpp_CBoundingBox3D_doesBoxIntersect_FUN_00421010,00421010,core/box.cpp,12,0,,12
core_box.cpp_CBoundingBox3D_expand_FUN_00420240,00420240,core/box.cpp,24,0,,24
core_box.cpp_CBox_setupN_FUN_0041df50,0041df50,core/box.cpp,82,6,stack_param|badspacebase|pointer_cast|register_param,162
core_box.cpp_CBoundingBox3D_render_FUN_004210b0,004210b0,core/box.cpp,127,36,suspect_float|unknown_field|badspacebase|register_param|stack_ref,512
core_box.cpp_SScrape_ctor_FUN_00420200,00420200,core/box.cpp,4,0,,4
core_box.cpp_CBoundingBox3D_clampPoint_FUN_00421550,00421550,core/box.cpp,28,0,,28
core_box.cpp_CBox_processPhysics_FUN_0041e350,0041e350,core/box.cpp,776,15,unknown_field|badspacebase|pointer_cast|register_param,946
core_box.cpp_CBoundingBox3D_getBoundingBoxScreenSize_FUN_00420840,00420840,core/box.cpp,26,2,badspacebase|register_param,56
core_box.cpp_CBox_process_FUN_0041e2f0,0041e2f0,core/box.cpp,11,0,,11
core_box.cpp_CBoundingBox3D_doesRayIntersect_FUN_00420940,00420940,core/box.cpp,180,2,badspacebase|register_param,210
core_box.cpp_freeScrapes_FUN_00420220,00420220,core/box.cpp,6,0,,6
core_box.cpp_CBoundingBox3D_computeFromPoints_FUN_00420dc0,00420dc0,core/box.cpp,53,0,,53
core_box.cpp_CBoundingBox3D_normalize_FUN_00420d70,00420d70,core/box.cpp,26,0,,26
core_box.cpp_CBoundingBox3D_isInverted_FUN_00420fe0,00420fe0,core/box.cpp,8,0,,8
core_box.cpp_CBoundingBox3D_isVisible_FUN_004204f0,004204f0,core/box.cpp,64,11,unaffected_reg|badspacebase|register_param|stack_ref,194
core_box.cpp_CBox_setupCorners_FUN_0041dd20,0041dd20,core/box.cpp,97,0,,97
core_box.cpp_SScrape_dtor_FUN_00420210,00420210,core/box.cpp,4,0,,4
core_box.cpp_CBox_loadFromFile_FUN_0041fe90,0041fe90,core/box.cpp,29,7,badspacebase|register_param|stack_ref,114
core_box.cpp_CBox_updateTransform_FUN_0041e0e0,0041e0e0,core/box.cpp,95,6,stack_param|badspacebase|pointer_cast|register_param,175
core_dirmat.cpp_CMatrix3x3f_transformVector_FUN_00471fd0,00471fd0,core/dirmat.cpp,12,0,,12
core_dirmat.cpp_CMatrix3x3f_getEulerAngles_FUN_00472160,00472160,core/dirmat.cpp,157,28,extra_output,442
core_dirmat.cpp_CMatrix3x3f_multiply_FUN_00472540,00472540,core/dirmat.cpp,42,5,unaffected_reg|badspacebase|register_param,107
core_dirmat.cpp_CMatrix3x3f_buildRotationMatrix_FUN_00471d30,00471d30,core/dirmat.cpp,41,0,,41
core_dirmat.cpp_atan2Custom_FUN_00472090,00472090,core/dirmat.cpp,29,0,,29
core_dirmat.cpp_CMatrix3x3f_transformVectorTranspose_FUN_00472030,00472030,core/dirmat.cpp,9,0,,9
core_dirmat.cpp_CMatrix3x3f_invert_FUN_00471e10,00471e10,core/dirmat.cpp,85,0,,85
core_dynamite.cpp_dtor_FUN_0049d120,0049d120,core/dynamite.cpp,19,2,unaffected_reg,44
core_dynamite.cpp_FUN_0049cee0,0049cee0,core/dynamite.cpp,7,0,,7
core_dynamite.cpp_FUN_0049ce70,0049ce70,core/dynamite.cpp,17,8,stack_param,102
core_dynamite.cpp_FUN_0049cfb0,0049cfb0,core/dynamite.cpp,59,18,stack_param|badspacebase|register_param|stack_ref,259
core_dynamite.cpp_FUN_0049cf70,0049cf70,core/dynamite.cpp,9,2,stack_param,34
core_dynamite.cpp_FUN_0049cf10,0049cf10,core/dynamite.cpp,5,0,,5
core_dynamite.cpp_FUN_0049cdb0,0049cdb0,core/dynamite.cpp,5,0,,5
core_dynamite.cpp_staticInit_FUN_0049cd40,0049cd40,core/dynamite.cpp,12,0,,12
core_dynamite.cpp_ctor_FUN_0049cdc0,0049cdc0,core/dynamite.cpp,46,0,,46
core_dynamite.cpp_FUN_0049cd80,0049cd80,core/dynamite.cpp,11,0,,11
core_dynamite.cpp_FUN_0049cf20,0049cf20,core/dynamite.cpp,14,6,stack_param|badspacebase|register_param,89
core_dynamite.cpp_FUN_0049cf90,0049cf90,core/dynamite.cpp,6,2,stack_param,31
core_dpart.cpp_CDemonPart_dtor_FUN_00482160,00482160,core/dpart.cpp,5,0,,5
core_dpart.cpp_CDemonPart_free_FUN_004822b0,004822b0,core/dpart.cpp,18,0,,18
core_dpart.cpp_CDemonPart_write_FUN_00482330,00482330,core/dpart.cpp,48,18,stack_param,233
core_dpart.cpp_CDemonPart_calculateFaceNormals_FUN_004824f0,004824f0,core/dpart.cpp,29,13,badspacebase|pointer_cast|register_param,174
core_dpart.cpp_CDemonPart_save_FUN_004824c0,004824c0,core/dpart.cpp,7,0,,7
core_dpart.cpp_CDemonPart_alloc_FUN_00482180,00482180,core/dpart.cpp,42,4,badspacebase|register_param|stack_ref,97
core_dpart.cpp_CDemonPart_processAndFinalize_FUN_00482e40,00482e40,core/dpart.cpp,81,30,stack_param|extra_output|pointer_cast,396
core_dpart.cpp_CDemonPart_loadFromFile_FUN_004825c0,004825c0,core/dpart.cpp,117,17,stack_param|pointer_cast,297
core_dpart.cpp_CDemonPart_load_FUN_00482490,00482490,core/dpart.cpp,7,0,,7
core_dpart.cpp_CDemonPart_renderFaces_FUN_004828b0,004828b0,core/dpart.cpp,35,2,badspacebase|register_param,65
core_dpart.cpp_setupDepthOnlyEdgeInterpolation_FUN_00483210,00483210,core/dpart.cpp,58,0,,58
core_dpart.cpp_CDemonPart_importTriangleMesh_FUN_00482a10,00482a10,core/dpart.cpp,137,70,stack_param|extra_output|badspacebase|pointer_cast|register_param|stack_ref,867
core_dpart.cpp_findEdgeByYStart_FUN_00483330,00483330,core/dpart.cpp,18,0,,18
core_dpart.cpp_CDemonPart_ctor_FUN_00482110,00482110,core/dpart.cpp,13,0,,13
core_dpart.cpp_setupTriangleEdgeInterpolation_FUN_00482fb0,00482fb0,core/dpart.cpp,105,1,unknown_field,120
core_bat.cpp_FUN_00415060,00415060,core/bat.cpp,7,5,stack_param,62
core_bat.cpp_FUN_00415070,00415070,core/bat.cpp,7,5,stack_param,62
core_bat.cpp_CBat_FUN_00414f00,00414f00,core/bat.cpp,26,4,stack_param,71
core_bat.cpp_CBat_FUN_00414fb0,00414fb0,core/bat.cpp,9,5,stack_param,64
core_bat.cpp_CBat_FUN_00414bf0,00414bf0,core/bat.cpp,21,4,suspect_float|badspacebase|register_param|stack_ref,81
core_bat.cpp_CBat_FUN_00414ec0,00414ec0,core/bat.cpp,10,4,stack_param,55
core_bat.cpp_CBat_FUN_00414c60,00414c60,core/bat.cpp,18,8,stack_param,103
core_bat.cpp_CBat_FUN_00414dc0,00414dc0,core/bat.cpp,20,15,stack_param|extra_output|badspacebase|register_param|stack_ref,195
core_bat.cpp_FUN_00414ce0,00414ce0,core/bat.cpp,35,11,stack_param|sub_artifact|concat_artifact|extra_output,165
core_bat.cpp_FUN_00415050,00415050,core/bat.cpp,7,5,stack_param,62
core_bat.cpp_FUN_004146f0,004146f0,core/bat.cpp,21,23,stack_param|sub_artifact|concat_artifact,266
core_bat.cpp_CBat_dtor_FUN_00414fe0,00414fe0,core/bat.cpp,18,0,,18
core_bat.cpp_CBat_ctor_FUN_004147d0,004147d0,core/bat.cpp,42,4,negative_offset,87
core_bat.cpp_FUN_00414790,00414790,core/bat.cpp,10,0,,10
core_bat.cpp_CBat_FUN_004148a0,004148a0,core/bat.cpp,20,0,,20
core_bat.cpp_CBat_getActorType_FUN_004147c0,004147c0,core/bat.cpp,4,0,,4
core_bat.cpp_staticInit_FUN_004146c0,004146c0,core/bat.cpp,8,0,,8
core_bat.cpp_CBat_process_FUN_00414a00,00414a00,core/bat.cpp,59,5,stack_param,114
core_bat.cpp_CBat_serialize_FUN_00414910,00414910,core/bat.cpp,28,0,,28
core_level.cpp_CLevelLoader_reset_FUN_00503db0,00503db0,core/level.cpp,5,0,,5
core_level.cpp_CLevelLoader_show_FUN_00503dc0,00503dc0,core/level.cpp,105,5,unknown_field|badspacebase|register_param|stack_ref,175
core_level.cpp_staticInit_FUN_00503d80,00503d80,core/level.cpp,7,0,,7
core_level.cpp_CLevelLoader_update_FUN_00504160,00504160,core/level.cpp,151,23,stack_param|negative_offset|unaffected_reg|suspect_float|badspacebase|pointer_cast|register_param|stack_ref,421
core_level.cpp_CLevelLoader_setVersion_FUN_00504750,00504750,core/level.cpp,5,0,,5
core_level.cpp_CLevelLoader_cleanup_FUN_00504720,00504720,core/level.cpp,10,0,,10
core_slew.cpp_CSlew_processInput_FUN_005a20b0,005a20b0,core/slew.cpp,132,37,stack_param|unaffected_reg|suspect_float,517
core_slew.cpp_staticInit_FUN_005a2050,005a2050,core/slew.cpp,4,0,,4
core_slew.cpp_CSlew_free_FUN_005a20a0,005a20a0,core/slew.cpp,4,0,,4
core_slew.cpp_CSlew_init_FUN_005a2060,005a2060,core/slew.cpp,11,0,,11
core_drone.cpp_FUN_0048ec70,0048ec70,core/drone.cpp,280,115,stack_param|extra_output|badspacebase|register_param|stack_ref,1455
core_drone.cpp_FUN_0048eb10,0048eb10,core/drone.cpp,11,0,,11
core_drone.cpp_CDrone_load_FUN_0048f2f0,0048f2f0,core/drone.cpp,16,6,stack_param,81
core_drone.cpp_FUN_0048eb40,0048eb40,core/drone.cpp,5,0,,5
core_drone.cpp_FUN_0048ebc0,0048ebc0,core/drone.cpp,38,9,stack_param,133
core_drone.cpp_FUN_0048f4d0,0048f4d0,core/drone.cpp,19,9,stack_param|badspacebase|register_param,124
core_drone.cpp_FUN_0048f560,0048f560,core/drone.cpp,7,2,stack_param,32
core_drone.cpp_FUN_0048f360,0048f360,core/drone.cpp,53,21,stack_param,268
core_drone.cpp_FUN_0048f570,0048f570,core/drone.cpp,10,4,stack_param,55
core_drone.cpp_dtor_FUN_0048f5a0,0048f5a0,core/drone.cpp,30,1,negative_offset,45
core_drone.cpp_FUN_0048f520,0048f520,core/drone.cpp,11,5,stack_param,66
core_drone.cpp_staticInit_FUN_0048eae0,0048eae0,core/drone.cpp,8,0,,8
core_drone.cpp_ctor_FUN_0048eb50,0048eb50,core/drone.cpp,33,0,,33
core_main.c_displayErrorAndQuit_FUN_00506f10,00506f10,core/main.c,95,34,stack_param|badspacebase|register_param|stack_ref,455
core_main.c_initializeGameSystems_FUN_00507a60,00507a60,core/main.c,519,17,badspacebase|pointer_cast|register_param|stack_ref,709
core_main.c_finalizeGameSystems_FUN_00508570,00508570,core/main.c,84,4,badspacebase|register_param|stack_ref,139
core_main.c_showDeveloperToolsMenu_FUN_005073a0,005073a0,core/main.c,217,17,stack_param|unaffected_reg|badspacebase|register_param|stack_ref,412
core_main.c_drawCenteredText_FUN_00508250,00508250,core/main.c,10,4,stack_param,55
core_main.c_enterMainGameMenu_FUN_00512f40,00507a50,core/main.c,186,13,stack_param|badspacebase|pointer_cast|register_param|stack_ref,341
core_main.c_staticInit_FUN_00506e80,00506e80,core/main.c,15,0,,15
core_main.c_showLicenseAgreement_FUN_005070f0,005070f0,core/main.c,78,20,stack_param|unaffected_reg|unknown_field|badspacebase|register_param|stack_ref,308
core_main.c_waitWithSkip_FUN_005082a0,005082a0,core/main.c,34,0,,34
core_main.c_showPromoScreen_FUN_00508340,00508340,core/main.c,55,4,badspacebase|register_param|stack_ref,110
core_setcolid.cpp_CDemonSet_setRayType_FUN_00574230,00574230,core/setcolid.cpp,11,0,,11
core_setcolid.cpp_CDemonSet_FUN_00574220,00574220,core/setcolid.cpp,5,0,,5
core_setcolid.cpp_CDemonSet_disableIgnore_FUN_00574210,00574210,core/setcolid.cpp,5,0,,5
core_setcolid.cpp_staticInit_FUN_005715b0,005715b0,core/setcolid.cpp,6,0,,6
core_setcolid.cpp_CDemonSet_getVoxelHeight_FUN_005724e0,005724e0,core/setcolid.cpp,9,0,,9
core_setcolid.cpp_CDemonSet_pushRaytraceState_FUN_00573e10,00573e10,core/setcolid.cpp,70,0,,70
core_setcolid.cpp_CDemonSet_notifyDamageListeners_FUN_005742b0,005742b0,core/setcolid.cpp,18,0,,18
core_setcolid.cpp_CDemonSet_setRayTypeLaser_FUN_00574270,00574270,core/setcolid.cpp,11,0,,11
core_setcolid.cpp_SRaytraceState_dtor_FUN_005746a0,005746a0,core/setcolid.cpp,5,0,,5
core_setcolid.cpp_CDemonSet_ignore_FUN_005741b0,005741b0,core/setcolid.cpp,14,2,stack_param,39
core_setcolid.cpp_CDemonSet_refinedRaycast_FUN_005726c0,005726c0,core/setcolid.cpp,47,2,badspacebase|register_param,77
core_setcolid.cpp_CDemonSet_testLineOcclusion_FUN_00572460,00572460,core/setcolid.cpp,17,0,,17
core_setcolid.cpp_SCollisionReturnInfo_ctor_FUN_00574750,00574750,core/setcolid.cpp,5,0,,5
core_setcolid.cpp_CDemonSet_FUN_00574560,00574560,core/setcolid.cpp,6,0,,6
core_setcolid.cpp_CDemonSet_FUN_00574440,00574440,core/setcolid.cpp,24,6,stack_param|badspacebase|register_param,99
core_setcolid.cpp_CDemonSet_FUN_00574580,00574580,core/setcolid.cpp,47,17,stack_param|unaffected_reg|badspacebase|pointer_cast|register_param,242
core_setcolid.cpp_CDemonSet_initMaybe_FUN_00574180,00574180,core/setcolid.cpp,8,0,,8
core_setcolid.cpp_rayTestQuadFloor_FUN_005715d0,005715d0,core/setcolid.cpp,28,8,stack_param|badspacebase|register_param|stack_ref,128
core_setcolid.cpp_CDemonSet_FUN_00574170,00574170,core/setcolid.cpp,5,0,,5
core_setcolid.cpp_CDemonSet_testVoxelRaycast_FUN_00572510,00572510,core/setcolid.cpp,9,0,,9
core_setcolid.cpp_CDemonSet_testCapsuleCollision_FUN_00573470,00573470,core/setcolid.cpp,302,63,stack_param|sub_artifact|concat_artifact|unknown_field|badspacebase|register_param|stack_ref,967
core_setcolid.cpp_CDemonSet_rayVoxelHeightQuery_FUN_00572340,00572340,core/setcolid.cpp,39,15,unknown_field|badspacebase|register_param,204
core_setcolid.cpp_CDemonSet_iterativeRaycast_FUN_00572800,00572800,core/setcolid.cpp,65,6,unaffected_reg|badspacebase|register_param,140
core_setcolid.cpp_SCollisionInfo_ctor_FUN_005743c0,005743c0,core/setcolid.cpp,8,0,,8
core_setcolid.cpp_CDemonSet_isActorIgnored_FUN_00572e20,00572e20,core/setcolid.cpp,23,0,,23
core_setcolid.cpp_SRaytraceState_ctor_FUN_00574690,00574690,core/setcolid.cpp,5,0,,5
core_setcolid.cpp_CDemonSet_raycast_FUN_00572530,00572530,core/setcolid.cpp,63,2,badspacebase|register_param,93
core_setcolid.cpp_CDemonSet_FUN_005743e0,005743e0,core/setcolid.cpp,27,0,,27
core_setcolid.cpp_freeRaytraceState_FUN_00574770,00574770,core/setcolid.cpp,5,0,,5
core_setcolid.cpp_CDemonSet_testOBBCylinderCollision_FUN_00573140,00573140,core/setcolid.cpp,113,41,stack_param|badspacebase|register_param|stack_ref,543
core_setcolid.cpp_SDamageInfo_copy_FUN_005746d0,005746d0,core/setcolid.cpp,20,0,,20
core_setcolid.cpp_intersectXZCylinder_FUN_00572e80,00572e80,core/setcolid.cpp,67,3,pointer_cast,102
core_setcolid.cpp_CDemonSet_popRaytraceState_FUN_00573fc0,00573fc0,core/setcolid.cpp,68,0,,68
core_setcolid.cpp_testCylinderQuadCollision_FUN_005730d0,005730d0,core/setcolid.cpp,18,10,stack_param|badspacebase|register_param|stack_ref,138
core_setcolid.cpp_SIntersectXZCylinder_dtor_FUN_005746c0,005746c0,core/setcolid.cpp,5,0,,5
core_setcolid.cpp_SCollisionReturnInfo_dtor_FUN_00574760,00574760,core/setcolid.cpp,5,0,,5
core_setcolid.cpp_SIntersectXZCylinder_ctor_FUN_005746b0,005746b0,core/setcolid.cpp,5,0,,5
core_setcolid.cpp_CDemonSet_processCollisionTypes_FUN_005716b0,005716b0,core/setcolid.cpp,403,159,stack_param|unknown_field|badspacebase|pointer_cast|register_param|stack_ref,2023
core_setcolid.cpp_CDemonSet_FUN_005744d0,005744d0,core/setcolid.cpp,24,6,stack_param|badspacebase|register_param,99
core_setcolid.cpp_CDemonSet_raycastAgainstActors_FUN_00572a10,00572a10,core/setcolid.cpp,143,24,unknown_field|badspacebase|pointer_cast|register_param|stack_ref,408
core_script.cpp_CScript_ScriptErrorStartNotepad_FUN_00559f80,00559f80,core/script.cpp,177,68,stack_param|badspacebase|register_param|stack_ref,877
core_script.cpp_FUN_0055a540,0055a540,core/script.cpp,109,21,stack_param|badspacebase|register_param|stack_ref,339
core_script.cpp_CScript_step_FUN_0055a810,0055a810,core/script.cpp,3058,83,stack_param|sub_artifact|concat_artifact|badspacebase|pointer_cast|register_param,3918
core_script.cpp_FUN_00566c20,00566c20,core/script.cpp,19,12,stack_param,144
core_script.cpp_FUN_00566bc0,00566bc0,core/script.cpp,12,0,,12
core_script.cpp_SCmdParse_bestParse_FUN_00561db0,00561db0,core/script.cpp,88,26,stack_param|badspacebase|pointer_cast|register_param|stack_ref,373
core_script.cpp_FUN_00566800,00566800,core/script.cpp,44,8,stack_param,129
core_script.cpp_FUN_00562760,00562760,core/script.cpp,59,12,stack_param,184
core_script.cpp_FUN_00567630,00567630,core/script.cpp,22,6,stack_param,87
core_script.cpp_FUN_00567d00,00567d00,core/script.cpp,12,12,stack_param,137
core_script.cpp_CScript_checkInitSection_FUN_0055a6c0,0055a6c0,core/script.cpp,53,10,stack_param,158
core_script.cpp_CScript_WriteScriptFile_FUN_00560b50,00560b50,core/script.cpp,45,2,unaffected_reg,70
core_script.cpp_GetReferencedActor_FUN_00560760,00560760,core/script.cpp,31,10,stack_param|badspacebase|register_param|stack_ref,151
core_script.cpp_CScript_FreeSomething2_FUN_005598f0,005598f0,core/script.cpp,27,8,stack_param,112
core_script.cpp_FUN_00561a30,00561a30,core/script.cpp,154,47,stack_param|unaffected_reg|badspacebase|register_param|stack_ref,649
core_script.cpp_FUN_005644e0,005644e0,core/script.cpp,18,0,,18
core_script.cpp_FUN_00562920,00562920,core/script.cpp,869,187,undefined_type|stack_param|sub_artifact|concat_artifact|unaffected_reg|badspacebase|pointer_cast|register_param|stack_ref,2784
core_script.cpp_FUN_005627f0,005627f0,core/script.cpp,16,7,stack_param|badspacebase|register_param|stack_ref,106
core_script.cpp_FUN_005624f0,005624f0,core/script.cpp,118,17,stack_param,293
core_script.cpp_GetDemonActor_FUN_005594e0,005594e0,core/script.cpp,71,2,unaffected_reg,96
core_script.cpp_FUN_00566880,00566880,core/script.cpp,19,0,,19
core_script.cpp_SetTemplateText_TemplateBugCantShowUsage_FUN_005643d0,005643d0,core/script.cpp,44,12,stack_param,169
core_script.cpp_CalculateCRC_FUN_00560d80,00560d80,core/script.cpp,30,6,stack_param|badspacebase|register_param,105
core_script.cpp_CScript_Unk18_FUN_005669a0,005669a0,core/script.cpp,34,0,,34
core_script.cpp_FUN_0055ff00,0055ff00,core/script.cpp,73,47,stack_param|unaffected_reg|extra_output|badspacebase|pointer_cast|register_param|stack_ref,578
core_script.cpp_FUN_005675a0,005675a0,core/script.cpp,51,17,stack_param|sborrow_artifact,231
core_script.cpp_CScript_insertAndEditorPutLine_FUN_00566330,00566330,core/script.cpp,31,9,stack_param,126
core_script.cpp_FUN_005602b0,005602b0,core/script.cpp,9,3,stack_param,44
core_script.cpp_CScript_RelatedToSubtitles_FUN_00559d80,00559d80,core/script.cpp,75,24,stack_param|badspacebase|register_param|stack_ref,335
core_script.cpp_CScript_CallLoadingScriptFile_FUN_00566fa0,00566fa0,core/script.cpp,28,9,stack_param|badspacebase|register_param|stack_ref,138
core_script.cpp_CScript_editorIndex2X_FUN_00566b30,00566b30,core/script.cpp,46,12,stack_param,171
core_script.cpp_CScript_Unk20_FUN_00565130,00565130,core/script.cpp,297,37,undefined_type|stack_param|concat_artifact|badspacebase|register_param|stack_ref,697
core_script.cpp_FUN_00561cb0,00561cb0,core/script.cpp,62,33,stack_param,397
core_script.cpp_CScript_dbLoad_FUN_005603c0,005603c0,core/script.cpp,141,23,stack_param|badspacebase|register_param|stack_ref,391
core_script.cpp_FUN_00567310,00567310,core/script.cpp,82,24,stack_param|badspacebase|register_param|stack_ref,342
core_script.cpp_FUN_005645d0,005645d0,core/script.cpp,47,9,stack_param|unknown_field|badspacebase|register_param|stack_ref,162
core_script.cpp_FUN_00565ae0,00565ae0,core/script.cpp,110,10,stack_param|badspacebase|register_param,225
core_script.cpp_FUN_00564560,00564560,core/script.cpp,28,15,stack_param,183
core_script.cpp_FUN_005593f0,005593f0,core/script.cpp,49,13,stack_param,184
core_script.cpp_FUN_00562860,00562860,core/script.cpp,12,0,,12
core_script.cpp_CScript_SkipCinematic_FUN_005602e0,005602e0,core/script.cpp,33,10,stack_param,138
core_script.cpp_CScript_process_FUN_00559960,00559960,core/script.cpp,60,0,,60
core_script.cpp_FUN_005592c0,005592c0,core/script.cpp,44,14,stack_param,189
core_script.cpp_FUN_00567bc0,00567bc0,core/script.cpp,46,8,stack_param|badspacebase|pointer_cast|register_param,146
core_script.cpp_SCmdParse_parse_FUN_00561fd0,00561fd0,core/script.cpp,264,67,stack_param|unaffected_reg|badspacebase|pointer_cast|register_param|stack_ref,964
core_script.cpp_FUN_005594a0,005594a0,core/script.cpp,11,0,,11
core_script.cpp_RelatedToMainButtonPresses_FUN_00559660,00559660,core/script.cpp,41,18,stack_param,226
core_script.cpp_FUN_00567010,00567010,core/script.cpp,30,5,stack_param|badspacebase|register_param,95
core_script.cpp_FUN_00559730,00559730,core/script.cpp,37,18,stack_param|unaffected_reg|badspacebase|register_param|stack_ref,242
core_script.cpp_FUN_00566180,00566180,core/script.cpp,33,5,stack_param,88
core_script.cpp_FUN_005677a0,005677a0,core/script.cpp,181,29,stack_param|badspacebase|register_param|stack_ref,491
core_script.cpp_FUN_005607e0,005607e0,core/script.cpp,12,6,stack_param,77
core_script.cpp_FUN_005671a0,005671a0,core/script.cpp,91,31,stack_param|badspacebase|pointer_cast|register_param|stack_ref,426
core_script.cpp_FUN_00561690,00561690,core/script.cpp,288,43,stack_param|unaffected_reg|badspacebase|register_param,738
core_script.cpp_FUN_00567080,00567080,core/script.cpp,64,17,stack_param|badspacebase|register_param,249
core_script.cpp_CScript_ParseCounterUsed_FUN_00567490,00567490,core/script.cpp,27,0,,27
core_script.cpp_FUN_00559b20,00559b20,core/script.cpp,75,9,stack_param|unaffected_reg,175
core_script.cpp_FUN_005593d0,005593d0,core/script.cpp,9,4,stack_param,54
core_script.cpp_FUN_00562620,00562620,core/script.cpp,68,11,stack_param,183
core_script.cpp_CScript_ReallocSomething_FUN_00567510,00567510,core/script.cpp,31,12,stack_param,156
core_script.cpp_FUN_00564090,00564090,core/script.cpp,199,11,stack_param|badspacebase|pointer_cast|register_param,329
core_script.cpp_FUN_00565e70,00565e70,core/script.cpp,45,7,stack_param,120
core_script.cpp_SCmdParm_setTemplateText_FUN_00560de0,00560de0,core/script.cpp,390,86,stack_param,1255
core_script.cpp_FUN_005664d0,005664d0,core/script.cpp,60,8,unaffected_reg,145
core_script.cpp_FUN_00565d00,00565d00,core/script.cpp,51,8,stack_param,136
core_script.cpp_CScript_StepThroughWholeScript_FUN_0055a4b0,0055a4b0,core/script.cpp,26,9,stack_param,121
core_script.cpp_FUN_00566230,00566230,core/script.cpp,48,7,stack_param,123
core_script.cpp_FUN_00560160,00560160,core/script.cpp,26,6,stack_param|unaffected_reg,96
core_script.cpp_staticInit_FUN_005591b0,005591b0,core/script.cpp,12,0,,12
core_script.cpp_CScript_CallingScriptEditorX2_2_FUN_00566910,00566910,core/script.cpp,21,2,stack_param,46
core_script.cpp_FUN_00566cc0,00566cc0,core/script.cpp,152,61,stack_param|unaffected_reg,772
core_script.cpp_CheckingActorVariableName_FUN_00559220,00559220,core/script.cpp,40,6,stack_param,105
core_script.cpp_FUN_00559360,00559360,core/script.cpp,32,7,stack_param,107
core_script.cpp_FUN_00565f70,00565f70,core/script.cpp,42,8,stack_param,127
core_script.cpp_CScript_dtor_FUN_00559840,00559840,core/script.cpp,9,1,negative_offset,24
core_script.cpp_FUN_00566080,00566080,core/script.cpp,55,2,unaffected_reg,80
core_script.cpp_CScript_editorX2Index_FUN_00566a90,00566a90,core/script.cpp,46,12,stack_param,171
core_script.cpp_FUN_00561c70,00561c70,core/script.cpp,8,0,,8
core_script.cpp_CScript_CalltoScriptEditorX2Index_FUN_00565aa0,00565aa0,core/script.cpp,17,5,stack_param,72
core_script.cpp_CScript_FreeSomething1_FUN_00559870,00559870,core/script.cpp,21,10,stack_param,126
core_script.cpp_CScript_editorAction_FUN_00564820,00564820,core/script.cpp,421,42,stack_param|unaffected_reg|badspacebase|register_param|stack_ref,866
core_script.cpp_FUN_005601c0,005601c0,core/script.cpp,54,23,stack_param,289
core_script.cpp_CScript_removeEventXRef_FUN_005676e0,005676e0,core/script.cpp,20,12,stack_param,145
core_script.cpp_CScript_unk50_FUN_00566660,00566660,core/script.cpp,51,12,stack_param,176
core_script.cpp_CScript_ctor_FUN_005597f0,005597f0,core/script.cpp,14,8,negative_offset,99
core_script.cpp_FUN_00566390,00566390,core/script.cpp,69,12,stack_param,194
core_script.cpp_FUN_00567d30,00567d30,core/script.cpp,6,2,stack_param,31
core_script.cpp_FUN_005606e0,005606e0,core/script.cpp,27,9,stack_param|badspacebase|register_param|stack_ref,137
core_script.cpp_FUN_00559ac0,00559ac0,core/script.cpp,10,0,,10
core_script.cpp_CScript_LoadingScriptFile_FUN_0055a370,0055a370,core/script.cpp,72,17,stack_param|unaffected_reg,252
core_script.cpp_CScript_processTimer_FUN_005600c0,005600c0,core/script.cpp,24,17,stack_param,199
core_script.cpp_CScript_loadState_FUN_00560820,00560820,core/script.cpp,79,28,stack_param|unaffected_reg|extra_output|badspacebase|register_param|stack_ref,389
core_script.cpp_CScript_editorPutLine_FUN_005662a0,005662a0,core/script.cpp,28,8,stack_param,113
core_script.cpp_FUN_005626d0,005626d0,core/script.cpp,58,12,stack_param,183
core_script.cpp_FUN_00564500,00564500,core/script.cpp,23,0,,23
core_script.cpp_FUN_00560140,00560140,core/script.cpp,12,6,stack_param,77
core_door.cpp_CDoor_setup_FUN_0047fc70,0047fc70,core/door.cpp,19,0,,19
core_door.cpp_CDoor_serialize_FUN_00480aa0,00480aa0,core/door.cpp,86,0,,86
core_door.cpp_FUN_00481650,00481650,core/door.cpp,6,2,stack_param,31
core_door.cpp_CDoor_getBoundingBox_FUN_00480a50,00480a50,core/door.cpp,15,0,,15
core_door.cpp_CDoor_ctor_FUN_0047fad0,0047fad0,core/door.cpp,108,10,negative_offset|pointer_cast,218
core_door.cpp_CDoor_reposition_FUN_0047fd20,0047fd20,core/door.cpp,137,5,badspacebase|register_param|stack_ref,202
core_door.cpp_factoryFunc_FUN_0047fa90,0047fa90,core/door.cpp,10,0,,10
core_door.cpp_CDoor_FUN_00480df0,00480df0,core/door.cpp,4,0,,4
core_door.cpp_CDoor_processInEditor_FUN_00481590,00481590,core/door.cpp,31,0,,31
core_door.cpp_CDoor_writeDependencies_FUN_00481630,00481630,core/door.cpp,6,0,,6
core_door.cpp_CDoor_FUN_00480de0,00480de0,core/door.cpp,6,2,stack_param,31
core_door.cpp_CDoor_getOpenStandPos_FUN_00480e20,00480e20,core/door.cpp,89,31,stack_param|badspacebase|register_param,414
core_door.cpp_CDoor_updateCollisionData_FUN_00481020,00481020,core/door.cpp,9,0,,9
core_door.cpp_staticInit_FUN_0047fa60,0047fa60,core/door.cpp,7,0,,7
core_door.cpp_CDoor_hasCollision_FUN_00480d90,00480d90,core/door.cpp,12,4,stack_param,57
core_door.cpp_CDoor_FUN_00481210,00481210,core/door.cpp,11,0,,11
core_door.cpp_CDoor_process_FUN_004800c0,004800c0,core/door.cpp,193,13,stack_param|unknown_field|badspacebase|register_param,343
core_door.cpp_CDoor_getMoveType_FUN_00481070,00481070,core/door.cpp,67,17,stack_param|unaffected_reg|badspacebase|register_param|stack_ref,262
core_door.cpp_CDoor_getActorType_FUN_0047fac0,0047fac0,core/door.cpp,4,0,,4
core_door.cpp_CDoor_getGroundType_FUN_00480dd0,00480dd0,core/door.cpp,4,0,,4
core_door.cpp_FUN_00481250,00481250,core/door.cpp,33,8,stack_param|suspect_float,123
core_door.cpp_CDoor_renderOpaque_FUN_004807d0,004807d0,core/door.cpp,82,19,stack_param|unaffected_reg|suspect_float|badspacebase|register_param|stack_ref,302
core_door.cpp_CDoor_getPropertyList_FUN_00481320,00481320,core/door.cpp,48,0,,48
core_door.cpp_FUN_0047fcf0,0047fcf0,core/door.cpp,5,0,,5
core_door.cpp_FUN_004812b0,004812b0,core/door.cpp,17,2,stack_param,42
core_door.cpp_CDoor_renderBackground_FUN_004809e0,004809e0,core/door.cpp,22,4,suspect_float|badspacebase|register_param|stack_ref,82
core_door.cpp_CDoor_allowBulletHoles_FUN_00480e00,00480e00,core/door.cpp,4,0,,4
core_door.cpp_CDoor_dtor_FUN_00481670,00481670,core/door.cpp,16,0,,16
core_gargoyle.cpp_CGargoyle_unk6_FUN_004e4a00,004e4a00,core/gargoyle.cpp,436,182,stack_param|suspect_float|extra_output|badspacebase|pointer_cast|register_param|stack_ref,2291
core_gargoyle.cpp_CGargoyle_FUN_004e5930,004e5930,core/gargoyle.cpp,71,35,stack_param|badspacebase|register_param|stack_ref,441
core_gargoyle.cpp_FUN_004e44d0,004e44d0,core/gargoyle.cpp,5,0,,5
core_gargoyle.cpp_CGargoyle_unk3_FUN_004e57d0,004e57d0,core/gargoyle.cpp,59,21,stack_param|badspacebase|register_param|stack_ref,289
core_gargoyle.cpp_FUN_004e44e0,004e44e0,core/gargoyle.cpp,69,0,,69
core_gargoyle.cpp_FUN_004e44a0,004e44a0,core/gargoyle.cpp,11,0,,11
core_gargoyle.cpp_staticInit_FUN_004e4470,004e4470,core/gargoyle.cpp,8,0,,8
core_gargoyle.cpp_FUN_004e5bd0,004e5bd0,core/gargoyle.cpp,30,1,negative_offset,45
core_gargoyle.cpp_CGargoyle_getPropertyList_FUN_004e5af0,004e5af0,core/gargoyle.cpp,15,9,stack_param,110
core_gargoyle.cpp_CGargoyle_unk4_FUN_004e5530,004e5530,core/gargoyle.cpp,90,52,stack_param,615
core_gargoyle.cpp_CGargoyle_unk5_FUN_004e53f0,004e53f0,core/gargoyle.cpp,20,6,stack_param,85
core_gargoyle.cpp_CGargoyle_FUN_004e5ad0,004e5ad0,core/gargoyle.cpp,8,2,stack_param,33
core_gargoyle.cpp_CGargoyle_FUN_004e45e0,004e45e0,core/gargoyle.cpp,89,17,stack_param,264
core_gargoyle.cpp_FUN_004e5ba0,004e5ba0,core/gargoyle.cpp,10,4,stack_param,55
core_gargoyle.cpp_CGargoyle_FUN_004e48a0,004e48a0,core/gargoyle.cpp,51,22,stack_param|unknown_field|badspacebase|register_param,291
core_gargoyle.cpp_CGargoyle_load_FUN_004e5470,004e5470,core/gargoyle.cpp,28,8,stack_param,113
core_course.cpp_OpeningCourseFileMaybe_FUN_00442bc0,00442bc0,core/course.cpp,55,11,stack_param|unaffected_reg|badspacebase|register_param|stack_ref,190
core_course.cpp_CCourse_load_FUN_00442580,00442580,core/course.cpp,42,0,,42
core_course.cpp_CCourse_FUN_00442710,00442710,core/course.cpp,32,10,stack_param|badspacebase|register_param|stack_ref,152
core_course.cpp_FUN_00443bc0,00443bc0,core/course.cpp,199,36,stack_param|sub_artifact|concat_artifact|suspect_float|badspacebase|pointer_cast|register_param|stack_ref,599
core_course.cpp_CCourse_allocMemory_FUN_00442500,00442500,core/course.cpp,24,4,stack_param,69
core_course.cpp_CCourse_importMatrices_FUN_00442ea0,00442ea0,core/course.cpp,87,25,stack_param|unaffected_reg|unknown_field|badspacebase|pointer_cast|register_param|stack_ref,372
core_course.cpp_CCourse_FUN_004427a0,004427a0,core/course.cpp,155,52,stack_param|sub_artifact|concat_artifact|extra_output|badspacebase|register_param|stack_ref,710
core_course.cpp_CCourse_free_FUN_004426c0,004426c0,core/course.cpp,14,1,negative_offset,29
core_course.cpp_CCourse_showEditorMenu_FUN_00443040,00443040,core/course.cpp,317,81,undefined_type|stack_param|negative_offset|sub_artifact|concat_artifact|unaffected_reg|suspect_float|badspacebase|pointer_cast|register_param|stack_ref,1182
core_course.cpp_FUN_004436d0,004436d0,core/course.cpp,28,0,,28
core_course.cpp_CCourse_dtor_FUN_004424e0,004424e0,core/course.cpp,5,0,,5
core_course.cpp_CCourse_ctor_FUN_004424c0,004424c0,core/course.cpp,7,0,,7
core_course.cpp_CCourse_save_FUN_00442a90,00442a90,core/course.cpp,45,8,stack_param|pointer_cast,135
core_course.cpp_FUN_00443760,00443760,core/course.cpp,140,37,stack_param|unknown_field|extra_output|badspacebase|register_param|stack_ref,540
core_course.cpp_OpeningCourseFile2_FUN_00442d70,00442d70,core/course.cpp,38,12,stack_param|badspacebase|register_param|stack_ref,178
core_conveyor.cpp_FUN_00442020,00442020,core/conveyor.cpp,21,7,stack_param,96
core_conveyor.cpp_FUN_00441df0,00441df0,core/conveyor.cpp,69,16,stack_param|badspacebase|register_param,244
core_conveyor.cpp_FUN_004424a0,004424a0,core/conveyor.cpp,12,2,stack_param,37
core_conveyor.cpp_FUN_004420d0,004420d0,core/conveyor.cpp,18,13,stack_param,153
core_conveyor.cpp_FUN_004423f0,004423f0,core/conveyor.cpp,7,5,stack_param,62
core_conveyor.cpp_FUN_00441f50,00441f50,core/conveyor.cpp,5,0,,5
core_conveyor.cpp_FUN_00441f60,00441f60,core/conveyor.cpp,24,9,stack_param|suspect_float|badspacebase|register_param,134
core_conveyor.cpp_dtor_FUN_00442310,00442310,core/conveyor.cpp,20,0,,20
core_conveyor.cpp_FUN_00441f40,00441f40,core/conveyor.cpp,5,0,,5
core_conveyor.cpp_FUN_00442380,00442380,core/conveyor.cpp,19,0,,19
core_conveyor.cpp_staticInit_FUN_00441c30,00441c30,core/conveyor.cpp,8,0,,8
core_conveyor.cpp_FUN_004421c0,004421c0,core/conveyor.cpp,49,24,stack_param,294
core_conveyor.cpp_FUN_00442400,00442400,core/conveyor.cpp,21,23,stack_param|sub_artifact|concat_artifact,266
core_conveyor.cpp_FUN_00441c90,00441c90,core/conveyor.cpp,5,0,,5
core_conveyor.cpp_FUN_00442130,00442130,core/conveyor.cpp,14,9,stack_param,109
core_conveyor.cpp_FUN_00441d60,00441d60,core/conveyor.cpp,48,29,stack_param|badspacebase|register_param|stack_ref,358
core_conveyor.cpp_FUN_004420c0,004420c0,core/conveyor.cpp,5,0,,5
core_conveyor.cpp_FUN_004422f0,004422f0,core/conveyor.cpp,7,0,,7
core_conveyor.cpp_FUN_00441c60,00441c60,core/conveyor.cpp,11,0,,11
core_conveyor.cpp_ctor_FUN_00441ca0,00441ca0,core/conveyor.cpp,61,0,,61
core_terrain.cpp_CTerrain_dtor_FUN_005e1f30,005e1f30,core/terrain.cpp,7,2,extra_output,32
core_terrain.cpp_CTerrain_render_FUN_005e1f50,005e1f50,core/terrain.cpp,41,10,suspect_float|unknown_field|extra_output|badspacebase|register_param|stack_ref,171
core_terrain.cpp_CTerrain_ctor_FUN_005e1ef0,005e1ef0,core/terrain.cpp,11,0,,11
core_terrain.cpp_CTerrain_process_FUN_005e2050,005e2050,core/terrain.cpp,13,0,,13
core_stranger.cpp_CStranger_FUN_005c6220,005c6220,core/stranger.cpp,136,26,stack_param|badspacebase|register_param|stack_ref,416
core_stranger.cpp_CStranger_FUN_005c1f80,005c1f80,core/stranger.cpp,13,7,stack_param,88
core_stranger.cpp_CStranger_FUN_005c3710,005c3710,core/stranger.cpp,9,0,,9
core_stranger.cpp_CStranger_process_FUN_005bb830,005bb830,core/stranger.cpp,43,0,,43
core_stranger.cpp_CStranger_FUN_005c5b90,005c5b90,core/stranger.cpp,117,33,stack_param|unaffected_reg,457
core_stranger.cpp_FUN_005bafc0,005bafc0,core/stranger.cpp,4,0,,4
core_stranger.cpp_FUN_005c69a0,005c69a0,core/stranger.cpp,8,2,stack_param,33
core_stranger.cpp_CStranger_FUN_005c5170,005c5170,core/stranger.cpp,18,6,unaffected_reg|badspacebase|register_param,93
core_stranger.cpp_FUN_005baf20,005baf20,core/stranger.cpp,27,5,stack_param|suspect_float,87
core_stranger.cpp_CStranger_FUN_005c3960,005c3960,core/stranger.cpp,289,61,stack_param|unknown_field|suspect_float|badspacebase|pointer_cast|register_param,929
core_stranger.cpp_FUN_005bafcc,005bafcc,core/stranger.cpp,4,0,,4
core_stranger.cpp_CStranger_getActorType_FUN_005bb110,005bb110,core/stranger.cpp,4,0,,4
core_stranger.cpp_FUN_005bb010,005bb010,core/stranger.cpp,45,4,stack_param|pointer_cast,95
core_stranger.cpp_FUN_005bb0e0,005bb0e0,core/stranger.cpp,11,0,,11
core_stranger.cpp_CStranger_FUN_005bf720,005bf720,core/stranger.cpp,43,13,stack_param|unknown_field|badspacebase|register_param|stack_ref,198
core_stranger.cpp_CStranger_FUN_005c67c0,005c67c0,core/stranger.cpp,13,2,stack_param,38
core_stranger.cpp_CStranger_ctor_FUN_005bb120,005bb120,core/stranger.cpp,212,14,negative_offset,357
core_stranger.cpp_CStranger_FUN_005c1680,005c1680,core/stranger.cpp,277,89,stack_param|unaffected_reg|unknown_field|suspect_float|badspacebase|pointer_cast|register_param,1202
core_stranger.cpp_FUN_005c6970,005c6970,core/stranger.cpp,12,10,stack_param,117
core_stranger.cpp_CStranger_FUN_005c66a0,005c66a0,core/stranger.cpp,27,0,,27
core_stranger.cpp_CStranger_FUN_005c48b0,005c48b0,core/stranger.cpp,140,9,stack_param|concat_artifact|unaffected_reg,245
core_stranger.cpp_CStranger_FUN_005bfb10,005bfb10,core/stranger.cpp,5,0,,5
core_stranger.cpp_FUN_005be480,005be480,core/stranger.cpp,4,0,,4
core_stranger.cpp_CStranger_FUN_005be490,005be490,core/stranger.cpp,30,12,stack_param|badspacebase|register_param|stack_ref,170
core_stranger.cpp_FUN_005baee0,005baee0,core/stranger.cpp,17,0,,17
core_stranger.cpp_FUN_005bafba,005bafba,core/stranger.cpp,4,0,,4
core_stranger.cpp_CStranger_FUN_005c6750,005c6750,core/stranger.cpp,23,14,stack_param,168
core_stranger.cpp_CStranger_FUN_005bb960,005bb960,core/stranger.cpp,1288,558,stack_param|sub_artifact|concat_artifact|badspacebase|register_param,6893
core_stranger.cpp_CStranger_aimLeftPistol_FUN_005c4370,005c4370,core/stranger.cpp,132,19,stack_param|suspect_float|badspacebase|pointer_cast|register_param,347
core_stranger.cpp_CStranger_FUN_005c6590,005c6590,core/stranger.cpp,34,10,stack_param,139
core_stranger.cpp_FUN_005c3750,005c3750,core/stranger.cpp,24,15,stack_param,179
core_stranger.cpp_CStranger_dtor_FUN_005c69c0,005c69c0,core/stranger.cpp,20,2,unaffected_reg,45
core_stranger.cpp_CStranger_FUN_005c5f10,005c5f10,core/stranger.cpp,124,41,stack_param,539
core_stranger.cpp_CStranger_FUN_005bfb60,005bfb60,core/stranger.cpp,274,115,stack_param|unknown_field|badspacebase|pointer_cast|register_param|stack_ref,1454
core_stranger.cpp_CStranger_FUN_005c3150,005c3150,core/stranger.cpp,196,10,stack_param|unknown_field|badspacebase|pointer_cast|register_param|stack_ref,326
core_stranger.cpp_CStranger_FUN_005c5e80,005c5e80,core/stranger.cpp,18,7,stack_param,93
core_stranger.cpp_FUN_005c6930,005c6930,core/stranger.cpp,9,8,stack_param,94
core_stranger.cpp_CStranger_FUN_005bb4b0,005bb4b0,core/stranger.cpp,113,4,badspacebase|register_param|stack_ref,168
core_stranger.cpp_CStranger_FUN_005bf800,005bf800,core/stranger.cpp,97,62,stack_param,722
core_stranger.cpp_CStranger_FUN_005be520,005be520,core/stranger.cpp,655,107,stack_param|unknown_field|suspect_float|badspacebase|pointer_cast|register_param|stack_ref,1760
core_stranger.cpp_CStranger_FUN_005bdd20,005bdd20,core/stranger.cpp,330,138,stack_param|suspect_float|unknown_field|badspacebase|register_param,1735
core_stranger.cpp_CStranger_FUN_005c2850,005c2850,core/stranger.cpp,238,58,stack_param|suspect_float|badspacebase|register_param,838
core_stranger.cpp_CStranger_FUN_005c1f00,005c1f00,core/stranger.cpp,22,7,stack_param,97
core_stranger.cpp_CStranger_FUN_005c4c20,005c4c20,core/stranger.cpp,155,50,stack_param|unknown_field|badspacebase|pointer_cast|register_param,680
core_stranger.cpp_staticInit_FUN_005bae80,005bae80,core/stranger.cpp,15,0,,15
core_stranger.cpp_CStranger_FUN_005c6850,005c6850,core/stranger.cpp,15,2,stack_param,40
core_stranger.cpp_CStranger_serialize_FUN_005c2fe0,005c2fe0,core/stranger.cpp,48,0,,48
core_stranger.cpp_CStranger_FUN_005c07b0,005c07b0,core/stranger.cpp,576,95,stack_param|unaffected_reg|suspect_float|badspacebase|pointer_cast|register_param|stack_ref,1561
core_stranger.cpp_CStranger_FUN_005c02b0,005c02b0,core/stranger.cpp,242,88,stack_param|unaffected_reg|unknown_field|badspacebase|pointer_cast|register_param|stack_ref,1157
core_stranger.cpp_CStranger_FUN_005c51c0,005c51c0,core/stranger.cpp,22,8,stack_param|badspacebase|register_param|stack_ref,122
core_stranger.cpp_CStranger_FUN_005c5270,005c5270,core/stranger.cpp,397,142,stack_param|concat_artifact|suspect_float|badspacebase|register_param,1842
core_stranger.cpp_FUN_005c6650,005c6650,core/stranger.cpp,6,2,stack_param,31
core_stranger.cpp_FUN_005baf3d,005baf3d,core/stranger.cpp,4,0,,4
core_stranger.cpp_CStranger_FUN_005c2400,005c2400,core/stranger.cpp,133,48,stack_param|unknown_field|badspacebase|register_param|stack_ref,638
core_stranger.cpp_CStranger_FUN_005c68f0,005c68f0,core/stranger.cpp,5,0,,5
core_stranger.cpp_FUN_005bafd2,005bafd2,core/stranger.cpp,4,0,,4
core_stranger.cpp_FUN_005bafc6,005bafc6,core/stranger.cpp,4,0,,4
core_stranger.cpp_CStranger_FUN_005c1fe0,005c1fe0,core/stranger.cpp,124,51,stack_param|unknown_field|badspacebase|pointer_cast|register_param|stack_ref,664
core_stranger.cpp_CStranger_FUN_005c68a0,005c68a0,core/stranger.cpp,22,4,stack_param,67
core_stranger.cpp_FUN_005c6660,005c6660,core/stranger.cpp,14,6,stack_param,79
core_stranger.cpp_FUN_005be430,005be430,core/stranger.cpp,13,2,stack_param,38
core_stranger.cpp_FUN_005c695e,005c695e,core/stranger.cpp,5,2,stack_param,30
core_stranger.cpp_CStranger_FUN_005c6910,005c6910,core/stranger.cpp,5,0,,5
core_stranger.cpp_FUN_005bafe0,005bafe0,core/stranger.cpp,10,3,stack_param,45
core_stranger.cpp_FUN_005bafa0,005bafa0,core/stranger.cpp,20,3,stack_param,55
core_stranger.cpp_CStranger_FUN_005c67f0,005c67f0,core/stranger.cpp,16,2,stack_param,41
core_stranger.cpp_FUN_005c6950,005c6950,core/stranger.cpp,5,2,stack_param,30
core_stranger.cpp_FUN_005c37e0,005c37e0,core/stranger.cpp,51,21,stack_param,266
core_stranger.cpp_CStranger_FUN_005c06b0,005c06b0,core/stranger.cpp,47,13,stack_param|unaffected_reg|badspacebase|pointer_cast|register_param,202
core_dimage.cpp_CDemonImage_load_FUN_00471ad0,00471ad0,core/dimage.cpp,95,26,stack_param|badspacebase|register_param|stack_ref,375
core_dimage.cpp_CDemonImage_allocMemory_FUN_004719e0,004719e0,core/dimage.cpp,15,0,,15
core_dimage.cpp_CDemonImage_freeMemory_FUN_00471a40,00471a40,core/dimage.cpp,9,0,,9
core_dimage.cpp_CDemonImage_dtor_FUN_004719c0,004719c0,core/dimage.cpp,5,0,,5
core_dimage.cpp_CDemonImage_ctor_FUN_004719b0,004719b0,core/dimage.cpp,5,0,,5
core_dimage.cpp_CDemonImage_packColor_FUN_00471a70,00471a70,core/dimage.cpp,8,0,,8
core_inivar.cpp_writeIniData_FUN_004fc510,004fc510,core/inivar.cpp,142,69,badspacebase|register_param|stack_ref,847
core_inivar.cpp_readIniData_FUN_004fbd90,004fbd90,core/inivar.cpp,160,72,stack_param|badspacebase|register_param|stack_ref,900
core_ladder.cpp_FUN_00502a40,00502a40,core/ladder.cpp,12,2,stack_param,37
core_ladder.cpp_FUN_005028c0,005028c0,core/ladder.cpp,40,23,stack_param,275
core_ladder.cpp_FUN_00502e90,00502e90,core/ladder.cpp,12,5,stack_param,67
core_ladder.cpp_FUN_00502ca0,00502ca0,core/ladder.cpp,12,7,stack_param,87
core_ladder.cpp_FUN_00502530,00502530,core/ladder.cpp,5,0,,5
core_ladder.cpp_FUN_00502500,00502500,core/ladder.cpp,11,0,,11
core_ladder.cpp_FUN_00502610,00502610,core/ladder.cpp,6,0,,6
core_ladder.cpp_FUN_00502620,00502620,core/ladder.cpp,85,23,stack_param|suspect_float|badspacebase|pointer_cast|register_param|stack_ref,345
core_ladder.cpp_FUN_00502d00,00502d00,core/ladder.cpp,51,18,stack_param|extra_output,241
core_ladder.cpp_FUN_00502e50,00502e50,core/ladder.cpp,16,8,stack_param,101
core_ladder.cpp_FUN_00502eb0,00502eb0,core/ladder.cpp,10,4,stack_param,55
core_ladder.cpp_CLadder_load_FUN_005029c0,005029c0,core/ladder.cpp,19,6,stack_param,84
core_ladder.cpp_FUN_00502540,00502540,core/ladder.cpp,23,2,negative_offset,48
core_ladder.cpp_FUN_00502c90,00502c90,core/ladder.cpp,6,2,stack_param,31
core_ladder.cpp_FUN_005025f0,005025f0,core/ladder.cpp,10,4,stack_param,55
core_ladder.cpp_FUN_00502ed0,00502ed0,core/ladder.cpp,16,0,,16
core_ladder.cpp_FUN_00502a70,00502a70,core/ladder.cpp,59,21,stack_param|badspacebase|pointer_cast|register_param|stack_ref,294
core_ladder.cpp_staticInit_FUN_005024d0,005024d0,core/ladder.cpp,8,0,,8
core_ladder.cpp_FUN_00502b80,00502b80,core/ladder.cpp,57,21,stack_param|badspacebase|register_param|stack_ref,287
core_haystack.cpp_FUN_004f0c10,004f0c10,core/haystack.cpp,27,0,,27
core_haystack.cpp_FUN_004f1ca0,004f1ca0,core/haystack.cpp,9,4,stack_param,54
core_haystack.cpp_FUN_004f0bd0,004f0bd0,core/haystack.cpp,11,0,,11
core_haystack.cpp_FUN_004f0e40,004f0e40,core/haystack.cpp,310,116,stack_param|unaffected_reg|unknown_field|badspacebase|pointer_cast|register_param,1500
core_haystack.cpp_FUN_004f1cb0,004f1cb0,core/haystack.cpp,8,2,stack_param,33
core_haystack.cpp_FUN_004f1b60,004f1b60,core/haystack.cpp,7,2,stack_param,32
core_haystack.cpp_FUN_004f1d10,004f1d10,core/haystack.cpp,22,6,stack_param|unaffected_reg,92
core_haystack.cpp_FUN_004f13f0,004f13f0,core/haystack.cpp,189,96,stack_param|unaffected_reg|unknown_field|badspacebase|register_param,1174
core_haystack.cpp_FUN_004f0c80,004f0c80,core/haystack.cpp,49,9,stack_param,144
core_haystack.cpp_FUN_004f1970,004f1970,core/haystack.cpp,53,18,stack_param,238
core_haystack.cpp_FUN_004f0c00,004f0c00,core/haystack.cpp,5,0,,5
core_haystack.cpp_FUN_004f1ab0,004f1ab0,core/haystack.cpp,38,14,stack_param|unknown_field|badspacebase|register_param|stack_ref,203
core_haystack.cpp_CHaystack_FUN_004f1b70,004f1b70,core/haystack.cpp,50,6,stack_param,115
core_haystack.cpp_FUN_004f1c90,004f1c90,core/haystack.cpp,6,2,stack_param,31
core_haystack.cpp_FUN_004f1cf0,004f1cf0,core/haystack.cpp,8,2,stack_param,33
core_haystack.cpp_FUN_004f1cd0,004f1cd0,core/haystack.cpp,8,2,stack_param,33
core_haystack.cpp_staticInit_FUN_004f0ba0,004f0ba0,core/haystack.cpp,8,0,,8
core_haystack.cpp_CHaystack_load_FUN_004f1b50,004f1b50,core/haystack.cpp,7,2,stack_param,32
core_simbox.cpp_CSimBox_dtor_FUN_005893e0,005893e0,core/simbox.cpp,21,1,negative_offset,36
core_simbox.cpp_CSimBox_FUN_00589310,00589310,core/simbox.cpp,17,8,stack_param,102
core_simbox.cpp_CSimBox_FUN_00588e00,00588e00,core/simbox.cpp,59,11,unaffected_reg|badspacebase|register_param|stack_ref,189
core_simbox.cpp_CSimBox_FUN_00589260,00589260,core/simbox.cpp,4,0,,4
core_simbox.cpp_FUN_00589270,00589270,core/simbox.cpp,32,6,stack_param|suspect_float,102
core_simbox.cpp_CSimBox_FUN_005893c0,005893c0,core/simbox.cpp,7,2,stack_param,32
core_simbox.cpp_staticInit_FUN_00588cd0,00588cd0,core/simbox.cpp,7,0,,7
core_simbox.cpp_CSimBox_FUN_005890f0,005890f0,core/simbox.cpp,20,4,suspect_float|badspacebase|register_param|stack_ref,80
core_simbox.cpp_CSimBox_ctor_FUN_00588d40,00588d40,core/simbox.cpp,37,18,negative_offset|pointer_cast,227
core_simbox.cpp_CSimBox_process_FUN_00588f20,00588f20,core/simbox.cpp,80,5,stack_param|badspacebase|register_param|stack_ref,150
core_simbox.cpp_CSimBox_FUN_00588d00,00588d00,core/simbox.cpp,11,0,,11
core_simbox.cpp_FUN_005892d0,005892d0,core/simbox.cpp,8,0,,8
core_simbox.cpp_CSimBox_FUN_005891b0,005891b0,core/simbox.cpp,27,0,,27
core_simbox.cpp_CSimBox_getActorType_FUN_00588d30,00588d30,core/simbox.cpp,4,0,,4
core_simbox.cpp_CSimBox_FUN_00589160,00589160,core/simbox.cpp,16,8,stack_param,101
core_podmain.cpp_staticInit_FUN_00551990,00551990,core/podmain.cpp,7,0,,7
core_podmain.cpp_CDemonPod_dtor_FUN_00551b20,00551b20,core/podmain.cpp,18,2,unaffected_reg,43
core_podmain.cpp_CDemonPod_ctor_FUN_00551b00,00551b00,core/podmain.cpp,7,0,,7
core_podmain.cpp_CDemonPod_load_FUN_005519c0,005519c0,core/podmain.cpp,39,15,stack_param|unaffected_reg|badspacebase|register_param|stack_ref,214
core_ammobox.cpp_staticInit_FUN_00411530,00411530,core/ammobox.cpp,9,0,,9
core_ammobox.cpp_CAmmoBox_FUN_004118b0,004118b0,core/ammobox.cpp,16,8,stack_param,101
core_ammobox.cpp_CAmmoBox_getPropertyList_FUN_00411b30,00411b30,core/ammobox.cpp,20,9,stack_param,115
core_ammobox.cpp_CAmmoBox_FUN_00411c00,00411c00,core/ammobox.cpp,7,2,stack_param,32
core_ammobox.cpp_CAmmoBox_getActorType_FUN_00411590,00411590,core/ammobox.cpp,4,0,,4
core_ammobox.cpp_constructor_FUN_00411560,00411560,core/ammobox.cpp,11,0,,11
core_ammobox.cpp_CAmmoBox_ctor_FUN_004115a0,004115a0,core/ammobox.cpp,33,4,negative_offset|pointer_cast,83
core_ammobox.cpp_AllocateMemoryMaybe_FUN_00411700,00411700,core/ammobox.cpp,51,12,stack_param,176
core_ammobox.cpp_CAmmoBox_FUN_00411820,00411820,core/ammobox.cpp,23,5,unaffected_reg|badspacebase|register_param|stack_ref,93
core_ammobox.cpp_CAmmoBox_FUN_004119f0,004119f0,core/ammobox.cpp,12,2,stack_param,37
core_ammobox.cpp_CAmmoBox_FUN_004119d0,004119d0,core/ammobox.cpp,4,0,,4
core_ammobox.cpp_CAmmoBox_dtor_FUN_00411c20,00411c20,core/ammobox.cpp,16,0,,16
core_ammobox.cpp_CAmmoBox_serialize_FUN_00411900,00411900,core/ammobox.cpp,22,0,,22
core_ammobox.cpp_FUN_00411ab0,00411ab0,core/ammobox.cpp,25,2,stack_param,50
core_ammobox.cpp_CAmmoBox_FUN_00411650,00411650,core/ammobox.cpp,11,0,,11
core_ammobox.cpp_FUN_00411a30,00411a30,core/ammobox.cpp,42,7,stack_param,117
core_ammobox.cpp_LogConsoleOpenPCTFile_FUN_00411690,00411690,core/ammobox.cpp,16,2,unaffected_reg,41
core_ammobox.cpp_CAmmoBox_process_FUN_00411680,00411680,core/ammobox.cpp,4,0,,4
core_cow.cpp_FUN_00444100,00444100,core/cow.cpp,11,0,,11
core_cow.cpp_FUN_00444ca0,00444ca0,core/cow.cpp,10,4,stack_param,55
core_cow.cpp_FUN_00444c00,00444c00,core/cow.cpp,20,10,stack_param|badspacebase|register_param,135
core_cow.cpp_FUN_00444130,00444130,core/cow.cpp,5,0,,5
core_cow.cpp_staticInit_FUN_004440d0,004440d0,core/cow.cpp,8,0,,8
core_cow.cpp_FUN_00444b40,00444b40,core/cow.cpp,38,13,stack_param|extra_output,178
core_cow.cpp_FUN_00444c90,00444c90,core/cow.cpp,7,2,stack_param,32
core_cow.cpp_CZombieCow_load_FUN_00444840,00444840,core/cow.cpp,16,6,stack_param,81
core_cow.cpp_FUN_00444310,00444310,core/cow.cpp,235,105,stack_param|extra_output|badspacebase|register_param|stack_ref,1310
core_cow.cpp_FUN_004441b0,004441b0,core/cow.cpp,50,15,stack_param,205
core_cow.cpp_FUN_00444140,00444140,core/cow.cpp,31,0,,31
core_cow.cpp_FUN_00444cd0,00444cd0,core/cow.cpp,30,1,negative_offset,45
core_cow.cpp_FUN_004448c0,004448c0,core/cow.cpp,77,43,stack_param,512
core_cow.cpp_FUN_00444c50,00444c50,core/cow.cpp,11,5,stack_param,66
core_fileman.cpp_CDemonFileManager_addSetToExtractList_FUN_004bd8e0,004bd8e0,core/fileman.cpp,11,2,stack_param,36
core_fileman.cpp_refreshSoundDirectory_FUN_004be590,004be590,core/fileman.cpp,17,0,,17
core_fileman.cpp_preprocessMusicFiles_FUN_004bd750,004bd750,core/fileman.cpp,57,10,stack_param|badspacebase|register_param|stack_ref,177
core_fileman.cpp_trimWhitespace_FUN_004bd9b0,004bd9b0,core/fileman.cpp,30,0,,30
core_fileman.cpp_CDemonFileManager_createPodFromDirectory_FUN_004bda20,004bda20,core/fileman.cpp,292,23,undefined_type|stack_param|sub_artifact|concat_artifact|badspacebase|register_param|stack_ref,557
core_fileman.cpp_CDemonFileManager_addKeyframeModelToExtractList_FUN_004be230,004be230,core/fileman.cpp,10,2,stack_param,35
core_fileman.cpp_CDemonFileManager_ctor_FUN_00508860,00508860,core/fileman.cpp,8,0,,8
core_fileman.cpp_CDemonFileManager_addClothFileToExtractList_FUN_004be150,004be150,core/fileman.cpp,31,2,stack_param,56
core_fileman.cpp_CDemonFileManager_moveSetIntoPod_FUN_004bd930,004bd930,core/fileman.cpp,19,5,sub_artifact|badspacebase|register_param|stack_ref,89
core_fileman.cpp_CDemonFileManager_addDeformableModelToExtractList_FUN_004be070,004be070,core/fileman.cpp,29,0,,29
core_fileman.cpp_CDemonFileManager_dtor_FUN_00508880,00508880,core/fileman.cpp,7,2,extra_output,32
core_fileman.cpp_CDemonFileManager_showEditorMenu_FUN_004be270,004be270,core/fileman.cpp,113,4,badspacebase|register_param|stack_ref,168
core_curtain.cpp_FUN_00449690,00449690,core/curtain.cpp,5,0,,5
core_curtain.cpp_FUN_0044b7a0,0044b7a0,core/curtain.cpp,54,36,stack_param,419
core_curtain.cpp_FUN_0044bad0,0044bad0,core/curtain.cpp,7,2,stack_param,32
core_curtain.cpp_FUN_00449e40,00449e40,core/curtain.cpp,41,12,stack_param|badspacebase|register_param,176
core_curtain.cpp_FUN_0044b360,0044b360,core/curtain.cpp,11,2,stack_param,36
core_curtain.cpp_FUN_00449fc0,00449fc0,core/curtain.cpp,197,99,stack_param|badspacebase|pointer_cast|register_param,1207
core_curtain.cpp_FUN_0044baa0,0044baa0,core/curtain.cpp,4,0,,4
core_curtain.cpp_FUN_0044a920,0044a920,core/curtain.cpp,274,58,stack_param|badspacebase|register_param,869
core_curtain.cpp_FUN_0044b8d0,0044b8d0,core/curtain.cpp,28,14,stack_param,173
core_curtain.cpp_FUN_0044b600,0044b600,core/curtain.cpp,6,2,stack_param,31
core_curtain.cpp_SCollisionInfo_dtor_FUN_0044bac0,0044bac0,core/curtain.cpp,4,0,,4
core_curtain.cpp_FUN_0044b060,0044b060,core/curtain.cpp,111,53,stack_param|unaffected_reg|suspect_float|sborrow_artifact|badspacebase|register_param|stack_ref,676
core_curtain.cpp_FUN_0044b380,0044b380,core/curtain.cpp,18,13,stack_param,153
core_curtain.cpp_FindCurtainTextures_FUN_0044b960,0044b960,core/curtain.cpp,56,4,unaffected_reg|badspacebase|register_param,111
core_curtain.cpp_FUN_004496a0,004496a0,core/curtain.cpp,57,25,pointer_cast,312
core_curtain.cpp_freeVectors_FUN_0044baf0,0044baf0,core/curtain.cpp,5,0,,5
core_curtain.cpp_FUN_0044b610,0044b610,core/curtain.cpp,26,21,stack_param,241
core_curtain.cpp_staticInit_FUN_00449610,00449610,core/curtain.cpp,11,0,,11
core_curtain.cpp_FUN_00449810,00449810,core/curtain.cpp,289,103,stack_param|unaffected_reg|suspect_float|extra_output|pointer_cast,1344
core_curtain.cpp_FUN_00449f10,00449f10,core/curtain.cpp,37,12,stack_param|badspacebase|register_param,172
core_curtain.cpp_FUN_00449660,00449660,core/curtain.cpp,11,0,,11
core_curtain.cpp_FUN_0044ba30,0044ba30,core/curtain.cpp,18,0,,18
core_curtain.cpp_CCurtain_load_FUN_0044b3e0,0044b3e0,core/curtain.cpp,99,94,stack_param|badspacebase|register_param|stack_ref,1059
core_curtain.cpp_FUN_0044b340,0044b340,core/curtain.cpp,11,2,stack_param,36
core_curtain.cpp_FUN_0044bab0,0044bab0,core/curtain.cpp,4,0,,4
core_curtain.cpp_FUN_0044b370,0044b370,core/curtain.cpp,5,0,,5
core_frankgen.cpp_FUN_004d2770,004d2770,core/frankgen.cpp,34,31,stack_param|badspacebase|register_param|stack_ref,364
core_frankgen.cpp_CFrankenstienMachine_findLeader_FUN_004d2330,004d2330,core/frankgen.cpp,24,0,,24
core_frankgen.cpp_FUN_004d24f0,004d24f0,core/frankgen.cpp,5,0,,5
core_frankgen.cpp_FUN_004d1710,004d1710,core/frankgen.cpp,5,0,,5
core_frankgen.cpp_FUN_004d2740,004d2740,core/frankgen.cpp,12,7,stack_param,87
core_frankgen.cpp_FUN_004d25f0,004d25f0,core/frankgen.cpp,43,14,stack_param,188
core_frankgen.cpp_FUN_004d23a0,004d23a0,core/frankgen.cpp,26,12,stack_param,151
core_frankgen.cpp_FUN_004d2880,004d2880,core/frankgen.cpp,5,2,stack_param,30
core_frankgen.cpp_FUN_004d2500,004d2500,core/frankgen.cpp,19,8,stack_param|badspacebase|register_param,114
core_frankgen.cpp_FUN_004d1f70,004d1f70,core/frankgen.cpp,56,24,stack_param|sub_artifact|suspect_float|extra_output|badspacebase|register_param|stack_ref,331
core_frankgen.cpp_FUN_004d16e0,004d16e0,core/frankgen.cpp,11,0,,11
core_frankgen.cpp_FUN_004d2560,004d2560,core/frankgen.cpp,21,12,stack_param,146
core_frankgen.cpp_SoundPushPlayPopAgain_FUN_004d1f20,004d1f20,core/frankgen.cpp,19,9,stack_param|pointer_cast,119
core_frankgen.cpp_FUN_004d28a0,004d28a0,core/frankgen.cpp,20,0,,20
core_frankgen.cpp_FUN_004d2890,004d2890,core/frankgen.cpp,5,2,stack_param,30
core_frankgen.cpp_CFrankenstienMachine_setCourseFrame_FUN_004d2430,004d2430,core/frankgen.cpp,13,3,stack_param,48
core_frankgen.cpp_PlaySounds_FUN_004d1a40,004d1a40,core/frankgen.cpp,128,22,stack_param|unaffected_reg|unknown_field|badspacebase|register_param|stack_ref,378
core_frankgen.cpp_staticInit_FUN_004d16b0,004d16b0,core/frankgen.cpp,9,0,,9
core_frankgen.cpp_CFrankenstienMachine_load_FUN_004d19e0,004d19e0,core/frankgen.cpp,11,4,stack_param,56
core_frankgen.cpp_FUN_004d1720,004d1720,core/frankgen.cpp,24,3,negative_offset,59
core_frankgen.cpp_FUN_004d17b0,004d17b0,core/frankgen.cpp,135,38,stack_param,520
core_frankgen.cpp_FUN_004d20f0,004d20f0,core/frankgen.cpp,21,10,stack_param,126
core_frankgen.cpp_LoadModel_FUN_004d2190,004d2190,core/frankgen.cpp,72,14,stack_param|badspacebase|pointer_cast|register_param,232
core_frankgen.cpp_FUN_004d1ec0,004d1ec0,core/frankgen.cpp,17,10,stack_param|extra_output,127
