name,address,virtual_file,lines,suspect_count,suspect_types,complexity_score
FUN_00401010,00401010,engine/2d.c,77,19,undefined_data|warning_overlapping_globals,277
FUN_004012a0,004012a0,.,38,13,undefined_data|unresolved_funcptr|warning_overlapping_globals,183
FUN_00401530,00401530,.,17,18,param_count_too_few|undefined_data|unnamed_param|warning_overlapping_globals,217
FUN_004015a0,004015a0,.,57,34,param_count_too_few|unnamed_param,407
FUN_00401850,00401850,.,40,35,param_count_too_few|pointer_cast|pointer_truncation|unaffected_reg|undefined_data|unnamed_param|warning_overlapping_globals,425
FUN_00401990,00401990,.,87,5,param_count_too_few|undefined_data,147
FUN_00401bd0,00401bd0,engine/2d.c,14,7,param_count_too_few|undefined_data|unnamed_param|warning_overlapping_globals,104
FUN_00401c40,00401c40,.,85,35,param_count_too_few|undefined_data|unnamed_param|warning_overlapping_globals,455
FUN_00401e30,00401e30,.,19,16,param_count_too_few|unnamed_param|warning_overlapping_globals,194
FUN_00401ed0,00401ed0,.,35,6,param_count_too_few|undefined_data|unnamed_param|unrolled_strlen,115
FUN_00402040,00402040,.,75,39,param_count_too_few|undefined_data|unnamed_param|warning_overlapping_globals,485
FUN_00402290,00402290,.,41,24,unnamed_param|unrolled_strlen,291
FUN_00402320,00402320,.,34,20,undefined_data|unnamed_param|unrolled_strlen,249
FUN_004024e0,004024e0,.,41,26,unnamed_param|unrolled_strlen,311
FUN_00402570,00402570,.,34,22,undefined_data|unnamed_param|unrolled_strlen,269
FUN_00402600,00402600,.,10,12,param_count_too_few|undefined_data|unnamed_param|warning_overlapping_globals,150
FUN_004026b0,004026b0,.,29,15,param_count_too_few|unnamed_param|unrolled_strlen,194
FUN_00402760,00402760,.,5,7,param_count_too_few|unnamed_param,85
FUN_00402a60,00402a60,.,10,14,param_count_too_few|undefined_data|unnamed_param|warning_overlapping_globals,170
FUN_00402b60,00402b60,.,7,7,unnamed_param,82
FUN_00402c20,00402c20,.,7,7,unnamed_param,82
FUN_00402cf0,00402cf0,.,7,10,param_count_too_few|unnamed_param,117
FUN_00402d30,00402d30,.,5,9,param_count_too_few|unnamed_param,105
FUN_00402e20,00402e20,.,4,1,undefined_data,19
FUN_00402e30,00402e30,.,5,3,undefined_data|unnamed_param,45
FUN_00402e50,00402e50,.,5,0,,5
FUN_00402e60,00402e60,.,4,1,undefined_data,19
FUN_00402e70,00402e70,.,5,4,param_count_too_few|undefined_data|unnamed_param,60
FUN_004031a0,004031a0,.,72,8,param_count_too_few|undefined_data|unnamed_param|warning_overlapping_globals,172
FUN_00403460,00403460,.,28,8,param_count_too_few|undefined_data|unnamed_param,123
FUN_00403500,00403500,engine/2d.c,14,6,param_count_too_few|undefined_data|unnamed_param|warning_overlapping_globals,94
FUN_00403570,00403570,.,50,7,pointer_cast|pointer_truncation|undefined_data|warning_overlapping_globals,140
FUN_00403630,00403630,engine/2d.c,53,16,param_count_too_few|undefined_data|unnamed_param|unrolled_strchr|unrolled_strcpy|warning_overlapping_globals,243
thunk_FUN_00553190,00403760,.,65,22,undefined_data|unresolved_funcptr|warning_overlapping_globals,300
thunk_FUN_005533a0,00403770,.,33,11,undefined_data|unresolved_funcptr|warning_overlapping_globals,158
FUN_00403bd0,00403bd0,engine/2d.c,57,43,param_count_too_few|undefined_data|unnamed_param|warning_overlapping_globals,507
FUN_00403ce0,00403ce0,engine/2d.c,62,51,concat_reconstruction|param_count_too_few|undefined_data|unnamed_param|warning_overlapping_globals,597
FUN_00403e10,00403e10,.,8,17,param_count_too_few|unnamed_param,188
FUN_00403e60,00403e60,.,28,27,param_count_too_few|unnamed_param|warning_overlapping_globals,313
FUN_00403ef0,00403ef0,.,11,18,param_count_too_few|unnamed_param|warning_overlapping_globals,206
FUN_00403f50,00403f50,.,28,2,undefined_data,53
thunk_FUN_005458a0,00404480,.,12,1,warning_overlapping_globals,27
thunk_FUN_005458d0,00404490,.,15,1,warning_overlapping_globals,30
FUN_004044d0,004044d0,.,11,13,param_count_too_few|undefined_data|unnamed_param|warning_overlapping_globals,161
FUN_00404610,00404610,.,23,17,param_count_too_few|sign_compare_idiom|undefined_data|unnamed_param|warning_overlapping_globals,218
FUN_00404680,00404680,.,16,11,concat_reconstruction|pointer_truncation|undefined_data|unnamed_param,146
FUN_00404710,00404710,.,8,5,unnamed_param|warning_overlapping_globals,68
FUN_00405840,00405840,.,10,5,undefined_data|warning_overlapping_globals,70
FUN_00406c60,00406c60,.,46,15,undefined_data|unnamed_param|warning_overlapping_globals,211
FUN_00406d80,00406d80,.,46,15,undefined_data|unnamed_param|warning_overlapping_globals,211
FUN_00406f30,00406f30,.,26,9,undefined_data|unnamed_param|warning_overlapping_globals,131
FUN_00408370,00408370,.,14,14,param_count_too_few|undefined_data|unnamed_param|warning_overlapping_globals,174
FUN_004083c0,004083c0,.,6,3,unnamed_param|warning_overlapping_globals,46
FUN_00408c10,00408c10,.,43,20,param_count_too_few|undefined_data|unnamed_param|warning_overlapping_globals,263
FUN_00408e80,00408e80,.,13,7,undefined_data|unnamed_param|unresolved_funcptr,98
FUN_00409290,00409290,.,129,107,stack_param|stack_ref|undefined_data|unnamed_param|unrolled_memcpy,1224
FUN_00409860,00409860,.,109,93,param_count_too_few|unnamed_param,1049
FUN_00409cd0,00409cd0,.,8,5,unnamed_param|unresolved_funcptr,68
FUN_00409cf0,00409cf0,.,11,13,param_count_too_few|unnamed_param,151
FUN_00409d30,00409d30,.,66,8,param_count_too_few|undefined_data|unnamed_param|unrolled_strcpy,166
FUN_00409ea0,00409ea0,.,16,13,param_count_too_few|undefined_data|unnamed_param,161
FUN_00409f20,00409f20,.,6,6,param_count_too_few|undefined_data|unnamed_param,81
FUN_00409f60,00409f60,.,5,1,undefined_data,20
FUN_00409fa0,00409fa0,.,5,5,param_count_too_few|unnamed_param|unresolved_funcptr,70
FUN_00409fc0,00409fc0,.,12,8,param_count_too_few|unnamed_param|unresolved_funcptr,107
FUN_0040a000,0040a000,.,12,9,unnamed_param,107
FUN_0040a200,0040a200,.,5,8,param_count_too_few|unnamed_param,95
FUN_0040a220,0040a220,.,5,8,param_count_too_few|unnamed_param,95
FUN_0040a240,0040a240,.,10,13,param_count_too_few|unnamed_param,150
FUN_0040a290,0040a290,.,11,13,param_count_too_few|unnamed_param,151
FUN_0040a390,0040a390,.,17,16,unnamed_param|unresolved_funcptr,187
FUN_0040a420,0040a420,.,35,22,unnamed_param|unresolved_funcptr,265
FUN_0040a540,0040a540,.,65,76,param_count_too_few|unnamed_param|unresolved_funcptr,840
FUN_0040a740,0040a740,core/actor.cpp,126,54,param_count_too_few|raw_address_constant|stack_ref|unnamed_param|unresolved_funcptr|warning_overlapping_globals,696
FUN_0040ab10,0040ab10,.,7,9,concat_reconstruction|unnamed_param,107
FUN_0040b090,0040b090,.,10,7,unnamed_param,85
FUN_0040b0d0,0040b0d0,.,8,10,unnamed_param,113
FUN_0040b150,0040b150,.,14,18,unnamed_param,199
FUN_0040b1a0,0040b1a0,.,4,0,,4
FUN_0040b1b0,0040b1b0,.,12,11,unnamed_param,127
FUN_0040b200,0040b200,.,24,5,unnamed_param|unresolved_funcptr|warning_overlapping_globals,89
FUN_0040bca0,0040bca0,.,12,13,unnamed_param|unresolved_funcptr,152
FUN_0040bce0,0040bce0,.,17,9,unnamed_param|unresolved_funcptr|warning_overlapping_globals,122
FUN_0040bff0,0040bff0,.,32,22,concat_reconstruction|fnstsw_flag_artifact|param_count_too_few|register_param|undefined_data|unnamed_param|unrolled_strlen,287
FUN_0040c040,0040c040,core/actor.cpp,35,27,param_count_too_few|undefined_data|unnamed_param|unresolved_funcptr|warning_overlapping_globals,330
FUN_0040c160,0040c160,core/actor.cpp,60,27,param_count_too_few|undefined_data|unnamed_param|unresolved_funcptr|unrolled_strcpy|warning_overlapping_globals,360
FUN_0040c320,0040c320,core/actor.cpp,26,14,param_count_too_few|undefined_data|unnamed_param|warning_overlapping_globals,186
FUN_0040c3a0,0040c3a0,.,29,17,undefined_data|unnamed_param,209
FUN_0040c450,0040c450,.,16,10,param_count_too_few|undefined_data|unnamed_param,131
FUN_0040c4f0,0040c4f0,.,16,10,param_count_too_few|undefined_data|unnamed_param,131
FUN_0040c590,0040c590,.,16,9,param_count_too_few|undefined_data|unnamed_param,121
FUN_0040c630,0040c630,.,17,16,param_count_too_few|undefined_data|unnamed_param,192
FUN_0040c6d0,0040c6d0,.,34,20,undefined_data|unnamed_param,244
FUN_0040c7f0,0040c7f0,.,52,14,param_count_too_few|pointer_cast|pointer_truncation|undefined_data|unnamed_param|unrolled_strcpy,222
FUN_0040c880,0040c880,.,15,13,param_count_too_few|undefined_data|unnamed_param,160
FUN_0040c900,0040c900,.,15,13,param_count_too_few|undefined_data|unnamed_param,160
FUN_0040c980,0040c980,.,12,14,undefined_data|unnamed_param,162
FUN_0040ca00,0040ca00,.,25,9,param_count_too_few|undefined_data|unnamed_param|unrolled_strcpy,135
FUN_0040ca80,0040ca80,.,25,9,param_count_too_few|undefined_data|unnamed_param|unrolled_strcpy,135
FUN_0040cb00,0040cb00,.,30,19,param_count_too_few|undefined_data|unnamed_param,235
FUN_0040cbf0,0040cbf0,.,77,53,param_count_too_few|undefined_data|unnamed_param,622
FUN_0040ce80,0040ce80,.,30,19,param_count_too_few|undefined_data|unnamed_param,235
FUN_0040cf70,0040cf70,.,55,32,param_count_too_few|undefined_data|unnamed_param,390
FUN_0040d110,0040d110,.,60,34,undefined_data|unnamed_param,410
FUN_0040d2d0,0040d2d0,.,19,8,param_count_too_few|undefined_data|unnamed_param,114
FUN_0040d3f0,0040d3f0,core/actor.cpp,43,32,displaced_global_access|undefined_data|unnamed_param|unrolled_strcpy|warning_overlapping_globals,388
FUN_0040d4d0,0040d4d0,.,26,14,param_count_too_few|pointer_cast|pointer_truncation|undefined_data|unnamed_param,191
FUN_0040d540,0040d540,core/actor.cpp,24,8,param_count_too_few|unnamed_param|unresolved_funcptr|warning_overlapping_globals,124
FUN_0040d600,0040d600,.,46,29,param_count_too_few|pointer_truncation|undefined_data|unnamed_param,356
FUN_0040d720,0040d720,.,53,18,param_count_too_few|undefined_data|unnamed_param,248
FUN_0040d7e0,0040d7e0,.,10,8,param_count_too_few|unnamed_param|unresolved_funcptr,105
FUN_0040d810,0040d810,.,11,8,param_count_too_few|unnamed_param,101
FUN_0040d830,0040d830,.,4,0,,4
FUN_0040d840,0040d840,.,6,3,stack_ref|unnamed_param,46
FUN_0040d860,0040d860,.,10,8,param_count_too_few|unnamed_param|unresolved_funcptr,105
FUN_0040d890,0040d890,.,8,7,param_count_too_few|unnamed_param,88
FUN_0040d8c0,0040d8c0,.,17,5,pointer_cast|pointer_truncation|undefined_data,82
FUN_0040d8f0,0040d8f0,.,17,5,pointer_cast|pointer_truncation|undefined_data,82
FUN_0040dd20,0040dd20,.,5,4,param_count_too_few|undefined_data|unnamed_param,60
FUN_0040dd30,0040dd30,.,5,3,undefined_data,40
FUN_0040dda0,0040dda0,.,15,6,unnamed_param|warning_overlapping_globals,85
FUN_0040de00,0040de00,.,24,12,param_count_too_few|unnamed_param|warning_overlapping_globals,159
FUN_0040dea0,0040dea0,.,15,4,param_count_too_few|unnamed_param|warning_overlapping_globals,70
FUN_0040df00,0040df00,.,19,8,param_count_too_few|unnamed_param|warning_overlapping_globals,114
FUN_0040dfc0,0040dfc0,.,61,29,param_count_too_few|unnamed_param,361
FUN_0040e0a0,0040e0a0,.,10,10,unnamed_param,115
FUN_0040e0e0,0040e0e0,.,5,3,stack_ref|unnamed_param,45
FUN_0040e100,0040e100,.,5,5,param_count_too_few|unnamed_param,65
FUN_0040e120,0040e120,.,15,12,concat_reconstruction|param_count_too_few|register_param|unnamed_param,155
FUN_0040e160,0040e160,.,4,3,param_count_too_few|unnamed_param,44
FUN_0040e180,0040e180,.,10,11,param_count_too_few|unnamed_param,130
FUN_0040e320,0040e320,.,7,5,param_count_too_few|unnamed_param,67
FUN_0040e340,0040e340,.,5,3,unnamed_param,40
FUN_0040e360,0040e360,.,17,11,param_count_too_few|unnamed_param,137
FUN_0040e3c0,0040e3c0,engine/alphabit.cpp,92,48,param_count_too_few|undefined_data|unnamed_param|warning_overlapping_globals,592
FUN_0040e710,0040e710,.,75,51,param_count_too_few|undefined_data|unnamed_param,600
FUN_0040e8c0,0040e8c0,.,38,41,param_count_too_few|undefined_data|unnamed_param,463
FUN_0040e9e0,0040e9e0,.,35,17,param_count_too_few|unnamed_param,215
FUN_0040eab0,0040eab0,.,19,10,param_count_too_few|pointer_cast|pointer_truncation|undefined_data|unnamed_param|unrolled_memcpy,149
FUN_0040eb70,0040eb70,.,25,5,param_count_too_few|undefined_data|unnamed_param|unrolled_strcpy,95
FUN_0040ed80,0040ed80,.,80,26,param_count_too_few|undefined_data|unnamed_param|unrolled_strcpy,360
FUN_0040ef60,0040ef60,.,5,5,param_count_too_few|unnamed_param,65
FUN_0040f130,0040f130,.,11,13,param_count_too_few|unnamed_param|unresolved_funcptr,156
FUN_0040f1a0,0040f1a0,core/ammobox.cpp,47,18,param_count_too_few|unnamed_param|unresolved_funcptr|unrolled_strcpy|warning_overlapping_globals,252
FUN_0040fe10,0040fe10,.,5,4,param_count_too_few|undefined_data|unnamed_param,60
FUN_0040fe30,0040fe30,.,5,4,param_count_too_few|undefined_data|unnamed_param,60
FUN_0040fe50,0040fe50,.,5,4,param_count_too_few|undefined_data|unnamed_param,60
FUN_00410a80,00410a80,.,41,26,undefined_data|unnamed_param|unresolved_funcptr|unrolled_memcpy,321
FUN_00410bb0,00410bb0,.,9,8,param_count_too_few|unnamed_param,99
FUN_00410bf0,00410bf0,.,35,13,undefined_data|unnamed_param|unresolved_funcptr,180
FUN_00410cc0,00410cc0,.,88,22,param_count_too_few|undefined_data|unnamed_param|unresolved_funcptr|warning_overlapping_globals,333
FUN_00411010,00411010,.,18,9,unnamed_param,113
FUN_00411530,00411530,.,29,16,raw_address_constant|undefined_data|unnamed_param|unresolved_funcptr,209
FUN_00411f20,00411f20,.,22,8,unnamed_param,107
FUN_00412de0,00412de0,.,83,58,unnamed_param|warning_overlapping_globals,673
FUN_00413780,00413780,.,11,3,unnamed_param,46
FUN_004145f0,004145f0,.,114,74,unnamed_param|warning_overlapping_globals,864
FUN_00415b30,00415b30,core/bodypart.cpp,61,30,param_count_too_few|unnamed_param|unrolled_memcpy|warning_overlapping_globals,381
FUN_00415d20,00415d20,.,30,5,param_count_too_few|undefined_data|unnamed_param,95
FUN_00415ee0,00415ee0,core/bodypart.cpp,29,29,param_count_too_few|unnamed_param|warning_overlapping_globals,334
FUN_00416030,00416030,.,41,27,undefined_data|unnamed_param,321
FUN_00416b00,00416b00,.,47,17,unnamed_param|warning_overlapping_globals,227
FUN_00416d40,00416d40,.,196,77,extra_output|param_count_too_few|undefined_data|unnamed_param|unrolled_memcpy|warning_overlapping_globals,996
FUN_00417320,00417320,.,172,25,extra_output|param_count_too_few|undefined_data|unnamed_param|unrolled_memcpy|warning_overlapping_globals,452
FUN_00417730,00417730,.,180,18,extra_output|param_count_too_few|self_copy_guard|stack_alignment_array|unnamed_param|warning_overlapping_globals,390
FUN_00417ac0,00417ac0,.,23,17,param_count_too_few|unnamed_param,203
FUN_00417b40,00417b40,.,55,21,param_count_too_few|unnamed_param|unrolled_strcpy,280
FUN_00417c90,00417c90,core/bodypart.cpp,40,20,param_count_too_few|unnamed_param|unrolled_strcpy|warning_overlapping_globals,260
FUN_00417d70,00417d70,.,51,23,param_count_too_few|undefined_data|unnamed_param|unresolved_funcptr|warning_overlapping_globals,306
FUN_00417eb0,00417eb0,.,10,4,undefined_data|unnamed_param,60
FUN_00417f60,00417f60,.,7,13,param_count_too_few|unnamed_param,147
FUN_00417f90,00417f90,.,7,13,param_count_too_few|unnamed_param,147
FUN_00417fc0,00417fc0,.,7,13,param_count_too_few|unnamed_param,147
FUN_00418110,00418110,.,5,3,undefined_data|unnamed_param,45
FUN_00418130,00418130,.,5,3,undefined_data|unnamed_param,45
FUN_00418480,00418480,.,73,11,unnamed_param|warning_overlapping_globals,193
FUN_004196b0,004196b0,.,142,56,bit_int_float_compare|pointer_cast|unnamed_param|unresolved_funcptr|warning_overlapping_globals,727
FUN_0041a0f0,0041a0f0,core/boneguy.cpp,81,23,pointer_truncation|stack_alignment_array|stack_ref|unnamed_param|unresolved_funcptr|warning_overlapping_globals,341
FUN_0041a310,0041a310,.,44,15,pointer_truncation|stack_alignment_array|stack_ref|unnamed_param|unresolved_funcptr,219
FUN_0041a4f0,0041a4f0,.,5,3,undefined_data|unnamed_param,45
FUN_0041a540,0041a540,engine/boss.c,8,2,param_count_too_few|warning_overlapping_globals,38
FUN_0041a610,0041a610,.,26,3,undefined_data|unnamed_param,66
FUN_0041a6c0,0041a6c0,.,6,3,param_count_too_few|unnamed_param,46
FUN_0041a6e0,0041a6e0,.,65,68,param_count_too_few|unnamed_param|warning_overlapping_globals,760
FUN_0041aaa0,0041aaa0,.,75,89,param_count_too_few|suspect_float|unnamed_param|warning_overlapping_globals,985
FUN_0041acb0,0041acb0,.,13,11,param_count_too_few|unnamed_param|warning_overlapping_globals,138
FUN_0041ad10,0041ad10,.,709,327,param_count_too_few|pointer_cast|self_copy_guard|undefined_data|unnamed_param|unrolled_memcpy|warning_overlapping_globals,4014
FUN_0041c850,0041c850,.,36,30,param_count_too_few|undefined_data|unnamed_param,351
FUN_0041c9e0,0041c9e0,.,20,35,param_count_too_few|unnamed_param|warning_overlapping_globals,385
FUN_0041cb40,0041cb40,.,25,28,param_count_too_few|unnamed_param,315
FUN_0041cbe0,0041cbe0,.,5,4,param_count_too_few|undefined_data|unnamed_param,60
FUN_0041cc00,0041cc00,.,23,27,param_count_too_few|unnamed_param,303
FUN_0041cc70,0041cc70,.,24,19,param_count_too_few|unnamed_param,224
FUN_0041cce0,0041cce0,.,82,5,param_count_too_few|pointer_cast|pointer_truncation|undefined_data|warning_overlapping_globals,157
FUN_0041ceb0,0041ceb0,.,62,18,param_count_too_few|self_copy_guard|undefined_data|unnamed_param|warning_overlapping_globals,267
FUN_0041d050,0041d050,.,161,15,param_count_too_few|undefined_data|unnamed_param|warning_overlapping_globals,331
FUN_0041d450,0041d450,.,25,20,undefined_data|unnamed_param|warning_overlapping_globals,240
FUN_0041d550,0041d550,.,168,115,param_count_too_few|unnamed_param|warning_unreachable,1333
FUN_0041dbc0,0041dbc0,.,10,12,param_count_too_few|unnamed_param,140
FUN_0041dc20,0041dc20,.,8,15,param_count_too_few|unnamed_param,168
FUN_0041dc70,0041dc70,.,15,11,param_count_too_few|unnamed_param,135
FUN_0041dcc0,0041dcc0,.,131,21,param_count_too_few|undefined_data|unnamed_param|warning_overlapping_globals,361
FUN_0041e160,0041e160,.,26,36,param_count_too_few|unnamed_param,396
FUN_0041e200,0041e200,.,10,13,unnamed_param,145
FUN_0041e300,0041e300,.,33,2,unnamed_param,58
FUN_0041e430,0041e430,.,21,12,unnamed_param,146
FUN_0041e4d0,0041e4d0,.,41,16,param_count_too_few|undefined_data|unnamed_param|unresolved_funcptr|warning_overlapping_globals,226
FUN_0041e5e0,0041e5e0,.,129,73,unnamed_param|unresolved_funcptr|unrolled_memcpy|warning_overlapping_globals,879
FUN_0041ec60,0041ec60,.,74,30,undefined_data|unnamed_param,384
FUN_0041ef90,0041ef90,.,36,23,param_count_too_few|unnamed_param|unresolved_funcptr|warning_overlapping_globals,286
FUN_0041f190,0041f190,.,28,12,param_count_too_few|unnamed_param|unresolved_funcptr,163
FUN_0041f6e0,0041f6e0,.,99,39,undefined_data|unnamed_param|unresolved_funcptr|warning_overlapping_globals,509
FUN_00420a10,00420a10,.,74,50,unnamed_param|warning_overlapping_globals,584
FUN_004219f0,004219f0,.,26,28,param_count_too_few|unnamed_param,316
FUN_00421ad0,00421ad0,core/bugs.cpp,43,17,param_count_too_few|unnamed_param|warning_overlapping_globals,228
FUN_00421b80,00421b80,.,120,44,concat_reconstruction|param_count_too_few|pointer_cast|pointer_truncation|unaffected_reg|undefined_data|unnamed_param|unrolled_memcpy|warning_overlapping_globals,605
FUN_00421f00,00421f00,.,51,16,param_count_too_few|unnamed_param|warning_overlapping_globals,226
FUN_00422050,00422050,.,105,52,unnamed_param|unresolved_funcptr|warning_overlapping_globals,640
FUN_00422370,00422370,.,150,70,param_count_too_few|pointer_cast|pointer_truncation|undefined_data|unnamed_param|unresolved_funcptr|unrolled_memcpy|warning_overlapping_globals,890
FUN_004227a0,004227a0,.,5,2,unnamed_param,30
FUN_004227b0,004227b0,.,154,66,param_count_too_few|self_copy_guard|unnamed_param|warning_overlapping_globals,834
FUN_00422c70,00422c70,.,226,54,param_count_too_few|self_copy_guard|unnamed_param|warning_overlapping_globals,786
FUN_00423480,00423480,.,89,40,param_count_too_few|pointer_cast|pointer_truncation|stack_alignment_array|stack_ref|unnamed_param|warning_overlapping_globals,524
FUN_00423680,00423680,.,47,31,param_count_too_few|unnamed_param|warning_overlapping_globals,372
FUN_00423790,00423790,.,92,67,concat_reconstruction|displaced_global_access|param_count_too_few|pointer_cast|pointer_truncation|undefined_data|unnamed_param|warning_overlapping_globals,802
FUN_00423a50,00423a50,.,50,32,param_count_too_few|unnamed_param,380
FUN_00423d30,00423d30,.,4,3,param_count_too_few|unnamed_param,44
FUN_00423d60,00423d60,.,7,7,param_count_too_few|unnamed_param,87
FUN_00423e80,00423e80,.,5,3,undefined_data|unnamed_param,45
FUN_00423ed0,00423ed0,.,18,20,param_count_too_few|unnamed_param,228
FUN_00423f40,00423f40,.,84,7,param_count_too_few|undefined_data|unnamed_param,169
FUN_00424260,00424260,core/charactr.cpp,90,44,param_count_too_few|undefined_data|unnamed_param|unresolved_funcptr|unrolled_strcpy|warning_overlapping_globals,560
FUN_004244b0,004244b0,.,62,20,param_count_too_few|undefined_data|unnamed_param,277
FUN_004246e0,004246e0,.,13,16,unnamed_param|unresolved_funcptr|warning_overlapping_globals,188
FUN_004247f0,004247f0,.,154,61,param_count_too_few|unnamed_param|warning_overlapping_globals,779
FUN_00424e90,00424e90,.,23,8,param_count_too_few|unnamed_param,113
FUN_00424f40,00424f40,.,30,20,unnamed_param|unresolved_funcptr,240
FUN_00425050,00425050,.,298,127,param_count_too_few|raw_address_constant|stack_alignment_array|undefined_data|unnamed_param|unresolved_funcptr|unrolled_strlen|warning_overlapping_globals,1608
FUN_00425960,00425960,.,13,8,unnamed_param|unresolved_funcptr,103
FUN_004259a0,004259a0,.,12,8,param_count_too_few|unnamed_param,102
FUN_004259f0,004259f0,.,68,59,param_count_too_few|unnamed_param|unresolved_funcptr|warning_overlapping_globals,678
FUN_00425c20,00425c20,.,23,13,param_count_too_few|undefined_data|unnamed_param,168
FUN_00425cc0,00425cc0,.,247,55,undefined_data|unnamed_param|unrolled_strcpy|warning_overlapping_globals,817
FUN_00426440,00426440,.,31,18,undefined_data|unnamed_param|unresolved_funcptr|warning_overlapping_globals,231
FUN_00426510,00426510,.,17,8,unnamed_param|unresolved_funcptr,107
FUN_004265a0,004265a0,.,47,11,param_count_too_few|undefined_data|unnamed_param|unrolled_memcpy,177
FUN_004266a0,004266a0,.,129,36,param_count_too_few|unnamed_param|warning_overlapping_globals,504
FUN_004269b0,004269b0,.,187,66,displaced_global_access|param_count_too_few|pointer_cast|pointer_truncation|undefined_data|unnamed_param|unresolved_funcptr|warning_overlapping_globals,887
FUN_00426e80,00426e80,.,100,29,displaced_global_access|extra_output|param_count_too_few|pointer_cast|pointer_truncation|undefined_data|unnamed_param|warning_overlapping_globals,430
FUN_004270e0,004270e0,.,42,19,param_count_too_few|undefined_data|unnamed_param|warning_overlapping_globals,252
FUN_00427260,00427260,.,8,6,unnamed_param,73
FUN_00427290,00427290,.,23,9,param_count_too_few|unnamed_param|unresolved_funcptr,128
FUN_00427310,00427310,.,136,21,param_count_too_few|raw_address_constant|unnamed_param|unresolved_funcptr|unrolled_memcpy,371
FUN_00427730,00427730,.,30,23,param_count_too_few|unnamed_param,270
FUN_004277f0,004277f0,.,44,9,unnamed_param,139
FUN_004278e0,004278e0,.,25,12,unnamed_param,150
FUN_00427990,00427990,.,23,11,unnamed_param,138
FUN_00427a60,00427a60,.,11,11,param_count_too_few|unnamed_param|unresolved_funcptr,136
FUN_00427ab0,00427ab0,.,24,12,param_count_too_few|unnamed_param|unresolved_funcptr|warning_overlapping_globals,164
FUN_00427b60,00427b60,.,77,32,param_count_too_few|unnamed_param|unresolved_funcptr|warning_overlapping_globals,417
FUN_00427da0,00427da0,.,21,23,unnamed_param|unresolved_funcptr,261
FUN_00427e40,00427e40,.,12,16,param_count_too_few|unnamed_param,182
FUN_00427eb0,00427eb0,.,74,33,param_count_too_few|undefined_data|unnamed_param|unresolved_funcptr|unrolled_memcpy,429
FUN_004280a0,004280a0,.,4,0,,4
FUN_004280b0,004280b0,.,13,7,register_param|unnamed_param|unresolved_funcptr,98
FUN_00428510,00428510,.,71,37,unnamed_param|warning_overlapping_globals,451
FUN_004286d0,004286d0,.,10,8,param_count_too_few|unnamed_param|warning_overlapping_globals,105
FUN_00428710,00428710,.,19,6,undefined_data|unnamed_param,89
FUN_00428780,00428780,.,101,65,param_count_too_few|undefined_data|unnamed_param|unresolved_funcptr|warning_overlapping_globals,776
FUN_00428ab0,00428ab0,.,24,21,unnamed_param|unresolved_funcptr,244
FUN_00428c00,00428c00,.,83,62,param_count_too_few|undefined_data|unnamed_param|unresolved_funcptr|unrolled_memcpy|warning_overlapping_globals,733
FUN_00428f40,00428f40,core/charactr.cpp,26,24,param_count_too_few|unnamed_param|unresolved_funcptr|warning_overlapping_globals,286
FUN_00429010,00429010,core/charactr.cpp,59,16,param_count_too_few|unnamed_param|unrolled_memcpy|warning_overlapping_globals,239
FUN_00429170,00429170,.,25,9,unnamed_param|unresolved_funcptr,125
FUN_004291f0,004291f0,.,12,5,param_count_too_few|unnamed_param|unresolved_funcptr,77
FUN_00429220,00429220,.,113,17,param_count_too_few|unnamed_param|unresolved_funcptr|unrolled_memcpy,303
FUN_00429490,00429490,.,19,11,unaffected_reg|unnamed_param|unrolled_memcpy,144
FUN_004294f0,004294f0,.,17,6,param_count_too_few|unnamed_param,87
FUN_00429520,00429520,.,10,7,param_count_too_few|unnamed_param,90
FUN_00429560,00429560,core/charactr.cpp,31,14,param_count_too_few|unnamed_param|warning_overlapping_globals,186
FUN_00429660,00429660,.,16,11,param_count_too_few|unnamed_param,136
FUN_004296c0,004296c0,.,20,12,param_count_too_few|unnamed_param,150
FUN_00429730,00429730,core/charactr.cpp,215,52,bit_int_float_compare|undefined_data|unnamed_param|unresolved_funcptr|warning_overlapping_globals,760
FUN_00429e60,00429e60,core/charactr.cpp,70,52,param_count_too_few|pointer_cast|pointer_truncation|stack_alignment_array|stack_ref|unnamed_param|warning_overlapping_globals|warning_type_propagation,630
FUN_00429f60,00429f60,.,5,5,param_count_too_few|unnamed_param,65
FUN_0042a060,0042a060,.,30,26,param_count_too_few|unnamed_param,300
FUN_0042a150,0042a150,.,18,19,param_count_too_few|unnamed_param|unresolved_funcptr,223
FUN_0042a1e0,0042a1e0,.,113,41,pointer_cast|undefined_data|unnamed_param|unresolved_funcptr|warning_overlapping_globals,548
FUN_0042a500,0042a500,core/charactr.cpp,69,32,param_count_too_few|unnamed_param|warning_overlapping_globals,404
FUN_0042a760,0042a760,core/charactr.cpp,30,19,unnamed_param|unrolled_strcpy|warning_overlapping_globals,235
FUN_0042a800,0042a800,.,76,17,param_count_too_few|unnamed_param,256
FUN_0042a9d0,0042a9d0,.,12,11,param_count_too_few|unnamed_param,132
FUN_0042aa50,0042aa50,core/charactr.cpp,56,25,param_count_too_few|unnamed_param|warning_overlapping_globals,321
FUN_0042abd0,0042abd0,.,66,29,param_count_too_few|unnamed_param|warning_overlapping_globals,371
FUN_0042add0,0042add0,.,66,26,param_count_too_few|unnamed_param|unresolved_funcptr,341
FUN_0042af70,0042af70,.,165,43,param_count_too_few|undefined_data|unnamed_param|unresolved_funcptr|warning_overlapping_globals,620
FUN_0042b490,0042b490,.,9,9,param_count_too_few|unnamed_param|unresolved_funcptr,114
FUN_0042b5c0,0042b5c0,.,4,3,param_count_too_few|unnamed_param,44
FUN_0042b890,0042b890,.,9,8,undefined_data|unnamed_param,99
FUN_0042baa0,0042baa0,.,53,47,unnamed_param|warning_overlapping_globals,533
FUN_0042cdc0,0042cdc0,.,5,3,undefined_data|unnamed_param,45
FUN_0042d240,0042d240,cockpit/ckptutil.c,35,20,param_count_too_few|undefined_data|unnamed_param|warning_overlapping_globals,255
FUN_00431530,00431530,.,43,43,carry_arith_idiom|concat_reconstruction|param_count_too_few|unnamed_param,493
FUN_00431630,00431630,.,44,42,carry_arith_idiom|concat_reconstruction|param_count_too_few|unnamed_param,484
FUN_00431730,00431730,.,43,43,carry_arith_idiom|concat_reconstruction|param_count_too_few|unnamed_param,493
FUN_00431830,00431830,.,44,42,carry_arith_idiom|concat_reconstruction|param_count_too_few|unnamed_param,484
FUN_00431930,00431930,.,43,44,carry_arith_idiom|concat_reconstruction|param_count_too_few|unnamed_param,503
FUN_00432cd0,00432cd0,engine/clipper.c,576,233,pointer_cast|pointer_truncation|raw_address_pointer_store|undefined_data|unnamed_param|warning_overlapping_globals|warning_type_propagation|warning_unreachable,2946
FUN_004337a0,004337a0,.,49,53,carry_arith_idiom|concat_reconstruction|param_count_too_few|unnamed_param,599
FUN_004338d0,004338d0,.,50,52,carry_arith_idiom|concat_reconstruction|param_count_too_few|unnamed_param,590
FUN_00433a00,00433a00,.,49,53,carry_arith_idiom|concat_reconstruction|param_count_too_few|unnamed_param,599
FUN_00433b30,00433b30,.,50,52,carry_arith_idiom|concat_reconstruction|param_count_too_few|unnamed_param,590
FUN_004349a0,004349a0,.,420,243,pointer_cast|pointer_truncation|raw_address_pointer_store|undefined_data|unnamed_param|unrolled_memcpy|warning_overlapping_globals,2885
FUN_00435100,00435100,.,11,5,param_count_too_few|undefined_data|unnamed_param,76
FUN_00435160,00435160,.,9,4,param_count_too_few|unnamed_param,59
FUN_004351b0,004351b0,core/cloth.cpp,15,6,param_count_too_few|unnamed_param|warning_overlapping_globals,90
FUN_00435210,00435210,.,9,5,param_count_too_few|unnamed_param,69
FUN_00435240,00435240,core/cloth.cpp,147,69,param_count_too_few|undefined_data|unnamed_param|warning_overlapping_globals,857
FUN_004357b0,004357b0,core/cloth.cpp,93,11,param_count_too_few|unnamed_param|warning_overlapping_globals,218
FUN_004359e0,004359e0,.,342,94,param_count_too_few|pointer_cast|pointer_truncation|unnamed_param|warning_overlapping_globals,1307
FUN_004363e0,004363e0,core/cloth.cpp,70,12,param_count_too_few|unnamed_param|unrolled_memcpy|warning_overlapping_globals,210
FUN_00436580,00436580,.,68,10,param_count_too_few|unnamed_param|unrolled_memcpy,183
FUN_004366f0,004366f0,.,212,68,param_count_too_few|pointer_cast|self_copy_guard|suspect_float|unnamed_param|warning_overlapping_globals,922
FUN_00436e50,00436e50,.,5,13,param_count_too_few|unnamed_param,145
FUN_00436e80,00436e80,.,407,105,unnamed_param|warning_overlapping_globals,1467
FUN_00437cc0,00437cc0,core/cloth.cpp,39,12,param_count_too_few|undefined_data|unnamed_param|warning_overlapping_globals,179
FUN_00437db0,00437db0,.,139,60,param_count_too_few|pointer_truncation|undefined_data|unnamed_param|warning_overlapping_globals,764
FUN_00438210,00438210,.,7,6,param_count_too_few|unnamed_param,77
FUN_00438250,00438250,.,5,4,param_count_too_few|unnamed_param,55
FUN_00438270,00438270,core/cloth.cpp,39,7,param_count_too_few|unnamed_param|warning_overlapping_globals,124
FUN_00438320,00438320,.,22,8,param_count_too_few|unnamed_param,112
FUN_00438390,00438390,core/cloth.cpp,24,18,pointer_cast|pointer_truncation|unnamed_param|warning_overlapping_globals,224
FUN_00438510,00438510,.,15,11,param_count_too_few|unnamed_param,135
FUN_00438550,00438550,.,15,15,param_count_too_few|unnamed_param,175
FUN_004385a0,004385a0,.,22,11,unnamed_param,137
FUN_004386b0,004386b0,core/cloth.cpp,25,15,param_count_too_few|unnamed_param|warning_overlapping_globals,190
FUN_00438750,00438750,.,7,8,param_count_too_few|unnamed_param,97
FUN_004389e0,004389e0,.,5,3,undefined_data|unnamed_param,45
FUN_00438a00,00438a00,.,5,4,param_count_too_few|undefined_data|unnamed_param,60
FUN_00438a20,00438a20,.,5,4,param_count_too_few|undefined_data|unnamed_param,60
FUN_00438a90,00438a90,.,6,4,param_count_too_few|unnamed_param,56
FUN_00438ab0,00438ab0,.,78,68,param_count_too_few|pointer_cast|unnamed_param,773
FUN_00438c40,00438c40,.,57,64,param_count_too_few|unnamed_param,707
FUN_00438d60,00438d60,.,18,14,unnamed_param,163
FUN_00438dc0,00438dc0,.,61,65,param_count_too_few|pointer_truncation|unnamed_param,726
FUN_00438f20,00438f20,.,5,3,param_count_too_few|unnamed_param,45
FUN_00438f30,00438f30,.,15,12,param_count_too_few|undefined_data|unnamed_param,150
FUN_004390b0,004390b0,.,10,12,param_count_too_few|unnamed_param|unresolved_funcptr,145
FUN_00439350,00439350,.,7,6,param_count_too_few|unnamed_param,77
FUN_00439370,00439370,.,5,4,param_count_too_few|unnamed_param,55
FUN_00439390,00439390,.,13,11,param_count_too_few|unnamed_param,133
FUN_004393d0,004393d0,support/codec.cpp,21,19,param_count_too_few|unnamed_param|warning_overlapping_globals,226
FUN_00439450,00439450,.,21,10,unnamed_param,126
FUN_004394b0,004394b0,.,18,10,param_count_too_few|unnamed_param,128
FUN_004394f0,004394f0,.,18,28,param_count_too_few|unnamed_param,308
FUN_00439590,00439590,.,44,13,param_count_too_few|unnamed_param,184
FUN_00439630,00439630,.,44,13,param_count_too_few|unnamed_param,184
FUN_004396d0,004396d0,.,29,13,param_count_too_few|unnamed_param,169
FUN_00439760,00439760,.,16,16,param_count_too_few|unnamed_param,186
FUN_004397d0,004397d0,.,25,15,param_count_too_few|unnamed_param,185
FUN_00439830,00439830,.,14,7,param_count_too_few|unnamed_param,94
FUN_00439880,00439880,.,8,7,unnamed_param,83
FUN_004398c0,004398c0,.,45,28,pointer_cast|unnamed_param,335
FUN_004399a0,004399a0,.,9,10,unnamed_param,114
FUN_004399f0,004399f0,.,10,7,param_count_too_few|unnamed_param,90
FUN_00439a30,00439a30,.,8,7,unnamed_param,83
FUN_00439a70,00439a70,.,22,20,unnamed_param,227
FUN_00439af0,00439af0,.,9,7,unnamed_param,84
FUN_00439b30,00439b30,.,33,31,param_count_too_few|unnamed_param|unresolved_funcptr,358
FUN_0043a470,0043a470,.,156,53,self_copy_guard|unnamed_param|unresolved_funcptr|warning_overlapping_globals,706
FUN_0043a980,0043a980,.,15,11,nan_function_artifact|unnamed_param,135
FUN_0043ac60,0043ac60,.,40,11,param_count_too_few|stack_ref|undefined_data|unnamed_param|unrolled_strlen,175
FUN_0043ad30,0043ad30,.,35,25,param_count_too_few|unnamed_param,295
FUN_0043ae00,0043ae00,.,8,5,param_count_too_few|unnamed_param,68
FUN_0043ae40,0043ae40,.,34,14,pointer_cast|pointer_truncation|unnamed_param|unrolled_memcpy,194
FUN_0043aec0,0043aec0,.,51,14,param_count_too_few|unnamed_param|warning_overlapping_globals,206
FUN_0043b5d0,0043b5d0,.,7,5,param_count_too_few|unnamed_param,67
FUN_0043b5f0,0043b5f0,.,5,3,unnamed_param,40
FUN_0043b610,0043b610,core/course.cpp,23,13,param_count_too_few|pointer_truncation|unnamed_param|warning_overlapping_globals|warning_unreachable,178
FUN_0043b690,0043b690,core/course.cpp,45,15,param_count_too_few|undefined_data|unnamed_param|warning_overlapping_globals,215
FUN_0043b7c0,0043b7c0,.,12,8,param_count_too_few|unnamed_param,102
FUN_0043b800,0043b800,.,29,13,param_count_too_few|unnamed_param|unrolled_memcpy,174
FUN_0043b890,0043b890,.,145,48,param_count_too_few|pointer_truncation|self_copy_guard|stack_alignment_array|stack_ref|unnamed_param|warning_overlapping_globals,660
FUN_0043c360,0043c360,.,73,58,unnamed_param|warning_overlapping_globals,663
FUN_0043cdb0,0043cdb0,.,24,12,unnamed_param|unresolved_funcptr,154
FUN_0043d810,0043d810,.,6,3,unnamed_param|warning_overlapping_globals,46
FUN_0043e110,0043e110,.,39,10,unnamed_param|unrolled_memcpy,149
FUN_0043e1e0,0043e1e0,.,34,9,unnamed_param,129
FUN_0043e290,0043e290,.,181,129,pointer_cast|pointer_truncation|undefined_data|unnamed_param|warning_overlapping_globals,1496
FUN_0043f330,0043f330,.,85,50,undefined_data|unnamed_param|unresolved_funcptr|warning_overlapping_globals,605
FUN_0043f980,0043f980,.,5,3,undefined_data|unnamed_param,45
FUN_0043f9a0,0043f9a0,.,5,4,param_count_too_few|undefined_data|unnamed_param,60
FUN_0043fa20,0043fa20,.,7,5,param_count_too_few|unnamed_param,67
FUN_0043fa50,0043fa50,.,85,14,pointer_truncation|unnamed_param,235
FUN_0043fc80,0043fc80,.,67,24,param_count_too_few|unnamed_param,317
FUN_0043fe60,0043fe60,.,21,15,param_count_too_few|unnamed_param,181
FUN_0043fee0,0043fee0,.,11,9,param_count_too_few|unnamed_param,111
FUN_0043ff30,0043ff30,.,5,3,unnamed_param,40
FUN_0043ff50,0043ff50,.,42,7,param_count_too_few|undefined_data|unnamed_param,127
FUN_00440010,00440010,core/dcamera.cpp,40,34,param_count_too_few|unnamed_param|warning_overlapping_globals,395
FUN_004401b0,004401b0,.,6,8,param_count_too_few|unnamed_param,96
FUN_004401d0,004401d0,.,15,11,param_count_too_few|unnamed_param,135
FUN_00440240,00440240,.,11,7,param_count_too_few|unnamed_param|warning_overlapping_globals,96
FUN_00440270,00440270,.,7,2,param_count_too_few|warning_overlapping_globals,37
FUN_00440290,00440290,core/dcamera.cpp,107,44,param_count_too_few|undefined_data|unnamed_param|warning_overlapping_globals,567
FUN_004405d0,004405d0,.,15,16,unnamed_param,180
FUN_00440610,00440610,.,26,26,param_count_too_few|undefined_data|unnamed_param|warning_overlapping_globals,306
FUN_00440710,00440710,.,139,32,param_count_too_few|undefined_data|unnamed_param|warning_overlapping_globals,479
FUN_00440a20,00440a20,core/dcamera.cpp,31,13,param_count_too_few|undefined_data|unnamed_param|warning_overlapping_globals,181
FUN_00440b20,00440b20,core/dcamera.cpp,51,23,param_count_too_few|pointer_cast|pointer_truncation|undefined_data|unnamed_param|unrolled_memcpy|warning_overlapping_globals,316
FUN_00440c50,00440c50,.,49,22,param_count_too_few|pointer_cast|pointer_truncation|undefined_data|unnamed_param|unrolled_memcpy|warning_overlapping_globals,304
FUN_00440d40,00440d40,.,66,12,param_count_too_few|unnamed_param|warning_overlapping_globals,201
FUN_00440fe0,00440fe0,.,32,23,param_count_too_few|stack_alignment_array|stack_ref|undefined_data|unnamed_param|warning_overlapping_globals,292
FUN_004410c0,004410c0,.,22,21,param_count_too_few|unaffected_reg|undefined_data|unnamed_param,252
FUN_004411b0,004411b0,.,32,27,param_count_too_few|unaffected_reg|unnamed_param,317
FUN_00441440,00441440,.,71,37,param_count_too_few|pointer_cast|pointer_truncation|stack_alignment_array|stack_ref|unaffected_reg|undefined_data|unnamed_param,481
FUN_00441610,00441610,.,107,53,param_count_too_few|pointer_cast|pointer_truncation|stack_alignment_array|stack_ref|unaffected_reg|undefined_data|unnamed_param|warning_overlapping_globals,682
FUN_00441a10,00441a10,.,74,54,param_count_too_few|pointer_cast|pointer_truncation|stack_alignment_array|stack_ref|unaffected_reg|undefined_data|unnamed_param|warning_overlapping_globals,659
FUN_00441c50,00441c50,core/dcamera.cpp,196,64,param_count_too_few|pointer_cast|pointer_truncation|stack_alignment_array|stack_ref|unnamed_param|warning_overlapping_globals|warning_type_propagation,876
FUN_004421b0,004421b0,.,161,71,fnstsw_flag_artifact|param_count_too_few|pointer_cast|pointer_truncation|stack_alignment_array|stack_ref|undefined_data|unnamed_param|warning_overlapping_globals|warning_type_propagation,921
FUN_004425f0,004425f0,.,196,114,param_count_too_few|pointer_cast|pointer_truncation|undefined_data|unnamed_param|warning_overlapping_globals,1366
FUN_00442c50,00442c50,.,34,19,param_count_too_few|unnamed_param|warning_overlapping_globals,239
FUN_00443250,00443250,core/dcamera.cpp,454,88,param_count_too_few|pointer_cast|pointer_truncation|undefined_data|unnamed_param|unrolled_memcpy|unrolled_strchr|unrolled_strcpy|warning_overlapping_globals,1379
FUN_00444140,00444140,.,14,0,,14
FUN_00444810,00444810,.,36,13,concat_reconstruction|param_count_too_few|raw_address_constant|unnamed_param,186
FUN_00444920,00444920,.,131,37,param_count_too_few|pointer_cast|pointer_truncation|raw_address_constant|sign_compare_idiom|stack_alignment_array|stack_ref|undefined_data|unnamed_param|unrolled_memcpy|warning_overlapping_globals,556
FUN_00444c90,00444c90,.,70,13,param_count_too_few|raw_address_constant|unnamed_param|warning_deadcode_restart|warning_overlapping_globals,225
FUN_00444f90,00444f90,.,21,6,param_count_too_few|unnamed_param|warning_overlapping_globals,96
FUN_00445020,00445020,core/dcamera.cpp,32,6,param_count_too_few|undefined_data|unnamed_param|warning_overlapping_globals,112
FUN_00445650,00445650,.,72,30,concat_reconstruction|nonstandard_int|param_count_too_few|pointer_truncation|unnamed_param|warning_overlapping_globals,402
FUN_00445750,00445750,.,266,72,param_count_too_few|pointer_cast|pointer_truncation|raw_address_constant|raw_address_pointer_store|sign_compare_idiom|stack_alignment_array|stack_ref|undefined_data|unnamed_param|warning_overlapping_globals,1041
FUN_00445fe0,00445fe0,.,195,57,param_count_too_few|undefined_data|unnamed_param|warning_overlapping_globals,785
FUN_00446590,00446590,.,47,22,param_count_too_few|unnamed_param|warning_overlapping_globals,282
FUN_00446740,00446740,.,10,5,param_count_too_few|unnamed_param|warning_overlapping_globals,75
FUN_00446800,00446800,.,5,1,param_count_too_few,20
FUN_00446810,00446810,core/dcamera.cpp,196,19,param_count_too_few|raw_address_constant|undefined_data|unnamed_param|warning_overlapping_globals,411
FUN_00446ea0,00446ea0,.,44,19,param_count_too_few|undefined_data|unnamed_param,249
FUN_00446fe0,00446fe0,.,35,19,param_count_too_few|undefined_data|unnamed_param,240
FUN_004470f0,004470f0,.,128,55,param_count_too_few|undefined_data|unnamed_param|warning_overlapping_globals,698
FUN_004474e0,004474e0,.,32,21,param_count_too_few|undefined_data|unnamed_param|warning_overlapping_globals,262
FUN_004475a0,004475a0,.,28,14,extra_output|param_count_too_few|unnamed_param|warning_overlapping_globals,188
FUN_00447670,00447670,.,33,26,param_count_too_few|undefined_data|unnamed_param|warning_overlapping_globals,313
FUN_00447760,00447760,.,21,19,param_count_too_few|undefined_data|unnamed_param,226
FUN_004477f0,004477f0,.,35,27,param_count_too_few|unnamed_param|warning_overlapping_globals,320
FUN_00447910,00447910,.,47,23,param_count_too_few|unaffected_reg|unnamed_param,292
FUN_00447a70,00447a70,.,32,16,extra_output|param_count_too_few|undefined_data|unnamed_param|warning_overlapping_globals,217
FUN_00447b30,00447b30,.,35,11,param_count_too_few|undefined_data|unnamed_param,160
FUN_00447bb0,00447bb0,.,12,21,param_count_too_few|undefined_data|unnamed_param,237
FUN_00447c60,00447c60,.,12,21,param_count_too_few|undefined_data|unnamed_param,237
FUN_00447d10,00447d10,.,15,22,param_count_too_few|undefined_data|unnamed_param,250
FUN_00447e80,00447e80,.,34,20,extra_output|param_count_too_few|undefined_data|unnamed_param|warning_overlapping_globals,259
FUN_00448310,00448310,.,12,5,param_count_too_few|unnamed_param,72
FUN_00448380,00448380,.,12,5,param_count_too_few|unnamed_param,72
FUN_004484c0,004484c0,core/dcube.cpp,38,85,bitcast_double_pair|sub84_truncation|unnamed_param|warning_overlapping_globals,908
FUN_00448ec0,00448ec0,.,10,15,param_count_too_few|undefined_data|unnamed_param|warning_overlapping_globals,180
FUN_00449150,00449150,.,72,39,param_count_too_few|unnamed_param,472
FUN_004493a0,004493a0,.,85,57,param_count_too_few|unnamed_param|warning_overlapping_globals,670
FUN_00449680,00449680,.,22,32,param_count_too_few|unnamed_param,352
FUN_00449720,00449720,.,180,98,param_count_too_few|unnamed_param,1170
FUN_00449bc0,00449bc0,.,35,28,param_count_too_few|unnamed_param|warning_overlapping_globals,330
FUN_00449d30,00449d30,.,139,60,param_count_too_few|self_copy_guard|undefined_data|unnamed_param|warning_overlapping_globals,764
FUN_0044ab60,0044ab60,.,22,9,param_count_too_few|unnamed_param,122
FUN_0044ac30,0044ac30,core/dcube.cpp,21,5,param_count_too_few|unnamed_param|warning_overlapping_globals,86
FUN_0044acb0,0044acb0,core/dcube.cpp,50,12,param_count_too_few|pointer_truncation|unnamed_param|warning_overlapping_globals,190
FUN_0044adf0,0044adf0,.,25,16,unnamed_param,190
FUN_0044aed0,0044aed0,.,47,37,param_count_too_few|pointer_cast|pointer_truncation|unnamed_param|unrolled_memcpy,442
FUN_0044aff0,0044aff0,core/dcube.cpp,92,35,param_count_too_few|pointer_cast|pointer_truncation|undefined_data|unnamed_param|unresolved_funcptr|warning_indirect_jump|warning_jumptable|warning_overlapping_globals,487
FUN_0044b290,0044b290,.,60,25,param_count_too_few|undefined_data|unnamed_param|warning_overlapping_globals,330
FUN_0044b430,0044b430,.,44,14,param_count_too_few|undefined_data|unnamed_param|warning_overlapping_globals,204
FUN_0044b500,0044b500,.,57,27,param_count_too_few|undefined_data|unnamed_param|warning_overlapping_globals,347
FUN_0044b7a0,0044b7a0,.,25,4,undefined_data|unnamed_param|unrolled_strcpy,80
FUN_0044b810,0044b810,.,13,7,raw_address_constant|unnamed_param,93
FUN_0044b850,0044b850,.,54,21,self_copy_guard|unnamed_param|warning_overlapping_globals,279
FUN_0044bab0,0044bab0,.,19,11,param_count_too_few|unnamed_param,139
FUN_0044bb10,0044bb10,.,21,7,unnamed_param,96
FUN_0044bcd0,0044bcd0,.,20,6,param_count_too_few|unnamed_param,90
FUN_0044bd20,0044bd20,core/dfilter.cpp,55,25,param_count_too_few|pointer_cast|pointer_truncation|unnamed_param|warning_overlapping_globals,330
FUN_0044be60,0044be60,.,19,8,param_count_too_few|unnamed_param,109
FUN_0044beb0,0044beb0,.,23,9,param_count_too_few|unnamed_param|unrolled_strcpy,128
FUN_0044bf00,0044bf00,.,5,4,param_count_too_few|unnamed_param,55
FUN_0044bf20,0044bf20,core/dfilter.cpp,15,7,param_count_too_few|unnamed_param|warning_overlapping_globals,100
FUN_0044bf70,0044bf70,.,9,5,param_count_too_few|unnamed_param,69
FUN_0044bf90,0044bf90,core/dfilter.cpp,60,48,extra_output|param_count_too_few|pointer_cast|undefined_data|unnamed_param|warning_overlapping_globals,570
FUN_0044c190,0044c190,.,47,23,extra_output|param_count_too_few|unnamed_param|warning_overlapping_globals,297
FUN_0044c2f0,0044c2f0,.,9,5,param_count_too_few|unnamed_param,69
FUN_0044c310,0044c310,core/dfilter.cpp,39,23,undefined_data|unnamed_param|warning_overlapping_globals,284
FUN_0044c4a0,0044c4a0,.,34,21,extra_output|param_count_too_few|pointer_cast|pointer_truncation|unnamed_param|unrolled_memcpy|warning_overlapping_globals,279
FUN_0044c560,0044c560,core/dfont.cpp,194,5,undefined_data|warning_overlapping_globals,254
FUN_0044cc00,0044cc00,.,55,5,unresolved_funcptr|warning_overlapping_globals,115
FUN_0044cd90,0044cd90,.,26,19,extra_output|param_count_too_few|unnamed_param|warning_overlapping_globals,236
FUN_0044cde0,0044cde0,.,26,26,extra_output|param_count_too_few|unnamed_param|warning_overlapping_globals,306
FUN_0044ce80,0044ce80,.,78,49,param_count_too_few|pointer_cast|pointer_truncation|raw_address_constant|self_copy_guard|undefined_data|unnamed_param|warning_overlapping_globals,608
FUN_0044d1f0,0044d1f0,.,26,25,param_count_too_few|unnamed_param,286
FUN_0044d2d0,0044d2d0,.,35,22,param_count_too_few|unnamed_param|warning_overlapping_globals,270
FUN_0044d7a0,0044d7a0,.,35,18,param_count_too_few|unnamed_param,225
FUN_0044da40,0044da40,.,7,26,param_count_too_few|unnamed_param,277
FUN_0044daa0,0044daa0,.,7,25,unnamed_param,262
FUN_0044dbd0,0044dbd0,.,165,43,extra_output|param_count_too_few|unnamed_param|warning_overlapping_globals,615
FUN_0044e110,0044e110,.,22,7,param_count_too_few|unnamed_param,102
FUN_0044e1c0,0044e1c0,.,6,4,param_count_too_few|unnamed_param,56
FUN_0044e1e0,0044e1e0,core/dlight.cpp,25,15,param_count_too_few|undefined_data|unnamed_param|warning_overlapping_globals,195
FUN_0044e2c0,0044e2c0,.,19,13,param_count_too_few|unnamed_param,159
FUN_0044e340,0044e340,core/dlight.cpp,13,5,param_count_too_few|unnamed_param|warning_overlapping_globals,78
FUN_0044e3b0,0044e3b0,.,6,1,warning_overlapping_globals,21
FUN_0044e3c0,0044e3c0,core/dlight.cpp,14,9,param_count_too_few|unnamed_param|warning_overlapping_globals,119
FUN_0044e440,0044e440,.,9,5,param_count_too_few|unnamed_param,69
FUN_0044e470,0044e470,core/dlight.cpp,54,43,param_count_too_few|undefined_data|unnamed_param|warning_overlapping_globals,504
FUN_0044e660,0044e660,core/dlight.cpp,22,21,param_count_too_few|unnamed_param|warning_overlapping_globals,247
FUN_0044e720,0044e720,core/dlight.cpp,41,17,param_count_too_few|undefined_data|unnamed_param|warning_overlapping_globals,231
FUN_0044e830,0044e830,core/dlight.cpp,48,21,param_count_too_few|pointer_cast|pointer_truncation|undefined_data|unnamed_param|unrolled_memcpy|warning_overlapping_globals,293
FUN_0044e920,0044e920,.,27,13,param_count_too_few|pointer_cast|pointer_truncation|undefined_data|unnamed_param|unrolled_memcpy|warning_overlapping_globals,192
FUN_0044e970,0044e970,core/dlight.cpp,135,26,param_count_too_few|unnamed_param|warning_overlapping_globals,410
FUN_0044ec60,0044ec60,.,45,20,param_count_too_few|undefined_data|unnamed_param,260
FUN_0044ed80,0044ed80,.,66,32,param_count_too_few|undefined_data|unnamed_param,401
FUN_0044efb0,0044efb0,.,37,20,param_count_too_few|unnamed_param,247
FUN_0044f0b0,0044f0b0,.,135,29,param_count_too_few|undefined_data|unnamed_param|warning_overlapping_globals,445
FUN_0044f430,0044f430,.,177,29,param_count_too_few|self_copy_guard|stack_alignment_array|undefined_data|unnamed_param|warning_overlapping_globals,497
FUN_0044f9b0,0044f9b0,.,221,37,param_count_too_few|stack_alignment_array|undefined_data|unnamed_param|warning_overlapping_globals,616
FUN_00450170,00450170,core/dlight.cpp,14,3,unnamed_param|warning_overlapping_globals,54
FUN_004501c0,004501c0,.,94,61,unnamed_param|unrolled_strcpy,714
FUN_004504e0,004504e0,.,11,5,undefined_data,66
FUN_00450520,00450520,.,213,65,extra_output|param_count_too_few|self_copy_guard|stack_alignment_array|undefined_data|unnamed_param|warning_overlapping_globals,898
FUN_00451350,00451350,.,247,37,param_count_too_few|stack_alignment_array|undefined_data|unknown_type|unnamed_param|warning_overlapping_globals,647
FUN_00451a60,00451a60,.,9,4,param_count_too_few|unnamed_param,59
FUN_00451aa0,00451aa0,.,36,16,unnamed_param,201
FUN_00451b70,00451b70,.,160,26,undefined_data|unknown_type|unnamed_param|warning_overlapping_globals,440
FUN_00452080,00452080,.,17,11,param_count_too_few|undefined_data|unnamed_param|warning_overlapping_globals,147
FUN_00452110,00452110,.,158,54,param_count_too_few|undefined_data|unnamed_param|warning_overlapping_globals,718
FUN_00452590,00452590,.,20,18,param_count_too_few|unnamed_param,210
FUN_00452630,00452630,.,5,3,unnamed_param,40
FUN_00452650,00452650,core/dmodel.cpp,58,21,param_count_too_few|undefined_data|unnamed_param|unrolled_strcpy|warning_overlapping_globals,293
FUN_004527a0,004527a0,core/dmodel.cpp,54,26,unnamed_param|warning_overlapping_globals,324
FUN_00452990,00452990,core/dmodel.cpp,185,62,param_count_too_few|undefined_data|unnamed_param|warning_overlapping_globals,825
FUN_00452f10,00452f10,.,30,26,param_count_too_few|unnamed_param,300
FUN_00453040,00453040,.,9,12,param_count_too_few|unnamed_param,139
FUN_00453080,00453080,.,10,12,param_count_too_few|unnamed_param,140
FUN_004530c0,004530c0,.,17,15,param_count_too_few|unnamed_param,177
FUN_00453170,00453170,.,77,36,undefined_data|unnamed_param|warning_overlapping_globals,452
FUN_004533e0,004533e0,core/dmodel.cpp,63,45,param_count_too_few|unnamed_param|warning_overlapping_globals,528
FUN_00453620,00453620,core/dmodel.cpp,80,20,extra_output|unnamed_param|warning_overlapping_globals,295
FUN_004537d0,004537d0,.,66,11,param_count_too_few|unnamed_param|warning_overlapping_globals,191
FUN_00453950,00453950,.,15,6,param_count_too_few|undefined_data|unnamed_param,90
FUN_00453990,00453990,.,132,44,param_count_too_few|self_copy_guard|unnamed_param|warning_overlapping_globals,592
FUN_00453e10,00453e10,core/dmodel.cpp,40,30,nan_function_artifact|param_count_too_few|unnamed_param|warning_overlapping_globals,360
FUN_00453f00,00453f00,core/dmodel.cpp,37,32,param_count_too_few|unnamed_param|warning_overlapping_globals,372
FUN_00453ff0,00453ff0,core/dmodel.cpp,40,19,param_count_too_few|undefined_data|unnamed_param|warning_overlapping_globals,250
FUN_00454100,00454100,.,102,23,param_count_too_few|self_copy_guard|unnamed_param|warning_overlapping_globals,352
FUN_004543b0,004543b0,core/dmodel.cpp,29,7,param_count_too_few|raw_address_constant|unnamed_param|warning_overlapping_globals,119
FUN_00454460,00454460,.,12,2,raw_address_constant|warning_overlapping_globals,42
FUN_00454490,00454490,.,7,6,param_count_too_few|unnamed_param,77
FUN_004544b0,004544b0,.,10,6,unnamed_param,75
FUN_004544d0,004544d0,.,10,6,param_count_too_few|unnamed_param,80
FUN_00454510,00454510,.,7,3,unnamed_param,42
FUN_00454530,00454530,core/dmodel.cpp,11,7,param_count_too_few|unnamed_param|warning_overlapping_globals,96
FUN_00454580,00454580,.,18,11,param_count_too_few|unnamed_param|unrolled_strcpy,143
FUN_00455270,00455270,.,5,3,param_count_too_few|unnamed_param,45
FUN_004552a0,004552a0,core/door.cpp,131,63,unnamed_param|unresolved_funcptr|unrolled_memcpy|warning_overlapping_globals,781
FUN_00456220,00456220,.,5,4,unnamed_param,50
FUN_00456260,00456260,core/door.cpp,86,52,param_count_too_few|self_copy_guard|unnamed_param|warning_overlapping_globals,626
FUN_004564b0,004564b0,core/door.cpp,65,18,param_count_too_few|unnamed_param|warning_overlapping_globals,260
FUN_00456650,00456650,.,11,7,param_count_too_few|unnamed_param|unresolved_funcptr|warning_overlapping_globals,101
FUN_00456700,00456700,.,20,18,param_count_too_few|unnamed_param|unrolled_strcpy,215
FUN_00456750,00456750,engine/dosio.c,12,4,param_count_too_few|unnamed_param|warning_overlapping_globals,67
FUN_004567a0,004567a0,.,25,7,param_count_too_few|raw_address_pointer_store|unnamed_param|unresolved_funcptr|warning_overlapping_globals,120
FUN_00456800,00456800,.,43,17,unnamed_param|unrolled_strcpy,223
FUN_004568c0,004568c0,.,12,5,param_count_too_few|unnamed_param,72
FUN_00456910,00456910,.,14,5,param_count_too_few|unnamed_param,74
FUN_00456a60,00456a60,.,34,12,param_count_too_few|unnamed_param,164
FUN_00456c00,00456c00,.,6,5,param_count_too_few|unnamed_param,66
FUN_00456c20,00456c20,.,5,4,param_count_too_few|unnamed_param,55
FUN_00456c40,00456c40,.,19,12,param_count_too_few|unnamed_param,149
FUN_00456cc0,00456cc0,engine/dosio.c,18,7,param_count_too_few|unnamed_param|warning_overlapping_globals,103
FUN_00456d40,00456d40,.,11,7,param_count_too_few|unnamed_param,91
FUN_00456d80,00456d80,.,5,2,unnamed_param,30
FUN_00456d90,00456d90,engine/dosio.c,54,27,param_count_too_few|unnamed_param|warning_overlapping_globals,339
FUN_00456f40,00456f40,.,5,4,param_count_too_few|unnamed_param,55
FUN_00457060,00457060,.,17,11,param_count_too_few|unnamed_param,137
FUN_00457a00,00457a00,.,245,38,undefined_data|unnamed_param|warning_overlapping_globals|warning_type_propagation,645
FUN_00458080,00458080,.,207,44,undefined_data|unnamed_param|warning_overlapping_globals|warning_type_propagation,667
FUN_00459f70,00459f70,.,74,28,unnamed_param|unresolved_funcptr|warning_overlapping_globals,369
FUN_0045a1a0,0045a1a0,.,17,20,param_count_too_few|unnamed_param,227
FUN_0045a6a0,0045a6a0,.,13,9,unnamed_param|warning_overlapping_globals,113
FUN_0045ab40,0045ab40,.,134,11,undefined_data|unnamed_param|warning_overlapping_globals,259
FUN_0045b020,0045b020,.,112,12,undefined_data|unnamed_param|warning_overlapping_globals,247
FUN_0045b410,0045b410,.,5,3,undefined_data|unnamed_param,45
FUN_0045b480,0045b480,.,5,14,param_count_too_few|unnamed_param,155
FUN_0045b4c0,0045b4c0,.,45,72,param_count_too_few|undefined_data|unnamed_param,780
FUN_0045b5f0,0045b5f0,cockpit/drawsurf.cpp,50,23,param_count_too_few|undefined_data|unnamed_param|warning_overlapping_globals|warning_unreachable,305
FUN_0045baa0,0045baa0,.,6,4,param_count_too_few|unnamed_param|warning_overlapping_globals,61
FUN_0045bc20,0045bc20,.,43,44,param_count_too_few|pointer_cast|pointer_truncation|undefined_data|unnamed_param|warning_overlapping_globals,513
FUN_0045c730,0045c730,cockpit/drawsurf.cpp,57,60,param_count_too_few|undefined_data|unnamed_param|warning_overlapping_globals,677
FUN_0045c850,0045c850,cockpit/drawsurf.cpp,96,77,param_count_too_few|undefined_data|unnamed_param|warning_overlapping_globals,886
FUN_0045cb10,0045cb10,.,8,21,unnamed_param,223
FUN_0045cb70,0045cb70,.,5,5,param_count_too_few|unnamed_param,65
FUN_0045d110,0045d110,cockpit/drawsurf.cpp,84,85,undefined_data|unnamed_param|warning_overlapping_globals,949
FUN_0045d2b0,0045d2b0,.,5,5,param_count_too_few|unnamed_param,65
FUN_0045d760,0045d760,.,97,78,unnamed_param|warning_overlapping_globals,887
FUN_0045da30,0045da30,.,5,9,param_count_too_few|unnamed_param,105
FUN_0045e000,0045e000,.,5,12,unnamed_param,130
FUN_0045e260,0045e260,.,5,7,param_count_too_few|unnamed_param,85
FUN_0045e320,0045e320,.,8,2,param_count_too_few|warning_overlapping_globals,38
FUN_0045ed80,0045ed80,engine/drender.cpp,33,26,undefined_data|unnamed_param|warning_overlapping_globals,308
FUN_0045ee60,0045ee60,.,19,10,param_count_too_few|unnamed_param|warning_overlapping_globals,134
FUN_0045eee0,0045eee0,.,32,14,param_count_too_few|undefined_data|unnamed_param|warning_overlapping_globals,192
FUN_0045ef90,0045ef90,.,50,19,param_count_too_few|undefined_data|unnamed_param|warning_overlapping_globals,260
FUN_0045f090,0045f090,engine/drender.cpp,46,15,param_count_too_few|undefined_data|unnamed_param|warning_overlapping_globals,216
FUN_0045f190,0045f190,.,32,14,param_count_too_few|undefined_data|unnamed_param|warning_overlapping_globals,192
FUN_0045f3c0,0045f3c0,.,27,15,param_count_too_few|undefined_data|unnamed_param|warning_overlapping_globals,197
FUN_0045f460,0045f460,.,67,31,param_count_too_few|undefined_data|unnamed_param|warning_overlapping_globals,397
FUN_0045f5e0,0045f5e0,.,44,27,param_count_too_few|undefined_data|unnamed_param|warning_overlapping_globals,334
FUN_0045f790,0045f790,.,60,22,undefined_data|unnamed_param|warning_overlapping_globals,295
FUN_0045f9d0,0045f9d0,.,55,21,undefined_data|unnamed_param|warning_overlapping_globals,280
FUN_0045fb00,0045fb00,.,45,18,param_count_too_few|undefined_data|unnamed_param|warning_overlapping_globals,245
FUN_0045ff20,0045ff20,.,57,22,undefined_data|unnamed_param|warning_overlapping_globals,292
FUN_00460080,00460080,.,38,15,param_count_too_few|undefined_data|unnamed_param|warning_overlapping_globals,208
FUN_00460150,00460150,.,57,23,param_count_too_few|undefined_data|unnamed_param|warning_overlapping_globals,307
FUN_004602a0,004602a0,.,38,15,param_count_too_few|undefined_data|unnamed_param|warning_overlapping_globals,208
FUN_00460370,00460370,.,57,23,param_count_too_few|undefined_data|unnamed_param|warning_overlapping_globals,307
FUN_004604c0,004604c0,.,37,15,param_count_too_few|undefined_data|unnamed_param|warning_overlapping_globals,207
FUN_004606e0,004606e0,.,5,6,param_count_too_few|unnamed_param,75
FUN_00460700,00460700,.,17,9,extra_output|param_count_too_few|unnamed_param|warning_overlapping_globals,127
FUN_00460780,00460780,.,7,5,param_count_too_few|unnamed_param,67
FUN_004607b0,004607b0,.,85,25,param_count_too_few|undefined_data|unnamed_param|warning_overlapping_globals,355
FUN_004609d0,004609d0,.,12,6,param_count_too_few|unnamed_param,82
FUN_00460a00,00460a00,.,10,2,param_count_too_few|warning_overlapping_globals,40
FUN_00460a50,00460a50,.,9,14,param_count_too_few|unnamed_param,159
FUN_00460aa0,00460aa0,.,36,17,extra_output|param_count_too_few|unnamed_param|warning_overlapping_globals,226
thunk_FUN_004cdac0,00460be0,.,27,1,warning_overlapping_globals,42
thunk_FUN_004cdbc0,00460bf0,.,26,2,param_count_too_few|warning_overlapping_globals,56
FUN_00460c00,00460c00,.,9,6,param_count_too_few|undefined_data|unnamed_param|warning_overlapping_globals,89
FUN_00460c40,00460c40,.,9,5,param_count_too_few|unnamed_param|warning_overlapping_globals,74
FUN_00460c70,00460c70,.,5,6,param_count_too_few|unnamed_param,75
FUN_00460d10,00460d10,.,13,5,param_count_too_few|unaffected_reg,73
FUN_00460d30,00460d30,.,14,8,param_count_too_few|unnamed_param|warning_overlapping_globals,109
FUN_00460d90,00460d90,.,13,5,param_count_too_few|unaffected_reg,73
FUN_00460db0,00460db0,.,16,8,param_count_too_few|unnamed_param|warning_overlapping_globals,111
FUN_00460e20,00460e20,.,5,3,param_count_too_few|undefined_data|warning_overlapping_globals,50
FUN_00460e40,00460e40,.,5,10,param_count_too_few|unnamed_param,115
thunk_FUN_004ce920,00460e70,.,29,3,param_count_too_few|undefined_data|warning_overlapping_globals,74
FUN_00460e80,00460e80,.,27,15,param_count_too_few|undefined_data|unnamed_param|warning_overlapping_globals,197
FUN_00460f10,00460f10,.,5,5,param_count_too_few|undefined_data|unnamed_param,70
FUN_00460f20,00460f20,.,19,18,param_count_too_few|undefined_data|unnamed_param|warning_overlapping_globals,219
FUN_00460fa0,00460fa0,.,5,5,param_count_too_few|unnamed_param,65
FUN_00460fb0,00460fb0,.,16,6,unnamed_param,81
FUN_00461000,00461000,.,5,3,unnamed_param,40
FUN_00461010,00461010,.,5,4,param_count_too_few|unnamed_param,55
FUN_00461020,00461020,.,9,5,param_count_too_few|unnamed_param|warning_overlapping_globals,74
FUN_00461050,00461050,.,6,7,param_count_too_few|undefined_data|unnamed_param,91
FUN_00461070,00461070,.,6,6,undefined_data|unnamed_param,76
FUN_00461090,00461090,.,4,3,param_count_too_few|unnamed_param,44
FUN_004613a0,004613a0,.,5,5,param_count_too_few|unnamed_param,65
FUN_004613b0,004613b0,.,4,3,param_count_too_few|unnamed_param,44
FUN_004613c0,004613c0,.,5,5,param_count_too_few|unnamed_param,65
FUN_004613d0,004613d0,.,20,19,param_count_too_few|unnamed_param,220
FUN_00461440,00461440,.,20,19,param_count_too_few|unnamed_param,220
FUN_004614b0,004614b0,engine/drender.cpp,103,72,undefined_data|unnamed_param|warning_overlapping_globals,838
FUN_00461720,00461720,engine/drender.cpp,118,67,undefined_data|unnamed_param|warning_overlapping_globals,803
FUN_004619f0,004619f0,.,12,9,param_count_too_few|unnamed_param|warning_overlapping_globals,117
FUN_00461a30,00461a30,.,30,17,param_count_too_few|unnamed_param,210
FUN_00461ad0,00461ad0,.,37,26,param_count_too_few|unnamed_param,307
FUN_00461bd0,00461bd0,engine/drender.cpp,67,20,param_count_too_few|undefined_data|unnamed_param|warning_overlapping_globals,287
FUN_00461db0,00461db0,.,51,14,param_count_too_few|raw_address_pointer_store|undefined_data|unnamed_param|warning_overlapping_globals,216
FUN_00461eb0,00461eb0,engine/drender.cpp,33,8,unnamed_param|unrolled_strcpy|warning_overlapping_globals,128
FUN_00461f60,00461f60,.,5,6,param_count_too_few|unnamed_param,75
FUN_00461f80,00461f80,.,22,13,param_count_too_few|undefined_data|unnamed_param,167
FUN_00462710,00462710,.,5,3,param_count_too_few|unnamed_param,45
FUN_00463440,00463440,.,54,17,param_count_too_few|undefined_data|unnamed_param|warning_overlapping_globals,244
FUN_00463580,00463580,.,194,35,concat_reconstruction|extra_output|param_count_too_few|undefined_data|unknown_field|unnamed_param|unrolled_strcpy|warning_overlapping_globals,584
FUN_00464afc,00464afc,.,117,66,concat_reconstruction|nonstandard_int|param_count_too_few|undefined_data|unnamed_param|warning_overlapping_globals,807
FUN_00464fda,00464fda,.,118,66,concat_reconstruction|nonstandard_int|param_count_too_few|undefined_data|unnamed_param|warning_overlapping_globals,808
FUN_004652d0,004652d0,.,55,38,concat_reconstruction|nonstandard_int|param_count_too_few|undefined_data|unnamed_param|warning_overlapping_globals,465
FUN_00465341,00465341,.,27,10,param_count_too_few|register_param|unnamed_param,142
FUN_00465382,00465382,.,172,91,concat_reconstruction|param_count_too_few|undefined_data|unknown_field|unnamed_param,1107
FUN_004657a7,004657a7,.,105,77,concat_reconstruction|nonstandard_int|param_count_too_few|undefined_data|unnamed_param|warning_overlapping_globals,905
FUN_00465c9b,00465c9b,.,91,65,concat_reconstruction|nonstandard_int|param_count_too_few|pointer_cast|undefined_data|unnamed_param|warning_overlapping_globals,776
FUN_00465f50,00465f50,.,57,44,concat_reconstruction|nonstandard_int|param_count_too_few|unnamed_param,517
FUN_00465fc9,00465fc9,.,119,65,concat_reconstruction|nonstandard_int|param_count_too_few|undefined_data|unnamed_param|warning_overlapping_globals,799
FUN_00466520,00466520,.,120,65,concat_reconstruction|nonstandard_int|param_count_too_few|undefined_data|unnamed_param|warning_overlapping_globals,800
FUN_00466886,00466886,.,59,38,concat_reconstruction|nonstandard_int|param_count_too_few|undefined_data|unnamed_param|warning_overlapping_globals,469
FUN_00466930,00466930,.,115,76,concat_reconstruction|nonstandard_int|param_count_too_few|undefined_data|unnamed_param|warning_overlapping_globals,905
FUN_00466e94,00466e94,.,99,64,concat_reconstruction|nonstandard_int|param_count_too_few|pointer_cast|undefined_data|unnamed_param|warning_overlapping_globals,774
FUN_004672a0,004672a0,.,27,8,unnamed_param,112
FUN_00467330,00467330,core/dtrace.cpp,17,8,param_count_too_few|undefined_data|unnamed_param|warning_overlapping_globals,117
FUN_004673a0,004673a0,.,11,10,param_count_too_few|undefined_data|unnamed_param,126
FUN_004675e0,004675e0,.,13,8,unnamed_param,98
FUN_004676c0,004676c0,core/dtrace.cpp,59,32,param_count_too_few|unnamed_param|warning_overlapping_globals,394
FUN_00467890,00467890,.,11,7,param_count_too_few|undefined_data|unnamed_param,96
FUN_004678d0,004678d0,.,11,19,param_count_too_few|unnamed_param,211
FUN_00467930,00467930,.,23,27,unnamed_param,298
FUN_00467a00,00467a00,.,218,48,param_count_too_few|unnamed_param|warning_overlapping_globals,713
FUN_004680b0,004680b0,.,180,27,param_count_too_few|unnamed_param|warning_overlapping_globals,465
FUN_00468580,00468580,.,92,31,param_count_too_few|unnamed_param|warning_overlapping_globals,417
FUN_004687e0,004687e0,.,111,43,extra_output|param_count_too_few|unnamed_param|warning_overlapping_globals,561
FUN_00468a20,00468a20,.,25,46,param_count_too_few|unnamed_param,495
FUN_00468af0,00468af0,.,75,41,param_count_too_few|unnamed_param|warning_overlapping_globals,500
FUN_00469390,00469390,core/dtrace.cpp,262,140,extra_output|param_count_too_few|raw_address_pointer_store|undefined_data|unnamed_param|warning_overlapping_globals,1692
FUN_00469ce0,00469ce0,.,679,176,extra_output|param_count_too_few|pointer_cast|pointer_truncation|sign_compare_idiom|stack_alignment_array|stack_ref|unnamed_param|warning_overlapping_globals,2484
FUN_0046ace0,0046ace0,core/dtrace.cpp,54,24,param_count_too_few|undefined_data|unnamed_param|warning_overlapping_globals,314
FUN_0046ae40,0046ae40,core/dtrace.cpp,54,15,param_count_too_few|unnamed_param|warning_overlapping_globals,219
FUN_0046af70,0046af70,.,22,3,param_count_too_few|undefined_data|warning_overlapping_globals,67
FUN_0046b1b0,0046b1b0,.,170,27,undefined_data|unnamed_param|warning_overlapping_globals,455
FUN_0046b650,0046b650,.,38,23,param_count_too_few|pointer_cast|pointer_truncation|stack_alignment_array|stack_ref|unaffected_reg|unnamed_param,303
FUN_0046b700,0046b700,.,38,23,param_count_too_few|pointer_cast|pointer_truncation|stack_alignment_array|stack_ref|unaffected_reg|unnamed_param,303
FUN_0046b7f0,0046b7f0,.,28,19,param_count_too_few|undefined_data|unnamed_param,233
FUN_0046b8d0,0046b8d0,.,39,17,param_count_too_few|undefined_data|unnamed_param,224
FUN_0046b9c0,0046b9c0,.,7,10,param_count_too_few|unnamed_param,117
FUN_0046b9f0,0046b9f0,.,7,10,param_count_too_few|unnamed_param,117
FUN_0046baa0,0046baa0,.,87,25,param_count_too_few|self_copy_guard|unnamed_param|warning_overlapping_globals,357
FUN_0046bcf0,0046bcf0,.,46,16,param_count_too_few|pointer_cast|pointer_truncation|unnamed_param|unrolled_memcpy,231
FUN_0046bd90,0046bd90,.,87,25,param_count_too_few|self_copy_guard|unnamed_param|warning_overlapping_globals,357
FUN_0046bfe0,0046bfe0,core/dtrace.cpp,49,30,param_count_too_few|pointer_cast|pointer_truncation|stack_alignment_array|stack_ref|undefined_data|unnamed_param|warning_overlapping_globals,389
FUN_0046c100,0046c100,core/dtrace.cpp,52,31,param_count_too_few|pointer_cast|pointer_truncation|stack_alignment_array|stack_ref|undefined_data|unnamed_param|warning_overlapping_globals,402
FUN_0046c460,0046c460,.,38,54,suspect_float|unnamed_param,588
FUN_0046c5b0,0046c5b0,.,20,30,param_count_too_few|unnamed_param,330
FUN_0046c620,0046c620,.,66,52,param_count_too_few|suspect_float|unnamed_param,601
FUN_0046c820,0046c820,.,85,57,param_count_too_few|unnamed_param|warning_overlapping_globals,670
FUN_0046cb00,0046cb00,.,22,32,param_count_too_few|unnamed_param,352
FUN_0046cba0,0046cba0,.,157,122,param_count_too_few|unnamed_param,1387
FUN_0046cfa0,0046cfa0,.,35,28,param_count_too_few|unnamed_param|warning_overlapping_globals,330
FUN_0046d110,0046d110,.,139,60,param_count_too_few|self_copy_guard|undefined_data|unnamed_param|warning_overlapping_globals,764
FUN_0046d4e0,0046d4e0,core/dtri.cpp,38,85,bitcast_double_pair|sub84_truncation|unnamed_param|warning_overlapping_globals,908
FUN_0046ed30,0046ed30,.,11,8,param_count_too_few|unnamed_param|unresolved_funcptr|warning_overlapping_globals,111
FUN_0046ed80,0046ed80,.,7,3,param_count_too_few|unnamed_param,47
FUN_0046eda0,0046eda0,.,4,3,param_count_too_few|unnamed_param,44
FUN_0046f0a0,0046f0a0,.,43,32,param_count_too_few|unnamed_param|unrolled_strlen,378
FUN_0046f130,0046f130,.,5,3,unnamed_param,40
FUN_0046f150,0046f150,.,20,23,param_count_too_few|unnamed_param,260
FUN_0046f1e0,0046f1e0,.,20,26,param_count_too_few|unnamed_param,290
FUN_0046f250,0046f250,.,18,9,unnamed_param,113
FUN_0046f2a0,0046f2a0,.,13,7,param_count_too_few|unnamed_param,93
FUN_0046f2e0,0046f2e0,.,25,7,param_count_too_few|raw_address_constant|unnamed_param,110
FUN_0046f330,0046f330,.,19,5,param_count_too_few|undefined_data|unnamed_param,84
FUN_0046f390,0046f390,.,88,54,param_count_too_few|raw_address_pointer_store|unnamed_param|unresolved_funcptr,648
FUN_0046f5c0,0046f5c0,shape/edittool.cpp,33,16,param_count_too_few|unnamed_param|warning_overlapping_globals,208
FUN_0046f680,0046f680,shape/edittool.cpp,49,28,param_count_too_few|raw_address_constant|unnamed_param|warning_overlapping_globals,349
FUN_0046f7e0,0046f7e0,shape/edittool.cpp,65,21,undefined_data|unnamed_param|warning_overlapping_globals,290
FUN_0046fa80,0046fa80,.,26,1,warning_overlapping_globals,41
FUN_0046fb40,0046fb40,shape/edittool.cpp,38,9,param_count_too_few|stack_ref|unnamed_param|warning_overlapping_globals,148
FUN_0046fcd0,0046fcd0,shape/edittool.cpp,38,9,param_count_too_few|stack_ref|unnamed_param|warning_overlapping_globals,148
FUN_0046fe60,0046fe60,shape/edittool.cpp,38,9,param_count_too_few|stack_ref|unnamed_param|warning_overlapping_globals,148
FUN_0046fff0,0046fff0,shape/edittool.cpp,20,7,stack_ref|undefined_data|unnamed_param|warning_overlapping_globals,110
FUN_00470230,00470230,.,33,7,param_count_too_few|stack_ref|undefined_data|unnamed_param|unrolled_strcpy,128
FUN_00470550,00470550,.,48,14,param_count_too_few|unnamed_param,198
FUN_00470eb0,00470eb0,shape/edittool.cpp,198,47,param_count_too_few|undefined_data|unnamed_param|unrolled_strcat|unrolled_strchr|unrolled_strcpy|unrolled_strlen|warning_overlapping_globals,708
FUN_00471360,00471360,.,27,22,param_count_too_few|undefined_data|unnamed_param,262
FUN_00471430,00471430,.,27,18,param_count_too_few|undefined_data|unnamed_param,222
FUN_00471600,00471600,.,5,10,param_count_too_few|unnamed_param,115
FUN_00471630,00471630,.,5,10,param_count_too_few|unnamed_param,115
FUN_00471660,00471660,shape/edittool.cpp,28,11,param_count_too_few|undefined_data|unnamed_param|warning_overlapping_globals,158
FUN_00471760,00471760,shape/edittool.cpp,83,20,extra_output|param_count_too_few|unnamed_param|warning_overlapping_globals,303
FUN_00471a80,00471a80,shape/edittool.cpp,23,20,param_count_too_few|undefined_data|unnamed_param|warning_overlapping_globals,243
FUN_00471b50,00471b50,shape/edittool.cpp,173,97,pointer_cast|pointer_truncation|raw_address_constant|undefined_data|unnamed_param|unrolled_memcpy|warning_overlapping_globals,1178
FUN_004720c0,004720c0,shape/edittool.cpp,55,17,param_count_too_few|pointer_cast|pointer_truncation|raw_address_pointer_store|undefined_data|unnamed_param|unrolled_memcpy|warning_overlapping_globals,265
FUN_004721e0,004721e0,shape/edittool.cpp,27,2,param_count_too_few|warning_overlapping_globals,57
FUN_004722b0,004722b0,shape/edittool.cpp,53,2,param_count_too_few|warning_overlapping_globals,83
FUN_00472490,00472490,.,25,5,param_count_too_few|undefined_data,85
FUN_004724e0,004724e0,shape/edittool.cpp,163,50,param_count_too_few|undefined_data|unnamed_param|warning_overlapping_globals,683
FUN_00472c90,00472c90,.,46,7,param_count_too_few|undefined_data|unrolled_memcpy|unrolled_strlen|warning_overlapping_globals,141
FUN_00472d10,00472d10,.,67,22,param_count_too_few|undefined_data|unnamed_param|unrolled_memcpy|unrolled_strlen|warning_overlapping_globals,317
FUN_004736d0,004736d0,.,49,10,param_count_too_few|unnamed_param|unrolled_strcpy|warning_overlapping_globals,169
FUN_00473b60,00473b60,.,8,6,param_count_too_few|unnamed_param,78
FUN_00473b80,00473b80,.,16,12,undefined_data|unnamed_param,146
FUN_00473c00,00473c00,.,15,13,unnamed_param|unresolved_funcptr,155
FUN_00473c50,00473c50,.,23,10,unnamed_param,128
FUN_00473cb0,00473cb0,.,5,8,param_count_too_few|unnamed_param|unresolved_funcptr,100
FUN_00473cf0,00473cf0,shape/edittool.cpp,53,27,unnamed_param|unrolled_strcpy|unrolled_strlen|warning_overlapping_globals,343
FUN_00473de0,00473de0,shape/edittool.cpp,27,15,param_count_too_few|unnamed_param|warning_overlapping_globals,192
FUN_00473f10,00473f10,shape/edittool.cpp,23,24,unnamed_param|warning_overlapping_globals,273
FUN_00473fd0,00473fd0,.,5,6,param_count_too_few|unnamed_param|unresolved_funcptr,80
FUN_00474010,00474010,shape/edittool.cpp,13,13,unnamed_param|warning_overlapping_globals,153
FUN_00474080,00474080,.,4,5,param_count_too_few|unnamed_param,64
FUN_00474090,00474090,.,35,15,param_count_too_few|unnamed_param,195
FUN_00474140,00474140,.,18,7,param_count_too_few|unnamed_param,98
FUN_00474300,00474300,shape/edittool.cpp,22,20,unnamed_param|warning_overlapping_globals,232
FUN_00474380,00474380,shape/edittool.cpp,51,12,raw_address_constant|undefined_data|unnamed_param|unrolled_strlen|warning_overlapping_globals,196
FUN_00474460,00474460,.,89,23,param_count_too_few|stack_ref|undefined_data|unnamed_param|unresolved_funcptr|unrolled_memcpy|unrolled_strlen,354
FUN_004746b0,004746b0,.,64,16,param_count_too_few|unnamed_param|unrolled_strcpy|unrolled_strlen,244
FUN_004748b0,004748b0,.,79,19,param_count_too_few|unnamed_param|unrolled_strcpy|unrolled_strlen,289
FUN_00474c90,00474c90,.,14,3,param_count_too_few|unnamed_param,54
FUN_00474cf0,00474cf0,.,19,11,param_count_too_few|undefined_data|unnamed_param,144
FUN_00474d70,00474d70,shape/edittool.cpp,33,14,param_count_too_few|undefined_data|unnamed_param|warning_overlapping_globals,193
FUN_00474e70,00474e70,.,7,11,param_count_too_few|unnamed_param,127
FUN_00475230,00475230,.,76,53,param_count_too_few|undefined_data|unnamed_param|unresolved_funcptr|warning_overlapping_globals,631
FUN_00475470,00475470,shape/edittool.cpp,147,84,param_count_too_few|undefined_data|unnamed_param|warning_overlapping_globals,1007
FUN_004759d0,004759d0,.,100,38,param_count_too_few|unnamed_param|warning_overlapping_globals,495
FUN_00475db0,00475db0,.,48,47,param_count_too_few|unnamed_param,528
FUN_00475f10,00475f10,.,14,14,param_count_too_few|unnamed_param|warning_overlapping_globals,169
FUN_00475f80,00475f80,shape/edittool.cpp,25,22,param_count_too_few|unnamed_param|warning_overlapping_globals,260
FUN_00476040,00476040,shape/edittool.cpp,13,11,param_count_too_few|unnamed_param|warning_overlapping_globals,138
FUN_00476160,00476160,.,10,6,unnamed_param,75
FUN_00476260,00476260,.,22,25,param_count_too_few|unnamed_param|warning_overlapping_globals,287
FUN_00476310,00476310,.,76,46,param_count_too_few|unnamed_param|warning_overlapping_globals,551
FUN_00476450,00476450,.,15,12,param_count_too_few|unnamed_param,145
FUN_00476490,00476490,.,5,4,param_count_too_few|unnamed_param,55
FUN_004764b0,004764b0,.,9,4,param_count_too_few|unnamed_param|warning_overlapping_globals,64
FUN_004764d0,004764d0,shape/edittool.cpp,31,30,param_count_too_few|unnamed_param|warning_overlapping_globals,346
FUN_00476580,00476580,.,93,35,param_count_too_few|unnamed_param|warning_overlapping_globals,458
FUN_00476800,00476800,shape/edittool.cpp,47,39,param_count_too_few|unnamed_param|warning_overlapping_globals,452
FUN_00476920,00476920,.,159,82,undefined_data|unnamed_param|warning_overlapping_globals,994
FUN_00476ce0,00476ce0,.,14,11,param_count_too_few|unnamed_param,134
FUN_00476df0,00476df0,.,4,1,undefined_data,19
FUN_00476e10,00476e10,.,6,2,undefined_data,31
FUN_004775b0,004775b0,.,46,24,param_count_too_few|unnamed_param,296
FUN_00477660,00477660,.,4,3,param_count_too_few|unnamed_param,44
FUN_004785a0,004785a0,.,70,11,param_count_too_few|self_copy_guard|unknown_type|unnamed_param|warning_overlapping_globals,205
FUN_00479390,00479390,.,22,8,unnamed_param|unresolved_funcptr,112
FUN_00479560,00479560,.,46,5,param_count_too_few|undefined_data|unnamed_param|unrolled_strcpy,116
FUN_004796b0,004796b0,.,5,2,unnamed_param,30
FUN_004796c0,004796c0,.,39,14,unnamed_param,184
FUN_004798e0,004798e0,.,24,15,param_count_too_few|unnamed_param|unresolved_funcptr|warning_overlapping_globals,194
FUN_00479990,00479990,.,20,12,unnamed_param|unresolved_funcptr|warning_overlapping_globals,155
FUN_00479ab0,00479ab0,.,22,13,param_count_too_few|unnamed_param|unresolved_funcptr,167
FUN_00479f50,00479f50,.,6,6,param_count_too_few|unnamed_param,76
FUN_00479f70,00479f70,.,19,15,undefined_data|unnamed_param|unresolved_funcptr,184
FUN_0047a000,0047a000,.,10,7,unnamed_param,85
FUN_0047a030,0047a030,.,13,7,unnamed_param,88
FUN_0047a210,0047a210,.,9,6,param_count_too_few|stack_ref|undefined_data|unnamed_param,89
FUN_0047a390,0047a390,.,59,22,param_count_too_few|undefined_data|unnamed_param|unrolled_strcpy|warning_overlapping_globals,304
FUN_0047a4c0,0047a4c0,.,32,22,param_count_too_few|undefined_data|unnamed_param,267
FUN_0047a650,0047a650,.,74,29,param_count_too_few|pointer_truncation|undefined_data|unnamed_param,384
FUN_0047a760,0047a760,.,65,30,param_count_too_few|undefined_data|unnamed_param,380
FUN_0047a8f0,0047a8f0,.,40,19,param_count_too_few|undefined_data|unnamed_param,245
FUN_0047aa00,0047aa00,.,11,9,param_count_too_few|unnamed_param,111
FUN_0047aa50,0047aa50,.,51,24,param_count_too_few|pointer_cast|pointer_truncation|unnamed_param|unrolled_memcpy,316
FUN_0047ab70,0047ab70,.,7,6,param_count_too_few|unnamed_param|warning_overlapping_globals,82
FUN_0047ab90,0047ab90,.,41,15,param_count_too_few|undefined_data|unnamed_param|warning_overlapping_globals,211
FUN_0047ac50,0047ac50,core/event.cpp,1876,356,bit_int_float_compare|param_count_too_few|pointer_cast|pointer_truncation|undefined_data|unnamed_param|unresolved_funcptr|unrolled_memcpy|unrolled_strchr|unrolled_strcpy|unrolled_strlen|warning_overlapping_globals|warning_type_propagation,5501
FUN_0047dba0,0047dba0,.,27,15,param_count_too_few|undefined_data|unnamed_param,192
FUN_0047dc30,0047dc30,.,22,12,param_count_too_few|undefined_data|unnamed_param|warning_overlapping_globals,162
FUN_0047dc90,0047dc90,.,14,8,param_count_too_few|undefined_data|unnamed_param|warning_overlapping_globals,114
FUN_0047dcd0,0047dcd0,.,14,8,param_count_too_few|undefined_data|unnamed_param|warning_overlapping_globals,114
FUN_0047dd10,0047dd10,.,28,9,param_count_too_few|undefined_data|unnamed_param|unrolled_strcpy,138
FUN_0047dd80,0047dd80,.,115,29,param_count_too_few|unnamed_param,415
FUN_0047e0d0,0047e0d0,core/event.cpp,1499,314,param_count_too_few|raw_address_constant|undefined_data|unnamed_param|unresolved_funcptr|unrolled_strcpy|unrolled_strlen|warning_overlapping_globals,4679
FUN_00480220,00480220,.,51,23,param_count_too_few|unnamed_param,291
FUN_004802e0,004802e0,core/event.cpp,57,29,param_count_too_few|unnamed_param|unrolled_strcpy|unrolled_strlen|warning_overlapping_globals,372
FUN_00480410,00480410,.,5,3,param_count_too_few|unnamed_param,45
FUN_00480420,00480420,core/event.cpp,57,29,param_count_too_few|unnamed_param|unrolled_strcpy|unrolled_strlen|warning_overlapping_globals,372
FUN_00480550,00480550,core/event.cpp,51,34,param_count_too_few|unnamed_param|unrolled_strcpy|warning_overlapping_globals,411
FUN_004806d0,004806d0,core/event.cpp,46,31,param_count_too_few|unnamed_param|unrolled_strcpy|warning_overlapping_globals,376
FUN_004807e0,004807e0,.,9,6,param_count_too_few|unnamed_param,79
FUN_00480810,00480810,.,19,7,param_count_too_few|unnamed_param,99
FUN_00480860,00480860,.,19,7,param_count_too_few|unnamed_param,99
FUN_004808b0,004808b0,.,19,7,param_count_too_few|unnamed_param,99
FUN_00480900,00480900,.,19,7,param_count_too_few|unnamed_param,99
FUN_00480950,00480950,core/event.cpp,82,47,param_count_too_few|unnamed_param|unrolled_strcpy|warning_overlapping_globals,572
FUN_00480b30,00480b30,.,20,6,param_count_too_few|unnamed_param,90
FUN_00480ba0,00480ba0,.,19,7,param_count_too_few|unnamed_param,99
FUN_00480bf0,00480bf0,.,10,7,param_count_too_few|unnamed_param,90
FUN_00480c30,00480c30,core/event.cpp,49,22,param_count_too_few|unnamed_param|unrolled_strcpy|unrolled_strlen|warning_overlapping_globals,294
FUN_00480d10,00480d10,.,19,7,param_count_too_few|unnamed_param,99
FUN_00480d60,00480d60,.,49,8,unnamed_param|unrolled_strcpy,139
FUN_00480eb0,00480eb0,.,24,7,param_count_too_few|unnamed_param,104
FUN_00480f40,00480f40,.,8,6,param_count_too_few|undefined_data|unnamed_param,83
FUN_00480f70,00480f70,core/event.cpp,117,70,param_count_too_few|pointer_cast|pointer_truncation|undefined_data|unnamed_param|warning_overlapping_globals,847
FUN_00481330,00481330,.,97,63,param_count_too_few|pointer_cast|pointer_truncation|undefined_data|unnamed_param,752
FUN_00481620,00481620,.,5,2,unnamed_param,30
FUN_00481840,00481840,.,19,5,param_count_too_few|unnamed_param,79
FUN_00481890,00481890,.,10,4,param_count_too_few|unnamed_param,60
FUN_00481920,00481920,.,4,3,param_count_too_few|unnamed_param,44
FUN_00481980,00481980,.,60,32,param_count_too_few|pointer_cast|pointer_truncation|register_param|undefined_data|unnamed_param|unresolved_funcptr|warning_indirect_jump|warning_jumptable,425
FUN_00481a28,00481a28,.,79,60,pointer_cast|pointer_truncation|register_param|undefined_data|unnamed_param|unresolved_funcptr|warning_indirect_jump|warning_jumptable,719
FUN_00482680,00482680,.,58,13,param_count_too_few|stack_alignment_array|stack_ref|undefined_data|unrolled_memcpy|warning_overlapping_globals,218
FUN_00482770,00482770,.,5,3,param_count_too_few|unnamed_param,45
FUN_00482780,00482780,.,28,32,unnamed_param,353
FUN_00482820,00482820,.,31,29,bit_int_float_compare|param_count_too_few|raw_address_constant|unnamed_param|warning_overlapping_globals,346
FUN_00482950,00482950,core/fire.cpp,100,32,param_count_too_few|raw_address_constant|undefined_data|unnamed_param|warning_overlapping_globals,445
FUN_00482c80,00482c80,.,84,54,param_count_too_few|suspect_float|unnamed_param|unrolled_memcpy|warning_overlapping_globals,649
FUN_00482e90,00482e90,.,15,9,param_count_too_few|unnamed_param,115
FUN_00482ed0,00482ed0,.,16,5,param_count_too_few|undefined_data|warning_overlapping_globals,81
FUN_00482f50,00482f50,.,100,33,param_count_too_few|undefined_data|unnamed_param|warning_overlapping_globals,450
FUN_00483290,00483290,.,6,0,,6
FUN_004832b0,004832b0,.,17,24,param_count_too_few|unnamed_param,267
FUN_00483320,00483320,.,87,21,param_count_too_few|self_copy_guard|unnamed_param|warning_overlapping_globals,317
FUN_004835d0,004835d0,.,26,10,param_count_too_few|undefined_data|unnamed_param,141
FUN_004836b0,004836b0,.,5,3,param_count_too_few|unnamed_param,45
FUN_004837a0,004837a0,.,66,18,param_count_too_few|raw_address_constant|stack_alignment_array|stack_ref|undefined_data|unrolled_memcpy|warning_overlapping_globals,281
FUN_00483ff0,00483ff0,.,10,0,,10
FUN_004842a0,004842a0,.,58,13,param_count_too_few|stack_alignment_array|stack_ref|undefined_data|unrolled_memcpy|warning_overlapping_globals,218
FUN_00484c90,00484c90,.,7,9,unnamed_param,102
FUN_00484cb0,00484cb0,.,4,0,,4
FUN_00484e10,00484e10,.,29,24,raw_address_constant|unnamed_param,279
FUN_00484ed0,00484ed0,.,15,6,param_count_too_few|unnamed_param,85
FUN_00484f00,00484f00,.,50,17,param_count_too_few|undefined_data|unnamed_param,235
FUN_004850b0,004850b0,.,6,0,,6
FUN_004850d0,004850d0,.,115,68,self_copy_guard|unnamed_param|unrolled_memcpy|warning_overlapping_globals,815
FUN_004856a0,004856a0,.,11,5,param_count_too_few|unnamed_param,71
FUN_004856c0,004856c0,.,93,28,extra_output|param_count_too_few|pointer_cast|undefined_data|unnamed_param|warning_overlapping_globals,403
FUN_004858f0,004858f0,.,26,51,param_count_too_few|unnamed_param,546
FUN_004859a0,004859a0,.,34,11,param_count_too_few|undefined_data|unnamed_param|warning_overlapping_globals,164
FUN_00485a90,00485a90,.,552,162,extra_output|param_count_too_few|pointer_cast|raw_address_constant|self_copy_guard|suspect_float|undefined_data|unnamed_param|unrolled_memcpy|warning_overlapping_globals,2222
FUN_00486d40,00486d40,.,13,1,warning_overlapping_globals,28
FUN_00486d90,00486d90,.,5,3,param_count_too_few|unnamed_param,45
FUN_00486da0,00486da0,.,14,0,,14
FUN_00486e40,00486e40,.,50,24,param_count_too_few|raw_address_constant|unnamed_param|warning_overlapping_globals,310
FUN_00486f90,00486f90,.,11,6,param_count_too_few|unnamed_param,81
FUN_00486fe0,00486fe0,.,111,24,param_count_too_few|undefined_data|unnamed_param|warning_overlapping_globals,371
FUN_004873a0,004873a0,.,5,3,param_count_too_few|unnamed_param,45
FUN_004873b0,004873b0,core/fire.cpp,38,24,param_count_too_few|unnamed_param|warning_overlapping_globals,293
FUN_004874d0,004874d0,.,50,15,param_count_too_few|self_copy_guard|unnamed_param|warning_overlapping_globals,220
FUN_00487630,00487630,.,11,9,param_count_too_few|undefined_data|unnamed_param,116
FUN_004876a0,004876a0,.,5,0,,5
FUN_004876b0,004876b0,.,7,5,param_count_too_few|unnamed_param,67
FUN_004876d0,004876d0,.,110,94,param_count_too_few|raw_address_constant|unnamed_param|warning_overlapping_globals,1070
FUN_00487a20,00487a20,.,29,17,param_count_too_few|unnamed_param|warning_overlapping_globals,214
FUN_00487af0,00487af0,.,82,45,param_count_too_few|raw_address_constant|undefined_data|unnamed_param|warning_overlapping_globals,557
FUN_00487d50,00487d50,.,24,32,param_count_too_few|unnamed_param,354
FUN_00487e90,00487e90,.,28,31,param_count_too_few|unnamed_param,348
FUN_00487fd0,00487fd0,core/fire.cpp,38,4,undefined_data|unresolved_funcptr|warning_overlapping_globals,93
FUN_004880d0,004880d0,.,48,12,param_count_too_few|undefined_data|unnamed_param|warning_overlapping_globals,188
FUN_00488220,00488220,.,19,2,raw_address_constant|undefined_data,49
FUN_00488270,00488270,.,5,3,param_count_too_few|unnamed_param,45
FUN_00488280,00488280,.,50,34,param_count_too_few|unnamed_param|warning_overlapping_globals,405
FUN_00488430,00488430,.,48,30,bit_int_float_compare|param_count_too_few|unnamed_param|warning_overlapping_globals,368
FUN_00488580,00488580,.,165,53,extra_output|param_count_too_few|undefined_data|unnamed_param|warning_overlapping_globals,720
FUN_00488ad0,00488ad0,.,10,3,undefined_data,45
FUN_00488b00,00488b00,.,5,3,param_count_too_few|unnamed_param,45
FUN_00488b10,00488b10,.,13,19,param_count_too_few|unnamed_param,213
FUN_00488b50,00488b50,.,18,28,param_count_too_few|unnamed_param,308
FUN_00488bb0,00488bb0,.,10,7,param_count_too_few|unnamed_param,90
FUN_00488bf0,00488bf0,.,213,88,extra_output|param_count_too_few|raw_address_constant|undefined_data|unnamed_param|warning_overlapping_globals,1123
FUN_004892b0,004892b0,.,5,3,param_count_too_few|unnamed_param,45
FUN_004892c0,004892c0,.,15,27,param_count_too_few|unnamed_param,295
FUN_00489310,00489310,.,14,12,param_count_too_few|unnamed_param,144
FUN_00489360,00489360,.,94,39,param_count_too_few|raw_address_constant|undefined_data|unnamed_param|warning_overlapping_globals,509
FUN_00489640,00489640,.,18,23,param_count_too_few|unnamed_param,258
FUN_0048a0e0,0048a0e0,.,15,2,undefined_data|warning_overlapping_globals,45
FUN_0048a150,0048a150,.,116,21,param_count_too_few|raw_address_constant|undefined_data|warning_overlapping_globals,346
FUN_0048a390,0048a390,.,138,30,param_count_too_few|raw_address_constant|undefined_data|unresolved_funcptr|warning_overlapping_globals,463
FUN_0048a650,0048a650,.,141,32,param_count_too_few|raw_address_constant|undefined_data|unresolved_funcptr|warning_overlapping_globals,486
FUN_0048a970,0048a970,.,72,12,param_count_too_few|raw_address_constant|undefined_data|unnamed_param|warning_overlapping_globals,217
FUN_0048aae0,0048aae0,.,5,3,unnamed_param,40
FUN_0048ab60,0048ab60,.,133,30,self_copy_guard|undefined_data|unnamed_param|unresolved_funcptr|unrolled_memcpy|warning_overlapping_globals,463
FUN_0048ae90,0048ae90,.,22,18,param_count_too_few|undefined_data|unnamed_param|unresolved_funcptr|warning_overlapping_globals,227
FUN_0048af20,0048af20,.,12,7,undefined_data|unnamed_param|warning_overlapping_globals,97
FUN_0048af70,0048af70,.,15,7,param_count_too_few|undefined_data,95
FUN_0048afe0,0048afe0,.,12,12,param_count_too_few|undefined_data|unnamed_param|warning_overlapping_globals,152
FUN_0048b070,0048b070,.,58,15,unnamed_param|warning_overlapping_globals,218
FUN_0048b1c0,0048b1c0,.,12,13,param_count_too_few|unnamed_param|warning_overlapping_globals,157
FUN_0048b270,0048b270,.,26,15,param_count_too_few|undefined_data|unnamed_param|unresolved_funcptr|warning_overlapping_globals,201
FUN_0048b320,0048b320,.,12,9,param_count_too_few|unnamed_param|warning_overlapping_globals,117
FUN_0048b370,0048b370,.,11,21,param_count_too_few|unnamed_param|warning_overlapping_globals,236
FUN_0048b3e0,0048b3e0,.,11,16,unnamed_param|warning_overlapping_globals,181
FUN_0048b440,0048b440,.,77,33,self_copy_guard|unnamed_param|warning_overlapping_globals,422
FUN_0048b6b0,0048b6b0,.,12,10,param_count_too_few|unnamed_param,122
FUN_0048b6f0,0048b6f0,.,384,145,param_count_too_few|self_copy_guard|suspect_float|undefined_data|unnamed_param|unresolved_funcptr|warning_overlapping_globals,1869
FUN_0048c0d0,0048c0d0,.,13,15,param_count_too_few|unnamed_param|warning_overlapping_globals,178
FUN_0048c160,0048c160,.,47,18,param_count_too_few|unnamed_param|warning_overlapping_globals,242
FUN_0048c2a0,0048c2a0,.,13,15,unnamed_param|warning_overlapping_globals,173
FUN_0048c310,0048c310,.,13,13,param_count_too_few|unnamed_param|warning_overlapping_globals,158
FUN_0048c370,0048c370,.,11,7,param_count_too_few|unnamed_param|warning_overlapping_globals,96
FUN_0048c3c0,0048c3c0,.,12,13,undefined_data|unnamed_param|warning_overlapping_globals,157
FUN_0048c420,0048c420,.,19,12,param_count_too_few|unnamed_param|warning_overlapping_globals,154
FUN_0048c4a0,0048c4a0,.,19,14,param_count_too_few|unnamed_param|warning_overlapping_globals,174
FUN_0048c530,0048c530,.,11,13,param_count_too_few|unnamed_param|warning_overlapping_globals,156
FUN_0048c590,0048c590,.,46,25,unnamed_param|warning_overlapping_globals,306
FUN_0048c6b0,0048c6b0,.,11,10,unnamed_param|warning_overlapping_globals,121
FUN_0048c710,0048c710,.,12,8,undefined_data|unnamed_param|unresolved_funcptr|warning_overlapping_globals,112
FUN_0048c760,0048c760,.,14,10,param_count_too_few|undefined_data|unnamed_param|unresolved_funcptr|warning_overlapping_globals,139
FUN_0048c7d0,0048c7d0,.,16,9,param_count_too_few|undefined_data|unnamed_param,121
FUN_0048c850,0048c850,.,12,8,param_count_too_few|undefined_data|unnamed_param,107
FUN_0048c8a0,0048c8a0,.,17,3,param_count_too_few|undefined_data|warning_overlapping_globals,62
FUN_0048cf60,0048cf60,.,28,2,unnamed_param,53
FUN_0048d050,0048d050,.,22,7,param_count_too_few|undefined_data|unnamed_param,107
FUN_0048d0c0,0048d0c0,.,131,62,param_count_too_few|unnamed_param|unresolved_funcptr|warning_overlapping_globals,771
FUN_0048d5d0,0048d5d0,.,283,98,raw_address_constant|stack_alignment_array|undefined_data|unnamed_param|unresolved_funcptr|warning_overlapping_globals,1293
FUN_0048df10,0048df10,.,5,2,unnamed_param,30
FUN_0048e230,0048e230,.,29,17,param_count_too_few|unnamed_param|warning_overlapping_globals,214
FUN_0048e550,0048e550,.,12,5,param_count_too_few|unnamed_param,72
FUN_0048ee80,0048ee80,.,4,0,,4
FUN_0048eef0,0048eef0,.,21,4,param_count_too_few|undefined_data|unnamed_param,76
FUN_0048f3c0,0048f3c0,.,49,28,concat_reconstruction|nonstandard_int|undefined_data|unnamed_param|warning_overlapping_globals,354
FUN_0048f8f0,0048f8f0,.,35,6,unnamed_param,100
FUN_0048f9b0,0048f9b0,.,53,40,param_count_too_few|unnamed_param|warning_overlapping_globals,468
FUN_0048fbe0,0048fbe0,.,19,4,param_count_too_few|unnamed_param|warning_overlapping_globals,74
FUN_0048fce0,0048fce0,.,5,3,undefined_data|unnamed_param,45
FUN_0048fd50,0048fd50,.,31,27,param_count_too_few|unnamed_param|warning_overlapping_globals,316
FUN_0048fe10,0048fe10,.,5,4,param_count_too_few|unnamed_param,55
FUN_0048fe30,0048fe30,.,5,4,param_count_too_few|unnamed_param,55
FUN_0048fe50,0048fe50,.,41,20,unnamed_param,246
FUN_0048ff40,0048ff40,.,5,11,param_count_too_few|unnamed_param,125
FUN_0048ff70,0048ff70,engine/font.cpp,69,53,pointer_cast|pointer_truncation|undefined_data|unnamed_param|warning_overlapping_globals,624
FUN_004901d0,004901d0,.,7,15,unnamed_param,162
FUN_00490420,00490420,.,14,5,param_count_too_few|unnamed_param,74
FUN_00490460,00490460,.,5,3,param_count_too_few|unnamed_param,45
FUN_00490470,00490470,engine/font.cpp,148,58,param_count_too_few|unnamed_param|warning_overlapping_globals,743
FUN_00490920,00490920,.,28,15,param_count_too_few|unnamed_param,188
FUN_00490980,00490980,engine/font.cpp,61,49,param_count_too_few|unnamed_param|warning_overlapping_globals,566
FUN_00490af0,00490af0,.,5,13,param_count_too_few|unnamed_param,145
FUN_00490be0,00490be0,.,7,15,param_count_too_few|unnamed_param,167
FUN_00490ce0,00490ce0,.,7,15,param_count_too_few|unnamed_param,167
FUN_00490de0,00490de0,.,7,17,param_count_too_few|unnamed_param,187
FUN_00490e30,00490e30,.,7,16,param_count_too_few|stack_ref|unnamed_param,182
FUN_00490e80,00490e80,.,7,17,param_count_too_few|unnamed_param,187
FUN_00491140,00491140,.,5,1,warning_overlapping_globals,20
FUN_00491150,00491150,.,6,4,param_count_too_few|unnamed_param|warning_overlapping_globals,61
FUN_00491160,00491160,.,74,50,concat_reconstruction|nonstandard_int|param_count_too_few|undefined_data|unnamed_param,599
FUN_004911f0,004911f0,.,185,66,param_count_too_few|undefined_data|unnamed_param|unrolled_memcpy|unrolled_strcpy|warning_overlapping_globals,875
FUN_004916c0,004916c0,.,523,320,param_count_too_few|undefined_data|unnamed_param|warning_overlapping_globals,3743
FUN_00492da0,00492da0,.,56,25,param_count_too_few|unnamed_param|unresolved_funcptr|unrolled_strchr,326
FUN_00492e60,00492e60,.,58,30,param_count_too_few|unnamed_param|unresolved_funcptr|unrolled_strchr,378
FUN_00492f30,00492f30,.,81,36,param_count_too_few|undefined_data|unnamed_param|unrolled_memcpy,461
FUN_004930b0,004930b0,.,7,7,param_count_too_few|unnamed_param,87
FUN_004930e0,004930e0,.,8,10,param_count_too_few|unnamed_param,118
FUN_00493140,00493140,.,25,23,concat_reconstruction|param_count_too_few|unnamed_param,270
FUN_004931a0,004931a0,.,5,5,param_count_too_few|unnamed_param,65
FUN_004931b0,004931b0,engine/font.cpp,63,26,param_count_too_few|pointer_cast|pointer_truncation|undefined_data|unnamed_param|warning_overlapping_globals|warning_unreachable,358
FUN_004940d0,004940d0,.,4,1,param_count_too_few,19
FUN_00494260,00494260,.,161,14,undefined_data|unnamed_param|warning_overlapping_globals,316
FUN_00494dd0,00494dd0,.,13,9,unnamed_param,108
FUN_00494e30,00494e30,.,12,9,unnamed_param|warning_overlapping_globals,112
FUN_004950a0,004950a0,core/frankgen.cpp,81,20,stack_alignment_array|undefined_data|unnamed_param|warning_overlapping_globals,301
FUN_00495240,00495240,core/frankgen.cpp,22,1,warning_overlapping_globals,37
FUN_004952b0,004952b0,.,18,12,unnamed_param,143
FUN_00495340,00495340,core/frankgen.cpp,21,13,param_count_too_few|unnamed_param|warning_overlapping_globals,166
FUN_00496d10,00496d10,.,194,50,raw_address_constant|self_copy_guard|unnamed_param|unresolved_funcptr|warning_overlapping_globals,719
FUN_00497410,00497410,.,142,54,undefined_data|unnamed_param|unresolved_funcptr|warning_overlapping_globals,702
FUN_00497810,00497810,.,9,4,param_count_too_few|undefined_data|unnamed_param,64
FUN_00497860,00497860,.,4,1,param_count_too_few,19
FUN_00497870,00497870,.,24,9,unnamed_param|warning_overlapping_globals,124
FUN_00497900,00497900,.,357,194,pointer_cast|pointer_truncation|stack_alignment_array|stack_ref|undefined_data|unnamed_param|warning_overlapping_globals|warning_type_propagation,2337
FUN_004980d0,004980d0,.,127,36,undefined_data|unnamed_param|unresolved_funcptr|unrolled_memcpy|warning_overlapping_globals,512
FUN_004983f0,004983f0,core/gabriela.cpp,144,22,undefined_data|unnamed_param|unresolved_funcptr|warning_overlapping_globals,384
FUN_00498790,00498790,.,13,7,param_count_too_few|undefined_data|unnamed_param,98
FUN_004987e0,004987e0,.,97,19,unnamed_param|warning_overlapping_globals,297
FUN_00498af0,00498af0,.,12,8,unnamed_param|unresolved_funcptr,102
FUN_00498b60,00498b60,.,13,8,unnamed_param|unresolved_funcptr,103
FUN_00498bd0,00498bd0,.,9,4,unnamed_param,54
FUN_00498de0,00498de0,.,81,23,param_count_too_few|undefined_data|unnamed_param|unresolved_funcptr|warning_overlapping_globals,336
FUN_004990c0,004990c0,.,164,76,undefined_data|unnamed_param|unresolved_funcptr|warning_overlapping_globals,944
FUN_004998c0,004998c0,.,66,33,unnamed_param|unresolved_funcptr|warning_overlapping_globals,411
FUN_00499b00,00499b00,.,58,24,param_count_too_few|unnamed_param|unrolled_memcpy|warning_overlapping_globals,318
FUN_0049a160,0049a160,.,4,3,param_count_too_few|unnamed_param,44
FUN_0049a890,0049a890,.,7,3,param_count_too_few|unnamed_param,47
FUN_0049a8a0,0049a8a0,.,30,17,param_count_too_few|unnamed_param|warning_overlapping_globals,215
FUN_0049a960,0049a960,.,14,18,param_count_too_few|undefined_data|warning_overlapping_globals,209
FUN_0049aa30,0049aa30,.,27,15,unnamed_param|unrolled_strcpy,187
FUN_0049aa90,0049aa90,.,6,4,param_count_too_few|unnamed_param,56
FUN_0049ab50,0049ab50,.,143,25,param_count_too_few|raw_address_constant|undefined_data|unnamed_param|warning_overlapping_globals,418
FUN_0049b0b0,0049b0b0,.,49,23,param_count_too_few|unnamed_param|warning_overlapping_globals,294
FUN_0049b240,0049b240,.,6,7,unnamed_param,81
FUN_0049b260,0049b260,.,44,31,param_count_too_few|raw_address_pointer_store|unnamed_param|unresolved_funcptr|warning_overlapping_globals,379
FUN_0049b4e0,0049b4e0,.,353,107,param_count_too_few|undefined_data|unnamed_param|warning_overlapping_globals,1443
FUN_0049cc10,0049cc10,.,350,76,param_count_too_few|raw_address_constant|raw_address_pointer_store|stack_alignment_array|undefined_data|unnamed_param|unresolved_funcptr|unrolled_strcpy|warning_overlapping_globals,1155
FUN_0049d870,0049d870,core/game.cpp,26,20,param_count_too_few|undefined_data|unnamed_param|warning_overlapping_globals,246
FUN_0049d960,0049d960,.,19,5,param_count_too_few|undefined_data|unnamed_param|warning_overlapping_globals,89
FUN_0049da10,0049da10,.,320,118,param_count_too_few|raw_address_constant|raw_address_pointer_store|undefined_data|unnamed_param|unresolved_funcptr|unrolled_strcpy|warning_overlapping_globals,1540
FUN_0049e610,0049e610,.,65,58,param_count_too_few|unnamed_param,655
FUN_0049e7d0,0049e7d0,core/game.cpp,50,20,param_count_too_few|pointer_cast|pointer_truncation|undefined_data|unnamed_param|unrolled_memcpy|warning_overlapping_globals|warning_unreachable,290
FUN_0049e8b0,0049e8b0,.,90,15,param_count_too_few|unnamed_param|warning_overlapping_globals,255
FUN_0049ec80,0049ec80,.,7,5,unnamed_param,62
FUN_0049ee30,0049ee30,.,235,142,param_count_too_few|raw_address_pointer_store|undefined_data|unnamed_param|unresolved_funcptr|warning_overlapping_globals,1685
FUN_0049f710,0049f710,.,52,19,undefined_data|unnamed_param|warning_overlapping_globals,257
FUN_0049f8c0,0049f8c0,.,12,5,param_count_too_few|undefined_data|warning_overlapping_globals,77
FUN_0049f930,0049f930,.,254,126,param_count_too_few|raw_address_constant|raw_address_pointer_store|undefined_data|unnamed_param|unresolved_funcptr|unrolled_strcpy|warning_overlapping_globals,1554
FUN_004a02e0,004a02e0,core/game.cpp,20,6,param_count_too_few|unnamed_param|unresolved_funcptr|warning_overlapping_globals,100
FUN_004a04e0,004a04e0,.,19,15,param_count_too_few|unnamed_param,179
FUN_004a0550,004a0550,.,2005,267,bit_int_float_compare|param_count_too_few|raw_address_constant|raw_address_pointer_store|undefined_data|unnamed_param|unresolved_funcptr|unrolled_strcpy|unrolled_strlen|warning_overlapping_globals,4725
FUN_004a3660,004a3660,.,8,1,param_count_too_few,23
FUN_004a37e0,004a37e0,.,10,4,param_count_too_few|undefined_data|warning_overlapping_globals,65
FUN_004a3820,004a3820,.,61,10,param_count_too_few|stack_alignment_array|undefined_data|unresolved_funcptr|warning_overlapping_globals,186
FUN_004a3860,004a3860,.,57,6,stack_alignment_array|undefined_data|unresolved_funcptr|warning_overlapping_globals,137
FUN_004a3880,004a3880,.,33,8,param_count_too_few|undefined_data|unnamed_param|warning_overlapping_globals,133
FUN_004a3960,004a3960,.,43,10,bit_int_float_compare|param_count_too_few|undefined_data|warning_overlapping_globals,163
FUN_004a3a50,004a3a50,.,8,2,param_count_too_few|warning_overlapping_globals,38
FUN_004a3a70,004a3a70,.,6,1,warning_overlapping_globals,21
FUN_004a3a90,004a3a90,.,6,1,warning_overlapping_globals,21
FUN_004a3ab0,004a3ab0,.,41,32,param_count_too_few|unnamed_param|unrolled_strcpy,376
FUN_004a3b90,004a3b90,.,164,29,param_count_too_few|undefined_data|unnamed_param|unrolled_strcpy|warning_overlapping_globals,479
FUN_004a4170,004a4170,core/game.cpp,303,45,param_count_too_few|undefined_data|unnamed_param|unrolled_memcpy|unrolled_strcpy|warning_overlapping_globals,783
FUN_004a4b50,004a4b50,.,336,46,param_count_too_few|undefined_data|unnamed_param|unrolled_strcpy|warning_overlapping_globals,821
FUN_004a5740,004a5740,core/game.cpp,24,19,param_count_too_few|unnamed_param|unrolled_strcpy|warning_overlapping_globals,234
FUN_004a57c0,004a57c0,core/game.cpp,179,64,param_count_too_few|pointer_cast|undefined_data|unnamed_param|unresolved_funcptr|unrolled_strcat|unrolled_strcpy|unrolled_strlen|warning_overlapping_globals,864
FUN_004a5f00,004a5f00,core/game.cpp,16,10,param_count_too_few|unnamed_param|warning_overlapping_globals,131
FUN_004a6010,004a6010,.,114,17,param_count_too_few|raw_address_constant|unaffected_reg|unnamed_param|warning_overlapping_globals,309
FUN_004a6570,004a6570,.,50,13,param_count_too_few|undefined_data|unnamed_param|unrolled_strcpy,200
FUN_004a6680,004a6680,.,210,38,extra_output|param_count_too_few|raw_address_constant|undefined_data|unnamed_param|unrolled_strcat|unrolled_strcpy|unrolled_strlen|warning_overlapping_globals,635
FUN_004a6a10,004a6a10,.,234,42,raw_address_constant|undefined_data|unnamed_param|unrolled_strcat|unrolled_strcpy|unrolled_strlen|warning_overlapping_globals,689
FUN_004a6e90,004a6e90,core/game.cpp,152,19,extra_output|param_count_too_few|pointer_cast|undefined_data|unnamed_param|unresolved_funcptr|unrolled_strcpy|unrolled_strlen|warning_overlapping_globals,387
FUN_004a7710,004a7710,.,46,14,unnamed_param|warning_overlapping_globals,196
FUN_004a8330,004a8330,.,87,67,unnamed_param|warning_overlapping_globals,767
FUN_004a8a10,004a8a10,.,10,3,param_count_too_few|unnamed_param,50
FUN_004a9040,004a9040,core/ghoul.cpp,60,17,unnamed_param|unresolved_funcptr|warning_overlapping_globals,245
FUN_004ab190,004ab190,.,90,67,unnamed_param|warning_overlapping_globals,770
FUN_004ac7c0,004ac7c0,.,67,29,param_count_too_few|undefined_data|unnamed_param|unresolved_funcptr|warning_overlapping_globals,382
FUN_004accf0,004accf0,.,396,242,param_count_too_few|self_copy_guard|undefined_data|unnamed_param|warning_overlapping_globals,2841
FUN_004ada20,004ada20,.,136,49,param_count_too_few|raw_address_constant|self_copy_guard|undefined_data|unnamed_param|unresolved_funcptr|unrolled_strcpy|warning_overlapping_globals,666
FUN_004aded0,004aded0,.,5,3,param_count_too_few|unnamed_param,45
FUN_004adf70,004adf70,.,5,3,undefined_data|unnamed_param,45
FUN_004ae070,004ae070,.,9,10,unnamed_param,114
FUN_004ae0a0,004ae0a0,.,58,13,param_count_too_few|stack_alignment_array|stack_ref|undefined_data|unrolled_memcpy|warning_overlapping_globals,218
FUN_004ae960,004ae960,.,26,32,unnamed_param|warning_overlapping_globals,356
FUN_004aea00,004aea00,.,31,36,unnamed_param|warning_overlapping_globals,401
FUN_004aeae0,004aeae0,.,19,8,param_count_too_few|raw_address_constant|undefined_data|warning_overlapping_globals,119
FUN_004aeb70,004aeb70,.,193,59,param_count_too_few|undefined_data|unnamed_param|warning_overlapping_globals,803
FUN_004af130,004af130,.,10,7,param_count_too_few|unnamed_param|warning_overlapping_globals,95
FUN_004af160,004af160,.,9,23,param_count_too_few|unnamed_param,249
FUN_004af1f0,004af1f0,.,13,19,param_count_too_few|unnamed_param,213
FUN_004af2a0,004af2a0,.,23,8,param_count_too_few|raw_address_constant|undefined_data|warning_overlapping_globals,123
FUN_004af340,004af340,.,129,47,param_count_too_few|undefined_data|unnamed_param|warning_overlapping_globals,619
FUN_004af700,004af700,.,10,7,param_count_too_few|unnamed_param|warning_overlapping_globals,95
FUN_004af730,004af730,.,20,23,raw_address_constant|unnamed_param|warning_overlapping_globals,265
FUN_004af7c0,004af7c0,.,8,16,param_count_too_few|unnamed_param,178
FUN_004af820,004af820,.,9,16,param_count_too_few|unnamed_param,179
FUN_004af8a0,004af8a0,.,58,39,pointer_cast|pointer_truncation|self_copy_guard|undefined_data|unnamed_param|warning_overlapping_globals,478
FUN_004afa20,004afa20,.,124,64,param_count_too_few|raw_address_constant|undefined_data|unnamed_param|warning_overlapping_globals,789
FUN_004afdb0,004afdb0,.,20,3,param_count_too_few|undefined_data|warning_overlapping_globals,65
FUN_004afe00,004afe00,.,17,4,param_count_too_few|undefined_data|unresolved_funcptr,72
FUN_004afe80,004afe80,.,86,11,param_count_too_few|raw_address_constant|unnamed_param|warning_overlapping_globals,216
FUN_004b0030,004b0030,.,35,6,param_count_too_few|raw_address_constant|undefined_data|unresolved_funcptr|warning_overlapping_globals,120
FUN_004b00f0,004b00f0,.,14,10,param_count_too_few|unnamed_param|warning_overlapping_globals,129
FUN_004b0140,004b0140,.,18,2,param_count_too_few|warning_overlapping_globals,48
FUN_004b0190,004b0190,.,10,7,unnamed_param,85
FUN_004b01c0,004b01c0,.,10,9,unnamed_param,105
FUN_004b0200,004b0200,.,91,29,param_count_too_few|self_copy_guard|unnamed_param,396
FUN_004b0430,004b0430,.,18,2,param_count_too_few|warning_overlapping_globals,48
FUN_004b0480,004b0480,.,10,8,param_count_too_few|unnamed_param,100
FUN_004b04b0,004b04b0,.,36,14,param_count_too_few|undefined_data,186
FUN_004b0580,004b0580,core/gore.cpp,36,18,param_count_too_few|unnamed_param|unresolved_funcptr|warning_overlapping_globals,236
FUN_004b0670,004b0670,.,8,12,unnamed_param,133
FUN_004b06b0,004b06b0,.,17,12,unnamed_param|warning_overlapping_globals,147
FUN_004b0730,004b0730,.,36,14,raw_address_constant|unnamed_param|warning_overlapping_globals,191
FUN_004b0820,004b0820,.,30,15,param_count_too_few|raw_address_constant|undefined_data|unnamed_param|warning_overlapping_globals,205
FUN_004b08d0,004b08d0,.,29,13,param_count_too_few|raw_address_constant|undefined_data|unnamed_param|warning_overlapping_globals,184
FUN_004b0dc0,004b0dc0,.,12,11,unnamed_param|unresolved_funcptr,132
FUN_004b11b0,004b11b0,.,33,17,param_count_too_few|undefined_data|unnamed_param,218
FUN_004b12f0,004b12f0,.,31,2,unnamed_param,56
FUN_004b13d0,004b13d0,core/ground.cpp,27,8,param_count_too_few|unnamed_param|warning_overlapping_globals,122
FUN_004b1470,004b1470,.,25,10,param_count_too_few|unnamed_param,135
FUN_004b14d0,004b14d0,core/ground.cpp,157,33,param_count_too_few|pointer_truncation|undefined_data|unnamed_param|unrolled_strchr|unrolled_strcpy|warning_overlapping_globals,522
FUN_004b1800,004b1800,.,4,7,param_count_too_few|unnamed_param,84
FUN_004b1820,004b1820,.,31,33,param_count_too_few|undefined_data|unnamed_param,376
FUN_004b1910,004b1910,.,163,31,param_count_too_few|pointer_cast|unnamed_param|warning_overlapping_globals,493
FUN_004b1d00,004b1d00,.,13,25,param_count_too_few|undefined_data|unnamed_param,278
FUN_004b1df0,004b1df0,.,5,5,param_count_too_few|undefined_data|unnamed_param,70
FUN_004b1e10,004b1e10,.,63,53,param_count_too_few|undefined_data|unnamed_param,608
FUN_004b1ff0,004b1ff0,.,42,30,param_count_too_few|unnamed_param,352
FUN_004b2110,004b2110,.,19,16,param_count_too_few|undefined_data|unnamed_param,194
FUN_004b21b0,004b21b0,.,75,52,param_count_too_few|unnamed_param,605
FUN_004b3880,004b3880,.,166,57,self_copy_guard|unnamed_param|unresolved_funcptr|warning_overlapping_globals,756
FUN_004b3e00,004b3e00,.,44,24,unnamed_param|unresolved_funcptr|warning_overlapping_globals,299
FUN_004b3f40,004b3f40,.,31,10,param_count_too_few|unnamed_param|unresolved_funcptr,146
FUN_004b43f0,004b43f0,.,14,12,param_count_too_few|unnamed_param|warning_overlapping_globals,149
FUN_004b4500,004b4500,core/hero.cpp,34,6,param_count_too_few|unnamed_param|warning_overlapping_globals,109
FUN_004b45b0,004b45b0,.,25,9,param_count_too_few|unnamed_param|warning_overlapping_globals,130
FUN_004b4630,004b4630,.,25,11,param_count_too_few|unnamed_param|warning_overlapping_globals,150
FUN_004b46d0,004b46d0,.,34,2,unnamed_param,59
FUN_004b4800,004b4800,.,22,4,unnamed_param,67
FUN_004b48d0,004b48d0,.,8,5,unnamed_param,63
FUN_004b49a0,004b49a0,.,66,23,undefined_data|unnamed_param,306
FUN_004b4c70,004b4c70,.,32,11,unnamed_param,147
FUN_004b4dd0,004b4dd0,core/hero.cpp,35,8,param_count_too_few|undefined_data|unnamed_param|unrolled_strcpy|warning_overlapping_globals,140
FUN_004b4e90,004b4e90,.,53,11,param_count_too_few|unnamed_param|unresolved_funcptr|warning_overlapping_globals,183
FUN_004b4fe0,004b4fe0,.,45,9,param_count_too_few|unnamed_param|warning_overlapping_globals,150
FUN_004b5110,004b5110,.,47,10,param_count_too_few|unnamed_param|warning_overlapping_globals,162
FUN_004b5270,004b5270,.,16,9,param_count_too_few|unnamed_param,116
FUN_004b52f0,004b52f0,.,49,10,param_count_too_few|unnamed_param|warning_overlapping_globals,164
FUN_004b5490,004b5490,.,9,5,param_count_too_few|unnamed_param,69
FUN_004b54c0,004b54c0,.,83,14,param_count_too_few|undefined_data|unnamed_param|unresolved_funcptr|warning_overlapping_globals,248
FUN_004b56f0,004b56f0,.,14,7,param_count_too_few|undefined_data|unnamed_param,99
FUN_004b5750,004b5750,.,60,15,param_count_too_few|unnamed_param|unresolved_funcptr|warning_overlapping_globals,230
FUN_004b5920,004b5920,.,11,6,param_count_too_few|unnamed_param|unresolved_funcptr,86
FUN_004b5950,004b5950,.,61,17,param_count_too_few|unnamed_param|unrolled_memcpy|warning_overlapping_globals,251
FUN_004b5b00,004b5b00,.,21,10,param_count_too_few|unnamed_param|unresolved_funcptr,136
FUN_004b5c30,004b5c30,.,9,8,param_count_too_few|unnamed_param,99
FUN_004b5c70,004b5c70,.,13,6,param_count_too_few|unnamed_param,83
FUN_004b5cb0,004b5cb0,.,5,5,param_count_too_few|unnamed_param,65
FUN_004b5cd0,004b5cd0,.,6,6,param_count_too_few|unnamed_param,76
FUN_004b5d00,004b5d00,.,52,14,param_count_too_few|undefined_data|unnamed_param|unresolved_funcptr|warning_overlapping_globals,217
FUN_004b5ec0,004b5ec0,.,22,15,unnamed_param|unresolved_funcptr,182
FUN_004b5f90,004b5f90,.,9,3,param_count_too_few|unnamed_param,49
FUN_004b6080,004b6080,core/hero.cpp,62,15,param_count_too_few|unnamed_param|unrolled_memcpy|warning_overlapping_globals,232
FUN_004b63f0,004b63f0,.,58,21,undefined_data|warning_overlapping_globals|warning_unreachable,283
FUN_004b81a0,004b81a0,.,35,28,unnamed_param|warning_overlapping_globals,325
FUN_004b8ca0,004b8ca0,.,17,3,unnamed_param|warning_overlapping_globals,57
FUN_004ba740,004ba740,.,57,39,pointer_cast|pointer_truncation|stack_alignment_array|stack_ref|unnamed_param|warning_overlapping_globals|warning_type_propagation,482
FUN_004ba8a0,004ba8a0,.,51,14,unnamed_param|unresolved_funcptr|warning_overlapping_globals,206
FUN_004baa00,004baa00,.,8,3,unnamed_param,43
FUN_004baba0,004baba0,.,215,79,self_copy_guard|unnamed_param|unresolved_funcptr|warning_overlapping_globals,1025
FUN_004bb2d0,004bb2d0,.,44,19,unnamed_param|unresolved_funcptr|warning_overlapping_globals,249
FUN_004bb3c0,004bb3c0,.,49,13,param_count_too_few|unnamed_param|unresolved_funcptr,194
FUN_004bca20,004bca20,.,88,65,unnamed_param|warning_overlapping_globals,748
FUN_004bd0a0,004bd0a0,engine/ini.cpp,107,41,unaffected_reg|undefined_data|unnamed_param|unrolled_strchr|unrolled_strcpy|unrolled_strlen|warning_overlapping_globals,552
FUN_004bd2b0,004bd2b0,engine/ini.cpp,84,16,param_count_too_few|undefined_data|unnamed_param|unrolled_strchr|warning_overlapping_globals,269
FUN_004bd480,004bd480,engine/ini.cpp,89,28,undefined_data|unnamed_param|unrolled_strcpy|unrolled_strlen|warning_overlapping_globals,394
FUN_004bd750,004bd750,.,5,12,unnamed_param,130
FUN_004bd830,004bd830,.,5,8,unnamed_param,90
FUN_004bd860,004bd860,.,6,9,param_count_too_few|unnamed_param,106
FUN_004bd890,004bd890,.,20,14,param_count_too_few|unnamed_param|unrolled_strcpy,175
FUN_004bd8d0,004bd8d0,.,22,11,param_count_too_few|unnamed_param|unrolled_strcpy,147
FUN_004bd910,004bd910,engine/ini.cpp,16,14,param_count_too_few|unnamed_param|warning_overlapping_globals,171
FUN_004bd9a0,004bd9a0,engine/ini.cpp,16,11,param_count_too_few|unnamed_param|warning_overlapping_globals,141
FUN_004bda20,004bda20,.,8,10,param_count_too_few|undefined_data|unnamed_param,123
FUN_004bda80,004bda80,.,7,8,param_count_too_few|undefined_data|unnamed_param,102
FUN_004bdac0,004bdac0,.,8,10,param_count_too_few|undefined_data|unnamed_param,123
FUN_004bdb20,004bdb20,.,7,8,param_count_too_few|undefined_data|unnamed_param,102
FUN_004bdb80,004bdb80,core/inivar.cpp,86,7,raw_address_constant|undefined_data|warning_overlapping_globals,171
FUN_004be2d0,004be2d0,.,73,2,undefined_data|warning_overlapping_globals,103
FUN_004beb40,004beb40,core/inv.cpp,24,17,param_count_too_few|undefined_data|unnamed_param|warning_overlapping_globals,214
FUN_004beca0,004beca0,.,23,5,param_count_too_few|raw_address_constant|unnamed_param|warning_overlapping_globals,93
FUN_004bed10,004bed10,.,23,5,param_count_too_few|raw_address_constant|unnamed_param|warning_overlapping_globals,93
FUN_004bed80,004bed80,.,7,7,param_count_too_few|unnamed_param,87
FUN_004bedc0,004bedc0,.,20,18,param_count_too_few|unnamed_param,210
FUN_004bee60,004bee60,.,5,4,param_count_too_few|unnamed_param,55
FUN_004bee80,004bee80,.,20,14,param_count_too_few|unnamed_param|unresolved_funcptr|warning_unreachable,180
FUN_004bef10,004bef10,.,24,10,param_count_too_few|unnamed_param|unresolved_funcptr|warning_overlapping_globals,144
FUN_004befa0,004befa0,.,50,8,undefined_data|warning_overlapping_globals,140
FUN_004bf270,004bf270,.,18,0,,18
FUN_004bf360,004bf360,.,1089,222,param_count_too_few|raw_address_constant|undefined_data|unnamed_param|unresolved_funcptr|unrolled_strcat|unrolled_strcpy|unrolled_strlen|warning_overlapping_globals,3354
FUN_004c0710,004c0710,.,19,7,param_count_too_few|unnamed_param,99
FUN_004c0760,004c0760,.,19,7,param_count_too_few|unnamed_param,99
FUN_004c07b0,004c07b0,.,32,19,param_count_too_few|unnamed_param,232
FUN_004c0850,004c0850,.,52,25,param_count_too_few|unnamed_param|unresolved_funcptr|warning_overlapping_globals,322
FUN_004c0950,004c0950,.,57,18,param_count_too_few|unnamed_param,247
FUN_004c0a50,004c0a50,.,53,19,param_count_too_few|unnamed_param|unresolved_funcptr|warning_overlapping_globals,263
FUN_004c0b40,004c0b40,.,128,50,param_count_too_few|raw_address_constant|undefined_data|unnamed_param|warning_overlapping_globals,653
FUN_004c0fa0,004c0fa0,.,44,42,param_count_too_few|suspect_float|undefined_data|unnamed_param,484
FUN_004c1140,004c1140,.,17,8,param_count_too_few|undefined_data|unnamed_param,112
FUN_004c1190,004c1190,core/inv.cpp,103,46,param_count_too_few|undefined_data|unnamed_param|unrolled_memcpy|unrolled_strcpy|warning_overlapping_globals,593
FUN_004c14d0,004c14d0,.,16,6,param_count_too_few|unnamed_param,86
FUN_004c1510,004c1510,core/inv.cpp,21,7,unnamed_param|unresolved_funcptr|warning_overlapping_globals,106
FUN_004c1580,004c1580,core/inv.cpp,117,30,param_count_too_few|undefined_data|unnamed_param|unrolled_strcat|unrolled_strcpy|unrolled_strlen|warning_overlapping_globals,452
FUN_004c1830,004c1830,.,9,3,param_count_too_few|unnamed_param,49
FUN_004c1850,004c1850,.,95,49,param_count_too_few|pointer_cast|undefined_data|unnamed_param|unresolved_funcptr|warning_overlapping_globals,615
FUN_004c1b20,004c1b20,.,21,7,undefined_data|unnamed_param,101
FUN_004c1b90,004c1b90,.,14,9,param_count_too_few|unnamed_param,114
FUN_004c1bf0,004c1bf0,.,47,20,param_count_too_few|undefined_data|unnamed_param,262
FUN_004c1d20,004c1d20,.,13,9,param_count_too_few|unnamed_param|warning_overlapping_globals,118
FUN_004c1d70,004c1d70,.,10,6,param_count_too_few|unnamed_param|warning_overlapping_globals,85
FUN_004c1da0,004c1da0,.,9,4,unnamed_param|warning_overlapping_globals,59
FUN_004c1dd0,004c1dd0,.,65,30,undefined_data|unnamed_param,375
FUN_004c1f90,004c1f90,.,65,31,param_count_too_few|undefined_data|unnamed_param,390
FUN_004c2150,004c2150,.,87,47,extra_output|param_count_too_few|undefined_data|unnamed_param|warning_overlapping_globals,582
FUN_004c2470,004c2470,.,345,106,concat_reconstruction|param_count_too_few|pointer_cast|raw_address_constant|undefined_data|unnamed_param|unrolled_strcat|unrolled_strcpy|unrolled_strlen|warning_overlapping_globals,1455
FUN_004c31b0,004c31b0,.,38,14,param_count_too_few|unnamed_param|unresolved_funcptr|warning_overlapping_globals,198
FUN_004c3280,004c3280,.,23,10,param_count_too_few|unnamed_param|warning_overlapping_globals,138
FUN_004c32e0,004c32e0,.,15,10,param_count_too_few|unnamed_param|warning_overlapping_globals,130
FUN_004c3350,004c3350,.,30,9,unnamed_param|warning_overlapping_globals,130
FUN_004c3760,004c3760,.,60,23,extra_output|unnamed_param|warning_overlapping_globals,305
FUN_004c3920,004c3920,.,47,22,param_count_too_few|unnamed_param|warning_overlapping_globals,282
FUN_004c3aa0,004c3aa0,engine/keyframe.c,96,19,unnamed_param|warning_overlapping_globals,296
FUN_004c41c0,004c41c0,.,6,1,param_count_too_few,21
FUN_004c41d0,004c41d0,.,7,1,param_count_too_few,22
FUN_004c41f0,004c41f0,.,5,5,param_count_too_few|undefined_data|unnamed_param,70
FUN_004c4200,004c4200,.,5,5,param_count_too_few|undefined_data|unnamed_param,70
FUN_004c4210,004c4210,.,9,5,undefined_data|unnamed_param,69
FUN_004c45a0,004c45a0,.,46,15,unnamed_param|unrolled_memcpy,206
FUN_004c46b0,004c46b0,.,47,15,unnamed_param|unrolled_memcpy,207
FUN_004c5640,004c5640,.,94,68,param_count_too_few|undefined_data|unnamed_param,789
FUN_004c59e0,004c59e0,.,160,63,param_count_too_few|raw_address_constant|undefined_data|unnamed_param|warning_overlapping_globals,815
FUN_004c5fa0,004c5fa0,.,9,4,param_count_too_few|unnamed_param,59
FUN_004c6390,004c6390,.,34,28,bit_int_float_compare|param_count_too_few|unnamed_param|unresolved_funcptr|warning_overlapping_globals,339
FUN_004c6500,004c6500,.,11,7,param_count_too_few|unnamed_param|warning_overlapping_globals,96
FUN_004c6640,004c6640,.,29,10,param_count_too_few|unnamed_param|warning_overlapping_globals,144
FUN_004c68f0,004c68f0,.,15,8,param_count_too_few|unnamed_param,105
FUN_004c69d0,004c69d0,.,12,8,param_count_too_few|undefined_data|unnamed_param,107
FUN_004c6a10,004c6a10,.,11,10,unnamed_param|warning_overlapping_globals,121
FUN_004c6a70,004c6a70,.,95,25,param_count_too_few|stack_alignment_array|stack_ref|undefined_data|unnamed_param|warning_overlapping_globals,375
FUN_004c6cc0,004c6cc0,.,30,13,param_count_too_few|undefined_data|unnamed_param|warning_overlapping_globals,180
FUN_004c6d90,004c6d90,.,7,7,undefined_data|unnamed_param,87
FUN_004c6ff0,004c6ff0,.,22,5,stack_ref|unnamed_param|unresolved_funcptr|warning_overlapping_globals,92
FUN_004c8440,004c8440,.,47,5,stack_ref|unnamed_param|unrolled_strchr|warning_overlapping_globals,117
FUN_004c8510,004c8510,.,27,0,,27
thunk_FUN_004d23d0,004c85e0,.,171,32,pointer_cast|pointer_truncation|raw_address_constant|raw_address_pointer_store|undefined_data|unresolved_funcptr|unrolled_strcpy|warning_overlapping_globals,531
FUN_004c85f0,004c85f0,core/main.c,496,81,param_count_too_few|pointer_cast|pointer_truncation|raw_address_constant|undefined_data|unrolled_strcat|unrolled_strcpy|unrolled_strlen|warning_overlapping_globals,1351
FUN_004c90e0,004c90e0,.,76,5,undefined_data|unresolved_funcptr|warning_overlapping_globals,141
FUN_004ca410,004ca410,.,71,40,unnamed_param,476
FUN_004ca640,004ca640,.,37,10,param_count_too_few|unnamed_param|warning_overlapping_globals,152
FUN_004ca710,004ca710,.,12,7,undefined_data|unnamed_param,92
FUN_004ca790,004ca790,.,135,38,extra_output|undefined_data|unnamed_param|warning_overlapping_globals,535
FUN_004cabf0,004cabf0,.,14,8,undefined_data|unnamed_param,104
FUN_004cac90,004cac90,core/manpuz.cpp,68,10,unnamed_param|warning_overlapping_globals,178
FUN_004cae20,004cae20,.,14,22,param_count_too_few|unnamed_param,244
FUN_004caef0,004caef0,.,42,34,param_count_too_few|unnamed_param|warning_overlapping_globals,397
FUN_004cb010,004cb010,.,106,22,unnamed_param|warning_overlapping_globals,336
FUN_004cb2d0,004cb2d0,.,138,37,unnamed_param|warning_overlapping_globals,518
FUN_004cb5a0,004cb5a0,core/manpuz.cpp,56,10,param_count_too_few|unnamed_param|warning_overlapping_globals,171
FUN_004cb740,004cb740,core/manpuz.cpp,20,9,param_count_too_few|unnamed_param|warning_overlapping_globals,125
FUN_004cb8e0,004cb8e0,.,8,8,param_count_too_few|unnamed_param,98
FUN_004cb8f0,004cb8f0,.,7,5,param_count_too_few|unnamed_param,67
FUN_004cb900,004cb900,.,24,9,unnamed_param|warning_overlapping_globals,124
FUN_004cb980,004cb980,.,17,4,unnamed_param,62
FUN_004cba40,004cba40,core/manpuz.cpp,18,15,param_count_too_few|unnamed_param|warning_overlapping_globals,183
FUN_004cc000,004cc000,.,5,3,undefined_data|unnamed_param,45
FUN_004cc020,004cc020,.,5,3,undefined_data|unnamed_param,45
FUN_004cc040,004cc040,.,5,3,undefined_data|unnamed_param,45
FUN_004cc060,004cc060,.,5,3,undefined_data|unnamed_param,45
FUN_004cc1b0,004cc1b0,.,47,20,unnamed_param,252
FUN_004cc440,004cc440,.,80,16,undefined_data|unnamed_param|unrolled_memcpy|warning_overlapping_globals,260
FUN_004cc9d0,004cc9d0,.,29,6,extra_output|warning_overlapping_globals,99
FUN_004cca50,004cca50,.,4,0,,4
FUN_004cca60,004cca60,.,12,4,param_count_too_few|unnamed_param,62
FUN_004ccaa0,004ccaa0,.,12,4,param_count_too_few|unnamed_param,62
FUN_004ccae0,004ccae0,.,78,1,warning_overlapping_globals,93
FUN_004cd240,004cd240,.,5,4,param_count_too_few|undefined_data|unnamed_param,60
FUN_004cd260,004cd260,.,37,11,param_count_too_few|unnamed_param|warning_overlapping_globals,162
FUN_004cd300,004cd300,.,13,19,param_count_too_few|undefined_data|unnamed_param|warning_overlapping_globals,223
FUN_004cd380,004cd380,engine/matrix.c,203,47,unnamed_param|warning_overlapping_globals,683
FUN_004cdac0,004cdac0,engine/matrix.c,27,1,warning_overlapping_globals,42
FUN_004cdbc0,004cdbc0,engine/matrix.c,26,1,warning_overlapping_globals,41
FUN_004cde90,004cde90,.,33,12,param_count_too_few|sub84_truncation|unaffected_reg|unnamed_param|warning_overlapping_globals,178
FUN_004ce710,004ce710,.,8,8,param_count_too_few|unnamed_param|warning_overlapping_globals,103
FUN_004ce760,004ce760,.,13,5,unaffected_reg|warning_overlapping_globals,73
FUN_004ce790,004ce790,.,13,5,unaffected_reg|warning_overlapping_globals,73
FUN_004ce7c0,004ce7c0,engine/matrix.c,31,14,param_count_too_few|undefined_data|unnamed_param|warning_overlapping_globals,191
FUN_004ce920,004ce920,engine/matrix.c,29,2,undefined_data|warning_overlapping_globals,59
FUN_004cf090,004cf090,.,8,10,unnamed_param,113
FUN_004cf2b0,004cf2b0,.,59,21,param_count_too_few|undefined_data|unnamed_param|warning_overlapping_globals,289
FUN_004cf440,004cf440,.,121,50,param_count_too_few|raw_address_pointer_store|undefined_data|unnamed_param|unresolved_funcptr|unrolled_strchr|warning_overlapping_globals,656
FUN_004cf8d0,004cf8d0,.,81,11,raw_address_constant|raw_address_pointer_store|unresolved_funcptr|warning_overlapping_globals,211
FUN_004cfbc0,004cfbc0,.,72,25,param_count_too_few|raw_address_pointer_store|undefined_data|unnamed_param|unresolved_funcptr|warning_overlapping_globals,352
FUN_004cfe50,004cfe50,.,57,11,param_count_too_few|unnamed_param|unrolled_strcat|unrolled_strcpy|unrolled_strlen|warning_overlapping_globals,197
FUN_004cffa0,004cffa0,.,20,2,param_count_too_few|warning_overlapping_globals,50
FUN_004d0080,004d0080,.,592,74,dropped_loop_counter|raw_address_constant|raw_address_pointer_store|undefined_data|unresolved_funcptr|unrolled_strcat|unrolled_strcpy|unrolled_strlen|warning_overlapping_globals|warning_type_propagation|warning_unreachable,1387
FUN_004d0d20,004d0d20,.,196,17,concat_reconstruction|raw_address_constant|raw_address_pointer_store|unresolved_funcptr|unrolled_strcat|unrolled_strcpy|unrolled_strlen|warning_overlapping_globals,406
FUN_004d12e0,004d12e0,.,753,75,bitcast_double_pair|raw_address_pointer_store|undefined_data|unknown_field|unresolved_funcptr|unrolled_strcat|unrolled_strcpy|unrolled_strlen|warning_overlapping_globals,1548
FUN_004d21c0,004d21c0,.,64,7,param_count_too_few|raw_address_constant|raw_address_pointer_store|unnamed_param|unresolved_funcptr,159
FUN_004d23d0,004d23d0,.,171,32,pointer_cast|pointer_truncation|raw_address_constant|raw_address_pointer_store|undefined_data|unresolved_funcptr|unrolled_strcpy|warning_overlapping_globals,531
FUN_004d2900,004d2900,.,87,25,param_count_too_few|unnamed_param|unrolled_strcpy|warning_overlapping_globals,357
FUN_004d2b40,004d2b40,.,76,5,param_count_too_few|unnamed_param,136
FUN_004d2d00,004d2d00,core/menu.cpp,861,89,raw_address_constant|undefined_data|unresolved_funcptr|unrolled_strcat|unrolled_strcpy|unrolled_strlen|warning_overlapping_globals,1786
FUN_004d4370,004d4370,.,5,3,undefined_data|unnamed_param,45
FUN_004d4ba0,004d4ba0,.,158,38,pointer_cast|pointer_truncation|unnamed_param|unrolled_memcpy|warning_overlapping_globals,563
FUN_004d4f30,004d4f30,.,288,91,unnamed_param|unresolved_funcptr|unrolled_memcpy|warning_overlapping_globals,1218
FUN_004d5770,004d5770,.,34,19,pointer_cast|pointer_truncation|unnamed_param|unrolled_memcpy|warning_overlapping_globals,249
FUN_004d5860,004d5860,.,80,27,undefined_data|unnamed_param|unresolved_funcptr|unrolled_memcpy|warning_overlapping_globals,375
FUN_004d5d00,004d5d00,core/mimic.cpp,33,29,param_count_too_few|unnamed_param|unrolled_memcpy|warning_overlapping_globals,343
FUN_004d5e20,004d5e20,core/mimic.cpp,45,24,param_count_too_few|unnamed_param|warning_overlapping_globals,300
FUN_004d6170,004d6170,.,42,45,param_count_too_few|unnamed_param,502
FUN_004d62f0,004d62f0,core/mirror.cpp,34,35,param_count_too_few|unnamed_param|warning_overlapping_globals,399
FUN_004d6420,004d6420,.,56,38,param_count_too_few|unnamed_param,446
FUN_004d6550,004d6550,.,6,3,undefined_data|unnamed_param,46
FUN_004d6570,004d6570,.,6,2,unnamed_param,31
FUN_004d6590,004d6590,.,25,37,unnamed_param,400
FUN_004d6610,004d6610,.,7,8,param_count_too_few|undefined_data|unnamed_param,102
FUN_004d6650,004d6650,.,409,93,param_count_too_few|self_copy_guard|unnamed_param|unrolled_memcpy|warning_overlapping_globals,1364
FUN_004d7480,004d7480,.,5,8,param_count_too_few|unnamed_param,95
FUN_004d74a0,004d74a0,.,61,45,param_count_too_few|undefined_data|unnamed_param|unrolled_memcpy|warning_overlapping_globals,536
FUN_004d76e0,004d76e0,.,10,7,param_count_too_few|undefined_data|unnamed_param,95
FUN_004d7720,004d7720,.,10,6,undefined_data|unnamed_param,80
FUN_004d7980,004d7980,.,67,26,param_count_too_few|undefined_data|unnamed_param|warning_overlapping_globals,347
FUN_004d7b30,004d7b30,.,35,13,param_count_too_few|stack_alignment_array|unaffected_reg|unnamed_param|warning_overlapping_globals,190
FUN_004d7bd0,004d7bd0,.,67,19,param_count_too_few|self_copy_guard|stack_alignment_array|unaffected_reg|unnamed_param|warning_overlapping_globals,287
FUN_004d7d90,004d7d90,.,5,4,param_count_too_few|undefined_data|unnamed_param,60
FUN_004d7e00,004d7e00,.,19,19,param_count_too_few|undefined_data|unnamed_param,224
FUN_004d7e90,004d7e90,.,5,3,param_count_too_few|unnamed_param,45
FUN_004d7ea0,004d7ea0,.,10,8,param_count_too_few|unnamed_param,100
FUN_004d7ee0,004d7ee0,core/mission.cpp,18,10,param_count_too_few|undefined_data|unnamed_param|warning_overlapping_globals,138
FUN_004d7fe0,004d7fe0,core/mission.cpp,234,73,param_count_too_few|raw_address_constant|undefined_data|unnamed_param|unrolled_memcpy|unrolled_strcpy|warning_overlapping_globals,999
FUN_004d8640,004d8640,core/mission.cpp,19,11,param_count_too_few|unnamed_param|warning_overlapping_globals,144
FUN_004d86d0,004d86d0,.,7,6,param_count_too_few|undefined_data|unnamed_param,82
FUN_004d8720,004d8720,core/mission.cpp,94,62,param_count_too_few|pointer_cast|pointer_truncation|undefined_data|unnamed_param|warning_overlapping_globals,744
FUN_004d8aa0,004d8aa0,core/mission.cpp,60,34,param_count_too_few|unaffected_reg|undefined_data|unnamed_param|warning_overlapping_globals,425
FUN_004d8c00,004d8c00,.,23,18,undefined_data|unnamed_param,213
FUN_004d8c60,004d8c60,.,31,29,param_count_too_few|unnamed_param,331
FUN_004d8cd0,004d8cd0,.,41,16,param_count_too_few|unnamed_param,211
FUN_004d8d80,004d8d80,.,10,3,param_count_too_few|unnamed_param,50
FUN_004d8db0,004d8db0,.,38,6,param_count_too_few|unnamed_param|unresolved_funcptr,113
FUN_004d8ee0,004d8ee0,core/mission.cpp,22,5,raw_address_constant|unnamed_param|warning_overlapping_globals,87
FUN_004d8f90,004d8f90,.,11,9,param_count_too_few|unnamed_param,111
FUN_004d8fc0,004d8fc0,.,18,11,param_count_too_few|raw_address_constant|unnamed_param|warning_overlapping_globals,148
FUN_004d9020,004d9020,.,21,13,param_count_too_few|unnamed_param|unresolved_funcptr,166
FUN_004d90a0,004d90a0,.,15,5,param_count_too_few|unnamed_param,75
FUN_004d90e0,004d90e0,.,8,10,unnamed_param,113
FUN_004d9110,004d9110,core/mission.cpp,16,13,param_count_too_few|unnamed_param|warning_overlapping_globals,161
FUN_004d9180,004d9180,core/mission.cpp,45,7,param_count_too_few|raw_address_constant|undefined_data|unnamed_param|warning_overlapping_globals,140
FUN_004d92a0,004d92a0,.,41,25,param_count_too_few|unnamed_param|warning_overlapping_globals,306
FUN_004d9440,004d9440,core/mission.cpp,59,15,param_count_too_few|undefined_data|unnamed_param|unresolved_funcptr|warning_overlapping_globals,234
FUN_004d9650,004d9650,.,18,9,param_count_too_few|undefined_data|unnamed_param|unrolled_strcpy,128
FUN_004d9680,004d9680,.,33,14,param_count_too_few|undefined_data|unnamed_param|unrolled_strlen,193
FUN_004d9720,004d9720,.,25,11,param_count_too_few|unnamed_param|unrolled_strcpy,150
FUN_004d9780,004d9780,.,33,13,param_count_too_few|raw_address_constant|unnamed_param|warning_overlapping_globals,183
FUN_004d9900,004d9900,.,8,1,param_count_too_few,23
FUN_004d9920,004d9920,core/mission.cpp,46,23,param_count_too_few|unnamed_param|unresolved_funcptr|warning_overlapping_globals,296
FUN_004d9a80,004d9a80,core/mission.cpp,64,13,param_count_too_few|pointer_cast|unnamed_param|warning_overlapping_globals,214
FUN_004d9c20,004d9c20,core/mission.cpp,62,9,unnamed_param|unrolled_memcpy|warning_overlapping_globals,167
FUN_004d9df0,004d9df0,.,23,5,param_count_too_few|unnamed_param|unresolved_funcptr|warning_overlapping_globals,93
FUN_004d9e70,004d9e70,.,11,6,register_param|undefined_data|warning_overlapping_globals,86
FUN_004d9eac,004d9eac,.,79,71,concat_reconstruction|cpuid_intrinsic|eflags_input|register_param|undefined_data|unknown_field|warning_overlapping_globals|warning_unreachable,829
FUN_004d9f59,004d9f59,.,8,4,register_param|undefined_data,58
FUN_004da150,004da150,.,50,5,undefined_data|unnamed_param|unrolled_strcpy|warning_overlapping_globals,120
FUN_004da5a0,004da5a0,.,44,10,unnamed_param|warning_overlapping_globals,154
FUN_004da670,004da670,.,46,12,unnamed_param|warning_overlapping_globals,176
FUN_004db6f0,004db6f0,core/mobster.cpp,135,59,pointer_cast|pointer_truncation|stack_alignment_array|stack_ref|undefined_data|unnamed_param|warning_overlapping_globals|warning_type_propagation,765
FUN_004dbce0,004dbce0,.,135,53,bit_int_float_compare|pointer_cast|unnamed_param|unresolved_funcptr|warning_overlapping_globals,690
FUN_004dc110,004dc110,.,15,6,unnamed_param,80
FUN_004dc2d0,004dc2d0,.,112,95,unnamed_param|unresolved_funcptr|warning_overlapping_globals,1077
FUN_004dc940,004dc940,.,54,19,raw_address_constant|unnamed_param|unresolved_funcptr|warning_overlapping_globals,264
FUN_004dcd10,004dcd10,engine/model.c,64,14,param_count_too_few|undefined_data|unnamed_param|unrolled_strchr|warning_overlapping_globals,229
FUN_004dd520,004dd520,engine/model.c,79,12,param_count_too_few|unnamed_param|warning_overlapping_globals,214
FUN_004dd790,004dd790,engine/model.c,47,13,param_count_too_few|undefined_data|unnamed_param|warning_overlapping_globals,197
FUN_004de1b0,004de1b0,.,121,48,self_copy_guard|unnamed_param|unresolved_funcptr|warning_overlapping_globals,621
FUN_004de700,004de700,.,11,10,unnamed_param|unresolved_funcptr,121
FUN_004de860,004de860,.,54,13,param_count_too_few|pointer_cast|pointer_truncation|raw_address_constant|undefined_data|unnamed_param|warning_overlapping_globals,219
FUN_004dea60,004dea60,.,22,8,param_count_too_few|raw_address_constant|undefined_data|unnamed_param,122
FUN_004deae0,004deae0,.,38,13,param_count_too_few|undefined_data|unnamed_param|warning_overlapping_globals,188
FUN_004dec50,004dec50,.,133,28,concat_reconstruction|extra_output|param_count_too_few|raw_address_constant|undefined_data|unnamed_param|warning_overlapping_globals,448
FUN_004df040,004df040,.,43,21,param_count_too_few|pointer_cast|pointer_truncation|raw_address_constant|stack_alignment_array|stack_ref|undefined_data|unnamed_param|warning_overlapping_globals|warning_type_propagation,303
FUN_004df170,004df170,.,8,2,param_count_too_few|warning_overlapping_globals,38
FUN_004df290,004df290,.,16,12,param_count_too_few|unnamed_param,146
FUN_004df2f0,004df2f0,core/morph.cpp,44,55,unnamed_param|warning_overlapping_globals,604
FUN_004df460,004df460,core/morph.cpp,34,51,unnamed_param|warning_overlapping_globals,554
FUN_004df5b0,004df5b0,.,12,7,unnamed_param,87
FUN_004df610,004df610,.,9,12,param_count_too_few|unnamed_param,139
FUN_004df660,004df660,core/morph.cpp,31,33,param_count_too_few|unnamed_param|warning_overlapping_globals,376
FUN_004df770,004df770,.,12,11,param_count_too_few|unnamed_param,132
FUN_004df7c0,004df7c0,.,7,10,param_count_too_few|unnamed_param,117
FUN_004df800,004df800,core/morph.cpp,99,51,unnamed_param|warning_overlapping_globals,619
FUN_004df9e0,004df9e0,core/morph.cpp,60,44,unnamed_param|warning_overlapping_globals,510
FUN_004dfba0,004dfba0,core/morph.cpp,40,20,param_count_too_few|unnamed_param|unrolled_strcpy|warning_overlapping_globals,260
FUN_004dfc70,004dfc70,.,10,11,param_count_too_few|unnamed_param|warning_overlapping_globals,135
FUN_004dfcb0,004dfcb0,core/morph.cpp,65,24,param_count_too_few|undefined_data|unnamed_param|warning_overlapping_globals,325
FUN_004dfea0,004dfea0,.,36,18,undefined_data|unnamed_param|warning_overlapping_globals,231
FUN_004dffc0,004dffc0,.,31,9,param_count_too_few|unnamed_param,131
FUN_004e0050,004e0050,.,7,3,undefined_data|unnamed_param,47
FUN_004e0070,004e0070,.,6,3,unnamed_param,41
FUN_004e0090,004e0090,.,6,4,param_count_too_few|unnamed_param,56
FUN_004e0170,004e0170,.,7,9,unnamed_param,102
FUN_004e01b0,004e01b0,.,7,11,unnamed_param,122
FUN_004e02c0,004e02c0,.,5,8,unnamed_param,90
FUN_004e0340,004e0340,.,5,9,param_count_too_few|unnamed_param,105
FUN_004e0380,004e0380,.,5,10,unnamed_param,110
FUN_004e03c0,004e03c0,core/morph.cpp,149,11,undefined_data|unnamed_param|warning_overlapping_globals,274
FUN_004e0820,004e0820,.,12,13,param_count_too_few|unnamed_param,152
FUN_004e08c0,004e08c0,.,5,3,undefined_data|unnamed_param,45
FUN_004e0900,004e0900,.,6,3,unnamed_param,41
FUN_004e0920,004e0920,core/motion.cpp,150,47,param_count_too_few|pointer_cast|pointer_truncation|undefined_data|unnamed_param|warning_overlapping_globals,650
FUN_004e1010,004e1010,core/motion.cpp,26,11,param_count_too_few|unnamed_param|warning_overlapping_globals,151
FUN_004e10a0,004e10a0,core/motion.cpp,26,13,param_count_too_few|pointer_cast|pointer_truncation|unnamed_param|warning_overlapping_globals,181
FUN_004e1120,004e1120,.,8,7,param_count_too_few|unnamed_param,88
FUN_004e1150,004e1150,.,15,12,param_count_too_few|undefined_data|unnamed_param,150
FUN_004e11c0,004e11c0,core/motion.cpp,136,61,param_count_too_few|unnamed_param|warning_overlapping_globals,761
FUN_004e1500,004e1500,.,52,16,unnamed_param,217
FUN_004e1600,004e1600,.,21,19,param_count_too_few|unnamed_param,221
FUN_004e1660,004e1660,.,4,4,param_count_too_few|unnamed_param,54
FUN_004e1680,004e1680,.,9,7,param_count_too_few|unnamed_param,89
FUN_004e16b0,004e16b0,core/motion.cpp,28,19,unnamed_param|warning_overlapping_globals,228
FUN_004e1740,004e1740,.,7,8,param_count_too_few|unnamed_param,97
FUN_004e1770,004e1770,.,35,28,param_count_too_few|unnamed_param|unresolved_funcptr|warning_overlapping_globals,335
FUN_004e1860,004e1860,.,12,10,param_count_too_few|unnamed_param,122
FUN_004e1890,004e1890,.,4,3,param_count_too_few|unnamed_param,44
FUN_004e18a0,004e18a0,.,6,4,param_count_too_few|unnamed_param,56
FUN_004e18d0,004e18d0,.,20,15,param_count_too_few|unnamed_param,180
FUN_004e1960,004e1960,.,7,8,param_count_too_few|unnamed_param,97
FUN_004e1990,004e1990,.,15,19,param_count_too_few|unnamed_param|unresolved_funcptr|warning_overlapping_globals,225
FUN_004e19f0,004e19f0,.,6,4,param_count_too_few|unnamed_param,56
FUN_004e1a20,004e1a20,.,55,30,param_count_too_few|unnamed_param|unresolved_funcptr|warning_overlapping_globals,375
FUN_004e1bd0,004e1bd0,.,65,36,param_count_too_few|unnamed_param|unresolved_funcptr|unrolled_memcpy|warning_overlapping_globals,450
FUN_004e1d80,004e1d80,.,33,13,param_count_too_few|unnamed_param|warning_overlapping_globals,178
FUN_004e1e60,004e1e60,.,34,9,param_count_too_few|unnamed_param,134
FUN_004e1f50,004e1f50,.,44,15,extra_output|param_count_too_few|unnamed_param,209
FUN_004e2070,004e2070,.,50,44,extra_output|fnstsw_flag_artifact|nan_function_artifact|param_count_too_few|unnamed_param,515
FUN_004e2180,004e2180,core/motion.cpp,23,15,param_count_too_few|undefined_data|unnamed_param|warning_overlapping_globals,193
FUN_004e2220,004e2220,core/motion.cpp,18,15,param_count_too_few|unnamed_param|warning_overlapping_globals,183
FUN_004e22b0,004e22b0,.,64,16,param_count_too_few|undefined_data|unnamed_param|unresolved_funcptr|unrolled_strcpy|warning_overlapping_globals,254
FUN_004e29d0,004e29d0,.,45,32,param_count_too_few|undefined_data|unnamed_param,380
FUN_004e2ac0,004e2ac0,sound/mp3.cpp,73,49,param_count_too_few|undefined_data|unnamed_param|warning_overlapping_globals,583
FUN_004e2ce0,004e2ce0,.,4,3,param_count_too_few|unnamed_param,44
FUN_004e2cf0,004e2cf0,sound/mp3.cpp,34,26,param_count_too_few|undefined_data|unnamed_param|warning_overlapping_globals,314
FUN_004e2dd0,004e2dd0,.,5,3,param_count_too_few|unnamed_param,45
FUN_004e2de0,004e2de0,sound/mp3.cpp,12,12,param_count_too_few|undefined_data|unnamed_param|warning_overlapping_globals,152
FUN_004e2e40,004e2e40,.,13,14,param_count_too_few|unnamed_param,163
FUN_004e2ea0,004e2ea0,.,6,9,param_count_too_few|unnamed_param,106
FUN_004e2ed0,004e2ed0,sound/mp3.cpp,77,68,param_count_too_few|undefined_data|unnamed_param|warning_overlapping_globals,777
FUN_004e3130,004e3130,.,32,16,param_count_too_few|unnamed_param,202
FUN_004e31f0,004e31f0,.,63,13,param_count_too_few|unnamed_param,203
FUN_004e3320,004e3320,.,44,10,param_count_too_few|unnamed_param,154
FUN_004e33d0,004e33d0,.,32,9,param_count_too_few|unnamed_param,132
FUN_004e3460,004e3460,.,118,23,param_count_too_few|unnamed_param,358
FUN_004e36d0,004e36d0,.,56,13,param_count_too_few|unnamed_param,196
FUN_004e37d0,004e37d0,.,106,17,param_count_too_few|unnamed_param,286
FUN_004e3a60,004e3a60,.,98,19,param_count_too_few|undefined_data|unnamed_param,303
FUN_004e3d30,004e3d30,.,52,10,param_count_too_few|unnamed_param,162
FUN_004e3e70,004e3e70,.,33,13,param_count_too_few|undefined_data|unnamed_param,178
FUN_004e4070,004e4070,.,125,25,param_count_too_few|undefined_data|unnamed_param|warning_overlapping_globals,395
FUN_004e4320,004e4320,sound/mp3.cpp,227,85,param_count_too_few|pointer_cast|pointer_truncation|undefined_data|unnamed_param|warning_overlapping_globals,1107
FUN_004e48a0,004e48a0,.,128,50,param_count_too_few|pointer_cast|pointer_truncation|undefined_data|unnamed_param,653
FUN_004e4c70,004e4c70,.,113,31,concat_reconstruction|param_count_too_few|pointer_cast|undefined_data|unknown_field|unnamed_param,453
FUN_004e5000,004e5000,.,92,42,pointer_cast|pointer_truncation|unnamed_param,527
FUN_004e5200,004e5200,sound/mp3.cpp,190,85,param_count_too_few|pointer_cast|pointer_truncation|raw_address_constant|undefined_data|unnamed_param|unrolled_memcpy|warning_overlapping_globals,1080
FUN_004e58d0,004e58d0,.,189,69,extra_output|param_count_too_few|pointer_cast|undefined_data|unnamed_param|warning_overlapping_globals,909
FUN_004e5d80,004e5d80,.,137,29,param_count_too_few|undefined_data|unnamed_param,442
FUN_004e60c0,004e60c0,.,24,13,param_count_too_few|unnamed_param,164
FUN_004e6160,004e6160,sound/mp3.cpp,525,120,param_count_too_few|pointer_cast|pointer_truncation|undefined_data|unnamed_param|warning_overlapping_globals,1755
FUN_004e7030,004e7030,.,102,31,param_count_too_few|pointer_cast|pointer_truncation|sub84_truncation|undefined_data|unnamed_param,442
FUN_004e7210,004e7210,.,265,38,param_count_too_few|undefined_data|unnamed_param|warning_overlapping_globals,665
FUN_004e7720,004e7720,.,27,18,param_count_too_few|unnamed_param,217
FUN_004e77d0,004e77d0,.,32,13,param_count_too_few|stack_param|undefined_data|unnamed_param,182
FUN_004e7d90,004e7d90,.,8,7,param_count_too_few|unnamed_param,88
FUN_004e7dd0,004e7dd0,.,5,4,param_count_too_few|unnamed_param,55
FUN_004e7df0,004e7df0,sound/mp3.cpp,37,20,param_count_too_few|undefined_data|unnamed_param|unrolled_strcpy|warning_overlapping_globals,262
FUN_004e7ed0,004e7ed0,sound/mp3.cpp,132,41,extra_output|param_count_too_few|pointer_cast|undefined_data|unnamed_param|warning_overlapping_globals,572
FUN_004e8260,004e8260,.,27,12,param_count_too_few|unnamed_param,157
FUN_004e82d0,004e82d0,.,69,45,param_count_too_few|pointer_cast|pointer_truncation|undefined_data|unnamed_param|unrolled_memcpy|unrolled_strcpy,554
FUN_004e8410,004e8410,.,47,42,param_count_too_few|unnamed_param,477
FUN_004e85b0,004e85b0,sound/mp3.cpp,630,86,param_count_too_few|pointer_cast|pointer_truncation|undefined_data|unnamed_param|unrolled_memcpy|warning_overlapping_globals,1525
FUN_004e9910,004e9910,.,33,6,param_count_too_few|unnamed_param|unrolled_strcpy|warning_overlapping_globals,113
FUN_004e99c0,004e99c0,.,7,4,param_count_too_few|unnamed_param,57
FUN_004e9e90,004e9e90,.,172,29,bit_int_float_compare|unnamed_param|warning_overlapping_globals,477
FUN_004ea370,004ea370,core/netgame.cpp,126,36,param_count_too_few|raw_address_pointer_store|suspect_float|undefined_data|unnamed_param|unresolved_funcptr|warning_overlapping_globals,521
FUN_004ea740,004ea740,.,28,8,param_count_too_few|undefined_data|unnamed_param|warning_overlapping_globals,128
FUN_004ea830,004ea830,core/netgame.cpp,394,154,param_count_too_few|pointer_cast|pointer_truncation|undefined_data|unnamed_param|unrolled_memcpy|warning_overlapping_globals|warning_unreachable,1974
FUN_004eb350,004eb350,core/netgame.cpp,11,12,param_count_too_few|unnamed_param|warning_overlapping_globals,146
FUN_004eb3c0,004eb3c0,.,5,7,unnamed_param,80
FUN_004eb3f0,004eb3f0,.,17,8,param_count_too_few|unnamed_param,107
FUN_004eb440,004eb440,core/netgame.cpp,60,20,param_count_too_few|unnamed_param|unrolled_strcpy|warning_overlapping_globals,280
FUN_004ebe10,004ebe10,core/netgame.cpp,64,15,param_count_too_few|unnamed_param|warning_overlapping_globals,229
FUN_004ec180,004ec180,core/netgame.cpp,121,17,param_count_too_few|pointer_cast|pointer_truncation|undefined_data|unnamed_param|warning_overlapping_globals,321
FUN_004ec500,004ec500,.,42,18,param_count_too_few|unnamed_param|unrolled_strcpy|warning_overlapping_globals,242
FUN_004ec600,004ec600,core/netgame.cpp,267,70,param_count_too_few|pointer_cast|pointer_truncation|stack_alignment_array|stack_ref|undefined_data|unnamed_param|unrolled_memcpy|warning_overlapping_globals,1012
FUN_004ecc80,004ecc80,core/netgame.cpp,55,40,param_count_too_few|undefined_data|unnamed_param|warning_overlapping_globals,475
FUN_004ece70,004ece70,core/netgame.cpp,40,8,param_count_too_few|unnamed_param|warning_overlapping_globals,135
FUN_004ed170,004ed170,core/netgame.cpp,52,22,param_count_too_few|pointer_cast|pointer_truncation|undefined_data|unnamed_param|warning_overlapping_globals,302
FUN_004ed2d0,004ed2d0,core/netgame.cpp,205,36,param_count_too_few|undefined_data|unnamed_param|unrolled_memcpy|warning_overlapping_globals,590
FUN_004ed720,004ed720,core/netgame.cpp,86,25,param_count_too_few|undefined_data|unnamed_param|warning_overlapping_globals,356
FUN_004ed980,004ed980,core/netgame.cpp,39,16,param_count_too_few|unnamed_param|unrolled_memcpy|warning_overlapping_globals,219
FUN_004eda40,004eda40,core/netgame.cpp,13,7,param_count_too_few|unnamed_param|warning_overlapping_globals,98
FUN_004edab0,004edab0,.,11,7,param_count_too_few|unnamed_param,91
FUN_004edaf0,004edaf0,core/netgame.cpp,46,14,param_count_too_few|unnamed_param|unrolled_memcpy|warning_overlapping_globals,206
FUN_004edfa0,004edfa0,.,5,6,param_count_too_few|unnamed_param,75
FUN_004edfc0,004edfc0,support/newmsg.cpp,120,19,param_count_too_few|raw_address_constant|undefined_data|unnamed_param|unrolled_strcpy|warning_overlapping_globals,340
FUN_004ee2f0,004ee2f0,.,20,13,unnamed_param,155
FUN_004ee370,004ee370,.,26,8,param_count_too_few|unnamed_param|warning_overlapping_globals,121
FUN_004ee3f0,004ee3f0,support/newmsg.cpp,35,9,param_count_too_few|unnamed_param|warning_overlapping_globals,140
FUN_004ee5a0,004ee5a0,.,39,7,param_count_too_few|unnamed_param,119
FUN_004ee680,004ee680,.,4,1,param_count_too_few,19
FUN_004ee8b0,004ee8b0,.,5,3,undefined_data|unnamed_param,45
FUN_004ee8d0,004ee8d0,.,5,3,undefined_data|unnamed_param,45
FUN_004ee950,004ee950,.,16,2,unnamed_param,41
FUN_004ee9e0,004ee9e0,.,11,4,unnamed_param,56
FUN_004eea20,004eea20,.,101,71,undefined_data|unnamed_param|unresolved_funcptr|warning_overlapping_globals,831
FUN_004eece0,004eece0,.,10,7,unnamed_param,85
FUN_004eed10,004eed10,.,21,8,unnamed_param,106
FUN_004eedc0,004eedc0,.,40,12,param_count_too_few|unnamed_param|unrolled_strcpy,175
FUN_004eeea0,004eeea0,.,31,23,undefined_data|unnamed_param|unresolved_funcptr,276
FUN_004eefb0,004eefb0,.,5,3,param_count_too_few|unnamed_param,45
FUN_004eefc0,004eefc0,.,5,2,unnamed_param,30
FUN_004eefd0,004eefd0,.,5,15,param_count_too_few|unnamed_param|unresolved_funcptr,170
FUN_004ef010,004ef010,.,6,3,unnamed_param,41
FUN_004ef030,004ef030,.,5,2,unnamed_param,30
FUN_004ef040,004ef040,.,40,30,param_count_too_few|unnamed_param|warning_overlapping_globals,355
FUN_004ef120,004ef120,.,99,71,pointer_cast|pointer_truncation|stack_alignment_array|stack_ref|undefined_data|unnamed_param|unresolved_funcptr|warning_overlapping_globals|warning_type_propagation,854
FUN_004efd50,004efd50,core/path.cpp,16,11,param_count_too_few|unnamed_param|warning_overlapping_globals,141
FUN_004efdd0,004efdd0,.,23,6,param_count_too_few|unnamed_param|warning_overlapping_globals,98
FUN_004efeb0,004efeb0,core/path.cpp,200,23,param_count_too_few|unnamed_param|warning_overlapping_globals,445
FUN_004f0360,004f0360,.,56,51,param_count_too_few|stack_alignment_array|stack_ref|undefined_data|unnamed_param|warning_overlapping_globals,596
FUN_004f04a0,004f04a0,.,25,20,param_count_too_few|undefined_data|unnamed_param,240
FUN_004f0540,004f0540,.,101,70,param_count_too_few|unnamed_param|warning_overlapping_globals,816
FUN_004f0790,004f0790,.,129,101,param_count_too_few|unaffected_reg|unnamed_param|warning_overlapping_globals,1159
FUN_004f0c20,004f0c20,core/path.cpp,311,129,param_count_too_few|stack_alignment_array|stack_ref|undefined_data|unnamed_param|warning_overlapping_globals|warning_type_propagation,1636
FUN_004f1600,004f1600,.,27,35,param_count_too_few|unnamed_param|warning_overlapping_globals,392
FUN_004f1c90,004f1c90,.,69,39,displaced_global_access|pointer_cast|pointer_truncation|stack_alignment_array|stack_ref|undefined_data|unnamed_param|warning_type_propagation,499
FUN_004f1e00,004f1e00,.,5,3,param_count_too_few|unnamed_param,45
FUN_004f1e10,004f1e10,.,16,16,param_count_too_few|unnamed_param,186
FUN_004f1e90,004f1e90,core/path.cpp,23,1,warning_overlapping_globals,38
FUN_004f20a0,004f20a0,core/path.cpp,103,24,param_count_too_few|undefined_data|unnamed_param|warning_overlapping_globals,363
FUN_004f2550,004f2550,.,48,41,param_count_too_few|pointer_cast|undefined_data|unnamed_param,478
FUN_004f2620,004f2620,engine/pcx.c,85,20,param_count_too_few|undefined_data|unnamed_param|unrolled_strchr|unrolled_strcpy|warning_overlapping_globals,315
FUN_004f27e0,004f27e0,engine/pcx.c,81,20,param_count_too_few|undefined_data|unnamed_param|unrolled_strchr|unrolled_strcpy|warning_overlapping_globals,311
FUN_004f2990,004f2990,engine/pcx.c,102,34,param_count_too_few|pointer_cast|pointer_truncation|undefined_data|unnamed_param|warning_overlapping_globals,472
FUN_004f2e60,004f2e60,.,129,50,self_copy_guard|unnamed_param|unresolved_funcptr|warning_overlapping_globals,649
FUN_004f3430,004f3430,.,160,50,unnamed_param|unresolved_funcptr|warning_overlapping_globals,675
FUN_004f3f20,004f3f20,.,8,5,unnamed_param,63
FUN_004f3f50,004f3f50,.,9,5,unnamed_param,64
FUN_004f5d90,004f5d90,.,79,7,pointer_truncation|stack_alignment_array|stack_ref|unnamed_param,169
FUN_004f5f60,004f5f60,.,25,12,unnamed_param,150
FUN_004f5ff0,004f5ff0,.,74,38,param_count_too_few|pointer_cast|pointer_truncation|stack_alignment_array|stack_ref|unnamed_param|warning_type_propagation,489
FUN_004f6170,004f6170,.,316,95,unnamed_param|unresolved_funcptr|unrolled_memcpy|unrolled_strcpy|warning_overlapping_globals|warning_type_propagation,1296
FUN_004f6bd0,004f6bd0,.,22,23,param_count_too_few|unnamed_param|unresolved_funcptr,267
FUN_004f6fa0,004f6fa0,core/platfrm.cpp,102,39,undefined_data|unnamed_param|warning_overlapping_globals,507
FUN_004f7360,004f7360,.,68,21,param_count_too_few|unnamed_param|unresolved_funcptr|warning_overlapping_globals,298
FUN_004f75c0,004f75c0,core/platfrm.cpp,54,17,param_count_too_few|unnamed_param|unrolled_memcpy|warning_overlapping_globals,244
FUN_004f7700,004f7700,.,40,11,param_count_too_few|unnamed_param|unresolved_funcptr|unrolled_memcpy,170
FUN_004f7a80,004f7a80,.,10,7,unnamed_param,85
FUN_004f7ac0,004f7ac0,.,5,4,param_count_too_few|unnamed_param,55
FUN_004f7ae0,004f7ae0,engine/pod.cpp,227,65,stack_alignment_array|undefined_data|unnamed_param|unrolled_strcpy|unrolled_strlen|warning_overlapping_globals,907
FUN_004f80e0,004f80e0,.,19,14,param_count_too_few|unnamed_param,169
FUN_004f8150,004f8150,.,27,5,unnamed_param,82
FUN_004f81c0,004f81c0,.,27,15,param_count_too_few|unnamed_param|unrolled_strcpy,192
FUN_004f8810,004f8810,.,12,6,unnamed_param,77
FUN_004f8840,004f8840,.,16,12,undefined_data|unnamed_param,146
FUN_004f8af0,004f8af0,engine/pod.cpp,17,8,param_count_too_few|unnamed_param|unresolved_funcptr|warning_overlapping_globals,117
FUN_004f8b40,004f8b40,.,21,6,param_count_too_few|unnamed_param,91
FUN_004f8d50,004f8d50,.,19,14,param_count_too_few|unnamed_param|unrolled_strcpy,174
FUN_004f8da0,004f8da0,.,59,35,unnamed_param,414
FUN_004f9450,004f9450,.,5,4,param_count_too_few|undefined_data|unnamed_param,60
FUN_004f9830,004f9830,.,18,7,param_count_too_few|undefined_data|unnamed_param|warning_overlapping_globals,108
FUN_004f9870,004f9870,.,39,23,param_count_too_few|unnamed_param|warning_overlapping_globals,284
FUN_004f98e0,004f98e0,.,43,22,param_count_too_few|unnamed_param,273
FUN_004f9960,004f9960,.,25,14,param_count_too_few|unnamed_param,175
FUN_004f99d0,004f99d0,.,21,14,param_count_too_few|unnamed_param,171
FUN_004f9a10,004f9a10,.,29,23,param_count_too_few|sign_compare_idiom|undefined_data|unnamed_param,279
FUN_004f9ad0,004f9ad0,.,34,24,param_count_too_few|sign_compare_idiom|undefined_data|unnamed_param,294
FUN_004f9cb0,004f9cb0,.,35,24,param_count_too_few|sign_compare_idiom|undefined_data|unnamed_param,295
FUN_004f9dd0,004f9dd0,.,204,38,param_count_too_few|pointer_cast|pointer_truncation|sign_compare_idiom|undefined_data|unnamed_param|warning_overlapping_globals,619
FUN_004fa2e0,004fa2e0,.,210,41,param_count_too_few|pointer_truncation|sign_compare_idiom|undefined_data|unnamed_param|warning_overlapping_globals,650
FUN_004fad00,004fad00,.,258,40,param_count_too_few|pointer_cast|pointer_truncation|undefined_data|unnamed_param|warning_overlapping_globals,688
FUN_004fb390,004fb390,.,328,66,param_count_too_few|undefined_data|unnamed_param|warning_overlapping_globals|warning_type_propagation,1013
FUN_004fbe80,004fbe80,.,24,7,unnamed_param|unrolled_strcpy,104
FUN_004fc610,004fc610,.,142,54,self_copy_guard|unnamed_param|unresolved_funcptr|warning_overlapping_globals,702
FUN_004fca50,004fca50,.,26,11,unnamed_param|unresolved_funcptr|warning_overlapping_globals,151
FUN_004fcd40,004fcd40,.,8,4,unnamed_param,53
FUN_004fcd90,004fcd90,.,83,26,unnamed_param|unresolved_funcptr,353
FUN_004fcff0,004fcff0,.,47,15,unnamed_param|warning_overlapping_globals,207
FUN_004fd1d0,004fd1d0,.,162,83,param_count_too_few|pointer_cast|pointer_truncation|stack_alignment_array|stack_ref|undefined_data|unnamed_param|warning_overlapping_globals|warning_type_propagation,1037
FUN_004fd450,004fd450,.,162,52,undefined_data|unnamed_param|unresolved_funcptr|warning_overlapping_globals,702
FUN_004fda20,004fda20,.,81,23,param_count_too_few|undefined_data|unnamed_param|unresolved_funcptr|warning_overlapping_globals,336
FUN_004fdd00,004fdd00,.,58,13,unnamed_param|unresolved_funcptr|unrolled_memcpy|warning_overlapping_globals,208
FUN_004fdec0,004fdec0,.,35,12,param_count_too_few|undefined_data|unnamed_param|unrolled_strlen,175
FUN_004fdf60,004fdf60,.,40,19,param_count_too_few|undefined_data|unnamed_param|unrolled_strcpy,250
FUN_004fe000,004fe000,.,30,11,param_count_too_few|undefined_data|unnamed_param|unrolled_strlen,160
FUN_004fe070,004fe070,.,7,6,param_count_too_few|undefined_data|unnamed_param,82
FUN_004fe090,004fe090,.,44,19,param_count_too_few|pointer_truncation|unnamed_param,249
FUN_004fe140,004fe140,.,11,7,param_count_too_few|unnamed_param|warning_overlapping_globals,96
FUN_004fe180,004fe180,.,68,25,param_count_too_few|undefined_data|unnamed_param|unrolled_strcpy|warning_overlapping_globals,343
FUN_004fe300,004fe300,.,37,24,param_count_too_few|undefined_data|unnamed_param,292
FUN_004fe3d0,004fe3d0,.,28,13,param_count_too_few|undefined_data|unnamed_param,173
FUN_004fe500,004fe500,.,12,8,param_count_too_few|unnamed_param,102
FUN_004fe550,004fe550,.,24,9,param_count_too_few|unnamed_param,124
FUN_004fe5b0,004fe5b0,.,53,19,param_count_too_few|undefined_data|unnamed_param|unresolved_funcptr|warning_overlapping_globals,268
FUN_004fe710,004fe710,.,8,4,param_count_too_few|undefined_data|warning_overlapping_globals,63
FUN_004fe770,004fe770,.,69,12,param_count_too_few|raw_address_constant|undefined_data|unnamed_param|warning_overlapping_globals,214
FUN_004fe9d0,004fe9d0,.,63,19,param_count_too_few|undefined_data|unnamed_param,268
FUN_004febd0,004febd0,core/script.cpp,94,24,param_count_too_few|undefined_data|unnamed_param|unrolled_strcat|unrolled_strcpy|unrolled_strlen|warning_overlapping_globals,369
FUN_004fee30,004fee30,core/script.cpp,61,24,param_count_too_few|undefined_data|unnamed_param|unrolled_strcpy|unrolled_strlen|warning_overlapping_globals,331
FUN_004fef60,004fef60,.,25,14,param_count_too_few|undefined_data|unnamed_param|warning_overlapping_globals,185
FUN_004feff0,004feff0,.,105,29,param_count_too_few|raw_address_constant|undefined_data|unnamed_param|unrolled_strcat|unrolled_strcpy|unrolled_strlen|warning_overlapping_globals,435
FUN_004ff170,004ff170,core/script.cpp,52,16,param_count_too_few|undefined_data|unnamed_param|warning_overlapping_globals,232
FUN_004ff2c0,004ff2c0,core/script.cpp,2729,417,bitcast_double_pair|param_count_too_few|pointer_cast|raw_address_constant|undefined_data|unnamed_param|unresolved_funcptr|unrolled_strcat|unrolled_strchr|unrolled_strcpy|unrolled_strlen|warning_overlapping_globals|warning_type_propagation,6964
FUN_005049b0,005049b0,.,80,36,param_count_too_few|undefined_data|unnamed_param|unrolled_strcpy|unrolled_strlen|warning_overlapping_globals,470
FUN_00504b70,00504b70,core/script.cpp,20,19,param_count_too_few|unnamed_param|warning_overlapping_globals,225
FUN_00504bf0,00504bf0,.,9,7,param_count_too_few|unnamed_param,89
FUN_00504c10,00504c10,.,25,7,param_count_too_few|unnamed_param,105
FUN_00504c70,00504c70,.,48,30,param_count_too_few|undefined_data|unnamed_param,363
FUN_00504d60,00504d60,.,7,6,param_count_too_few|unnamed_param,77
FUN_00504d90,00504d90,core/script.cpp,32,15,param_count_too_few|undefined_data|unnamed_param|warning_overlapping_globals,202
FUN_00504e70,00504e70,core/script.cpp,115,26,param_count_too_few|undefined_data|unnamed_param|unrolled_memcpy|unrolled_strcpy|warning_overlapping_globals,405
FUN_00505180,00505180,.,21,7,param_count_too_few|unnamed_param,101
FUN_00505200,00505200,.,24,8,param_count_too_few|undefined_data|unnamed_param|unrolled_memcpy,124
FUN_00505280,00505280,.,9,7,param_count_too_few|unnamed_param,89
FUN_005052c0,005052c0,core/script.cpp,71,62,param_count_too_few|undefined_data|unnamed_param|warning_overlapping_globals,711
FUN_005055f0,005055f0,.,46,56,param_count_too_few|undefined_data|unnamed_param|warning_overlapping_globals,626
FUN_00505820,00505820,.,26,5,param_count_too_few|unnamed_param,86
FUN_00505880,00505880,.,8,13,param_count_too_few|unnamed_param,148
FUN_005058b0,005058b0,.,4,3,param_count_too_few|unnamed_param,44
FUN_00506ec0,00506ec0,.,12,4,param_count_too_few|unnamed_param,62
FUN_00506f10,00506f10,core/set.cpp,411,161,param_count_too_few|pointer_cast|pointer_truncation|raw_address_constant|undefined_data|unnamed_param|unrolled_strchr|unrolled_strcpy|warning_overlapping_globals,2066
FUN_00507c80,00507c80,.,88,47,param_count_too_few|undefined_data|unnamed_param|warning_overlapping_globals,578
FUN_005084c0,005084c0,core/set.cpp,93,45,param_count_too_few|undefined_data|unnamed_param|warning_overlapping_globals,563
FUN_00508750,00508750,.,45,15,param_count_too_few|undefined_data|unnamed_param|unresolved_funcptr,215
FUN_00508890,00508890,.,21,24,param_count_too_few|unnamed_param|unrolled_memcpy,276
FUN_005088f0,005088f0,core/set.cpp,262,101,param_count_too_few|pointer_cast|pointer_truncation|raw_address_constant|undefined_data|unnamed_param|unrolled_memcpy|warning_overlapping_globals,1312
FUN_005090a0,005090a0,.,19,7,param_count_too_few|unnamed_param,99
FUN_005090f0,005090f0,.,7,10,param_count_too_few|unnamed_param,117
FUN_00509140,00509140,.,225,34,fnstsw_flag_artifact|nan_function_artifact|param_count_too_few|self_copy_guard|undefined_data|unnamed_param|unresolved_funcptr|warning_overlapping_globals,605
FUN_00509760,00509760,.,106,22,param_count_too_few|undefined_data|unnamed_param|unresolved_funcptr|warning_overlapping_globals,351
FUN_00509a80,00509a80,.,255,39,param_count_too_few|undefined_data|unnamed_param|unresolved_funcptr|unrolled_memcpy|warning_overlapping_globals,675
FUN_0050a260,0050a260,.,112,25,param_count_too_few|stack_ref|undefined_data|unnamed_param|unresolved_funcptr|warning_overlapping_globals,392
FUN_0050a640,0050a640,.,68,17,param_count_too_few|undefined_data|unnamed_param|unresolved_funcptr,258
FUN_0050a7e0,0050a7e0,.,67,16,param_count_too_few|undefined_data|unnamed_param|unresolved_funcptr,247
FUN_0050a970,0050a970,core/set.cpp,24,7,undefined_data|unnamed_param|warning_overlapping_globals,109
FUN_0050a9f0,0050a9f0,.,10,7,param_count_too_few|undefined_data|unnamed_param|warning_overlapping_globals,100
FUN_0050aa20,0050aa20,.,14,6,param_count_too_few|undefined_data|unnamed_param|warning_overlapping_globals,94
FUN_0050aa70,0050aa70,.,43,20,displaced_global_access|param_count_too_few|pointer_cast|pointer_truncation|undefined_data|warning_overlapping_globals,273
FUN_0050aba0,0050aba0,.,60,15,param_count_too_few|undefined_data|unnamed_param|warning_overlapping_globals,230
FUN_0050ad20,0050ad20,.,35,9,param_count_too_few|undefined_data|unnamed_param|warning_overlapping_globals,145
FUN_0050adc0,0050adc0,.,52,42,param_count_too_few|undefined_data|unnamed_param|unrolled_memcpy|warning_overlapping_globals,497
FUN_0050aee0,0050aee0,.,249,68,param_count_too_few|pointer_cast|undefined_data|unnamed_param|warning_overlapping_globals,954
FUN_0050b5c0,0050b5c0,.,118,44,param_count_too_few|pointer_cast|pointer_truncation|stack_alignment_array|stack_ref|undefined_data|unnamed_param|warning_overlapping_globals|warning_type_propagation,603
FUN_0050b7f0,0050b7f0,core/set.cpp,148,56,param_count_too_few|undefined_data|unnamed_param|warning_overlapping_globals,728
FUN_0050bb50,0050bb50,.,13,21,param_count_too_few|undefined_data|unnamed_param,238
FUN_0050be20,0050be20,.,61,19,param_count_too_few|undefined_data|unnamed_param|warning_overlapping_globals,271
FUN_0050c010,0050c010,.,75,9,param_count_too_few|pointer_cast|pointer_truncation|undefined_data|unnamed_param|warning_overlapping_globals,195
FUN_0050c200,0050c200,core/set.cpp,32,18,param_count_too_few|undefined_data|unnamed_param|warning_overlapping_globals,232
FUN_0050c2d0,0050c2d0,core/set.cpp,532,302,pointer_cast|pointer_truncation|raw_address_constant|stack_alignment_array|stack_ref|undefined_data|unnamed_param|warning_overlapping_globals|warning_type_propagation,3597
FUN_0050d040,0050d040,.,60,11,param_count_too_few|undefined_data|unnamed_param|warning_overlapping_globals,190
FUN_0050d1c0,0050d1c0,.,32,11,param_count_too_few|unnamed_param,152
FUN_0050d280,0050d280,.,6,1,param_count_too_few,21
FUN_0050d2d0,0050d2d0,core/set.cpp,132,19,param_count_too_few|undefined_data|unnamed_param|unresolved_funcptr|warning_overlapping_globals,347
FUN_0050d670,0050d670,.,5,9,param_count_too_few|unnamed_param,105
FUN_0050d6a0,0050d6a0,.,106,58,pointer_cast|pointer_truncation|undefined_data|unnamed_param|unrolled_memcpy|warning_overlapping_globals,716
FUN_0050d910,0050d910,.,148,68,pointer_cast|pointer_truncation|stack_alignment_array|undefined_data|unnamed_param|warning_overlapping_globals,858
FUN_0050ddd0,0050ddd0,.,39,19,param_count_too_few|undefined_data|unnamed_param,244
FUN_0050ded0,0050ded0,.,15,13,param_count_too_few|undefined_data|unnamed_param,160
FUN_0050df40,0050df40,.,39,18,param_count_too_few|undefined_data|unnamed_param|warning_overlapping_globals,239
FUN_0050e080,0050e080,.,30,18,param_count_too_few|undefined_data|unnamed_param|warning_overlapping_globals,230
FUN_0050e190,0050e190,.,11,11,param_count_too_few|undefined_data|unnamed_param|warning_overlapping_globals,141
FUN_0050e210,0050e210,core/set.cpp,37,13,param_count_too_few|undefined_data|unnamed_param|unresolved_funcptr|warning_overlapping_globals,192
FUN_0050e300,0050e300,.,5,3,param_count_too_few|unnamed_param,45
FUN_0050e310,0050e310,.,9,7,param_count_too_few|unnamed_param,89
FUN_0050e340,0050e340,.,7,11,param_count_too_few|unnamed_param,127
FUN_0050e370,0050e370,.,24,16,undefined_data|unnamed_param|warning_overlapping_globals,199
FUN_0050e400,0050e400,.,26,10,extra_output|param_count_too_few|unnamed_param|warning_overlapping_globals,146
FUN_0050e490,0050e490,.,9,8,param_count_too_few|undefined_data|unnamed_param,104
FUN_0050e4c0,0050e4c0,.,9,10,param_count_too_few|unnamed_param,119
FUN_0050e510,0050e510,.,17,10,param_count_too_few|unnamed_param,127
FUN_0050e550,0050e550,.,5,7,param_count_too_few|unnamed_param,85
FUN_0050e580,0050e580,.,17,10,param_count_too_few|unnamed_param,127
FUN_0050e5d0,0050e5d0,.,30,14,param_count_too_few|undefined_data|unnamed_param,185
FUN_0050e660,0050e660,.,6,13,param_count_too_few|unnamed_param,146
FUN_0050e6b0,0050e6b0,.,52,37,undefined_data|unnamed_param|warning_overlapping_globals,437
FUN_0050e820,0050e820,.,17,10,param_count_too_few|undefined_data|unnamed_param|warning_overlapping_globals,137
FUN_0050e860,0050e860,.,17,9,param_count_too_few|undefined_data|unnamed_param|warning_overlapping_globals,127
FUN_0050e8a0,0050e8a0,.,19,15,param_count_too_few|undefined_data|unnamed_param,184
FUN_0050e920,0050e920,core/set.cpp,34,15,param_count_too_few|undefined_data|unnamed_param|warning_overlapping_globals,204
FUN_0050eb00,0050eb00,.,5,3,undefined_data|unnamed_param,45
FUN_0050eb20,0050eb20,.,5,3,undefined_data|unnamed_param,45
FUN_0050eb40,0050eb40,.,5,3,undefined_data|unnamed_param,45
FUN_0050eb60,0050eb60,.,5,3,undefined_data|unnamed_param,45
FUN_0050ec80,0050ec80,core/setcolid.cpp,343,73,param_count_too_few|self_copy_guard|undefined_data|unnamed_param|unresolved_funcptr|warning_overlapping_globals,1103
FUN_0050f910,0050f910,.,36,19,param_count_too_few|undefined_data|unnamed_param|warning_overlapping_globals,246
FUN_0050fa30,0050fa30,.,13,10,param_count_too_few|undefined_data|unnamed_param,128
FUN_0050fae0,0050fae0,.,5,7,param_count_too_few|undefined_data|unnamed_param,90
FUN_0050fb00,0050fb00,.,54,58,param_count_too_few|undefined_data|unnamed_param,649
FUN_0050fdd0,0050fdd0,.,70,12,self_copy_guard|unnamed_param|warning_overlapping_globals,205
FUN_0050ffe0,0050ffe0,.,153,72,param_count_too_few|self_copy_guard|unnamed_param|unresolved_funcptr,893
FUN_005103f0,005103f0,.,21,10,param_count_too_few|undefined_data|unnamed_param,136
FUN_00510710,00510710,.,70,26,param_count_too_few|undefined_data|unnamed_param,345
FUN_00510a40,00510a40,core/setcolid.cpp,257,54,param_count_too_few|self_copy_guard|undefined_data|unnamed_param|unresolved_funcptr|warning_overlapping_globals,827
FUN_005113e0,005113e0,core/setcolid.cpp,69,47,param_count_too_few|unnamed_param|unrolled_memcpy|warning_overlapping_globals,559
FUN_00511590,00511590,core/setcolid.cpp,69,47,param_count_too_few|unnamed_param|unrolled_memcpy|warning_overlapping_globals,559
FUN_00511740,00511740,.,5,2,unnamed_param,30
FUN_00511750,00511750,.,8,6,param_count_too_few|unnamed_param,78
FUN_00511780,00511780,core/setcolid.cpp,14,12,param_count_too_few|unnamed_param|warning_overlapping_globals,149
FUN_005117e0,005117e0,.,5,3,param_count_too_few|unnamed_param,45
FUN_005117f0,005117f0,.,5,2,unnamed_param,30
FUN_00511800,00511800,core/setcolid.cpp,12,7,param_count_too_few|unnamed_param|warning_overlapping_globals,97
FUN_00511840,00511840,.,9,15,param_count_too_few|unnamed_param,169
FUN_00511880,00511880,.,56,26,param_count_too_few|unnamed_param|unresolved_funcptr,331
FUN_00511990,00511990,.,7,5,param_count_too_few|unnamed_param,67
FUN_005119b0,005119b0,.,20,10,param_count_too_few|unnamed_param,130
FUN_00511a10,00511a10,.,25,8,undefined_data|unnamed_param|unresolved_funcptr,120
FUN_00511aa0,00511aa0,.,25,8,undefined_data|unnamed_param|unresolved_funcptr,120
FUN_00511b30,00511b30,.,6,2,param_count_too_few|undefined_data,36
FUN_00511b50,00511b50,.,43,10,param_count_too_few|unnamed_param|unresolved_funcptr|warning_overlapping_globals,163
FUN_005125a0,005125a0,.,530,133,param_count_too_few|pointer_cast|pointer_truncation|raw_address_constant|undefined_data|unnamed_param|unresolved_funcptr|unrolled_memcpy|warning_overlapping_globals,1905
FUN_005135d0,005135d0,.,6,8,param_count_too_few|unnamed_param,96
FUN_005135f0,005135f0,.,8,4,param_count_too_few|unnamed_param,58
FUN_00513610,00513610,.,13,11,param_count_too_few|undefined_data|unnamed_param,138
FUN_00513670,00513670,core/setdir.cpp,21,10,undefined_data|unnamed_param|warning_overlapping_globals,136
FUN_00513720,00513720,.,62,22,param_count_too_few|pointer_cast|pointer_truncation|undefined_data|unnamed_param|unrolled_memcpy,312
FUN_005138e0,005138e0,.,145,22,param_count_too_few|undefined_data|unnamed_param|warning_overlapping_globals,385
FUN_00513ce0,00513ce0,.,25,8,param_count_too_few|undefined_data|unnamed_param,120
FUN_00513d80,00513d80,.,20,9,param_count_too_few|unnamed_param,120
FUN_00513e80,00513e80,.,154,27,param_count_too_few|self_copy_guard|undefined_data|unnamed_param,444
FUN_005141f0,005141f0,.,51,15,concat_reconstruction|param_count_too_few|unnamed_param,216
FUN_00514300,00514300,.,16,10,param_count_too_few|unnamed_param,126
FUN_00514340,00514340,.,18,8,param_count_too_few|unnamed_param,108
FUN_00514430,00514430,.,11,7,param_count_too_few|unnamed_param,91
FUN_00514470,00514470,.,13,14,param_count_too_few|unnamed_param,163
FUN_005144e0,005144e0,.,60,69,param_count_too_few|raw_address_constant|undefined_data|unnamed_param|unrolled_memcpy,775
FUN_00514800,00514800,core/setutil.cpp,28,17,param_count_too_few|undefined_data|unnamed_param|warning_overlapping_globals,218
FUN_005148b0,005148b0,.,41,26,param_count_too_few|unnamed_param|unrolled_memcpy|unrolled_strcpy|warning_overlapping_globals,326
FUN_00514980,00514980,.,22,23,param_count_too_few|unnamed_param,262
FUN_00514a70,00514a70,core/setutil.cpp,184,106,param_count_too_few|undefined_data|unnamed_param|warning_overlapping_globals,1264
FUN_005151f0,005151f0,core/setutil.cpp,66,21,param_count_too_few|unnamed_param|unrolled_memcpy|unrolled_strcpy|warning_overlapping_globals,301
FUN_00515350,00515350,.,38,28,param_count_too_few|unnamed_param|unrolled_memcpy|unrolled_strcpy|warning_overlapping_globals,343
FUN_00515410,00515410,.,4,1,param_count_too_few,19
FUN_00515420,00515420,core/setutil.cpp,58,46,param_count_too_few|unnamed_param|warning_overlapping_globals,533
FUN_005155e0,005155e0,core/setutil.cpp,20,15,param_count_too_few|unnamed_param|warning_overlapping_globals,185
FUN_00515670,00515670,core/setutil.cpp,18,16,param_count_too_few|unnamed_param|warning_overlapping_globals,193
FUN_00515710,00515710,core/setutil.cpp,29,27,param_count_too_few|unnamed_param|unrolled_strcpy|warning_overlapping_globals,319
FUN_00515800,00515800,.,17,14,unnamed_param,162
FUN_005173c0,005173c0,core/skeleton.cpp,43,22,param_count_too_few|unnamed_param|warning_overlapping_globals,278
FUN_005174e0,005174e0,.,16,12,param_count_too_few|unnamed_param,146
FUN_00517560,00517560,core/skeleton.cpp,28,12,param_count_too_few|undefined_data|unnamed_param|unrolled_strcpy|warning_overlapping_globals,173
FUN_005175f0,005175f0,core/skeleton.cpp,137,42,param_count_too_few|undefined_data|unnamed_param|warning_overlapping_globals,577
FUN_005179d0,005179d0,core/skeleton.cpp,26,12,param_count_too_few|unnamed_param|warning_overlapping_globals,161
FUN_00517a60,00517a60,.,4,8,param_count_too_few|unnamed_param,94
FUN_00517a80,00517a80,.,38,32,param_count_too_few|pointer_truncation|stack_alignment_array|stack_ref|unaffected_reg|unnamed_param,388
FUN_00517b10,00517b10,.,16,11,param_count_too_few|unnamed_param,136
FUN_00517b50,00517b50,.,4,4,param_count_too_few|unnamed_param,54
FUN_00517cc0,00517cc0,.,32,11,param_count_too_few|undefined_data|unnamed_param,157
FUN_00517da0,00517da0,core/skeleton.cpp,43,31,concat_reconstruction|param_count_too_few|unnamed_param|warning_overlapping_globals,373
FUN_00517ec0,00517ec0,core/skeleton.cpp,44,70,param_count_too_few|undefined_data|unnamed_param|warning_overlapping_globals,764
FUN_005180a0,005180a0,.,28,10,param_count_too_few|undefined_data|unnamed_param,143
FUN_00518130,00518130,core/skeleton.cpp,11,6,param_count_too_few|unnamed_param|warning_overlapping_globals,86
FUN_00518180,00518180,.,4,5,param_count_too_few|unnamed_param,64
FUN_005181a0,005181a0,.,64,18,param_count_too_few|pointer_cast|pointer_truncation|unnamed_param|warning_overlapping_globals,269
FUN_00518440,00518440,.,5,6,unnamed_param,70
FUN_00518470,00518470,.,7,10,unnamed_param,112
FUN_005184b0,005184b0,.,17,9,undefined_data|unnamed_param|warning_overlapping_globals,122
FUN_00518510,00518510,.,246,50,extra_output|undefined_data|unnamed_param|warning_overlapping_globals,766
FUN_005191f0,005191f0,core/skeleton.cpp,28,11,param_count_too_few|undefined_data|unnamed_param|unrolled_strcpy|warning_overlapping_globals,163
FUN_00519280,00519280,core/skeleton.cpp,259,99,param_count_too_few|undefined_data|unnamed_param|warning_overlapping_globals,1269
FUN_00519ae0,00519ae0,.,7,7,param_count_too_few|unnamed_param,87
FUN_00519b10,00519b10,.,4,4,unnamed_param,49
FUN_00519b30,00519b30,core/skeleton.cpp,26,12,param_count_too_few|unnamed_param|warning_overlapping_globals,161
FUN_00519bc0,00519bc0,.,7,6,param_count_too_few|unnamed_param,77
FUN_00519be0,00519be0,core/skeleton.cpp,123,14,param_count_too_few|unnamed_param|unresolved_funcptr|warning_overlapping_globals,283
FUN_00519ec0,00519ec0,core/skeleton.cpp,186,55,unnamed_param|warning_overlapping_globals,746
FUN_0051a470,0051a470,core/skeleton.cpp,83,30,param_count_too_few|stack_ref|undefined_data|unnamed_param|warning_overlapping_globals,408
FUN_0051a700,0051a700,.,32,15,extra_output|param_count_too_few|undefined_data|unnamed_param,202
FUN_0051a780,0051a780,core/skeleton.cpp,175,59,pointer_cast|undefined_data|unnamed_param|warning_overlapping_globals,785
FUN_0051ad20,0051ad20,core/skeleton.cpp,191,23,param_count_too_few|pointer_cast|self_copy_guard|unnamed_param|unresolved_funcptr|warning_overlapping_globals,451
FUN_0051b280,0051b280,core/skeleton.cpp,100,15,param_count_too_few|undefined_data|unnamed_param|warning_overlapping_globals,270
FUN_0051b480,0051b480,.,39,4,unnamed_param,84
FUN_0051b540,0051b540,.,47,12,param_count_too_few|pointer_cast|unnamed_param,182
FUN_0051b600,0051b600,.,17,5,param_count_too_few|unnamed_param,77
FUN_0051b660,0051b660,.,17,4,param_count_too_few|undefined_data|unnamed_param,72
FUN_0051b6e0,0051b6e0,.,19,11,param_count_too_few|undefined_data|unnamed_param,144
FUN_0051b750,0051b750,core/skeleton.cpp,20,8,param_count_too_few|unnamed_param|warning_overlapping_globals,115
FUN_0051b7d0,0051b7d0,.,9,5,param_count_too_few|unnamed_param,69
FUN_0051b800,0051b800,.,24,10,param_count_too_few|unnamed_param,134
FUN_0051b880,0051b880,.,6,4,param_count_too_few|unnamed_param,56
FUN_0051b8a0,0051b8a0,.,11,11,param_count_too_few|unnamed_param|warning_overlapping_globals,136
FUN_0051b8f0,0051b8f0,.,6,8,param_count_too_few|unnamed_param,96
FUN_0051b920,0051b920,.,415,54,param_count_too_few|pointer_cast|stack_alignment_array|stack_ref|unnamed_param|warning_type_propagation,985
FUN_0051c3d0,0051c3d0,core/skeleton.cpp,215,46,pointer_cast|stack_alignment_array|unnamed_param|unresolved_funcptr|warning_overlapping_globals,700
FUN_0051cab0,0051cab0,.,5,12,param_count_too_few|unnamed_param,135
FUN_0051cae0,0051cae0,core/skeleton.cpp,154,74,pointer_cast|pointer_truncation|stack_alignment_array|stack_ref|unnamed_param|unresolved_funcptr|warning_overlapping_globals|warning_type_propagation,934
FUN_0051cfd0,0051cfd0,.,44,23,param_count_too_few|pointer_truncation|stack_alignment_array|stack_ref|unnamed_param|unresolved_funcptr|warning_overlapping_globals,309
FUN_0051d0a0,0051d0a0,.,78,40,param_count_too_few|unaffected_reg|unnamed_param|unrolled_memcpy,498
FUN_0051d2a0,0051d2a0,.,36,27,param_count_too_few|unnamed_param|unrolled_memcpy,321
FUN_0051d380,0051d380,.,8,14,param_count_too_few|unnamed_param,158
FUN_0051d3c0,0051d3c0,.,76,33,param_count_too_few|unnamed_param,416
FUN_0051d7a0,0051d7a0,.,90,38,param_count_too_few|pointer_cast|stack_alignment_array|unnamed_param|unresolved_funcptr|unrolled_memcpy|warning_overlapping_globals|warning_type_propagation,510
FUN_0051d970,0051d970,.,19,11,param_count_too_few|unnamed_param,139
FUN_0051d9d0,0051d9d0,.,19,22,param_count_too_few|unnamed_param,249
FUN_0051da50,0051da50,.,9,10,param_count_too_few|unnamed_param,119
FUN_0051dad0,0051dad0,.,10,10,param_count_too_few|unnamed_param,120
FUN_0051db20,0051db20,.,10,10,param_count_too_few|unnamed_param,120
FUN_0051db70,0051db70,.,10,10,param_count_too_few|unnamed_param,120
FUN_0051dbc0,0051dbc0,core/skeleton.cpp,14,11,unnamed_param|warning_overlapping_globals,134
FUN_0051dc90,0051dc90,.,12,4,param_count_too_few|unnamed_param,62
FUN_0051dcb0,0051dcb0,.,12,4,param_count_too_few|unnamed_param,62
FUN_0051dcd0,0051dcd0,.,7,4,param_count_too_few|unnamed_param,57
FUN_0051dd00,0051dd00,.,54,23,param_count_too_few|unnamed_param,294
FUN_0051de60,0051de60,.,83,32,param_count_too_few|pointer_cast|pointer_truncation|stack_alignment_array|stack_ref|unnamed_param|warning_overlapping_globals,438
FUN_0051e020,0051e020,core/skeleton.cpp,16,8,param_count_too_few|unnamed_param|warning_overlapping_globals,111
FUN_0051e0a0,0051e0a0,.,7,3,param_count_too_few|unnamed_param,47
FUN_0051e0c0,0051e0c0,.,20,13,param_count_too_few|unnamed_param|unrolled_strcpy,165
FUN_0051e350,0051e350,.,61,29,pointer_cast|pointer_truncation|stack_alignment_array|stack_ref|unnamed_param|warning_type_propagation,381
FUN_0051e590,0051e590,.,65,30,unnamed_param|warning_overlapping_globals,375
FUN_0051e8c0,0051e8c0,.,22,18,param_count_too_few|unnamed_param,212
FUN_0051e960,0051e960,.,18,12,param_count_too_few|unnamed_param,148
FUN_0051e9e0,0051e9e0,.,76,20,param_count_too_few|unnamed_param,286
FUN_0051ed30,0051ed30,.,11,16,param_count_too_few|unnamed_param,181
FUN_0051ed90,0051ed90,.,54,25,param_count_too_few|unnamed_param|unrolled_memcpy,319
FUN_0051ee60,0051ee60,.,57,23,param_count_too_few|unnamed_param|unrolled_memcpy,302
FUN_0051ef40,0051ef40,.,42,8,param_count_too_few|unnamed_param,132
FUN_0051f080,0051f080,core/skeleton.cpp,74,17,extra_output|param_count_too_few|undefined_data|unnamed_param|warning_overlapping_globals,269
FUN_0051f1d0,0051f1d0,.,72,50,pointer_cast|unnamed_param,582
FUN_0051f570,0051f570,core/skeleton.cpp,29,7,param_count_too_few|raw_address_constant|unnamed_param|warning_overlapping_globals,119
FUN_0051f650,0051f650,.,12,2,undefined_data|warning_overlapping_globals,42
FUN_0051f680,0051f680,core/skeleton.cpp,28,7,param_count_too_few|raw_address_constant|unnamed_param|warning_overlapping_globals,118
FUN_0051f730,0051f730,.,13,2,raw_address_constant|warning_overlapping_globals,43
FUN_0051f760,0051f760,.,34,6,param_count_too_few|raw_address_constant|unnamed_param|warning_overlapping_globals,114
FUN_0051f900,0051f900,.,5,3,undefined_data|unnamed_param,45
FUN_0051f930,0051f930,.,11,16,concat_reconstruction|param_count_too_few|unnamed_param,186
FUN_0051f980,0051f980,.,98,69,param_count_too_few|unnamed_param|unresolved_funcptr|warning_overlapping_globals,808
FUN_00520b60,00520b60,.,94,72,unnamed_param|warning_overlapping_globals,824
FUN_00521830,00521830,.,120,32,param_count_too_few|unknown_field|unnamed_param,455
FUN_00521ca0,00521ca0,.,46,4,param_count_too_few|unnamed_param|warning_overlapping_globals,101
FUN_00521e10,00521e10,sound/sndmain.cpp,189,32,param_count_too_few|undefined_data|unnamed_param|unrolled_strlen|warning_overlapping_globals,534
FUN_00522480,00522480,sound/sndmain.cpp,200,22,param_count_too_few|undefined_data|unnamed_param|unrolled_strcpy|unrolled_strlen|warning_overlapping_globals,450
FUN_00522d10,00522d10,.,33,7,undefined_data|warning_overlapping_globals,113
FUN_00522f10,00522f10,sound/sndmain.cpp,48,13,param_count_too_few|undefined_data|unnamed_param|warning_overlapping_globals,198
FUN_005230d0,005230d0,.,32,1,warning_overlapping_globals,47
FUN_00523330,00523330,sound/sndmain.cpp,62,28,param_count_too_few|pointer_cast|pointer_truncation|unnamed_param|warning_overlapping_globals,367
FUN_005234b0,005234b0,.,32,12,param_count_too_few|undefined_data|unnamed_param|unresolved_funcptr|warning_overlapping_globals,177
FUN_00523610,00523610,.,58,40,bitcast_double_pair|carry_arith_idiom|param_count_too_few|unknown_field|unnamed_param|warning_deadcode_restart|warning_overlapping_globals,493
FUN_00523750,00523750,.,58,40,bitcast_double_pair|carry_arith_idiom|param_count_too_few|unknown_field|unnamed_param|warning_deadcode_restart|warning_overlapping_globals,493
FUN_00523910,00523910,.,59,17,param_count_too_few|unnamed_param|unresolved_funcptr|warning_overlapping_globals,249
FUN_00523a60,00523a60,sound/sndmain.cpp,27,17,param_count_too_few|unnamed_param|warning_overlapping_globals,212
FUN_00523b20,00523b20,.,13,8,param_count_too_few|unnamed_param|unresolved_funcptr|warning_overlapping_globals,113
FUN_00523b70,00523b70,.,9,5,param_count_too_few|unnamed_param,69
FUN_00523ba0,00523ba0,sound/sndmain.cpp,36,24,param_count_too_few|unnamed_param|unresolved_funcptr|warning_overlapping_globals,296
FUN_00523cb0,00523cb0,.,14,12,param_count_too_few|unnamed_param|unresolved_funcptr|warning_overlapping_globals,154
FUN_00523d10,00523d10,sound/sndmain.cpp,48,23,param_count_too_few|unnamed_param|warning_overlapping_globals,293
FUN_00523ea0,00523ea0,sound/sndmain.cpp,210,70,param_count_too_few|pointer_cast|pointer_truncation|undefined_data|unnamed_param|unrolled_memcpy|warning_overlapping_globals,945
FUN_00524410,00524410,.,28,34,param_count_too_few|unnamed_param,378
FUN_005244b0,005244b0,.,24,11,param_count_too_few|undefined_data|unnamed_param,149
FUN_00524520,00524520,sound/sndmain.cpp,61,26,extra_output|param_count_too_few|undefined_data|unnamed_param|warning_overlapping_globals,346
FUN_00524630,00524630,sound/sndmain.cpp,60,25,concat_reconstruction|nan_function_artifact|param_count_too_few|undefined_data|unnamed_param|warning_overlapping_globals,340
FUN_005247a0,005247a0,sound/sndmain.cpp,23,10,param_count_too_few|unnamed_param|warning_overlapping_globals,138
FUN_00524830,00524830,sound/sndmain.cpp,130,70,bitcast_double_pair|param_count_too_few|undefined_data|unnamed_param|unresolved_funcptr|warning_overlapping_globals,860
FUN_00524d10,00524d10,sound/sndmain.cpp,331,88,extra_output|param_count_too_few|pointer_cast|stack_param|stack_ref|unknown_field|unnamed_param|warning_overlapping_globals,1251
FUN_00525570,00525570,sound/sndmain.cpp,53,18,param_count_too_few|unnamed_param|unresolved_funcptr|warning_overlapping_globals,253
FUN_005256f0,005256f0,sound/sndmain.cpp,51,19,param_count_too_few|unnamed_param|unresolved_funcptr|warning_overlapping_globals,261
FUN_005257e0,005257e0,.,16,9,param_count_too_few|unnamed_param|unresolved_funcptr|warning_overlapping_globals,126
FUN_00525870,00525870,sound/sndmain.cpp,58,51,bitcast_double_pair|param_count_too_few|unknown_field|unnamed_param|warning_overlapping_globals,593
FUN_00525a80,00525a80,sound/sndmain.cpp,29,23,param_count_too_few|unnamed_param|warning_overlapping_globals,274
FUN_00525b70,00525b70,.,15,8,param_count_too_few|unnamed_param|warning_overlapping_globals,110
FUN_00525bc0,00525bc0,.,7,5,param_count_too_few|unnamed_param,67
FUN_00525c40,00525c40,.,8,4,param_count_too_few|unnamed_param,58
FUN_00525c70,00525c70,sound/sndmain.cpp,49,37,param_count_too_few|unnamed_param|warning_overlapping_globals,434
FUN_00525de0,00525de0,.,20,25,param_count_too_few|unknown_field|unnamed_param,285
FUN_00525eb0,00525eb0,.,27,27,param_count_too_few|unnamed_param|warning_overlapping_globals,312
FUN_00525f50,00525f50,.,15,14,param_count_too_few|unnamed_param|warning_overlapping_globals,170
FUN_00525fc0,00525fc0,.,9,4,param_count_too_few|unnamed_param|warning_overlapping_globals,64
FUN_00526090,00526090,.,9,4,param_count_too_few|unnamed_param|warning_overlapping_globals,64
FUN_005260f0,005260f0,.,6,4,param_count_too_few|unnamed_param|warning_overlapping_globals,61
FUN_00526120,00526120,.,6,4,param_count_too_few|unnamed_param|warning_overlapping_globals,61
FUN_00526150,00526150,sound/sndmain.cpp,11,9,param_count_too_few|unnamed_param|warning_overlapping_globals,116
FUN_005261b0,005261b0,sound/sndmain.cpp,11,7,param_count_too_few|unnamed_param|warning_overlapping_globals,96
FUN_00526210,00526210,.,9,6,param_count_too_few|unnamed_param|warning_overlapping_globals,84
FUN_00526240,00526240,.,6,4,param_count_too_few|unnamed_param|warning_overlapping_globals,61
FUN_00526270,00526270,.,8,4,param_count_too_few|unnamed_param|warning_overlapping_globals,63
FUN_005262d0,005262d0,.,10,8,param_count_too_few|unnamed_param|warning_overlapping_globals,105
FUN_00526340,00526340,sound/sndmain.cpp,23,3,unrolled_memcpy|warning_overlapping_globals,63
FUN_005263c0,005263c0,sound/sndmain.cpp,12,1,warning_overlapping_globals,27
FUN_005265a0,005265a0,sound/sndmain.cpp,296,37,param_count_too_few|pointer_cast|undefined_data|unnamed_param|unresolved_funcptr|unrolled_memcpy|unrolled_strcpy|warning_overlapping_globals,706
FUN_00526c50,00526c50,.,15,4,param_count_too_few|unnamed_param,65
FUN_00526ca0,00526ca0,.,5,1,warning_overlapping_globals,20
FUN_00526cb0,00526cb0,.,19,6,param_count_too_few|unnamed_param|unresolved_funcptr|warning_overlapping_globals,99
FUN_00526cd0,00526cd0,.,20,9,param_count_too_few|unnamed_param|unrolled_memcpy,125
FUN_00526d10,00526d10,.,24,6,param_count_too_few|unnamed_param|warning_overlapping_globals,99
FUN_00526e10,00526e10,.,25,17,param_count_too_few|unnamed_param|unresolved_funcptr|warning_overlapping_globals,215
FUN_00526ea0,00526ea0,.,17,7,param_count_too_few|unnamed_param|unresolved_funcptr|warning_overlapping_globals,107
FUN_00526ff0,00526ff0,.,19,6,unnamed_param|unresolved_funcptr|warning_overlapping_globals,94
FUN_005270d0,005270d0,.,18,7,param_count_too_few|unnamed_param|unresolved_funcptr|warning_overlapping_globals,108
FUN_00527130,00527130,.,16,6,unnamed_param|unresolved_funcptr|warning_overlapping_globals,91
FUN_00527230,00527230,.,11,3,param_count_too_few|unnamed_param,51
FUN_00527260,00527260,.,13,9,param_count_too_few|unnamed_param,113
FUN_005272b0,005272b0,.,12,1,undefined_data,27
FUN_005272e0,005272e0,sound/sndmain.cpp,29,12,param_count_too_few|undefined_data|unnamed_param|unresolved_funcptr|warning_overlapping_globals,174
FUN_00527380,00527380,sound/sndmain.cpp,11,8,param_count_too_few|unnamed_param|warning_overlapping_globals,106
FUN_00527410,00527410,sound/sndmain.cpp,23,11,param_count_too_few|unnamed_param|warning_overlapping_globals,148
FUN_00527490,00527490,sound/sndmain.cpp,11,8,param_count_too_few|unnamed_param|warning_overlapping_globals,106
FUN_005274e0,005274e0,.,15,3,undefined_data,50
FUN_00527520,00527520,.,17,6,param_count_too_few|undefined_data|unnamed_param,92
FUN_005275e0,005275e0,.,14,1,undefined_data,29
FUN_00527610,00527610,.,16,21,param_count_too_few|unnamed_param|unresolved_funcptr|warning_overlapping_globals,246
FUN_00527690,00527690,.,29,57,param_count_too_few|unnamed_param|unresolved_funcptr|warning_overlapping_globals,619
FUN_005277b0,005277b0,.,16,21,param_count_too_few|unnamed_param|unresolved_funcptr|warning_overlapping_globals,246
FUN_00527880,00527880,.,10,14,param_count_too_few|unnamed_param|warning_overlapping_globals,165
FUN_005279e0,005279e0,sound/sndmain.cpp,96,30,param_count_too_few|undefined_data|unnamed_param|unrolled_memcpy|unrolled_strlen|warning_overlapping_globals,426
FUN_00527c30,00527c30,.,13,1,raw_address_constant,28
FUN_00527c70,00527c70,.,55,21,param_count_too_few|raw_address_constant|unnamed_param,280
FUN_00527e10,00527e10,.,12,1,warning_overlapping_globals,27
FUN_00527e40,00527e40,.,58,13,undefined_data|unresolved_funcptr|warning_overlapping_globals,203
FUN_00528080,00528080,.,15,2,unresolved_funcptr|warning_overlapping_globals,45
FUN_005280c0,005280c0,sound/sndmain.cpp,26,15,param_count_too_few|undefined_data|unnamed_param|unresolved_funcptr|warning_overlapping_globals,201
FUN_00528160,00528160,.,14,13,param_count_too_few|undefined_data|unnamed_param,159
FUN_005281a0,005281a0,.,4,1,undefined_data,19
FUN_005281b0,005281b0,.,4,1,undefined_data,19
FUN_005281c0,005281c0,.,4,1,undefined_data,19
FUN_005281d0,005281d0,.,8,3,param_count_too_few|unnamed_param,48
FUN_005281f0,005281f0,.,8,3,param_count_too_few|unnamed_param,48
FUN_00528210,00528210,.,8,3,param_count_too_few|unnamed_param,48
FUN_00528230,00528230,.,25,12,undefined_data,150
FUN_005282c0,005282c0,sound/sndmain.cpp,21,12,param_count_too_few|unnamed_param|unrolled_memcpy|warning_overlapping_globals,161
FUN_00528320,00528320,.,61,0,,61
FUN_00528410,00528410,sound/sndmain.cpp,21,11,param_count_too_few|undefined_data|unnamed_param|warning_overlapping_globals,151
FUN_00528480,00528480,.,5,1,warning_overlapping_globals,20
FUN_00528490,00528490,.,12,1,warning_overlapping_globals,27
FUN_005284a0,005284a0,sound/sndmain.cpp,15,7,param_count_too_few|undefined_data|unnamed_param|warning_overlapping_globals,105
FUN_005284e0,005284e0,.,4,1,undefined_data,19
FUN_005284f0,005284f0,.,12,1,warning_overlapping_globals,27
FUN_00528500,00528500,.,24,8,undefined_data|unresolved_funcptr|warning_overlapping_globals,119
FUN_005285b0,005285b0,.,28,3,raw_address_constant|unresolved_funcptr|warning_overlapping_globals,73
FUN_00528610,00528610,.,4,1,undefined_data,19
FUN_00528620,00528620,.,5,1,warning_overlapping_globals,20
FUN_00528630,00528630,.,12,12,param_count_too_few|unnamed_param|unresolved_funcptr|warning_overlapping_globals,152
FUN_005286d0,005286d0,.,30,8,bitcast_double_pair|unnamed_param|warning_overlapping_globals,125
FUN_00528780,00528780,.,17,1,warning_overlapping_globals,32
FUN_00528800,00528800,sound/sndmain.cpp,21,1,warning_overlapping_globals,36
FUN_00528890,00528890,sound/sndmain.cpp,12,1,warning_overlapping_globals,27
FUN_005288f0,005288f0,.,17,2,unresolved_funcptr|warning_overlapping_globals,47
FUN_00528970,00528970,.,4,1,undefined_data,19
FUN_00528980,00528980,sound/sndmain.cpp,20,9,param_count_too_few|undefined_data|unnamed_param|warning_overlapping_globals,130
FUN_005289f0,005289f0,.,73,17,param_count_too_few|undefined_data|unnamed_param|unrolled_memcpy,263
FUN_00528c80,00528c80,.,61,19,param_count_too_few|undefined_data|unnamed_param|unrolled_strcpy,271
FUN_00528e60,00528e60,.,171,15,param_count_too_few|raw_address_pointer_store|undefined_data|unnamed_param|warning_overlapping_globals|warning_unreachable,351
FUN_005294f0,005294f0,sound/sndmain.cpp,157,49,param_count_too_few|pointer_cast|raw_address_constant|undefined_data|unnamed_param|unrolled_memcpy|warning_overlapping_globals,682
FUN_00529810,00529810,sound/sndmain.cpp,36,2,undefined_data|warning_overlapping_globals,66
FUN_005298f0,005298f0,.,23,5,param_count_too_few|raw_address_constant|unnamed_param|warning_overlapping_globals,93
FUN_00529980,00529980,.,10,5,param_count_too_few|stack_ref|undefined_data|unnamed_param,80
FUN_00529a90,00529a90,.,73,48,concat_reconstruction|param_count_too_few|unnamed_param,568
FUN_00529c10,00529c10,.,74,4,pointer_cast|unresolved_funcptr|warning_overlapping_globals,129
FUN_00529e90,00529e90,.,39,13,param_count_too_few|undefined_data|unnamed_param|unresolved_funcptr|warning_overlapping_globals,194
FUN_0052be40,0052be40,.,21,22,param_count_too_few|undefined_data|unnamed_param,256
FUN_0052bef0,0052bef0,.,78,17,param_count_too_few|raw_address_constant|undefined_data|unnamed_param|unresolved_funcptr|warning_overlapping_globals,278
FUN_0052c130,0052c130,.,52,10,pointer_cast|unnamed_param|warning_overlapping_globals,167
FUN_0052c290,0052c290,.,33,6,param_count_too_few|unnamed_param|unresolved_funcptr|warning_overlapping_globals,113
FUN_0052c6c0,0052c6c0,.,63,26,param_count_too_few|unnamed_param|unrolled_strcpy|unrolled_strlen,343
FUN_0052c760,0052c760,.,16,5,param_count_too_few|undefined_data|unnamed_param,81
FUN_0052c9d0,0052c9d0,.,201,24,pointer_cast|pointer_truncation|stack_alignment_array|stack_ref|suspect_float|undefined_data|unrolled_memcpy|warning_overlapping_globals|warning_type_propagation,486
FUN_0052d030,0052d030,.,48,15,param_count_too_few|undefined_data|unnamed_param|unrolled_strcpy|warning_overlapping_globals,223
FUN_0052d120,0052d120,core/sound.cpp,228,41,param_count_too_few|undefined_data|unnamed_param|unrolled_memcpy|unrolled_strcat|unrolled_strchr|unrolled_strcpy|unrolled_strlen|warning_overlapping_globals,683
FUN_0052dd20,0052dd20,.,16,4,param_count_too_few|undefined_data|warning_overlapping_globals,71
thunk_FUN_00527e10,0052dd80,.,12,2,param_count_too_few|warning_overlapping_globals,42
FUN_0052ddf0,0052ddf0,.,47,7,param_count_too_few|stack_ref|tautological_addr_guard|undefined_data|unnamed_param|warning_overlapping_globals,147
FUN_0052df90,0052df90,.,17,2,param_count_too_few|warning_overlapping_globals,47
FUN_0052dff0,0052dff0,.,265,23,concat_reconstruction|extra_output|nan_function_artifact|param_count_too_few|raw_address_constant|undefined_data|unnamed_param|unrolled_memcpy|unrolled_strcpy|warning_overlapping_globals,545
FUN_0052e850,0052e850,.,38,3,param_count_too_few|unnamed_param,78
FUN_0052e9c0,0052e9c0,.,6,1,param_count_too_few,21
FUN_0052e9d0,0052e9d0,.,22,13,param_count_too_few|undefined_data|unnamed_param|unrolled_strcpy|warning_overlapping_globals,177
FUN_0052ea40,0052ea40,.,5,6,param_count_too_few|unnamed_param,75
FUN_0052ea60,0052ea60,.,5,10,param_count_too_few|unnamed_param,115
FUN_0052ea90,0052ea90,.,5,8,param_count_too_few|unnamed_param,95
FUN_0052eb00,0052eb00,.,9,12,param_count_too_few|unnamed_param,139
FUN_0052eb50,0052eb50,.,9,9,unnamed_param,104
FUN_0052eba0,0052eba0,.,5,4,param_count_too_few|unnamed_param,55
FUN_0052ebb0,0052ebb0,.,5,4,param_count_too_few|unnamed_param,55
FUN_0052ebc0,0052ebc0,.,26,10,param_count_too_few|undefined_data|unnamed_param,141
FUN_0052ecb0,0052ecb0,.,9,11,unnamed_param|warning_overlapping_globals,129
FUN_0052ece0,0052ece0,core/sound.cpp,13,15,param_count_too_few|undefined_data|unnamed_param|warning_overlapping_globals,183
FUN_0052ede0,0052ede0,.,7,7,param_count_too_few|unnamed_param|warning_overlapping_globals,92
FUN_0052ee70,0052ee70,.,33,8,register_param|undefined_data|warning_overlapping_globals,128
FUN_0052eed4,0052eed4,.,28,9,concat_reconstruction|register_param|undefined_data|warning_overlapping_globals,138
FUN_0053055c,0053055c,.,111,53,concat_reconstruction|nonstandard_int|param_count_too_few|register_param|undefined_data|unnamed_param|warning_overlapping_globals,676
FUN_005305f7,005305f7,.,115,57,concat_reconstruction|nonstandard_int|param_count_too_few|register_param|undefined_data|undefined_type|unnamed_param|warning_overlapping_globals,725
FUN_00530710,00530710,.,8,3,warning_indirect_jump|warning_jumptable|warning_overlapping_globals,53
FUN_0053075c,0053075c,.,104,48,param_count_too_few|undefined_data|unnamed_param|warning_overlapping_globals,604
FUN_00530a25,00530a25,.,104,48,param_count_too_few|undefined_data|unnamed_param|warning_overlapping_globals,604
FUN_00530d40,00530d40,.,47,1,warning_overlapping_globals,62
FUN_00531780,00531780,engine/special.c,309,38,raw_address_constant|undefined_data|unnamed_param|unresolved_funcptr|warning_overlapping_globals,714
FUN_005322b0,005322b0,.,10,1,warning_overlapping_globals,25
FUN_005322e0,005322e0,.,12,3,undefined_data|warning_overlapping_globals,52
FUN_00532320,00532320,.,11,2,undefined_data|warning_overlapping_globals,41
FUN_00532340,00532340,.,10,1,warning_overlapping_globals,25
FUN_00532360,00532360,.,10,1,warning_overlapping_globals,25
FUN_00532400,00532400,.,10,7,param_count_too_few|undefined_data|unnamed_param|warning_overlapping_globals,100
FUN_00532440,00532440,.,10,7,param_count_too_few|undefined_data|unnamed_param|warning_overlapping_globals,100
FUN_005324a0,005324a0,.,43,15,param_count_too_few|undefined_data|unnamed_param|warning_overlapping_globals,213
FUN_005325f0,005325f0,.,10,2,unresolved_funcptr|warning_overlapping_globals,40
FUN_00532620,00532620,.,10,8,param_count_too_few|unnamed_param|warning_overlapping_globals,105
FUN_00532650,00532650,.,10,8,param_count_too_few|unnamed_param|warning_overlapping_globals,105
FUN_00532680,00532680,.,45,22,param_count_too_few|unnamed_param|unresolved_funcptr|warning_overlapping_globals,285
FUN_005327c0,005327c0,.,37,21,param_count_too_few|unnamed_param|unresolved_funcptr|warning_overlapping_globals,267
FUN_005329a0,005329a0,.,10,1,warning_overlapping_globals,25
FUN_00532af0,00532af0,.,13,11,param_count_too_few|unnamed_param|warning_overlapping_globals,138
FUN_00532b30,00532b30,.,10,1,warning_overlapping_globals,25
FUN_00532b50,00532b50,.,10,1,warning_overlapping_globals,25
FUN_00532ba0,00532ba0,.,50,17,pointer_cast|pointer_truncation|undefined_data|unrolled_memcpy|warning_overlapping_globals,245
FUN_00532c70,00532c70,.,10,3,unnamed_param|warning_overlapping_globals,50
FUN_00532c90,00532c90,.,10,12,param_count_too_few|unnamed_param|warning_overlapping_globals,145
FUN_00532cd0,00532cd0,.,10,8,param_count_too_few|unnamed_param|warning_overlapping_globals,105
FUN_00532d00,00532d00,.,10,4,param_count_too_few|unnamed_param|warning_overlapping_globals,65
FUN_00532d20,00532d20,.,10,12,param_count_too_few|unnamed_param|warning_overlapping_globals,145
FUN_00532d60,00532d60,.,10,2,unresolved_funcptr|warning_overlapping_globals,40
FUN_00532d80,00532d80,.,10,2,unresolved_funcptr|warning_overlapping_globals,40
FUN_00532da0,00532da0,.,9,8,param_count_too_few|unnamed_param,99
FUN_00532df0,00532df0,.,52,26,param_count_too_few|unnamed_param,322
FUN_00533750,00533750,.,157,17,self_copy_guard|undefined_data|unnamed_param|unresolved_funcptr|warning_overlapping_globals,352
FUN_00533ce0,00533ce0,.,38,23,param_count_too_few|unnamed_param|warning_overlapping_globals,283
FUN_00533f10,00533f10,.,45,29,param_count_too_few|unnamed_param,345
FUN_005340d0,005340d0,.,47,27,param_count_too_few|unnamed_param,327
FUN_00534260,00534260,.,21,19,unnamed_param,216
FUN_00534ad0,00534ad0,.,58,12,unnamed_param|warning_overlapping_globals,188
FUN_00534c80,00534c80,.,5,3,undefined_data|unnamed_param,45
FUN_00534fc0,00534fc0,.,39,6,param_count_too_few|undefined_data|unnamed_param|warning_overlapping_globals,119
FUN_00535900,00535900,.,1054,455,bit_int_float_compare|pointer_cast|raw_address_constant|undefined_data|unnamed_param|unresolved_funcptr|warning_overlapping_globals,5639
FUN_00537cd0,00537cd0,.,249,98,param_count_too_few|pointer_cast|unnamed_param|unresolved_funcptr|warning_overlapping_globals,1254
FUN_00538440,00538440,.,24,10,param_count_too_few|unnamed_param|warning_overlapping_globals,139
FUN_005384d0,005384d0,.,591,87,param_count_too_few|stack_ref|tautological_addr_guard|undefined_data|unnamed_param|unresolved_funcptr|warning_overlapping_globals,1496
FUN_005396d0,005396d0,.,29,9,param_count_too_few|unnamed_param|warning_overlapping_globals,134
FUN_005397b0,005397b0,.,91,64,param_count_too_few|unnamed_param|warning_overlapping_globals,746
FUN_00539b10,00539b10,core/stranger.cpp,267,120,bit_int_float_compare|param_count_too_few|pointer_cast|pointer_truncation|stack_alignment_array|stack_ref|unnamed_param|warning_overlapping_globals|warning_type_propagation,1512
FUN_0053a260,0053a260,.,208,45,param_count_too_few|pointer_cast|pointer_truncation|stack_alignment_array|stack_ref|undefined_data|unnamed_param|warning_overlapping_globals|warning_type_propagation,703
FUN_0053a660,0053a660,.,44,15,param_count_too_few|unnamed_param|unresolved_funcptr|unrolled_memcpy,214
FUN_0053a760,0053a760,core/stranger.cpp,608,87,param_count_too_few|pointer_cast|self_copy_guard|unaffected_reg|undefined_data|unnamed_param|unresolved_funcptr|unrolled_memcpy|warning_overlapping_globals,1523
FUN_0053b630,0053b630,core/stranger.cpp,269,75,param_count_too_few|unnamed_param|unresolved_funcptr|warning_overlapping_globals,1039
FUN_0053beb0,0053beb0,.,17,10,param_count_too_few|undefined_data|unnamed_param,132
FUN_0053bf30,0053bf30,.,10,10,param_count_too_few|unnamed_param|unresolved_funcptr,125
FUN_0053bf90,0053bf90,.,141,29,param_count_too_few|unnamed_param|unresolved_funcptr|warning_overlapping_globals,451
FUN_0053c3b0,0053c3b0,.,140,29,param_count_too_few|unnamed_param|unresolved_funcptr|warning_overlapping_globals,450
FUN_0053c800,0053c800,.,151,55,param_count_too_few|undefined_data|unnamed_param|unresolved_funcptr|unrolled_memcpy|warning_overlapping_globals,731
FUN_0053d910,0053d910,.,263,34,param_count_too_few|suspect_float|undefined_data|unnamed_param|unresolved_funcptr|warning_overlapping_globals,633
FUN_0053e320,0053e320,core/stranger.cpp,145,19,param_count_too_few|self_copy_guard|unnamed_param|unresolved_funcptr|warning_overlapping_globals,360
FUN_0053ecc0,0053ecc0,.,153,28,bit_int_float_compare|param_count_too_few|self_copy_guard|unnamed_param|unresolved_funcptr|warning_overlapping_globals,463
FUN_0053f260,0053f260,.,19,7,param_count_too_few|unnamed_param,99
FUN_0053f310,0053f310,.,339,101,param_count_too_few|unnamed_param|unresolved_funcptr|warning_overlapping_globals|warning_unreachable,1374
FUN_0053fc60,0053fc60,.,109,47,param_count_too_few|unnamed_param|warning_overlapping_globals,594
FUN_0053ff50,0053ff50,.,16,8,param_count_too_few|unnamed_param|unresolved_funcptr,111
FUN_0053ffe0,0053ffe0,.,132,52,param_count_too_few|unnamed_param|unresolved_funcptr|warning_overlapping_globals,672
FUN_005402f0,005402f0,.,105,25,param_count_too_few|unnamed_param|unresolved_funcptr|warning_overlapping_globals,375
FUN_00540660,00540660,.,31,15,param_count_too_few|unnamed_param|unresolved_funcptr|warning_overlapping_globals,201
FUN_005423c0,005423c0,.,215,79,self_copy_guard|unnamed_param|unresolved_funcptr|warning_overlapping_globals,1025
FUN_00542ad0,00542ad0,.,31,13,unnamed_param|warning_overlapping_globals,171
FUN_00542b70,00542b70,core/svetlana.cpp,77,16,param_count_too_few|unnamed_param|unresolved_funcptr|warning_overlapping_globals,257
FUN_005444f0,005444f0,.,33,10,unnamed_param|warning_overlapping_globals,143
FUN_00544760,00544760,.,40,16,unaffected_reg|unnamed_param|unrolled_memcpy|warning_overlapping_globals,220
FUN_00544930,00544930,.,5,3,param_count_too_few|unnamed_param,45
FUN_00544940,00544940,.,4,3,param_count_too_few|unnamed_param,44
FUN_00544950,00544950,core/texlist.cpp,146,37,param_count_too_few|pointer_cast|pointer_truncation|undefined_data|unnamed_param|unrolled_strchr|unrolled_strcpy|unrolled_strlen|warning_overlapping_globals,561
FUN_00544db0,00544db0,.,5,6,param_count_too_few|undefined_data|unnamed_param,80
FUN_00544de0,00544de0,.,17,10,param_count_too_few|unnamed_param,127
FUN_00544e50,00544e50,.,5,3,param_count_too_few|unnamed_param,45
FUN_00544e60,00544e60,.,29,8,param_count_too_few|unnamed_param,119
FUN_00544ef0,00544ef0,engine/texture.cpp,206,101,param_count_too_few|pointer_cast|pointer_truncation|unaffected_reg|undefined_data|unnamed_param|unrolled_memcpy|unrolled_strchr|unrolled_strcpy|warning_overlapping_globals,1266
FUN_00545390,00545390,.,23,15,param_count_too_few|unnamed_param,183
FUN_00545410,00545410,.,96,33,param_count_too_few|undefined_data|unnamed_param|warning_overlapping_globals,446
FUN_00545810,00545810,.,40,9,unnamed_param,135
FUN_005458a0,005458a0,.,12,1,warning_overlapping_globals,27
FUN_005458d0,005458d0,.,15,1,warning_overlapping_globals,30
FUN_00545920,00545920,.,25,14,param_count_too_few|undefined_data|unnamed_param|warning_overlapping_globals,185
FUN_005459f0,005459f0,.,6,1,warning_overlapping_globals,21
FUN_00545a40,00545a40,.,6,5,unnamed_param,61
FUN_00545a80,00545a80,.,6,4,param_count_too_few|unnamed_param|warning_overlapping_globals,61
FUN_00545ad0,00545ad0,.,23,5,undefined_data|unrolled_strcpy|warning_overlapping_globals,88
FUN_00545b90,00545b90,.,21,3,unnamed_param|warning_overlapping_globals,61
FUN_005478b0,005478b0,.,55,4,unnamed_param|unrolled_strcpy,105
FUN_00547a00,00547a00,.,36,24,raw_address_constant|undefined_data|unnamed_param,291
FUN_00548170,00548170,.,61,31,unnamed_param,376
FUN_00548580,00548580,.,8,3,unnamed_param,43
FUN_005485a0,005485a0,.,12,7,unnamed_param,87
FUN_005485e0,005485e0,.,15,13,param_count_too_few|unnamed_param,155
FUN_00548680,00548680,.,23,8,param_count_too_few|unnamed_param|unresolved_funcptr|warning_overlapping_globals,123
FUN_005487b0,005487b0,core/trigger.cpp,81,30,undefined_data|unnamed_param|unresolved_funcptr|warning_overlapping_globals,401
FUN_00548ae0,00548ae0,.,5,6,param_count_too_few|unnamed_param,75
FUN_00548d20,00548d20,.,4,3,param_count_too_few|unnamed_param,44
FUN_00548d30,00548d30,.,6,8,param_count_too_few|unnamed_param,96
FUN_00548d50,00548d50,support/trisock.cpp,19,10,param_count_too_few|unnamed_param|warning_overlapping_globals,134
FUN_00548dc0,00548dc0,.,24,9,concat_reconstruction|param_count_too_few|stack_alignment_array|unaffected_reg|unnamed_param,139
FUN_00548ed0,00548ed0,.,5,2,unnamed_param,30
FUN_00548ee0,00548ee0,.,5,3,unnamed_param,40
FUN_00548f60,00548f60,.,4,3,param_count_too_few|unnamed_param,44
FUN_00549010,00549010,.,40,16,param_count_too_few|raw_address_constant|unnamed_param,215
FUN_00549090,00549090,.,27,25,pointer_cast|pointer_truncation|stack_alignment_array|stack_ref|unnamed_param|warning_type_propagation,307
FUN_00549110,00549110,.,11,5,param_count_too_few|unnamed_param,71
FUN_00549280,00549280,.,6,0,,6
FUN_005492b0,005492b0,.,11,5,param_count_too_few|raw_address_constant|unnamed_param|warning_overlapping_globals,81
FUN_005492f0,005492f0,.,7,1,warning_overlapping_globals,22
FUN_00549310,00549310,.,36,7,param_count_too_few|undefined_data|unnamed_param|warning_overlapping_globals,126
FUN_00549410,00549410,.,14,6,param_count_too_few|unnamed_param|warning_overlapping_globals,89
FUN_00549ef0,00549ef0,core/turret.cpp,47,16,unnamed_param|warning_overlapping_globals,217
FUN_0054a110,0054a110,.,141,26,bit_int_float_compare|self_copy_guard|undefined_data|unnamed_param|unresolved_funcptr|warning_overlapping_globals,431
FUN_0054a640,0054a640,.,52,20,param_count_too_few|unnamed_param|warning_overlapping_globals,267
FUN_0054a920,0054a920,.,61,26,param_count_too_few|unnamed_param|unresolved_funcptr|warning_overlapping_globals,341
FUN_0054bfc0,0054bfc0,.,5,3,param_count_too_few|unnamed_param,45
FUN_0054d9c0,0054d9c0,.,42,15,unnamed_param|unresolved_funcptr|warning_overlapping_globals,207
FUN_0054e040,0054e040,.,17,5,unnamed_param|unresolved_funcptr|warning_overlapping_globals,82
FUN_0054e0b0,0054e0b0,.,21,5,unnamed_param|unresolved_funcptr|warning_overlapping_globals,86
FUN_0054e130,0054e130,.,17,5,unnamed_param|unresolved_funcptr|warning_overlapping_globals,82
FUN_0054e1a0,0054e1a0,.,8,7,unnamed_param|unresolved_funcptr,88
FUN_0054e1e0,0054e1e0,.,8,7,unnamed_param|unresolved_funcptr,88
FUN_0054e230,0054e230,core/vampboss.cpp,43,8,unnamed_param|warning_overlapping_globals,133
FUN_0054e4a0,0054e4a0,.,27,19,bitcast_double_pair|extra_output|param_count_too_few|unnamed_param,237
FUN_0054f7a0,0054f7a0,.,10,7,unnamed_param,85
FUN_0054f8a0,0054f8a0,.,5,3,undefined_data|unnamed_param,45
FUN_0054fc40,0054fc40,.,4,2,unnamed_param,29
FUN_005507d0,005507d0,.,10,3,undefined_data,45
FUN_00550800,00550800,core/water.cpp,149,32,concat_reconstruction|param_count_too_few|sign_compare_idiom|undefined_data|unnamed_param|warning_overlapping_globals,499
FUN_00550860,00550860,.,4,1,param_count_too_few,19
FUN_00550cb0,00550cb0,.,142,35,param_count_too_few|undefined_data|unnamed_param|warning_overlapping_globals,512
FUN_00551920,00551920,.,32,9,unnamed_param,127
FUN_00552360,00552360,.,5,3,undefined_data|unnamed_param,45
FUN_005523b0,005523b0,.,35,16,param_count_too_few|unnamed_param|warning_overlapping_globals,210
FUN_00552680,00552680,.,84,15,param_count_too_few|undefined_data|unnamed_param|warning_overlapping_globals,254
FUN_00552b40,00552b40,wincore/wddvmem.cpp,43,19,param_count_too_few|undefined_data|unresolved_funcptr|warning_overlapping_globals,253
FUN_00552cb0,00552cb0,.,32,10,undefined_data|unresolved_funcptr|warning_overlapping_globals,147
FUN_00552e00,00552e00,wincore/wddvmem.cpp,166,65,raw_address_constant|undefined_data|unnamed_param|unresolved_funcptr|warning_overlapping_globals,841
FUN_00553190,00553190,.,65,22,undefined_data|unresolved_funcptr|warning_overlapping_globals,300
FUN_005533a0,005533a0,.,33,11,undefined_data|unresolved_funcptr|warning_overlapping_globals,158
FUN_00553470,00553470,wincore/wddvmem.cpp,31,5,undefined_data|unresolved_funcptr|warning_overlapping_globals,96
FUN_00553520,00553520,wincore/wddvmem.cpp,40,12,undefined_data|unresolved_funcptr|warning_overlapping_globals,175
FUN_00553620,00553620,wincore/wddvmem.cpp,71,3,unresolved_funcptr|warning_overlapping_globals,111
FUN_005537e0,005537e0,wincore/wddvmem.cpp,46,9,undefined_data|unresolved_funcptr|warning_overlapping_globals,151
FUN_00553910,00553910,wincore/wddvmem.cpp,120,27,pointer_cast|pointer_truncation|undefined_data|unresolved_funcptr|warning_overlapping_globals,415
FUN_00553b70,00553b70,.,10,1,warning_overlapping_globals,25
FUN_00553ba0,00553ba0,wincore/wddvmem.cpp,50,17,undefined_data|unresolved_funcptr|warning_overlapping_globals,235
FUN_00553ca0,00553ca0,.,4,0,,4
FUN_00553d20,00553d20,.,5,3,param_count_too_few|unnamed_param,45
FUN_00553d30,00553d30,.,5,3,param_count_too_few|unnamed_param,45
FUN_00553d40,00553d40,.,5,5,param_count_too_few|unnamed_param,65
FUN_00553d90,00553d90,.,29,3,param_count_too_few|unnamed_param,69
FUN_00553ea0,00553ea0,.,18,9,undefined_data|unnamed_param,118
FUN_00553f10,00553f10,.,8,5,unnamed_param,63
FUN_00553f50,00553f50,.,22,10,undefined_data|unnamed_param|unresolved_funcptr,137
FUN_00554030,00554030,.,37,40,undefined_data|unnamed_param|unresolved_funcptr|unrolled_memcpy|warning_overlapping_globals,462
FUN_00554170,00554170,.,22,8,unnamed_param,107
FUN_00554260,00554260,.,25,17,unnamed_param|warning_overlapping_globals,205
FUN_00554560,00554560,.,5,4,unnamed_param,50
FUN_00554600,00554600,.,8,4,unnamed_param,53
FUN_00554660,00554660,.,37,13,param_count_too_few|undefined_data|unnamed_param|unresolved_funcptr|warning_overlapping_globals,192
FUN_00554980,00554980,.,127,40,param_count_too_few|raw_address_constant|undefined_data|unnamed_param|warning_overlapping_globals,552
FUN_00554d40,00554d40,.,94,24,param_count_too_few|raw_address_constant|self_copy_guard|undefined_data|unnamed_param|warning_overlapping_globals,364
FUN_00554fd0,00554fd0,.,12,7,param_count_too_few|raw_address_constant|unnamed_param,97
FUN_00555020,00555020,.,218,46,param_count_too_few|undefined_data|unnamed_param|warning_overlapping_globals,698
FUN_00555750,00555750,.,19,14,param_count_too_few|unnamed_param,169
FUN_005557d0,005557d0,.,76,32,param_count_too_few|self_copy_guard|undefined_data|unnamed_param|warning_overlapping_globals,421
FUN_00557060,00557060,.,14,8,unnamed_param|unresolved_funcptr,104
FUN_005570b0,005570b0,.,196,33,self_copy_guard|undefined_data|unnamed_param|warning_overlapping_globals,546
FUN_00557cc0,00557cc0,.,60,13,unnamed_param|warning_overlapping_globals,200
FUN_00557f50,00557f50,.,21,11,param_count_too_few|unnamed_param,141
FUN_005580b0,005580b0,.,148,95,nonstandard_int|pointer_cast|pointer_truncation|undefined_data|unnamed_param|unresolved_funcptr,1128
FUN_005584d0,005584d0,.,59,40,undefined_data|unnamed_param,469
FUN_005586a0,005586a0,.,15,15,param_count_too_few|unnamed_param,175
FUN_005587f0,005587f0,.,41,3,undefined_data|warning_overlapping_globals,81
FUN_00558a20,00558a20,.,5,0,,5
FUN_00558a30,00558a30,.,21,2,undefined_data|warning_overlapping_globals,51
FUN_00558ae0,00558ae0,.,8,1,warning_overlapping_globals,23
FUN_00558b00,00558b00,.,23,1,warning_overlapping_globals,38
FUN_00558b70,00558b70,.,5,1,warning_overlapping_globals,20
FUN_00558ba0,00558ba0,.,14,5,param_count_too_few|undefined_data|unnamed_param|warning_overlapping_globals,84
FUN_00558d50,00558d50,.,6,1,warning_overlapping_globals,21
FUN_00558d60,00558d60,.,8,8,param_count_too_few|unnamed_param|warning_overlapping_globals,103
FUN_005591c0,005591c0,.,27,3,undefined_data|warning_overlapping_globals,67
FUN_00559260,00559260,.,127,25,pointer_cast|pointer_truncation|raw_address_pointer_store|undefined_data|unnamed_param|unrolled_strcpy|unrolled_strlen|warning_overlapping_globals,417
FUN_00559500,00559500,.,9,7,param_count_too_few|undefined_data|unnamed_param|warning_noreturn|warning_overlapping_globals,104
FUN_00559560,00559560,.,347,184,param_count_too_few|undefined_data|unnamed_param,2202
FUN_00559bc0,00559bc0,.,5,0,,5
FUN_00559bd0,00559bd0,.,9,4,param_count_too_few|unnamed_param,59
FUN_00559bf0,00559bf0,.,16,6,param_count_too_few|unnamed_param|warning_overlapping_globals,91
FUN_00559c30,00559c30,.,8,3,unnamed_param,43
FUN_00559c50,00559c50,.,6,5,param_count_too_few|unnamed_param,66
FUN_00559c80,00559c80,.,23,8,param_count_too_few|unnamed_param,113
FUN_00559cc0,00559cc0,.,15,5,param_count_too_few|unnamed_param|warning_overlapping_globals,80
FUN_00559da0,00559da0,.,27,10,param_count_too_few|undefined_data|unnamed_param|unrolled_strlen,147
FUN_00559e20,00559e20,.,24,1,warning_overlapping_globals,39
FUN_00559e90,00559e90,.,4,0,,4
FUN_00559eb0,00559eb0,.,66,2,unresolved_funcptr|warning_overlapping_globals,96
FUN_0055a1c0,0055a1c0,.,13,5,param_count_too_few|unnamed_param|warning_overlapping_globals,78
FUN_0055a510,0055a510,.,109,7,param_count_too_few|undefined_data|unnamed_param|warning_overlapping_globals,199
FUN_0055a8b0,0055a8b0,.,9,29,param_count_too_few|unnamed_param,309
FUN_0055a910,0055a910,.,33,30,param_count_too_few|unnamed_param,343
FUN_0055aa00,0055aa00,.,37,84,param_count_too_few|unaffected_reg|unnamed_param|unrolled_memcpy,897
FUN_0055abf0,0055abf0,.,16,14,param_count_too_few|unnamed_param,166
FUN_0055ac80,0055ac80,.,13,11,param_count_too_few|unnamed_param,133
FUN_0055ae60,0055ae60,.,7,7,param_count_too_few|unnamed_param,87
FUN_0055ae80,0055ae80,.,38,40,param_count_too_few|unnamed_param,448
FUN_0055afb0,0055afb0,.,38,25,param_count_too_few|unnamed_param,298
FUN_0055b180,0055b180,.,185,63,extra_output|param_count_too_few|unnamed_param|warning_overlapping_globals,835
FUN_0055b6c0,0055b6c0,.,185,63,extra_output|param_count_too_few|unnamed_param|warning_overlapping_globals,835
FUN_0055bc00,0055bc00,.,11,9,param_count_too_few|unnamed_param,111
FUN_0055bcb0,0055bcb0,.,6,17,param_count_too_few|unnamed_param,186
FUN_0055bd00,0055bd00,core/xform.cpp,73,55,param_count_too_few|sub84_truncation|unaffected_reg|unnamed_param|unrolled_memcpy|warning_overlapping_globals,653
FUN_0055c730,0055c730,.,40,10,param_count_too_few|unaffected_reg|unnamed_param|unrolled_memcpy,160
FUN_0055c7b0,0055c7b0,.,37,9,unaffected_reg|unnamed_param|unrolled_memcpy,142
FUN_0055c9d0,0055c9d0,.,35,10,param_count_too_few|unaffected_reg|unnamed_param|unrolled_memcpy|warning_overlapping_globals,160
FUN_0055ca90,0055ca90,.,27,10,param_count_too_few|unaffected_reg|unnamed_param|unrolled_memcpy|warning_overlapping_globals,152
FUN_0055cc30,0055cc30,.,85,46,param_count_too_few|pointer_cast|stack_alignment_array|unaffected_reg|unnamed_param|unrolled_memcpy|warning_type_propagation,580
FUN_0055cd70,0055cd70,.,33,26,param_count_too_few|unnamed_param|warning_overlapping_globals,308
FUN_0055ced0,0055ced0,.,18,9,param_count_too_few|unaffected_reg|unnamed_param|unrolled_memcpy,128
FUN_0055cf10,0055cf10,.,66,58,param_count_too_few|unaffected_reg|unnamed_param|warning_overlapping_globals,666
FUN_0055d0d0,0055d0d0,.,15,11,param_count_too_few|unaffected_reg|unnamed_param,140
FUN_0055d110,0055d110,.,8,6,param_count_too_few|unnamed_param,78
FUN_0055d130,0055d130,.,58,40,param_count_too_few|unaffected_reg|unnamed_param,473
FUN_0055d220,0055d220,.,40,30,extra_output|param_count_too_few|unnamed_param|warning_overlapping_globals,360
FUN_0055d2d0,0055d2d0,.,79,38,extra_output|param_count_too_few|unaffected_reg|unnamed_param|warning_overlapping_globals,484
FUN_0055d4a0,0055d4a0,.,14,10,param_count_too_few|unaffected_reg|unnamed_param|warning_overlapping_globals,134
FUN_0055d4e0,0055d4e0,.,14,10,param_count_too_few|unaffected_reg|unnamed_param|warning_overlapping_globals,134
FUN_0055d520,0055d520,.,14,10,param_count_too_few|unaffected_reg|unnamed_param|warning_overlapping_globals,134
FUN_0055d560,0055d560,.,20,14,param_count_too_few|unaffected_reg|unnamed_param|warning_overlapping_globals,180
FUN_0055d5b0,0055d5b0,.,7,6,param_count_too_few|unnamed_param,77
FUN_0055d610,0055d610,.,23,7,param_count_too_few|stack_alignment_array|unaffected_reg|unnamed_param,113
FUN_0055d6b0,0055d6b0,.,38,29,carry_arith_idiom|concat_reconstruction|param_count_too_few|undefined_data|unnamed_param,353
FUN_0055d770,0055d770,.,39,28,carry_arith_idiom|concat_reconstruction|param_count_too_few|undefined_data|unnamed_param,344
FUN_0055d830,0055d830,.,38,29,carry_arith_idiom|concat_reconstruction|param_count_too_few|undefined_data|unnamed_param,353
FUN_0055d8f0,0055d8f0,.,39,28,carry_arith_idiom|concat_reconstruction|param_count_too_few|undefined_data|unnamed_param,344
FUN_0055e040,0055e040,.,431,139,param_count_too_few|pointer_cast|pointer_truncation|undefined_data|unnamed_param|warning_overlapping_globals|warning_unreachable,1856
FUN_0055e940,0055e940,.,21,25,param_count_too_few|unnamed_param|warning_overlapping_globals,286
FUN_00561010,00561010,core/zombie.cpp,264,78,pointer_cast|self_copy_guard|unnamed_param|unresolved_funcptr|warning_overlapping_globals,1069
FUN_005617e0,005617e0,.,32,15,param_count_too_few|undefined_data|unnamed_param,197
FUN_00561880,00561880,.,9,7,param_count_too_few|unnamed_param,89
FUN_005618c0,005618c0,.,7,8,unnamed_param|unresolved_funcptr,97
FUN_00561cf0,00561cf0,.,93,69,unnamed_param|warning_overlapping_globals,793
FUN_005624e0,005624e0,.,24,4,param_count_too_few|unnamed_param,74
FUN_005628c0,005628c0,.,184,30,pointer_cast|pointer_truncation|undefined_data|unnamed_param|warning_overlapping_globals,509
FUN_00562de0,00562de0,.,192,35,pointer_cast|pointer_truncation|undefined_data|unnamed_param|unresolved_funcptr|warning_overlapping_globals,572
FUN_005632c8,005632c8,.,23,15,param_count_too_few|unnamed_param|unresolved_funcptr,188
FUN_00563350,00563350,.,7,6,param_count_too_few|stack_ref|unnamed_param,82
FUN_00563380,00563380,.,19,7,unnamed_param|unresolved_funcptr|warning_overlapping_globals,104
FUN_005633c4,005633c4,.,7,5,unnamed_param,62
FUN_005633ec,005633ec,.,9,4,param_count_too_few|unnamed_param,59
FUN_005633fc,005633fc,.,53,22,param_count_too_few|unnamed_param|unrolled_strcpy|unrolled_strlen,293
FUN_005634b0,005634b0,.,38,22,param_count_too_few|unnamed_param|unresolved_funcptr,273
FUN_005635b0,005635b0,.,5,3,param_count_too_few|unnamed_param,45
FUN_005635c0,005635c0,.,51,21,undefined_data|unnamed_param|unresolved_funcptr,276
FUN_005636d0,005636d0,.,110,71,param_count_too_few|pointer_cast|pointer_truncation|unnamed_param|unresolved_funcptr|unrolled_memcpy,850
FUN_005638d0,005638d0,.,5,2,unnamed_param,30
FUN_005638e0,005638e0,.,39,44,param_count_too_few|pointer_cast|pointer_truncation|undefined_data|unnamed_param|unresolved_funcptr|warning_overlapping_globals,514
FUN_00563a08,00563a08,.,7,8,param_count_too_few|unnamed_param,97
FUN_00563a30,00563a30,.,4,0,,4
FUN_00563a50,00563a50,.,115,97,param_count_too_few|pointer_cast|pointer_truncation|unnamed_param|unresolved_funcptr|unrolled_memcpy,1115
FUN_00563c90,00563c90,.,7,5,stack_ref|unnamed_param,67
FUN_00563cc0,00563cc0,.,5,3,param_count_too_few|unnamed_param,45
FUN_00563d20,00563d20,.,26,26,param_count_too_few|unnamed_param|unresolved_funcptr,301
FUN_00563d90,00563d90,.,33,26,pointer_cast|pointer_truncation|register_param|unaffected_reg,313
FUN_00563db8,00563db8,.,253,135,dropped_loop_counter|param_count_too_few|pointer_cast|pointer_truncation|unnamed_param|unresolved_funcptr|warning_unreachable,1638
FUN_0056445f,0056445f,.,8,8,param_count_too_few|unnamed_param,98
FUN_00564486,00564486,.,5,3,param_count_too_few|unnamed_param,45
FUN_00564494,00564494,.,8,4,param_count_too_few|unnamed_param,58
FUN_005644a7,005644a7,.,15,12,param_count_too_few|unnamed_param|unresolved_funcptr,150
FUN_005644f0,005644f0,.,7,6,param_count_too_few|stack_ref|unnamed_param,82
FUN_00564520,00564520,.,19,9,param_count_too_few|unnamed_param,119
FUN_00564570,00564570,.,53,27,param_count_too_few|unnamed_param|unresolved_funcptr,338
FUN_00564640,00564640,.,13,7,param_count_too_few|unnamed_param,93
FUN_00564670,00564670,.,42,34,param_count_too_few|pointer_cast|unnamed_param,397
FUN_00564740,00564740,.,49,44,param_count_too_few|pointer_cast|unnamed_param|unresolved_funcptr,509
FUN_00564860,00564860,.,7,7,param_count_too_few|unnamed_param,87
FUN_00564880,00564880,.,6,1,unresolved_funcptr,21
FUN_0056488c,0056488c,.,12,0,,12
FUN_005648b0,005648b0,.,9,3,param_count_too_few|unnamed_param,49
FUN_005648c0,005648c0,.,11,6,param_count_too_few|unnamed_param|warning_overlapping_globals,86
FUN_00564915,00564915,.,15,12,param_count_too_few|unnamed_param|unresolved_funcptr,150
FUN_0056494f,0056494f,.,11,8,param_count_too_few|unnamed_param,101
FUN_0056497c,0056497c,.,19,9,param_count_too_few|unnamed_param|unresolved_funcptr|warning_overlapping_globals,129
FUN_005649c0,005649c0,.,52,21,concat_reconstruction|param_count_too_few|register_param|unnamed_param,282
FUN_00564a70,00564a70,.,5,5,param_count_too_few|unnamed_param,65
FUN_00564a88,00564a88,.,42,20,pointer_cast|pointer_truncation|unnamed_param|unrolled_memcpy,262
FUN_00564b20,00564b20,.,30,22,param_count_too_few|unnamed_param|unresolved_funcptr,265
FUN_00564bb0,00564bb0,.,5,3,param_count_too_few|unnamed_param,45
FUN_00564bc0,00564bc0,.,28,17,concat_reconstruction|param_count_too_few|unnamed_param,213
FUN_00564c18,00564c18,.,5,3,param_count_too_few|unnamed_param,45
FUN_00564c53,00564c53,.,29,24,param_count_too_few|pointer_cast|unnamed_param|unresolved_funcptr,289
FUN_00564ce5,00564ce5,.,28,29,param_count_too_few|pointer_cast|unnamed_param|unresolved_funcptr,338
FUN_00564d92,00564d92,.,44,22,pointer_cast|pointer_truncation|undefined_data|unnamed_param|unrolled_strlen,289
FUN_00564e6b,00564e6b,.,11,9,pointer_cast|unnamed_param|unresolved_funcptr,116
FUN_00564e98,00564e98,.,26,25,pointer_cast|pointer_truncation|undefined_data|unnamed_param,296
FUN_00564f32,00564f32,.,19,18,param_count_too_few|pointer_cast|pointer_truncation|undefined_data|unnamed_param,224
FUN_00564fd8,00564fd8,.,26,26,param_count_too_few|pointer_cast|pointer_truncation|undefined_data|unnamed_param,311
FUN_00565072,00565072,.,19,19,pointer_cast|pointer_truncation|undefined_data|unnamed_param,229
FUN_0056511e,0056511e,.,19,20,param_count_too_few|pointer_cast|pointer_truncation|undefined_data|unnamed_param,244
FUN_005651ca,005651ca,.,26,26,param_count_too_few|pointer_cast|pointer_truncation|undefined_data|unnamed_param,311
FUN_00565264,00565264,.,26,26,param_count_too_few|pointer_cast|pointer_truncation|undefined_data|unnamed_param,311
FUN_005652fe,005652fe,.,19,14,param_count_too_few|pointer_cast|pointer_truncation|undefined_data|unnamed_param,184
FUN_0056536a,0056536a,.,19,14,param_count_too_few|pointer_cast|pointer_truncation|undefined_data|unnamed_param,184
FUN_005653e0,005653e0,.,103,23,param_count_too_few|undefined_data|unnamed_param,348
FUN_0056551c,0056551c,.,56,36,concat_reconstruction|param_count_too_few|unnamed_param,431
FUN_00565630,00565630,.,17,7,unnamed_param,92
FUN_0056568c,0056568c,.,5,5,param_count_too_few|unnamed_param,65
FUN_005656a4,005656a4,.,33,12,param_count_too_few|undefined_data|unnamed_param|unresolved_funcptr|warning_overlapping_globals,178
FUN_00565724,00565724,.,25,14,param_count_too_few|undefined_data|unnamed_param|unresolved_funcptr,185
FUN_005657c0,005657c0,.,5,3,param_count_too_few|unnamed_param,45
FUN_005657d0,005657d0,.,10,16,param_count_too_few|unnamed_param,180
FUN_00565814,00565814,.,9,7,param_count_too_few|unnamed_param,89
FUN_0056582c,0056582c,.,76,63,param_count_too_few|pointer_cast|unnamed_param|unresolved_funcptr|warning_unreachable,731
FUN_00565a13,00565a13,.,41,49,param_count_too_few|pointer_cast|pointer_truncation|unnamed_param|unresolved_funcptr|unrolled_memcpy,561
FUN_00565ad6,00565ad6,.,72,31,extra_output|fpu_register_input|register_param|undefined_data,402
FUN_00565c12,00565c12,.,18,8,register_param,103
FUN_00565c50,00565c50,.,9,7,param_count_too_few|unnamed_param,89
FUN_00565c76,00565c76,.,9,0,,9
FUN_00565ca4,00565ca4,.,10,5,fpu_register_input|register_param,70
FUN_00565d00,00565d00,.,38,24,param_count_too_few|unaffected_reg|undefined_data|unnamed_param,298
thunk_FUN_0056c864,00565dc0,.,99,61,param_count_too_few|pointer_cast|undefined_data|unnamed_param,729
FUN_00565dd0,00565dd0,.,22,6,param_count_too_few|unnamed_param,92
FUN_00565e20,00565e20,.,7,7,param_count_too_few|unnamed_param,87
FUN_00565e40,00565e40,.,13,3,param_count_too_few|unnamed_param,53
FUN_00565e59,00565e59,.,14,6,param_count_too_few|unnamed_param,84
FUN_00565e94,00565e94,.,8,6,unnamed_param,73
FUN_00565eb5,00565eb5,.,15,14,param_count_too_few|unnamed_param,165
FUN_00565f14,00565f14,.,14,14,param_count_too_few|pointer_cast|unnamed_param|unresolved_funcptr,174
FUN_00565f70,00565f70,.,15,16,param_count_too_few|unnamed_param,185
FUN_00565fb0,00565fb0,.,57,19,param_count_too_few|undefined_data|unnamed_param,262
FUN_00566170,00566170,.,40,51,pointer_cast|pointer_truncation|unnamed_param|unrolled_memcpy,570
FUN_005661c2,005661c2,.,16,9,unnamed_param|unresolved_funcptr,116
FUN_005661f4,005661f4,.,9,9,unnamed_param,104
FUN_00566234,00566234,.,5,7,param_count_too_few|unnamed_param,85
FUN_00566250,00566250,.,10,11,param_count_too_few|unnamed_param,130
FUN_0056626c,0056626c,.,96,72,param_count_too_few|unnamed_param|unrolled_memcpy|unrolled_strlen,836
FUN_00566450,00566450,.,15,16,param_count_too_few|unnamed_param,185
FUN_00566498,00566498,.,50,29,param_count_too_few|pointer_truncation|unnamed_param,355
FUN_00566570,00566570,.,13,3,param_count_too_few|unnamed_param,53
FUN_00566590,00566590,.,13,10,undefined_data|unnamed_param,123
FUN_005665e8,005665e8,.,7,4,param_count_too_few|unnamed_param|unresolved_funcptr,62
FUN_00566600,00566600,.,7,9,param_count_too_few|unnamed_param,107
FUN_00566634,00566634,.,230,58,param_count_too_few|undefined_data|unnamed_param|unrolled_memcpy|unrolled_strlen,835
FUN_00566ad0,00566ad0,.,11,4,param_count_too_few|unnamed_param,61
FUN_00566b20,00566b20,.,11,7,param_count_too_few|unnamed_param,91
FUN_00566b5c,00566b5c,.,7,6,param_count_too_few|stack_ref|unnamed_param,82
FUN_00566b90,00566b90,.,5,3,param_count_too_few|unnamed_param,45
FUN_00566ba0,00566ba0,.,46,38,param_count_too_few|pointer_cast|pointer_truncation|register_param|undefined_data|unnamed_param,456
FUN_00566c44,00566c44,.,8,5,undefined_data|unnamed_param|unresolved_funcptr,73
FUN_00566c81,00566c81,.,12,7,fpu_register_input|undefined_data|unknown_type,97
FUN_00566cc0,00566cc0,.,52,51,param_count_too_few|pointer_cast|unnamed_param|unresolved_funcptr,582
FUN_00566e10,00566e10,.,29,7,param_count_too_few|unnamed_param|unrolled_strlen|warning_overlapping_globals,119
FUN_00566e70,00566e70,.,23,12,param_count_too_few|unnamed_param|unresolved_funcptr,158
FUN_00566f00,00566f00,.,11,5,param_count_too_few|unnamed_param,71
FUN_00566f30,00566f30,.,23,14,param_count_too_few|undefined_data|unnamed_param,178
FUN_00566f90,00566f90,.,6,1,unresolved_funcptr,21
FUN_00566f98,00566f98,.,5,0,,5
thunk_FUN_00564520,00566fb0,.,19,9,param_count_too_few|unnamed_param,119
FUN_00566fb6,00566fb6,.,10,5,param_count_too_few|unnamed_param,70
FUN_00566fe0,00566fe0,.,103,28,param_count_too_few|unnamed_param|unrolled_strlen|warning_overlapping_instructions,403
FUN_005670b1,005670b1,.,10,2,register_param,35
FUN_005670c1,005670c1,.,28,8,pointer_cast|pointer_truncation|register_param|stack_ref|unresolved_funcptr,133
FUN_005670e0,005670e0,.,19,1,stack_ref,34
FUN_005670ed,005670ed,.,16,7,register_param|stack_ref|unnamed_param,101
FUN_00567121,00567121,.,6,3,param_count_too_few|unnamed_param,46
entry,00567152,entry,60,15,pointer_cast|pointer_truncation|raw_address_constant|stack_ref|undefined_data|warning_overlapping_globals|warning_spacebase,245
FUN_005671dc,005671dc,.,5,1,warning_overlapping_globals,20
FUN_005671e4,005671e4,.,4,0,,4
FUN_005671e8,005671e8,.,5,2,unnamed_param,30
FUN_005671f8,005671f8,.,6,2,unnamed_param,31
FUN_00567208,00567208,.,4,0,,4
FUN_0056720c,0056720c,.,95,45,param_count_too_few|raw_address_constant|undefined_data|unnamed_param|warning_noreturn|warning_overlapping_globals,575
FUN_00567458,00567458,.,14,8,param_count_too_few|undefined_data|unnamed_param|unresolved_funcptr,114
FUN_005674b0,005674b0,.,15,6,undefined_data|unresolved_funcptr|warning_noreturn|warning_overlapping_globals,95
FUN_00567540,00567540,.,5,5,param_count_too_few|unnamed_param|unresolved_funcptr,70
FUN_0056754c,0056754c,.,5,7,param_count_too_few|unnamed_param|unresolved_funcptr,90
FUN_00567560,00567560,.,153,52,param_count_too_few|undefined_data|unnamed_param,688
FUN_0056782c,0056782c,.,55,49,param_count_too_few|undefined_data|unnamed_param,560
FUN_00567928,00567928,.,15,6,param_count_too_few|undefined_data|unnamed_param,90
FUN_00567964,00567964,.,69,30,param_count_too_few|pointer_truncation|unaffected_reg|undefined_ptr_cast|unknown_field|unnamed_param|warning_overlapping_globals,404
FUN_00567a5c,00567a5c,.,89,39,pointer_cast|pointer_truncation|unaffected_reg|undefined_data|undefined_ptr_cast|unknown_field|unnamed_param|warning_overlapping_globals,519
FUN_00567bc0,00567bc0,.,32,18,param_count_too_few|pointer_truncation|undefined_ptr_cast|unnamed_param,232
FUN_00567c2c,00567c2c,.,21,9,param_count_too_few|pointer_cast|undefined_data|unnamed_param,131
FUN_00567c74,00567c74,.,67,35,param_count_too_few|pointer_truncation|unaffected_reg|undefined_data|undefined_ptr_cast|unnamed_param,447
FUN_00567d88,00567d88,.,172,53,concat_reconstruction|pointer_truncation|undefined_data|undefined_ptr_cast|unknown_field|unnamed_param|unresolved_funcptr,737
FUN_0056808c,0056808c,.,209,62,concat_reconstruction|param_count_too_few|pointer_truncation|undefined_data|undefined_ptr_cast|unnamed_param,859
FUN_005684f8,005684f8,.,12,6,param_count_too_few|unnamed_param,82
FUN_00568528,00568528,.,11,6,param_count_too_few|unnamed_param,81
FUN_00568560,00568560,.,44,9,param_count_too_few|pointer_cast|pointer_truncation|undefined_data|unresolved_funcptr|warning_overlapping_globals,164
FUN_00568620,00568620,.,19,6,param_count_too_few|undefined_data|unnamed_param|warning_overlapping_globals,99
FUN_00568680,00568680,.,5,0,,5
FUN_005687bc,005687bc,.,56,11,undefined_data|unrolled_strcpy|unrolled_strlen,181
FUN_00568890,00568890,.,53,38,param_count_too_few|pointer_cast|unnamed_param|unresolved_funcptr,453
FUN_005689c0,005689c0,.,20,17,param_count_too_few|undefined_data|unnamed_param|unresolved_funcptr,210
FUN_00568a50,00568a50,.,28,14,param_count_too_few|undefined_data|unnamed_param|unresolved_funcptr,188
FUN_00568b00,00568b00,.,59,21,pointer_cast|pointer_truncation|register_param|unaffected_reg,289
FUN_00568bb0,00568bb0,.,96,40,pointer_cast|pointer_truncation|register_param|unaffected_reg,516
FUN_00568ce0,00568ce0,.,33,28,param_count_too_few|pointer_cast|pointer_truncation|undefined_data|unnamed_param,338
FUN_00568d58,00568d58,.,39,9,undefined_data|unnamed_param,139
FUN_00568e08,00568e08,.,6,3,param_count_too_few|unnamed_param,46
FUN_00568e1c,00568e1c,.,23,8,param_count_too_few|unnamed_param,113
FUN_00568e70,00568e70,.,4,1,param_count_too_few,19
FUN_00568e80,00568e80,.,7,3,unnamed_param|unresolved_funcptr,47
FUN_00568e90,00568e90,.,5,0,,5
FUN_00568e9c,00568e9c,.,5,0,,5
FUN_00568eb8,00568eb8,.,7,4,param_count_too_few|unnamed_param|unresolved_funcptr,62
FUN_00568ed0,00568ed0,.,35,33,param_count_too_few|pointer_cast|unnamed_param,380
FUN_00568f70,00568f70,.,31,25,param_count_too_few|undefined_data|unnamed_param|unresolved_funcptr,301
FUN_00569040,00569040,.,199,73,param_count_too_few|pointer_truncation|undefined_ptr_cast|unnamed_param|unresolved_funcptr|warning_type_propagation,959
FUN_00569468,00569468,.,91,40,param_count_too_few|pointer_truncation|unnamed_param,506
FUN_005695cc,005695cc,.,37,22,param_count_too_few|unnamed_param,267
FUN_0056963c,0056963c,.,9,8,param_count_too_few|unnamed_param,99
FUN_0056966c,0056966c,.,30,13,unnamed_param,165
FUN_005696e8,005696e8,.,39,15,param_count_too_few|unnamed_param|unrolled_strlen,204
FUN_0056974c,0056974c,.,80,23,param_count_too_few|unknown_field|unnamed_param,325
FUN_00569850,00569850,.,5,8,param_count_too_few|unnamed_param|unresolved_funcptr,100
FUN_0056986c,0056986c,.,13,13,param_count_too_few|unnamed_param,153
FUN_005698b0,005698b0,.,29,17,param_count_too_few|unnamed_param|unresolved_funcptr,214
FUN_00569928,00569928,.,360,239,concat_reconstruction|fnstsw_flag_artifact|nonstandard_int|param_count_too_few|pointer_cast|pointer_truncation|register_param|unknown_field|unnamed_param|warning_overlapping_globals,2800
FUN_00569f8c,00569f8c,.,12,8,param_count_too_few|unnamed_param,102
FUN_00569fb0,00569fb0,.,45,29,param_count_too_few|undefined_data|unnamed_param|unresolved_funcptr,355
FUN_0056a0c0,0056a0c0,.,30,21,nonstandard_int|param_count_too_few|pointer_truncation|register_param|undefined_type,265
FUN_0056a0f7,0056a0f7,.,55,43,pointer_truncation|register_param,495
FUN_0056a234,0056a234,.,15,14,param_count_too_few|pointer_cast|pointer_truncation|undefined_data|unnamed_param,180
FUN_0056a28c,0056a28c,.,20,13,concat_reconstruction|param_count_too_few|unnamed_param,165
FUN_0056a320,0056a320,.,17,11,unnamed_param,132
FUN_0056a697,0056a697,.,21,18,concat_reconstruction|nonstandard_int|register_param|unaffected_reg,221
FUN_0056a6ad,0056a6ad,.,17,15,concat_reconstruction|nonstandard_int|register_param|unaffected_reg,187
FUN_0056a6c4,0056a6c4,.,16,8,register_param|unaffected_reg,106
FUN_0056a6dc,0056a6dc,.,108,61,unaffected_reg,723
FUN_0056a827,0056a827,.,128,97,unnamed_param|unrolled_memcpy,1108
FUN_0056aa38,0056aa38,.,169,108,param_count_too_few|pointer_cast|pointer_truncation|unnamed_param|unrolled_memcpy,1274
FUN_0056ae10,0056ae10,.,41,31,param_count_too_few|unnamed_param|unresolved_funcptr,366
FUN_0056aef0,0056aef0,.,5,0,,5
FUN_0056aefc,0056aefc,.,18,6,param_count_too_few|unnamed_param|unresolved_funcptr|warning_overlapping_globals,98
FUN_0056af50,0056af50,.,11,1,undefined_data,26
FUN_0056af76,0056af76,.,12,8,register_param|unnamed_param,102
FUN_0056afc0,0056afc0,.,4,3,param_count_too_few|unnamed_param,44
FUN_0056afe8,0056afe8,.,87,67,param_count_too_few|pointer_cast|pointer_truncation|register_param|unaffected_reg|undefined_data|unnamed_param,792
FUN_0056b1a4,0056b1a4,.,14,11,param_count_too_few|register_param|unnamed_param|unresolved_funcptr,144
FUN_0056b215,0056b215,.,6,5,undefined_data|unnamed_param,66
FUN_0056b227,0056b227,.,21,22,pointer_cast|unnamed_param,251
FUN_0056b2b4,0056b2b4,.,27,18,param_count_too_few|pointer_cast|unnamed_param|unresolved_funcptr,227
FUN_0056b327,0056b327,.,12,12,unnamed_param,137
FUN_0056b35c,0056b35c,.,16,11,param_count_too_few|pointer_cast|unnamed_param,141
FUN_0056b3c2,0056b3c2,.,13,14,param_count_too_few|pointer_cast|unnamed_param|unresolved_funcptr,173
FUN_0056b405,0056b405,.,19,18,param_count_too_few|pointer_cast|pointer_truncation|undefined_data|unnamed_param,224
FUN_0056b4a9,0056b4a9,.,13,17,param_count_too_few|pointer_cast|pointer_truncation|undefined_data|unnamed_param,208
FUN_0056b503,0056b503,.,5,3,param_count_too_few|unnamed_param,45
FUN_0056b538,0056b538,.,23,22,param_count_too_few|pointer_cast|pointer_truncation|undefined_data|unnamed_param,268
FUN_0056b5ad,0056b5ad,.,25,23,param_count_too_few|pointer_cast|pointer_truncation|undefined_data|unnamed_param,280
FUN_0056b633,0056b633,.,17,12,param_count_too_few|undefined_data|unnamed_param,152
FUN_0056b67d,0056b67d,.,17,20,param_count_too_few|pointer_cast|pointer_truncation|undefined_data|unnamed_param,242
FUN_0056b6e8,0056b6e8,.,23,22,param_count_too_few|pointer_cast|pointer_truncation|undefined_data|unnamed_param,268
FUN_0056b75d,0056b75d,.,21,19,param_count_too_few|pointer_cast|pointer_truncation|undefined_data|unnamed_param,236
FUN_0056b810,0056b810,.,25,23,param_count_too_few|pointer_cast|pointer_truncation|undefined_data|unnamed_param,280
FUN_0056b896,0056b896,.,17,12,param_count_too_few|pointer_cast|pointer_truncation|undefined_data|unnamed_param,162
FUN_0056b934,0056b934,.,7,8,param_count_too_few|stack_ref|unnamed_param,102
FUN_0056b960,0056b960,.,111,35,param_count_too_few|pointer_truncation|unaffected_reg|undefined_data|unnamed_param|unresolved_funcptr,491
FUN_0056bbb0,0056bbb0,.,16,7,param_count_too_few|unnamed_param,96
FUN_0056bbf0,0056bbf0,.,13,2,unnamed_param,38
FUN_0056bc10,0056bc10,.,17,10,param_count_too_few|undefined_data|unnamed_param|unresolved_funcptr,137
FUN_0056bd22,0056bd22,.,34,11,unnamed_param,149
FUN_0056bdd2,0056bdd2,.,20,9,fpu_register_input|register_param|warning_overlapping_globals,125
FUN_0056be50,0056be50,.,44,40,carry_arith_idiom|concat_reconstruction|undefined_data|unknown_type|unnamed_param|warning_overlapping_globals,474
FUN_0056bf67,0056bf67,.,8,5,register_param|unresolved_funcptr|warning_indirect_jump|warning_jumptable,78
FUN_0056c5a8,0056c5a8,.,18,8,fpu_register_input|register_param,108
FUN_0056c5f0,0056c5f0,.,45,21,param_count_too_few|pointer_cast|pointer_truncation|unnamed_param|unrolled_memcpy,280
FUN_0056c6d0,0056c6d0,.,24,9,undefined_data|unnamed_param,124
FUN_0056c73c,0056c73c,.,7,0,,7
FUN_0056c750,0056c750,.,66,19,param_count_too_few|undefined_data|unnamed_param|unrolled_strchr,276
FUN_0056c864,0056c864,.,99,61,param_count_too_few|pointer_cast|undefined_data|unnamed_param,729
FUN_0056cce0,0056cce0,.,40,7,param_count_too_few|unnamed_param|unrolled_strchr,125
FUN_0056cd52,0056cd52,.,17,11,param_count_too_few|unnamed_param|unresolved_funcptr,142
FUN_0056cd9b,0056cd9b,.,27,32,param_count_too_few|unnamed_param|unresolved_funcptr,362
FUN_0056ce57,0056ce57,.,11,12,param_count_too_few|unnamed_param,141
FUN_0056cea0,0056cea0,.,12,6,param_count_too_few|unnamed_param,82
FUN_0056ced8,0056ced8,.,50,22,param_count_too_few|undefined_data|unnamed_param,285
FUN_0056cfd8,0056cfd8,.,19,14,param_count_too_few|unnamed_param,169
FUN_0056d034,0056d034,.,122,32,param_count_too_few|undefined_data|unnamed_param,457
FUN_0056d308,0056d308,.,11,13,param_count_too_few|unnamed_param,151
FUN_0056d340,0056d340,.,45,30,param_count_too_few|undefined_data|unnamed_param,360
FUN_0056d608,0056d608,.,44,13,undefined_data|warning_overlapping_globals,184
FUN_0056d628,0056d628,.,16,10,param_count_too_few|unnamed_param,126
FUN_0056d658,0056d658,.,61,34,param_count_too_few|pointer_truncation|unnamed_param|unrolled_memcpy,421
FUN_0056d774,0056d774,.,51,18,unnamed_param,236
FUN_0056d87c,0056d87c,.,30,22,undefined_data|unnamed_param|warning_overlapping_globals,265
FUN_0056d99b,0056d99b,.,15,12,param_count_too_few|unnamed_param|unresolved_funcptr,150
FUN_0056d9f0,0056d9f0,.,8,8,concat_reconstruction|param_count_too_few|unnamed_param|warning_overlapping_globals,108
FUN_0056da30,0056da30,.,12,9,param_count_too_few|unnamed_param,112
FUN_0056da50,0056da50,.,8,4,param_count_too_few|unnamed_param|warning_overlapping_globals,63
FUN_0056da80,0056da80,.,8,7,param_count_too_few|unnamed_param|warning_overlapping_globals,93
FUN_0056dab0,0056dab0,.,19,15,param_count_too_few|pointer_truncation|unnamed_param|warning_overlapping_globals,189
FUN_0056db40,0056db40,.,16,11,param_count_too_few|unnamed_param,136
FUN_0056db80,0056db80,.,7,9,param_count_too_few|unnamed_param,107
FUN_0056dbb0,0056dbb0,.,21,13,param_count_too_few|unnamed_param|warning_overlapping_globals,166
FUN_0056dc10,0056dc10,.,23,11,param_count_too_few|unnamed_param,143
FUN_0056dc68,0056dc68,.,12,14,param_count_too_few|unnamed_param,162
FUN_0056dc98,0056dc98,.,6,2,register_param,31
FUN_0056dcd0,0056dcd0,.,19,20,param_count_too_few|unnamed_param,229
FUN_0056dd60,0056dd60,.,10,4,param_count_too_few|unnamed_param,60
FUN_0056dd80,0056dd80,.,15,4,undefined_data|unnamed_param,65
FUN_0056ddc0,0056ddc0,.,10,8,param_count_too_few|register_param|unnamed_param,105
FUN_0056df10,0056df10,.,60,15,pointer_cast|pointer_truncation|raw_address_constant|stack_ref|undefined_data|warning_overlapping_globals|warning_spacebase,245
FUN_0056dfc0,0056dfc0,.,21,4,undefined_data,66
FUN_0056e010,0056e010,.,25,19,param_count_too_few|undefined_data|unnamed_param|unresolved_funcptr,235
FUN_0056e174,0056e174,.,9,9,param_count_too_few|undefined_data|unnamed_param|unresolved_funcptr,119
FUN_0056e1a0,0056e1a0,.,20,0,,20
FUN_0056e208,0056e208,.,10,2,undefined_data,35
FUN_0056e254,0056e254,.,23,1,warning_overlapping_globals,38
FUN_0056e37c,0056e37c,.,6,3,unnamed_param,41
FUN_0056e390,0056e390,.,21,12,undefined_data|unnamed_param,151
FUN_0056e3f4,0056e3f4,.,13,7,param_count_too_few|unnamed_param,93
FUN_0056e56c,0056e56c,.,14,9,param_count_too_few|unnamed_param,114
FUN_0056e5ac,0056e5ac,.,12,8,undefined_data,97
FUN_0056e608,0056e608,.,21,6,param_count_too_few|pointer_cast|undefined_data|unnamed_param,101
FUN_0056e664,0056e664,.,17,8,param_count_too_few|pointer_cast|undefined_data|unnamed_param,117
FUN_0056e6e4,0056e6e4,.,28,3,pointer_cast|undefined_data|warning_overlapping_globals,73
FUN_0056e890,0056e890,.,28,13,param_count_too_few|unnamed_param,168
FUN_0056e940,0056e940,.,34,13,param_count_too_few|unnamed_param|unrolled_memcpy|unrolled_strlen,184
FUN_0056e990,0056e990,.,12,4,param_count_too_few|unnamed_param,62
FUN_0056e9d0,0056e9d0,.,23,10,param_count_too_few|undefined_data|unnamed_param,138
FUN_0056ea40,0056ea40,.,16,1,warning_max_restarts,31
FUN_0056ea78,0056ea78,.,32,19,unnamed_param,227
FUN_0056eed8,0056eed8,.,17,7,param_count_too_few|unnamed_param|unresolved_funcptr,102
FUN_0056ef24,0056ef24,.,12,2,unresolved_funcptr,37
FUN_0056ef50,0056ef50,.,7,5,param_count_too_few|unnamed_param|unresolved_funcptr,72
FUN_0056ef60,0056ef60,.,23,6,register_param|undefined_data,93
FUN_0056efb8,0056efb8,.,26,8,register_param|undefined_data,116
FUN_0056f040,0056f040,.,38,18,param_count_too_few|unnamed_param|warning_overlapping_globals,233
FUN_0056f0f0,0056f0f0,.,5,1,param_count_too_few,20
FUN_0056f100,0056f100,.,21,19,carry_arith_idiom|register_param,221
FUN_0056f14c,0056f14c,.,13,17,concat_reconstruction|register_param|unaffected_reg,198
FUN_0056f1c0,0056f1c0,.,18,10,param_count_too_few|undefined_data|unnamed_param|unresolved_funcptr,138
FUN_0056f220,0056f220,.,19,7,param_count_too_few|unnamed_param,99
FUN_0056f278,0056f278,.,9,7,param_count_too_few|unnamed_param,89
FUN_0056f2d0,0056f2d0,.,15,3,undefined_data|unresolved_funcptr,55
FUN_0056f30c,0056f30c,.,19,14,param_count_too_few|pointer_cast|undefined_data|unnamed_param|warning_overlapping_globals,184
FUN_0056f36c,0056f36c,.,21,7,param_count_too_few|undefined_data|unnamed_param,106
FUN_0056f3a0,0056f3a0,.,13,5,param_count_too_few|stack_ref|unnamed_param,78
FUN_0056f3e0,0056f3e0,.,35,8,param_count_too_few|unnamed_param,125
FUN_0056f4f0,0056f4f0,.,25,11,param_count_too_few|unnamed_param,145
FUN_0056fa80,0056fa80,.,46,14,param_count_too_few|undefined_data|unknown_field|unnamed_param|warning_overlapping_globals,211
FUN_0056fb98,0056fb98,.,27,9,undefined_data|unresolved_funcptr,127
FUN_0056fc30,0056fc30,.,19,11,param_count_too_few|undefined_data|unnamed_param|unresolved_funcptr,149
FUN_0056fca0,0056fca0,.,11,7,param_count_too_few|undefined_data|unnamed_param|unresolved_funcptr,101
FUN_0056fcd0,0056fcd0,.,4,0,,4
FUN_0056fcd4,0056fcd4,.,9,4,undefined_data|unnamed_param|unresolved_funcptr,64
FUN_0056fd00,0056fd00,.,10,5,undefined_data|unresolved_funcptr,70
FUN_0056fd26,0056fd26,.,11,9,param_count_too_few|pointer_cast|undefined_data|unnamed_param,121
FUN_0056fddd,0056fddd,.,5,5,param_count_too_few|unnamed_param,65
FUN_0056fdf0,0056fdf0,.,7,5,param_count_too_few|undefined_data|unnamed_param,72
FUN_0056fe12,0056fe12,.,15,14,param_count_too_few|unnamed_param,165
FUN_0056fe65,0056fe65,.,54,46,param_count_too_few|pointer_truncation|unnamed_param|unrolled_strlen,534
FUN_0056ff2a,0056ff2a,.,17,16,param_count_too_few|unnamed_param,187
FUN_005701cf,005701cf,.,27,19,param_count_too_few|undefined_data|unnamed_param|unresolved_funcptr,237
FUN_00570410,00570410,.,12,3,param_count_too_few|unnamed_param,52
FUN_0057042d,0057042d,.,8,3,param_count_too_few|unnamed_param,48
FUN_00570449,00570449,.,25,19,param_count_too_few|undefined_data|unnamed_param,230
FUN_00570510,00570510,.,16,12,param_count_too_few|unnamed_param,146
FUN_00570554,00570554,.,51,27,param_count_too_few|unnamed_param,331
FUN_005705c0,005705c0,.,20,16,param_count_too_few|undefined_data|unnamed_param|unresolved_funcptr,200
FUN_005706aa,005706aa,.,6,6,param_count_too_few|unnamed_param,76
FUN_005706dd,005706dd,.,72,34,bitcast_double_pair|param_count_too_few|unaffected_reg|undefined_data|unnamed_param,437
FUN_005707db,005707db,.,21,11,unnamed_param,136
FUN_00570870,00570870,.,16,9,param_count_too_few|unnamed_param,116
FUN_005708c0,005708c0,.,7,7,param_count_too_few|unnamed_param,87
FUN_005709b0,005709b0,.,19,9,param_count_too_few|unnamed_param,119
FUN_00570a70,00570a70,.,13,11,param_count_too_few|unnamed_param|unresolved_funcptr,138
FUN_00570ad0,00570ad0,.,62,13,param_count_too_few|unnamed_param,202
FUN_00570bd0,00570bd0,.,51,29,param_count_too_few|pointer_cast|pointer_truncation|unnamed_param|unrolled_memcpy,366
FUN_00570ca0,00570ca0,.,11,6,param_count_too_few|unnamed_param|warning_overlapping_globals,86
FUN_00570ce0,00570ce0,.,19,19,param_count_too_few|unnamed_param|warning_overlapping_globals,224
FUN_00570d50,00570d50,.,35,29,carry_arith_idiom|concat_reconstruction|extra_output|fpu_register_input|register_param|unknown_type|unresolved_funcptr|warning_indirect_jump|warning_jumptable|warning_overlapping_globals,375
FUN_005710a0,005710a0,.,16,7,param_count_too_few|unnamed_param,96
FUN_00571150,00571150,.,6,2,stack_ref|unresolved_funcptr,36
FUN_00571160,00571160,.,4,0,,4
FUN_00571170,00571170,.,14,1,undefined_data,29
FUN_005711a8,005711a8,.,52,15,pointer_cast|pointer_truncation|undefined_data|unresolved_funcptr|unrolled_memcpy|warning_overlapping_globals,232
FUN_00571280,00571280,.,29,10,param_count_too_few|unnamed_param|unresolved_funcptr|warning_overlapping_globals,149
FUN_005712ec,005712ec,.,26,7,param_count_too_few|undefined_data|unnamed_param|unresolved_funcptr|warning_overlapping_globals,121
FUN_005713a0,005713a0,.,11,6,param_count_too_few|unnamed_param,81
FUN_005713e0,005713e0,.,14,5,pointer_truncation|unnamed_param,74
FUN_00571410,00571410,.,17,24,param_count_too_few|pointer_cast|pointer_truncation|unnamed_param|unrolled_memcpy,282
FUN_00571440,00571440,.,8,6,param_count_too_few|unnamed_param,78
FUN_0057146c,0057146c,.,14,6,undefined_data|unresolved_funcptr,84
FUN_005714e0,005714e0,.,5,1,undefined_data,20
FUN_005714ec,005714ec,.,5,1,undefined_data,20
FUN_00571500,00571500,.,4,0,,4
FUN_00571510,00571510,.,15,15,param_count_too_few|undefined_data|unnamed_param|unresolved_funcptr,185
FUN_00571564,00571564,.,9,8,param_count_too_few|undefined_data|unnamed_param|unresolved_funcptr,109
FUN_005715d0,005715d0,.,25,3,unnamed_param,60
FUN_00571630,00571630,.,11,0,,11
FUN_00571694,00571694,.,11,3,undefined_data,46
FUN_005716d8,005716d8,.,11,8,param_count_too_few|unnamed_param|unresolved_funcptr,106
FUN_005717d8,005717d8,.,40,12,param_count_too_few|unnamed_param|unresolved_funcptr,175
FUN_00571a9d,00571a9d,.,88,84,carry_arith_idiom|concat_reconstruction|register_param|unaffected_reg,948
FUN_00571c60,00571c60,.,21,12,param_count_too_few|pointer_cast|unnamed_param|unresolved_funcptr,161
FUN_00571cc6,00571cc6,.,31,16,param_count_too_few|pointer_cast|unnamed_param|unresolved_funcptr,211
FUN_00571d9f,00571d9f,.,9,7,param_count_too_few|unnamed_param,89
FUN_00571df8,00571df8,.,23,23,param_count_too_few|unnamed_param,263
FUN_00571e75,00571e75,.,30,37,unnamed_param,405
FUN_00571ee0,00571ee0,.,5,2,unnamed_param,30
FUN_00571ef0,00571ef0,.,5,3,param_count_too_few|unnamed_param,45
FUN_005723ae,005723ae,.,36,18,param_count_too_few|unnamed_param|unresolved_funcptr,231
FUN_005729e8,005729e8,.,10,7,param_count_too_few|undefined_data|unnamed_param,95
FUN_00572a35,00572a35,.,15,8,param_count_too_few|unnamed_param|unresolved_funcptr,110
FUN_00572a90,00572a90,.,20,12,param_count_too_few|unnamed_param,150
FUN_00572d50,00572d50,.,11,11,param_count_too_few|unnamed_param|warning_overlapping_globals,136
FUN_00572d90,00572d90,.,20,4,param_count_too_few|unnamed_param,70
FUN_00572e00,00572e00,.,13,13,param_count_too_few|unnamed_param|warning_overlapping_globals,158
FUN_00572e60,00572e60,.,4,0,,4
FUN_00572e88,00572e88,.,5,1,unresolved_funcptr,20
FUN_00572e90,00572e90,.,5,4,param_count_too_few|unnamed_param|unresolved_funcptr,60
FUN_00572f40,00572f40,.,41,10,param_count_too_few|unnamed_param,151
FUN_0057301c,0057301c,.,143,71,param_count_too_few|pointer_cast|pointer_truncation|undefined_data|unnamed_param|unresolved_funcptr,883
FUN_005733e0,005733e0,.,96,40,undefined_data|unnamed_param|unresolved_funcptr,511
thunk_FUN_00573ffb,00573650,.,4,1,param_count_too_few,19
FUN_00573660,00573660,.,42,21,param_count_too_few|pointer_truncation|unnamed_param|unresolved_funcptr,272
FUN_00573db0,00573db0,.,18,5,param_count_too_few|unnamed_param|warning_overlapping_globals,83
FUN_00573e30,00573e30,.,38,33,pointer_cast|pointer_truncation|raw_address_constant|raw_address_pointer_store|stack_alignment_array|stack_ref|unnamed_param|unresolved_funcptr|warning_overlapping_globals|warning_spacebase,418
FUN_00573fc8,00573fc8,.,11,3,unresolved_funcptr|warning_noreturn|warning_overlapping_globals,56
FUN_00573ffb,00573ffb,.,4,0,,4
FUN_00574520,00574520,.,9,4,unnamed_param,54
FUN_00574710,00574710,.,12,7,param_count_too_few|undefined_data|unnamed_param,97
FUN_00574760,00574760,.,12,5,param_count_too_few|unnamed_param|warning_overlapping_globals,77
FUN_005747b0,005747b0,.,13,6,param_count_too_few|undefined_data|unnamed_param|warning_overlapping_globals,93
