#include "globals.h"

// =============================================================================
// GLOBAL VARIABLE DEFINITIONS - Range 0x660000
// =============================================================================

CCharacter_vtable DAT_00660120 = {
    0xE0, 0x8E, 0x42, 0x00, 0xF0, 0x3A, 0x4F, 0x00, 0xA0, 0x28, 0x4F, 0x00, 0x80, 0x28, 0x4F, 0x00
    0x90, 0x28, 0x4F, 0x00, 0xD0, 0x28, 0x4F, 0x00, 0xB0, 0x29, 0x4F, 0x00, 0x80, 0xBF, 0x42, 0x00
    0x70, 0xBF, 0x42, 0x00, 0x70, 0xBF, 0x42, 0x00, 0x10, 0xC1, 0x42, 0x00, 0x80, 0xC1, 0x42, 0x00
    0xB0, 0x95, 0x4F, 0x00, 0x80, 0xC5, 0x42, 0x00, 0x10, 0xC0, 0x42, 0x00, 0x30, 0xBF, 0x42, 0x00
    0xF0, 0xA3, 0x42, 0x00, 0x50, 0xCD, 0x42, 0x00, 0x60, 0xCD, 0x42, 0x00, 0x90, 0xCD, 0x42, 0x00
    0xE0, 0xCF, 0x42, 0x00, 0x20, 0x8B, 0x4F, 0x00, 0x20, 0xC9, 0x42, 0x00, 0xD0, 0xC9, 0x42, 0x00
    0x20, 0xCA, 0x42, 0x00, 0x30, 0xCA, 0x42, 0x00
};
CHero_vtable DAT_00660188 = {0x30, 0x2A, 0x4F, 0x00, 0x70, 0x97, 0x4F, 0x00, 0x60, 0x97, 0x4F, 0x00, 0x20, 0x3B, 0x4F, 0x00};
WatcomTypeInfo g_CIcePickTypeInfo = {
    0x00, 0x01, 0x02, 0x00, 0xF0, 0x7D, 0x4F, 0x00, 0x9F, 0xEE, 0x5F, 0x00, 0xE0, 0x97, 0x4F, 0x00
    0x04, 0xFC, 0x01, 0x00, 0xB0, 0xCC, 0x67, 0x00
};
CCharacter_vtable DAT_006602E0 = {
    0xE0, 0x8E, 0x42, 0x00, 0x30, 0x8E, 0x42, 0x00, 0x60, 0xCA, 0x42, 0x00, 0x30, 0xBF, 0x42, 0x00
    0x30, 0xBF, 0x42, 0x00, 0x30, 0xBF, 0x42, 0x00, 0x40, 0xBF, 0x42, 0x00, 0x80, 0xBF, 0x42, 0x00
    0x30, 0xA0, 0x4A, 0x00, 0xC0, 0xA0, 0x4A, 0x00, 0x10, 0xC1, 0x42, 0x00, 0x80, 0xC1, 0x42, 0x00
    0x00, 0xAE, 0x4F, 0x00, 0x80, 0xC5, 0x42, 0x00, 0xF0, 0xAA, 0x4F, 0x00, 0x30, 0xBF, 0x42, 0x00
    0xF0, 0xA3, 0x42, 0x00, 0x50, 0xCD, 0x42, 0x00, 0x60, 0xCD, 0x42, 0x00, 0x90, 0xCD, 0x42, 0x00
    0xE0, 0xCF, 0x42, 0x00, 0x20, 0xA9, 0x4F, 0x00, 0x20, 0xC9, 0x42, 0x00, 0xD0, 0xC9, 0x42, 0x00
    0x20, 0xCA, 0x42, 0x00, 0x30, 0xCA, 0x42, 0x00
};
CEnemy_vtable DAT_00660348 = {0xD0, 0x99, 0x4A, 0x00, 0x00, 0x9B, 0x4A, 0x00, 0x50, 0xA2, 0x4A, 0x00};
WatcomTypeInfo g_CImpTypeInfo = {
    0x00, 0x01, 0x02, 0x00, 0xA0, 0x98, 0x4F, 0x00, 0x9F, 0xEE, 0x5F, 0x00, 0x80, 0xB1, 0x4F, 0x00
    0xF4, 0xBE, 0x00, 0x00, 0xC4, 0xCC, 0x67, 0x00
};
WatcomTypeInfo g_CIniTypeInfo = {
    0x00, 0x01, 0x02, 0x00, 0x70, 0xBD, 0x4F, 0x00, 0x9F, 0xEE, 0x5F, 0x00, 0x80, 0xBD, 0x4F, 0x00
    0x04, 0x00, 0x00, 0x00, 0xD0, 0xCC, 0x67, 0x00
};
WatcomDestructorCall WatcomDestructorCall_006603c0 = {0x04, 0x00, 0x00, 0x00, 0x40, 0x05, 0x41, 0x00, 0x70, 0xAA, 0xDB, 0x02};
WatcomDestructorCall WatcomDestructorCall_006603cc = {0x04, 0x00, 0x00, 0x00, 0x40, 0x05, 0x41, 0x00, 0x84, 0xAA, 0xDB, 0x02};
WatcomDestructorCall WatcomDestructorCall_006603d8 = {0x04, 0x00, 0x00, 0x00, 0x40, 0x05, 0x41, 0x00, 0x98, 0xAA, 0xDB, 0x02};
WatcomDestructorCall WatcomDestructorCall_006603e4 = {0x04, 0x00, 0x00, 0x00, 0x40, 0x05, 0x41, 0x00, 0xAC, 0xAA, 0xDB, 0x02};
WatcomDestructorCall WatcomDestructorCall_006603f0 = {0x04, 0x00, 0x00, 0x00, 0x40, 0x05, 0x41, 0x00, 0xC8, 0xD6, 0xDC, 0x02};
WatcomDestructorCall WatcomDestructorCall_006603fc = {0x04, 0x00, 0x00, 0x00, 0x40, 0x05, 0x41, 0x00, 0xDC, 0xD6, 0xDC, 0x02};
WatcomDestructorCall WatcomDestructorCall_00660408 = {0x04, 0x00, 0x00, 0x00, 0x40, 0x05, 0x41, 0x00, 0xF0, 0xD6, 0xDC, 0x02};
WatcomDestructorCall WatcomDestructorCall_00660414 = {0x04, 0x00, 0x00, 0x00, 0x40, 0x05, 0x41, 0x00, 0x04, 0xD7, 0xDC, 0x02};
WatcomDestructorCall WatcomDestructorCall_00660420 = {0x04, 0x00, 0x00, 0x00, 0x40, 0x05, 0x41, 0x00, 0x18, 0xD7, 0xDC, 0x02};
WatcomDestructorCall WatcomDestructorCall_0066042c = {0x04, 0x00, 0x00, 0x00, 0x40, 0x05, 0x41, 0x00, 0x2C, 0xD7, 0xDC, 0x02};
WatcomDestructorCall WatcomDestructorCall_00660438 = {0x04, 0x00, 0x00, 0x00, 0x40, 0x05, 0x41, 0x00, 0x40, 0xD7, 0xDC, 0x02};
WatcomDestructorCall WatcomDestructorCall_00660444 = {0x04, 0x00, 0x00, 0x00, 0x40, 0x05, 0x41, 0x00, 0x54, 0xD7, 0xDC, 0x02};
WatcomDestructorCall WatcomDestructorCall_00660450 = {0x04, 0x00, 0x00, 0x00, 0x40, 0x05, 0x41, 0x00, 0x68, 0xD7, 0xDC, 0x02};
WatcomDestructorCall WatcomDestructorCall_0066045c = {0x04, 0x00, 0x00, 0x00, 0x40, 0x05, 0x41, 0x00, 0x7C, 0xD7, 0xDC, 0x02};
WatcomTypeInfo g_CKeyActorTypeInfo = {
    0x00, 0x01, 0x02, 0x00, 0x90, 0x16, 0x50, 0x00, 0x9F, 0xEE, 0x5F, 0x00, 0xB0, 0x19, 0x50, 0x00
    0x1C, 0x03, 0x00, 0x00, 0x34, 0xCF, 0x67, 0x00
};
void* g_CKeysVTable = 0x00502420;
WatcomTypeInfo g_CLadderTypeInfo = {
    0x00, 0x01, 0x02, 0x00, 0x40, 0x25, 0x50, 0x00, 0x9F, 0xEE, 0x5F, 0x00, 0xD0, 0x2E, 0x50, 0x00
    0x00, 0x03, 0x00, 0x00, 0x50, 0xCF, 0x67, 0x00
};
CCharacter_vtable DAT_00660820 = {
    0xE0, 0x8E, 0x42, 0x00, 0x30, 0x8E, 0x42, 0x00, 0x60, 0xCA, 0x42, 0x00, 0x30, 0xBF, 0x42, 0x00
    0x30, 0xBF, 0x42, 0x00, 0x30, 0xBF, 0x42, 0x00, 0x40, 0xBF, 0x42, 0x00, 0x80, 0xBF, 0x42, 0x00
    0x30, 0xA0, 0x4A, 0x00, 0xC0, 0xA0, 0x4A, 0x00, 0x10, 0xC1, 0x42, 0x00, 0x80, 0xC1, 0x42, 0x00
    0x20, 0x3A, 0x50, 0x00, 0x80, 0xC5, 0x42, 0x00, 0x10, 0xC0, 0x42, 0x00, 0x30, 0xBF, 0x42, 0x00
    0xF0, 0xA3, 0x42, 0x00, 0x50, 0xCD, 0x42, 0x00, 0x60, 0xCD, 0x42, 0x00, 0x90, 0xCD, 0x42, 0x00
    0xE0, 0xCF, 0x42, 0x00, 0x00, 0xD3, 0x42, 0x00, 0x20, 0xC9, 0x42, 0x00, 0xD0, 0xC9, 0x42, 0x00
    0x20, 0xCA, 0x42, 0x00, 0x30, 0xCA, 0x42, 0x00
};
CEnemy_vtable DAT_00660888 = {0xD0, 0x99, 0x4A, 0x00, 0x00, 0x9B, 0x4A, 0x00, 0x50, 0xA2, 0x4A, 0x00};
WatcomTypeInfo g_CLarvaTypeInfo = {
    0x00, 0x01, 0x02, 0x00, 0x90, 0x2F, 0x50, 0x00, 0x9F, 0xEE, 0x5F, 0x00, 0xC0, 0x3C, 0x50, 0x00
    0xC8, 0xBE, 0x00, 0x00, 0x64, 0xCF, 0x67, 0x00
};
WatcomDestructorCall WatcomDestructorCall_006608c0 = {0x04, 0x00, 0x00, 0x00, 0x90, 0x6D, 0x47, 0x00, 0x80, 0xD9, 0xDC, 0x02};
WatcomTypeInfo g_CLeverTypeInfo = {
    0x00, 0x01, 0x02, 0x00, 0xD0, 0x47, 0x50, 0x00, 0x9F, 0xEE, 0x5F, 0x00, 0x30, 0x54, 0x50, 0x00
    0x14, 0x08, 0x00, 0x00, 0xBC, 0xCF, 0x67, 0x00
};
CWeapon_vtable DAT_00660B50 = {
    0x60, 0xE8, 0x5E, 0x00, 0x40, 0xE6, 0x5E, 0x00, 0x70, 0xE6, 0x5E, 0x00, 0x70, 0x5C, 0x50, 0x00
    0x10, 0xE7, 0x5E, 0x00, 0x70, 0x66, 0x50, 0x00, 0xB0, 0x66, 0x50, 0x00, 0xA0, 0xE4, 0x5E, 0x00
};
WatcomTypeInfo g_CLightGunTypeInfo = {
    0x00, 0x01, 0x02, 0x00, 0x00, 0x59, 0x50, 0x00, 0x9F, 0xEE, 0x5F, 0x00, 0x50, 0x6A, 0x50, 0x00
    0x90, 0x05, 0x00, 0x00, 0xE0, 0xCF, 0x67, 0x00
};
WatcomTypeInfo g_CLightConeTypeInfo = {
    0x00, 0x01, 0x02, 0x00, 0x10, 0x6B, 0x50, 0x00, 0x9F, 0xEE, 0x5F, 0x00, 0x30, 0x6E, 0x50, 0x00
    0x2C, 0x02, 0x00, 0x00, 0xF8, 0xCF, 0x67, 0x00
};
WatcomDestructorCall WatcomDestructorCall_00660cc0 = {0x04, 0x00, 0x00, 0x00, 0x80, 0x88, 0x50, 0x00, 0x30, 0x41, 0xDD, 0x02};
WatcomDestructorCall WatcomDestructorCall_00660ccc = {0x04, 0x00, 0x00, 0x00, 0x40, 0x05, 0x41, 0x00, 0x54, 0xCA, 0xF0, 0x02};
WatcomDestructorCall WatcomDestructorCall_00660cd8 = {0x04, 0x00, 0x00, 0x00, 0x40, 0x05, 0x41, 0x00, 0x68, 0xCA, 0xF0, 0x02};
WatcomDestructorCall WatcomDestructorCall_00660ce4 = {0x04, 0x00, 0x00, 0x00, 0x40, 0x05, 0x41, 0x00, 0x7C, 0xCA, 0xF0, 0x02};
WatcomDestructorCall WatcomDestructorCall_00660cf0 = {0x04, 0x00, 0x00, 0x00, 0x40, 0x05, 0x41, 0x00, 0x90, 0xCA, 0xF0, 0x02};
CFileManager_vtable g_CDemonFileManagerVTable = {0x10, 0x6E, 0x4B, 0x00};
WatcomTypeInfo g_CDemonFileManagerTypeInfo = {
    0x00, 0x01, 0x02, 0x00, 0x60, 0x88, 0x50, 0x00, 0x9F, 0xEE, 0x5F, 0x00, 0x80, 0x88, 0x50, 0x00
    0x14, 0x88, 0x13, 0x00, 0x94, 0xD0, 0x67, 0x00
};
WatcomTypeInfo g_CEdScrollBarTypeInfo = {
    0x00, 0x01, 0x02, 0x00, 0xE0, 0x5A, 0x4A, 0x00, 0x9F, 0xEE, 0x5F, 0x00, 0x20, 0x5B, 0x4A, 0x00
    0x34, 0x00, 0x00, 0x00, 0x74, 0xD0, 0x67, 0x00
};
WatcomTypeInfo g_SPanelTypeInfo = {
    0x00, 0x01, 0x02, 0x00, 0x80, 0xB9, 0x50, 0x00, 0x9F, 0xEE, 0x5F, 0x00, 0x90, 0xB9, 0x50, 0x00
    0x64, 0x00, 0x00, 0x00, 0x30, 0xD1, 0x67, 0x00
};
WatcomTypeInfo g_SGemTypeInfo = {
    0x00, 0x01, 0x02, 0x00, 0x40, 0xB9, 0x50, 0x00, 0x9F, 0xEE, 0x5F, 0x00, 0x60, 0xB9, 0x50, 0x00
    0xB8, 0x00, 0x00, 0x00, 0x24, 0xD1, 0x67, 0x00
};
WatcomTypeInfo g_SReflectorTypeInfo = {
    0x00, 0x01, 0x02, 0x00, 0x20, 0xB9, 0x50, 0x00, 0x9F, 0xEE, 0x5F, 0x00, 0x30, 0xB9, 0x50, 0x00
    0x60, 0x00, 0x00, 0x00, 0x10, 0xD1, 0x67, 0x00
};
WatcomTypeInfo g_CMirrorHackTypeInfo = {
    0x00, 0x01, 0x02, 0x00, 0x10, 0xB1, 0x50, 0x00, 0x9F, 0xEE, 0x5F, 0x00, 0x40, 0xB8, 0x50, 0x00
    0xD8, 0x02, 0x00, 0x00, 0xFC, 0xD0, 0x67, 0x00
};
WatcomTypeInfo g_CMansionPuzzleCircleTypeInfo = {
    0x00, 0x01, 0x02, 0x00, 0x20, 0x89, 0x50, 0x00, 0x9F, 0xEE, 0x5F, 0x00, 0x90, 0xB8, 0x50, 0x00
    0x14, 0x15, 0x00, 0x00, 0xE0, 0xD0, 0x67, 0x00
};
WatcomTypeInfo g_CMarqueeTypeInfo = {
    0x00, 0x01, 0x02, 0x00, 0x60, 0xBB, 0x50, 0x00, 0x9F, 0xEE, 0x5F, 0x00, 0xC0, 0xC4, 0x50, 0x00
    0xBC, 0x01, 0x00, 0x00, 0x6C, 0xD1, 0x67, 0x00
};
CWeapon_vtable DAT_00661260 = {
    0x60, 0xE8, 0x5E, 0x00, 0xD0, 0xEC, 0x50, 0x00, 0x70, 0xE6, 0x5E, 0x00, 0x40, 0xEA, 0x50, 0x00
    0x10, 0xE7, 0x5E, 0x00, 0x70, 0xEA, 0x50, 0x00, 0xA0, 0xEA, 0x50, 0x00, 0xA0, 0xE4, 0x5E, 0x00
};
WatcomTypeInfo g_CMeleeTypeInfo = {
    0x00, 0x01, 0x02, 0x00, 0xD0, 0xE7, 0x50, 0x00, 0x9F, 0xEE, 0x5F, 0x00, 0xF0, 0xED, 0x50, 0x00
    0xCC, 0x06, 0x00, 0x00, 0xC8, 0xD1, 0x67, 0x00
};
WatcomDestructorCall WatcomDestructorCall_006612a0 = {0x04, 0x00, 0x00, 0x00, 0xC0, 0xFB, 0x50, 0x00, 0xEC, 0x14, 0xF2, 0x02};
WatcomTypeInfo g_CLeakCheckerTypeInfo = {
    0x00, 0x01, 0x02, 0x00, 0xA0, 0xFB, 0x50, 0x00, 0x9F, 0xEE, 0x5F, 0x00, 0xC0, 0xFB, 0x50, 0x00
    0x01, 0x00, 0x00, 0x00, 0x14, 0xD2, 0x67, 0x00
};
WatcomDestructorCall WatcomDestructorCall_006612d0 = {0x04, 0x00, 0x00, 0x00, 0x50, 0x4F, 0x51, 0x00, 0xF0, 0x14, 0xF2, 0x02};
WatcomDestructorCall WatcomDestructorInfo_006612d0.unknown_0C = {0x04, 0x00, 0x00, 0x00, 0xB0, 0x9A, 0x52, 0x00, 0x90, 0x15, 0xF2, 0x02};
WatcomDestructorCall WatcomDestructorCall_006612e8 = {0x04, 0x00, 0x00, 0x00, 0x40, 0x05, 0x41, 0x00, 0x70, 0x6C, 0xF2, 0x02};
WatcomDestructorCall WatcomDestructorCall_006612f4 = {0x04, 0x00, 0x00, 0x00, 0x40, 0x05, 0x41, 0x00, 0x84, 0x6C, 0xF2, 0x02};
WatcomDestructorCall WatcomDestructorCall_00661300 = {0x04, 0x00, 0x00, 0x00, 0x40, 0x05, 0x41, 0x00, 0x98, 0x6C, 0xF2, 0x02};
WatcomDestructorCall WatcomDestructorCall_0066130c = {0x04, 0x00, 0x00, 0x00, 0x40, 0x05, 0x41, 0x00, 0xBC, 0x6C, 0xF2, 0x02};
WatcomTypeInfo g_CMoonTypeInfo = {
    0x00, 0x01, 0x02, 0x00, 0x80, 0x9A, 0x52, 0x00, 0x9F, 0xEE, 0x5F, 0x00, 0xB0, 0x9A, 0x52, 0x00
    0xE0, 0x56, 0x00, 0x00, 0x68, 0xD3, 0x67, 0x00
};
WatcomDestructorCall WatcomDestructorCall_00661360 = {0x04, 0x00, 0x00, 0x00, 0xC0, 0xF0, 0x51, 0x00, 0xD0, 0xA4, 0xF2, 0x02};
WatcomTypeInfo g_LodFaceTypeInfo = {
    0x00, 0x01, 0x02, 0x00, 0x00, 0xEF, 0x51, 0x00, 0x20, 0xEF, 0x51, 0x00, 0xC0, 0xEF, 0x51, 0x00
    0x8C, 0x00, 0x00, 0x00, 0x04, 0xD5, 0x67, 0x00
};
WatcomTypeInfo g_CSpotViewTypeInfo = {
    0x00, 0x01, 0x02, 0x00, 0xC0, 0x95, 0x5B, 0x00, 0x9F, 0xEE, 0x5F, 0x00, 0x80, 0xF0, 0x51, 0x00
    0x3C, 0x00, 0x00, 0x00, 0xE4, 0xD4, 0x67, 0x00
};
WatcomTypeInfo g_LodMeshTypeInfo = {
    0x00, 0x01, 0x02, 0x00, 0x40, 0x58, 0x51, 0x00, 0x60, 0x58, 0x51, 0x00, 0x50, 0x59, 0x51, 0x00
    0x74, 0x00, 0x00, 0x00, 0xD4, 0xD4, 0x67, 0x00
};
CCharacter_vtable DAT_00661510 = {
    0xE0, 0x8E, 0x42, 0x00, 0x30, 0x8E, 0x42, 0x00, 0x60, 0xCA, 0x42, 0x00, 0x30, 0xBF, 0x42, 0x00
    0x30, 0xBF, 0x42, 0x00, 0x30, 0xBF, 0x42, 0x00, 0x40, 0xBF, 0x42, 0x00, 0x80, 0xBF, 0x42, 0x00
    0x30, 0xA0, 0x4A, 0x00, 0xC0, 0xA0, 0x4A, 0x00, 0x10, 0xC1, 0x42, 0x00, 0x80, 0xC1, 0x42, 0x00
    0x10, 0x9F, 0x4A, 0x00, 0xA0, 0x08, 0x52, 0x00, 0x10, 0xC0, 0x42, 0x00, 0x30, 0xBF, 0x42, 0x00
    0xF0, 0xA3, 0x42, 0x00, 0x50, 0xCD, 0x42, 0x00, 0x60, 0xCD, 0x42, 0x00, 0x90, 0xCD, 0x42, 0x00
    0xE0, 0xCF, 0x42, 0x00, 0x00, 0xD3, 0x42, 0x00, 0x20, 0xC9, 0x42, 0x00, 0xD0, 0xC9, 0x42, 0x00
    0x20, 0xCA, 0x42, 0x00, 0x30, 0xCA, 0x42, 0x00
};
CEnemy_vtable DAT_00661578 = {0xD0, 0x99, 0x4A, 0x00, 0x00, 0x9B, 0x4A, 0x00, 0x50, 0xA2, 0x4A, 0x00};
WatcomTypeInfo g_CMimicTypeInfo = {
    0x00, 0x01, 0x02, 0x00, 0xD0, 0xF1, 0x51, 0x00, 0x9F, 0xEE, 0x5F, 0x00, 0xC0, 0xF2, 0x51, 0x00
    0x58, 0xCA, 0x04, 0x00, 0x18, 0xD5, 0x67, 0x00
};
WatcomTypeInfo g_CMineCarTypeInfo = {
    0x00, 0x01, 0x02, 0x00, 0x20, 0x0F, 0x52, 0x00, 0x9F, 0xEE, 0x5F, 0x00, 0x40, 0x0F, 0x52, 0x00
    0x30, 0x07, 0x00, 0x00, 0x2C, 0xD5, 0x67, 0x00
};
WatcomTypeInfo g_SClipPlaneTypeInfo = {
    0x00, 0x01, 0x02, 0x00, 0xF0, 0x2B, 0x52, 0x00, 0x9F, 0xEE, 0x5F, 0x00, 0x00, 0x2C, 0x52, 0x00
    0x10, 0x00, 0x00, 0x00, 0x3C, 0xD5, 0x67, 0x00
};
WatcomTypeInfo g_CDemonMissionTypeInfo = {
    0x00, 0x01, 0x02, 0x00, 0xF0, 0x4E, 0x52, 0x00, 0x9F, 0xEE, 0x5F, 0x00, 0x00, 0x4F, 0x52, 0x00
    0xD0, 0x27, 0x00, 0x00, 0xA4, 0xD6, 0x67, 0x00
};
CCharacter_vtable DAT_00661880 = {
    0xE0, 0x8E, 0x42, 0x00, 0x30, 0x8E, 0x42, 0x00, 0x60, 0xCA, 0x42, 0x00, 0x30, 0xBF, 0x42, 0x00
    0x30, 0xBF, 0x42, 0x00, 0x30, 0xBF, 0x42, 0x00, 0x40, 0xBF, 0x42, 0x00, 0x80, 0xBF, 0x42, 0x00
    0x30, 0xA0, 0x4A, 0x00, 0xC0, 0xA0, 0x4A, 0x00, 0x10, 0xC1, 0x42, 0x00, 0x80, 0xC1, 0x42, 0x00
    0x40, 0x77, 0x52, 0x00, 0x80, 0xC5, 0x42, 0x00, 0x10, 0xC0, 0x42, 0x00, 0x30, 0xBF, 0x42, 0x00
    0xF0, 0xA3, 0x42, 0x00, 0x50, 0xCD, 0x42, 0x00, 0x60, 0xCD, 0x42, 0x00, 0x90, 0xCD, 0x42, 0x00
    0xE0, 0xCF, 0x42, 0x00, 0x20, 0x6B, 0x52, 0x00, 0x20, 0xC9, 0x42, 0x00, 0xD0, 0xC9, 0x42, 0x00
    0x20, 0xCA, 0x42, 0x00, 0x30, 0xCA, 0x42, 0x00
};
CEnemy_vtable DAT_006618E8 = {0xD0, 0x99, 0x4A, 0x00, 0x00, 0x9B, 0x4A, 0x00, 0x30, 0x7C, 0x52, 0x00};
WatcomTypeInfo g_CMobsterTypeInfo = {
    0x00, 0x01, 0x02, 0x00, 0x00, 0x52, 0x52, 0x00, 0x9F, 0xEE, 0x5F, 0x00, 0x70, 0x7C, 0x52, 0x00
    0x94, 0xBF, 0x00, 0x00, 0xEC, 0xD6, 0x67, 0x00
};
CCharacter_vtable DAT_00661A30 = {
    0xE0, 0x8E, 0x42, 0x00, 0xF0, 0x3A, 0x4F, 0x00, 0xA0, 0x28, 0x4F, 0x00, 0x80, 0x28, 0x4F, 0x00
    0x90, 0x28, 0x4F, 0x00, 0xD0, 0x28, 0x4F, 0x00, 0xB0, 0x29, 0x4F, 0x00, 0x80, 0xBF, 0x42, 0x00
    0x70, 0xBF, 0x42, 0x00, 0x70, 0xBF, 0x42, 0x00, 0x10, 0xC1, 0x42, 0x00, 0x80, 0xC1, 0x42, 0x00
    0xC0, 0xC3, 0x42, 0x00, 0x80, 0xC5, 0x42, 0x00, 0x10, 0xC0, 0x42, 0x00, 0x30, 0xBF, 0x42, 0x00
    0xF0, 0xA3, 0x42, 0x00, 0x50, 0xCD, 0x42, 0x00, 0x60, 0xCD, 0x42, 0x00, 0x90, 0xCD, 0x42, 0x00
    0xE0, 0xCF, 0x42, 0x00, 0x00, 0xD3, 0x42, 0x00, 0x20, 0xC9, 0x42, 0x00, 0xD0, 0xC9, 0x42, 0x00
    0x20, 0xCA, 0x42, 0x00, 0x30, 0xCA, 0x42, 0x00
};
CHero_vtable DAT_00661A98 = {0x30, 0x2A, 0x4F, 0x00, 0xD0, 0x99, 0x52, 0x00, 0xE0, 0x99, 0x52, 0x00, 0x20, 0x3B, 0x4F, 0x00};
WatcomTypeInfo g_CMolochTypeInfo = {
    0x00, 0x01, 0x02, 0x00, 0x30, 0x8B, 0x52, 0x00, 0x9F, 0xEE, 0x5F, 0x00, 0xF0, 0x8B, 0x52, 0x00
    0x98, 0x2B, 0x02, 0x00, 0x0C, 0xD7, 0x67, 0x00
};
WatcomDestructorCall WatcomDestructorCall_00661ad0 = {0x04, 0x00, 0x00, 0x00, 0x40, 0x05, 0x41, 0x00, 0x70, 0x7F, 0xF3, 0x02};
WatcomDestructorCall WatcomDestructorCall_00661adc = {0x04, 0x00, 0x00, 0x00, 0x70, 0xA4, 0x52, 0x00, 0x84, 0x7F, 0xF3, 0x02};
WatcomDestructorCall WatcomDestructorCall_00661ae8 = {0x04, 0x00, 0x00, 0x00, 0x50, 0xA4, 0x52, 0x00, 0xE8, 0x81, 0xF3, 0x02};
WatcomDestructorCall WatcomDestructorCall_00661af4 = {0x04, 0x00, 0x00, 0x00, 0x90, 0x6D, 0x47, 0x00, 0xDC, 0x84, 0xF3, 0x02};
WatcomTypeInfo g_SBatTypeInfo = {
    0x00, 0x01, 0x02, 0x00, 0x10, 0xA4, 0x52, 0x00, 0x9F, 0xEE, 0x5F, 0x00, 0x20, 0xA4, 0x52, 0x00
    0x18, 0x00, 0x00, 0x00, 0xD8, 0xD7, 0x67, 0x00
};
WatcomTypeInfo g_CMorphModelTypeInfo = {
    0x00, 0x01, 0x02, 0x00, 0xC0, 0xA4, 0x52, 0x00, 0x9F, 0xEE, 0x5F, 0x00, 0xF0, 0xA4, 0x52, 0x00
    0x08, 0x06, 0x00, 0x00, 0xFE, 0xD7, 0x67, 0x00
};
WatcomTypeInfo g_SMorphControlPointTypeInfo = {
    0x00, 0x01, 0x02, 0x00, 0x50, 0xCC, 0x52, 0x00, 0x9F, 0xEE, 0x5F, 0x00, 0x70, 0xCC, 0x52, 0x00
    0x20, 0x00, 0x00, 0x00, 0xE4, 0xD7, 0x67, 0x00
};
CMotionController_vtable g_CMotionControllerVTable = {0xA0, 0xD5, 0x52, 0x00, 0x80, 0xDC, 0x52, 0x00, 0x70, 0xE5, 0x52, 0x00};
WatcomTypeInfo g_CMotionControllerTypeInfo = {
    0x00, 0x01, 0x02, 0x00, 0x70, 0xD5, 0x52, 0x00, 0x9F, 0xEE, 0x5F, 0x00, 0xA0, 0xD5, 0x52, 0x00
    0x54, 0x00, 0x00, 0x00, 0x11, 0xD8, 0x67, 0x00
};
WatcomDestructorCall WatcomDestructorCall_00661c10 = {0x04, 0x00, 0x00, 0x00, 0x40, 0x6A, 0x4A, 0x00, 0x44, 0xC5, 0xF7, 0x02};
WatcomDestructorCall WatcomDestructorCall_00661c1c = {0x04, 0x00, 0x00, 0x00, 0x20, 0x5B, 0x4A, 0x00, 0xE4, 0x97, 0xF7, 0x02};
WatcomTypeInfo g_CEdCheckTypeInfo = {
    0x00, 0x01, 0x02, 0x00, 0x00, 0x6A, 0x4A, 0x00, 0x9F, 0xEE, 0x5F, 0x00, 0x40, 0x6A, 0x4A, 0x00
    0xEC, 0x00, 0x00, 0x00, 0xE4, 0x09, 0x68, 0x00
};
WatcomDestructorCall WatcomDestructorCall_00661c70 = {0x04, 0x00, 0x00, 0x00, 0x60, 0xF7, 0x53, 0x00, 0x40, 0xC7, 0xF7, 0x02};
WatcomTypeInfo g_CNetGameTypeInfo = {
    0x00, 0x01, 0x02, 0x00, 0xD0, 0xF6, 0x53, 0x00, 0x9F, 0xEE, 0x5F, 0x00, 0x60, 0xF7, 0x53, 0x00
    0x74, 0x01, 0x00, 0x00, 0x5C, 0x0A, 0x68, 0x00
};
WatcomTypeInfo g_SChatHistoryTypeInfo = {
    0x00, 0x01, 0x02, 0x00, 0xC0, 0x3C, 0x54, 0x00, 0x9F, 0xEE, 0x5F, 0x00, 0xD0, 0x3C, 0x54, 0x00
    0x20, 0x01, 0x00, 0x00, 0x48, 0x0A, 0x68, 0x00
};
WatcomTypeInfo g_SPlayerTypeInfo = {
    0x00, 0x01, 0x02, 0x00, 0xB0, 0x3C, 0x54, 0x00, 0x9F, 0xEE, 0x5F, 0x00, 0x9F, 0xEE, 0x5F, 0x00
    0x28, 0x00, 0x00, 0x00, 0x20, 0x0A, 0x68, 0x00
};
WatcomTypeInfo g_SNetPlayerTypeInfo = {
    0x00, 0x01, 0x02, 0x00, 0xE0, 0x3C, 0x54, 0x00, 0xF0, 0x3C, 0x54, 0x00, 0x9F, 0xEE, 0x5F, 0x00
    0x78, 0x00, 0x00, 0x00, 0x0C, 0x0A, 0x68, 0x00
};
WatcomDestructorCall WatcomDestructorCall_00661d20 = {0x04, 0x00, 0x00, 0x00, 0xE0, 0x43, 0x54, 0x00, 0x80, 0x8A, 0xFD, 0x02};
WatcomTypeInfo g_CMouseTypeInfo = {
    0x00, 0x01, 0x02, 0x00, 0x80, 0x43, 0x54, 0x00, 0x9F, 0xEE, 0x5F, 0x00, 0xE0, 0x43, 0x54, 0x00
    0x60, 0x02, 0x00, 0x00, 0x88, 0x0B, 0x68, 0x00
};
CCharacter_vtable DAT_00661E80 = {
    0xE0, 0x8E, 0x42, 0x00, 0x30, 0x8E, 0x42, 0x00, 0x10, 0x4E, 0x54, 0x00, 0x30, 0xBF, 0x42, 0x00
    0x30, 0xBF, 0x42, 0x00, 0x30, 0xBF, 0x42, 0x00, 0x40, 0xBF, 0x42, 0x00, 0x80, 0xBF, 0x42, 0x00
    0x70, 0xBF, 0x42, 0x00, 0x70, 0xBF, 0x42, 0x00, 0x10, 0xC1, 0x42, 0x00, 0x80, 0xC1, 0x42, 0x00
    0x30, 0x4D, 0x54, 0x00, 0x80, 0xC5, 0x42, 0x00, 0x10, 0xC0, 0x42, 0x00, 0x30, 0xBF, 0x42, 0x00
    0xF0, 0xA3, 0x42, 0x00, 0x50, 0xCD, 0x42, 0x00, 0x60, 0xCD, 0x42, 0x00, 0x90, 0xCD, 0x42, 0x00
    0xE0, 0xCF, 0x42, 0x00, 0x00, 0xD3, 0x42, 0x00, 0x20, 0xC9, 0x42, 0x00, 0xD0, 0xC9, 0x42, 0x00
    0x20, 0xCA, 0x42, 0x00, 0x30, 0xCA, 0x42, 0x00
};
CFont_vtable g_CFontVTable = {
    0xC0, 0x4E, 0x54, 0x00, 0xF1, 0x15, 0x60, 0x00, 0xF1, 0x15, 0x60, 0x00, 0xF1, 0x15, 0x60, 0x00
    0x00, 0x4F, 0x54, 0x00
};
CParticle_vtable g_CParticleVTable = {0x80, 0x56, 0x54, 0x00, 0x60, 0x57, 0x54, 0x00, 0x80, 0x5A, 0x54, 0x00, 0xB0, 0x5A, 0x54, 0x00};
CCharacter_vtable DAT_00662050 = {
    0xE0, 0x8E, 0x42, 0x00, 0x30, 0x8E, 0x42, 0x00, 0x10, 0x4E, 0x54, 0x00, 0x30, 0xBF, 0x42, 0x00
    0x30, 0xBF, 0x42, 0x00, 0x30, 0xBF, 0x42, 0x00, 0x40, 0xBF, 0x42, 0x00, 0x80, 0xBF, 0x42, 0x00
    0x70, 0xBF, 0x42, 0x00, 0x70, 0xBF, 0x42, 0x00, 0x10, 0xC1, 0x42, 0x00, 0x80, 0xC1, 0x42, 0x00
    0x30, 0x4D, 0x54, 0x00, 0x80, 0xC5, 0x42, 0x00, 0x10, 0xC0, 0x42, 0x00, 0x30, 0xBF, 0x42, 0x00
    0xF0, 0xA3, 0x42, 0x00, 0x50, 0xCD, 0x42, 0x00, 0x60, 0xCD, 0x42, 0x00, 0x90, 0xCD, 0x42, 0x00
    0xE0, 0xCF, 0x42, 0x00, 0x00, 0xD3, 0x42, 0x00, 0x20, 0xC9, 0x42, 0x00, 0xD0, 0xC9, 0x42, 0x00
    0x20, 0xCA, 0x42, 0x00, 0x30, 0xCA, 0x42, 0x00
};
WatcomTypeInfo g_CPassengerTypeInfo = {
    0x00, 0x01, 0x02, 0x00, 0x30, 0x5B, 0x54, 0x00, 0x9F, 0xEE, 0x5F, 0x00, 0x10, 0x5C, 0x54, 0x00
    0x48, 0x04, 0x02, 0x00, 0xA0, 0x0B, 0x68, 0x00
};
WatcomDestructorCall WatcomDestructorCall_006620e0 = {0x04, 0x00, 0x00, 0x00, 0x30, 0x8C, 0x54, 0x00, 0x60, 0x90, 0xFD, 0x02};
WatcomTypeInfo g_CPathMapTypeInfo = {
    0x00, 0x01, 0x02, 0x00, 0x50, 0x64, 0x54, 0x00, 0x9F, 0xEE, 0x5F, 0x00, 0xD0, 0x64, 0x54, 0x00
    0xDC, 0x38, 0x01, 0x00, 0x78, 0x0C, 0x68, 0x00
};
WatcomTypeInfo g_CPendulumTypeInfo = {
    0x00, 0x01, 0x02, 0x00, 0x90, 0x93, 0x54, 0x00, 0x9F, 0xEE, 0x5F, 0x00, 0xD0, 0xA7, 0x54, 0x00
    0x44, 0x04, 0x00, 0x00, 0x8C, 0x0C, 0x68, 0x00
};
WatcomTypeInfo g_CPackedBitmapTypeInfo = {
    0x00, 0x01, 0x02, 0x00, 0x20, 0xA8, 0x54, 0x00, 0x9F, 0xEE, 0x5F, 0x00, 0x90, 0xA8, 0x54, 0x00
    0x24, 0x00, 0x00, 0x00, 0xA8, 0x0C, 0x68, 0x00
};
CPod_vtable g_CPodVTable = {
    0xB0, 0x09, 0x55, 0x00, 0xE0, 0x09, 0x55, 0x00, 0x80, 0x13, 0x55, 0x00, 0x10, 0x0A, 0x55, 0x00
    0x90, 0x0B, 0x55, 0x00, 0xF0, 0x0A, 0x55, 0x00
};
WatcomTypeInfo g_CPodTypeInfo = {
    0x00, 0x01, 0x02, 0x00, 0x80, 0x09, 0x55, 0x00, 0x9F, 0xEE, 0x5F, 0x00, 0xB0, 0x09, 0x55, 0x00
    0x98, 0x01, 0x00, 0x00, 0xC4, 0x0C, 0x68, 0x00
};
WatcomDestructorCall g_CDemonPodDestructorNode = {0x04, 0x00, 0x00, 0x00, 0x20, 0x1B, 0x55, 0x00, 0x90, 0x50, 0x0E, 0x03};
CDemonPod_vtable g_CDemonPodVTable = {
    0x20, 0x1B, 0x55, 0x00, 0xC0, 0x19, 0x55, 0x00, 0x80, 0x13, 0x55, 0x00, 0x10, 0x0A, 0x55, 0x00
    0x90, 0x0B, 0x55, 0x00, 0xF0, 0x0A, 0x55, 0x00
};
WatcomTypeInfo g_CDemonPodTypeInfo = {
    0x00, 0x01, 0x02, 0x00, 0x00, 0x1B, 0x55, 0x00, 0x9F, 0xEE, 0x5F, 0x00, 0x20, 0x1B, 0x55, 0x00
    0x98, 0x01, 0x00, 0x00, 0xE4, 0x0C, 0x68, 0x00
};
CCharacter_vtable DAT_00662550 = {
    0xE0, 0x8E, 0x42, 0x00, 0xF0, 0x3A, 0x4F, 0x00, 0xA0, 0x28, 0x4F, 0x00, 0x80, 0x28, 0x4F, 0x00
    0x90, 0x28, 0x4F, 0x00, 0xD0, 0x28, 0x4F, 0x00, 0xB0, 0x29, 0x4F, 0x00, 0x80, 0xBF, 0x42, 0x00
    0x70, 0xBF, 0x42, 0x00, 0x70, 0xBF, 0x42, 0x00, 0x10, 0xC1, 0x42, 0x00, 0x80, 0xC1, 0x42, 0x00
    0xA0, 0x7E, 0x55, 0x00, 0x80, 0xC5, 0x42, 0x00, 0x10, 0xC0, 0x42, 0x00, 0x30, 0xBF, 0x42, 0x00
    0xF0, 0xA3, 0x42, 0x00, 0x50, 0xCD, 0x42, 0x00, 0x60, 0xCD, 0x42, 0x00, 0x90, 0xCD, 0x42, 0x00
    0xE0, 0xCF, 0x42, 0x00, 0x00, 0xD3, 0x42, 0x00, 0x20, 0xC9, 0x42, 0x00, 0xD0, 0xC9, 0x42, 0x00
    0x20, 0xCA, 0x42, 0x00, 0x30, 0xCA, 0x42, 0x00
};
CHero_vtable DAT_006625B8 = {0x50, 0x71, 0x55, 0x00, 0x00, 0x80, 0x55, 0x00, 0xF0, 0x7F, 0x55, 0x00, 0x20, 0x3B, 0x4F, 0x00};
WatcomTypeInfo g_CScatTypeInfo = {
    0x00, 0x01, 0x02, 0x00, 0xD0, 0x6E, 0x55, 0x00, 0x9F, 0xEE, 0x5F, 0x00, 0x60, 0x91, 0x55, 0x00
    0x00, 0xFC, 0x01, 0x00, 0x04, 0x0D, 0x68, 0x00
};
WatcomDestructorCall WatcomDestructorCall_006625f0 = {0x04, 0x00, 0x00, 0x00, 0x80, 0x3C, 0x4A, 0x00, 0xB0, 0xF4, 0x10, 0x03};
WatcomDestructorCall WatcomDestructorCall_006625fc = {0x04, 0x00, 0x00, 0x00, 0x40, 0x98, 0x55, 0x00, 0x58, 0xF8, 0x10, 0x03};
WatcomDestructorCall WatcomDestructorCall_00662608 = {0x04, 0x00, 0x00, 0x00, 0x20, 0x5B, 0x4A, 0x00, 0xD8, 0xFC, 0x10, 0x03};
WatcomDestructorCall WatcomDestructorCall_00662614 = {0x04, 0x00, 0x00, 0x00, 0x20, 0x5B, 0x4A, 0x00, 0x0C, 0xFD, 0x10, 0x03};
WatcomTypeInfo g_CScriptTypeInfo = {
    0x00, 0x01, 0x02, 0x00, 0xF0, 0x97, 0x55, 0x00, 0x9F, 0xEE, 0x5F, 0x00, 0x40, 0x98, 0x55, 0x00
    0x80, 0x04, 0x00, 0x00, 0x64, 0x10, 0x68, 0x00
};
CCharacter_vtable DAT_00662780 = {
    0xE0, 0x8E, 0x42, 0x00, 0x30, 0x8E, 0x42, 0x00, 0x60, 0xCA, 0x42, 0x00, 0x30, 0xBF, 0x42, 0x00
    0x30, 0xBF, 0x42, 0x00, 0x30, 0xBF, 0x42, 0x00, 0x40, 0xBF, 0x42, 0x00, 0x80, 0xBF, 0x42, 0x00
    0x30, 0xA0, 0x4A, 0x00, 0xC0, 0xA0, 0x4A, 0x00, 0x10, 0xC1, 0x42, 0x00, 0x80, 0xC1, 0x42, 0x00
    0xD0, 0x8C, 0x56, 0x00, 0x80, 0xC5, 0x42, 0x00, 0x70, 0x8B, 0x56, 0x00, 0x30, 0xBF, 0x42, 0x00
    0xF0, 0xA3, 0x42, 0x00, 0x50, 0xCD, 0x42, 0x00, 0x60, 0xCD, 0x42, 0x00, 0x90, 0xCD, 0x42, 0x00
    0xE0, 0xCF, 0x42, 0x00, 0x00, 0xD3, 0x42, 0x00, 0x20, 0xC9, 0x42, 0x00, 0xD0, 0xC9, 0x42, 0x00
    0x20, 0xCA, 0x42, 0x00, 0x30, 0xCA, 0x42, 0x00
};
CEnemy_vtable DAT_006627E8 = {0xD0, 0x99, 0x4A, 0x00, 0x00, 0x9B, 0x4A, 0x00, 0x50, 0xA2, 0x4A, 0x00};
WatcomTypeInfo g_CSentinelTypeInfo = {
    0x00, 0x01, 0x02, 0x00, 0xB0, 0x7D, 0x56, 0x00, 0x9F, 0xEE, 0x5F, 0x00, 0x80, 0x8F, 0x56, 0x00
    0xC4, 0xBE, 0x00, 0x00, 0x78, 0x10, 0x68, 0x00
};
WatcomDestructorCall WatcomDestructorCall_00662820 = {0x04, 0x00, 0x00, 0x00, 0x50, 0x93, 0x56, 0x00, 0x78, 0x42, 0x11, 0x03};
WatcomDestructorCall WatcomDestructorCall_0066282c = {0x04, 0x00, 0x00, 0x00, 0x90, 0xC0, 0x44, 0x00, 0xE4, 0x58, 0x27, 0x03};
WatcomDestructorCall WatcomDestructorCall_00662838 = {0x04, 0x00, 0x00, 0x00, 0x40, 0x42, 0x49, 0x00, 0x14, 0x7D, 0x27, 0x03};
WatcomDestructorCall WatcomDestructorCall_00662844 = {0x04, 0x00, 0x00, 0x00, 0x90, 0x6D, 0x47, 0x00, 0xA4, 0x80, 0x27, 0x03};
WatcomTypeInfo g_CDemonSetTypeInfo = {
    0x00, 0x01, 0x02, 0x00, 0xC0, 0x90, 0x56, 0x00, 0x9F, 0xEE, 0x5F, 0x00, 0x50, 0x93, 0x56, 0x00
    0x6C, 0x16, 0x16, 0x00, 0x68, 0x14, 0x68, 0x00
};
WatcomTypeInfo g_CDemonRaytraceTypeInfo = {
    0x00, 0x01, 0x02, 0x00, 0x00, 0x42, 0x49, 0x00, 0x9F, 0xEE, 0x5F, 0x00, 0x40, 0x42, 0x49, 0x00
    0x6C, 0x00, 0x00, 0x00, 0x50, 0x14, 0x68, 0x00
};
WatcomTypeInfo g_C3DSCameraTypeInfo = {
    0x00, 0x01, 0x02, 0x00, 0x10, 0x53, 0x58, 0x00, 0x9F, 0xEE, 0x5F, 0x00, 0x40, 0x53, 0x58, 0x00
    0xA4, 0x01, 0x00, 0x00, 0x3C, 0x14, 0x68, 0x00
};
WatcomTypeInfo g_C3DSLightTypeInfo = {
    0x00, 0x01, 0x02, 0x00, 0xF0, 0x62, 0x58, 0x00, 0x9F, 0xEE, 0x5F, 0x00, 0xB0, 0x14, 0x57, 0x00
    0x98, 0x18, 0x00, 0x00, 0x28, 0x14, 0x68, 0x00
};
WatcomTypeInfo g_SRoomTypeInfo = {
    0x00, 0x01, 0x02, 0x00, 0x70, 0x14, 0x57, 0x00, 0x9F, 0xEE, 0x5F, 0x00, 0x80, 0x14, 0x57, 0x00
    0x44, 0x00, 0x00, 0x00, 0x10, 0x14, 0x68, 0x00
};
WatcomTypeInfo g_SVDBoxTypeInfo = {
    0x00, 0x01, 0x02, 0x00, 0x90, 0x14, 0x57, 0x00, 0x9F, 0xEE, 0x5F, 0x00, 0xA0, 0x14, 0x57, 0x00
    0x44, 0x00, 0x00, 0x00, 0x00, 0x14, 0x68, 0x00
};
WatcomTypeInfo g_SRaytraceStateTypeInfo = {
    0x00, 0x01, 0x02, 0x00, 0x90, 0x46, 0x57, 0x00, 0x9F, 0xEE, 0x5F, 0x00, 0xA0, 0x46, 0x57, 0x00
    0xA0, 0x00, 0x00, 0x00, 0xB1, 0x14, 0x68, 0x00
};
WatcomTypeInfo g_SCollisionReturnInfoTypeInfo = {
    0x00, 0x01, 0x02, 0x00, 0x50, 0x47, 0x57, 0x00, 0x9F, 0xEE, 0x5F, 0x00, 0x60, 0x47, 0x57, 0x00
    0x1C, 0x00, 0x00, 0x00, 0x95, 0x14, 0x68, 0x00
};
WatcomTypeInfo g_SIntersectXZCylinderTypeInfo = {
    0x00, 0x01, 0x02, 0x00, 0xB0, 0x46, 0x57, 0x00, 0x9F, 0xEE, 0x5F, 0x00, 0xC0, 0x46, 0x57, 0x00
    0x5C, 0x00, 0x00, 0x00, 0x79, 0x14, 0x68, 0x00
};
WatcomDestructorCall WatcomDestructorCall_006629b0 = {0x04, 0x00, 0x00, 0x00, 0x10, 0x69, 0x57, 0x00, 0x08, 0x71, 0x34, 0x03};
WatcomTypeInfo g_CZThumbTypeInfo = {
    0x00, 0x01, 0x02, 0x00, 0xD0, 0x48, 0x57, 0x00, 0x9F, 0xEE, 0x5F, 0x00, 0xF0, 0x48, 0x57, 0x00
    0x28, 0x00, 0x00, 0x00, 0x88, 0x16, 0x68, 0x00
};
WatcomDestructorCall WatcomDestructorCall_00662a10 = {0x04, 0x00, 0x00, 0x00, 0x80, 0x3C, 0x4A, 0x00, 0xC0, 0x3F, 0x65, 0x03};
WatcomDestructorCall WatcomDestructorCall_00662a1c = {0x04, 0x00, 0x00, 0x00, 0x20, 0x5B, 0x4A, 0x00, 0xE0, 0x4C, 0x36, 0x03};
CWeapon_vtable DAT_00662B70 = {
    0xA0, 0x87, 0x58, 0x00, 0x40, 0xE6, 0x5E, 0x00, 0x70, 0xE6, 0x5E, 0x00, 0x60, 0x80, 0x58, 0x00
    0x10, 0xE7, 0x5E, 0x00, 0xB0, 0x88, 0x58, 0x00, 0xF0, 0x88, 0x58, 0x00, 0xA0, 0xE4, 0x5E, 0x00
};
WatcomTypeInfo g_CShotgunTypeInfo = {
    0x00, 0x01, 0x02, 0x00, 0xE0, 0x7E, 0x58, 0x00, 0x9F, 0xEE, 0x5F, 0x00, 0xE0, 0x8A, 0x58, 0x00
    0x84, 0x05, 0x00, 0x00, 0x1C, 0x18, 0x68, 0x00
};
CWeapon_vtable DAT_00662CC0 = {
    0x60, 0xE8, 0x5E, 0x00, 0x40, 0xE6, 0x5E, 0x00, 0x70, 0xE6, 0x5E, 0x00, 0x20, 0x8C, 0x58, 0x00
    0x10, 0xE7, 0x5E, 0x00, 0x40, 0x8C, 0x58, 0x00, 0x70, 0x8C, 0x58, 0x00, 0xA0, 0xE4, 0x5E, 0x00
};
WatcomTypeInfo g_CShovelTypeInfo = {
    0x00, 0x01, 0x02, 0x00, 0xA0, 0x8B, 0x58, 0x00, 0x9F, 0xEE, 0x5F, 0x00, 0x80, 0x8C, 0x58, 0x00
    0x78, 0x05, 0x00, 0x00, 0x30, 0x18, 0x68, 0x00
};
CDemonActor_vtable g_CSimBoxVTable = {
    0x00, 0x8E, 0x58, 0x00, 0x20, 0x8F, 0x58, 0x00, 0xF0, 0x90, 0x58, 0x00, 0xC0, 0x8A, 0x40, 0x00
    0xE0, 0x8A, 0x40, 0x00, 0x60, 0x91, 0x58, 0x00, 0x30, 0xC8, 0x40, 0x00, 0xF0, 0xC8, 0x40, 0x00
    0x10, 0xCA, 0x40, 0x00, 0x60, 0x8F, 0x40, 0x00, 0x80, 0x8F, 0x40, 0x00, 0xA0, 0x8F, 0x40, 0x00
    0xD0, 0x8F, 0x40, 0x00, 0x60, 0x92, 0x58, 0x00, 0xB0, 0x8D, 0x40, 0x00, 0x90, 0x8D, 0x40, 0x00
    0x80, 0x98, 0x40, 0x00, 0xA0, 0x98, 0x40, 0x00, 0xC0, 0x98, 0x40, 0x00, 0xE0, 0x98, 0x40, 0x00
    0x90, 0x9B, 0x40, 0x00, 0x20, 0x9F, 0x40, 0x00, 0x40, 0x9F, 0x40, 0x00, 0x60, 0x9F, 0x40, 0x00
    0xB0, 0x9F, 0x40, 0x00, 0x10, 0xA0, 0x40, 0x00, 0x20, 0xC7, 0x40, 0x00, 0xF0, 0xA0, 0x40, 0x00
    0x10, 0xA2, 0x40, 0x00, 0xC0, 0xAB, 0x40, 0x00, 0x20, 0xAC, 0x40, 0x00, 0x00, 0x90, 0x40, 0x00
    0x20, 0x90, 0x40, 0x00, 0x40, 0x90, 0x40, 0x00, 0x80, 0x90, 0x40, 0x00, 0x60, 0x90, 0x40, 0x00
    0x30, 0xA0, 0x40, 0x00, 0x90, 0xA0, 0x40, 0x00, 0xB0, 0xA0, 0x40, 0x00, 0xD0, 0xA0, 0x40, 0x00
    0x70, 0x9E, 0x40, 0x00, 0xC0, 0x90, 0x40, 0x00, 0x50, 0x91, 0x40, 0x00, 0x40, 0x98, 0x40, 0x00
    0xC0, 0x8C, 0x40, 0x00, 0x10, 0x8D, 0x40, 0x00, 0x50, 0x8D, 0x40, 0x00, 0xA0, 0x90, 0x40, 0x00
    0xC0, 0x9E, 0x40, 0x00, 0x30, 0x8D, 0x58, 0x00, 0xE0, 0xCF, 0x40, 0x00, 0x00, 0xD0, 0x40, 0x00
    0x40, 0xD0, 0x40, 0x00, 0x10, 0x93, 0x58, 0x00, 0x30, 0xC7, 0x40, 0x00, 0x50, 0xD1, 0x40, 0x00
    0xC0, 0x93, 0x58, 0x00, 0xE0, 0x93, 0x58, 0x00, 0xB0, 0x91, 0x58, 0x00
};
WatcomTypeInfo g_CSimBoxTypeInfo = {
    0x00, 0x01, 0x02, 0x00, 0x40, 0x8D, 0x58, 0x00, 0x9F, 0xEE, 0x5F, 0x00, 0xE0, 0x93, 0x58, 0x00
    0xCC, 0x05, 0x00, 0x00, 0x44, 0x18, 0x68, 0x00
};
WatcomDestructorCall WatcomDestructorCall_00662e30 = {0x04, 0x00, 0x00, 0x00, 0x90, 0x6D, 0x47, 0x00, 0x74, 0x5F, 0x66, 0x03};
WatcomTypeInfo g_LodVertTypeInfo = {
    0x00, 0x01, 0x02, 0x00, 0x9F, 0xEE, 0x5F, 0x00, 0x50, 0x95, 0x59, 0x00, 0xC0, 0x95, 0x59, 0x00
    0xC4, 0x04, 0x00, 0x00, 0x44, 0x1A, 0x68, 0x00
};
WatcomDestructorCall WatcomDestructorCall_00662e80 = {0x04, 0x00, 0x00, 0x00, 0xD0, 0x1F, 0x5A, 0x00, 0xA0, 0xC8, 0x68, 0x03};
WatcomDestructorCall WatcomDestructorCall_00662e8c = {0x04, 0x00, 0x00, 0x00, 0xB0, 0x1F, 0x5A, 0x00, 0xA4, 0xC8, 0x8C, 0x03};
CMotionController_vtable g_CDeformableModelInstanceVTable = {0x40, 0xDE, 0x59, 0x00, 0xA0, 0x08, 0x5A, 0x00, 0x90, 0x0C, 0x5A, 0x00};
WatcomTypeInfo g_SVertTypeInfo = {
    0x00, 0x01, 0x02, 0x00, 0x70, 0x1F, 0x5A, 0x00, 0x9F, 0xEE, 0x5F, 0x00, 0x90, 0x1F, 0x5A, 0x00
    0x34, 0x00, 0x00, 0x00, 0x9C, 0x1A, 0x68, 0x00
};
WatcomTypeInfo g_CDeformableModelTypeInfo = {
    0x00, 0x01, 0x02, 0x00, 0x60, 0xA1, 0x59, 0x00, 0x9F, 0xEE, 0x5F, 0x00, 0x70, 0xA2, 0x59, 0x00
    0x00, 0x90, 0x00, 0x00, 0x84, 0x1A, 0x68, 0x00
};
WatcomTypeInfo g_CSkeletonTypeInfo = {
    0x00, 0x01, 0x02, 0x00, 0x80, 0x98, 0x59, 0x00, 0x9F, 0xEE, 0x5F, 0x00, 0xE0, 0x98, 0x59, 0x00
    0x2C, 0x98, 0x02, 0x00, 0x73, 0x1A, 0x68, 0x00
};
CDemonActor_vtable g_CSmileyVTable = {
    0xD0, 0x24, 0x5A, 0x00, 0x00, 0x28, 0x5A, 0x00, 0xC0, 0xA2, 0x42, 0x00, 0xE0, 0xB0, 0x42, 0x00
    0xA0, 0x9F, 0x4A, 0x00, 0xA0, 0xB8, 0x42, 0x00, 0x30, 0xC8, 0x40, 0x00, 0xF0, 0xC8, 0x40, 0x00
    0x10, 0xCA, 0x40, 0x00, 0x60, 0x8F, 0x40, 0x00, 0x80, 0x8F, 0x40, 0x00, 0xA0, 0x8F, 0x40, 0x00
    0xD0, 0x8F, 0x40, 0x00, 0xF0, 0x37, 0x5A, 0x00, 0xB0, 0x8D, 0x40, 0x00, 0x90, 0x8D, 0x40, 0x00
    0x80, 0x98, 0x40, 0x00, 0xA0, 0x98, 0x40, 0x00, 0xC0, 0x98, 0x40, 0x00, 0x90, 0x36, 0x5A, 0x00
    0x90, 0x9B, 0x40, 0x00, 0x50, 0xDE, 0x42, 0x00, 0x40, 0x9F, 0x40, 0x00, 0x60, 0x9F, 0x40, 0x00
    0xD0, 0x85, 0x42, 0x00, 0x10, 0xA0, 0x40, 0x00, 0x20, 0xC7, 0x40, 0x00, 0xF0, 0xA0, 0x40, 0x00
    0x10, 0xA2, 0x40, 0x00, 0xC0, 0xAB, 0x40, 0x00, 0x20, 0xAC, 0x40, 0x00, 0x00, 0x90, 0x40, 0x00
    0x20, 0x90, 0x40, 0x00, 0x40, 0x90, 0x40, 0x00, 0x90, 0xBF, 0x42, 0x00, 0x60, 0x90, 0x40, 0x00
    0x30, 0xA0, 0x40, 0x00, 0x90, 0xA0, 0x40, 0x00, 0xB0, 0xA0, 0x40, 0x00, 0xD0, 0xA0, 0x40, 0x00
    0x90, 0xDF, 0x42, 0x00, 0xC0, 0x90, 0x40, 0x00, 0x50, 0x91, 0x40, 0x00, 0x40, 0x98, 0x40, 0x00
    0xC0, 0x8C, 0x40, 0x00, 0x10, 0x8D, 0x40, 0x00, 0x50, 0x8D, 0x40, 0x00, 0xA0, 0x90, 0x40, 0x00
    0xE0, 0xDD, 0x42, 0x00, 0x20, 0x24, 0x5A, 0x00, 0xE0, 0xCF, 0x40, 0x00, 0xA0, 0xF8, 0x42, 0x00
    0x00, 0xF8, 0x42, 0x00, 0x10, 0x38, 0x5A, 0x00, 0x30, 0xC7, 0x40, 0x00, 0x50, 0xD1, 0x40, 0x00
    0x50, 0x38, 0x5A, 0x00, 0x80, 0x38, 0x5A, 0x00, 0x20, 0x32, 0x5A, 0x00
};
CCharacter_vtable DAT_00663070 = {
    0xE0, 0x8E, 0x42, 0x00, 0x30, 0x8E, 0x42, 0x00, 0x60, 0xCA, 0x42, 0x00, 0x30, 0xBF, 0x42, 0x00
    0x30, 0xBF, 0x42, 0x00, 0x30, 0xBF, 0x42, 0x00, 0x40, 0xBF, 0x42, 0x00, 0x80, 0xBF, 0x42, 0x00
    0x30, 0xA0, 0x4A, 0x00, 0xC0, 0xA0, 0x4A, 0x00, 0x10, 0xC1, 0x42, 0x00, 0x80, 0xC1, 0x42, 0x00
    0x80, 0x35, 0x5A, 0x00, 0x80, 0xC5, 0x42, 0x00, 0x60, 0x31, 0x5A, 0x00, 0x30, 0xBF, 0x42, 0x00
    0xF0, 0xA3, 0x42, 0x00, 0x50, 0xCD, 0x42, 0x00, 0x60, 0xCD, 0x42, 0x00, 0x90, 0xCD, 0x42, 0x00
    0xE0, 0xCF, 0x42, 0x00, 0x00, 0xD3, 0x42, 0x00, 0x20, 0xC9, 0x42, 0x00, 0xD0, 0xC9, 0x42, 0x00
    0x20, 0xCA, 0x42, 0x00, 0x30, 0xCA, 0x42, 0x00
};
CEnemy_vtable DAT_006630D8 = {0xD0, 0x99, 0x4A, 0x00, 0x00, 0x9B, 0x4A, 0x00, 0x50, 0xA2, 0x4A, 0x00};
WatcomTypeInfo g_CSmileyTypeInfo = {
    0x00, 0x01, 0x02, 0x00, 0x30, 0x24, 0x5A, 0x00, 0x9F, 0xEE, 0x5F, 0x00, 0x80, 0x38, 0x5A, 0x00
    0x00, 0xBF, 0x00, 0x00, 0xC4, 0x1A, 0x68, 0x00
};
WatcomDestructorCall WatcomDestructorCall_00663110 = {0x04, 0x00, 0x00, 0x00, 0x40, 0xDE, 0x5A, 0x00, 0x2C, 0x28, 0xF6, 0x03};
WatcomDestructorCall WatcomDestructorCall_0066311c = {0x04, 0x00, 0x00, 0x00, 0x30, 0x45, 0x53, 0x00, 0x10, 0x90, 0xF4, 0x03};
WatcomDestructorCall WatcomDestructorCall_00663128 = {0x04, 0x00, 0x00, 0x00, 0x30, 0x45, 0x53, 0x00, 0x48, 0x52, 0xF5, 0x03};
uint UINT_00663148 = 0x0;
uint UINT_0066314c = 0x40100000;
WatcomTypeInfo g_SfxSlotTypeInfo = {
    0x00, 0x01, 0x02, 0x00, 0x00, 0xDE, 0x5A, 0x00, 0x9F, 0xEE, 0x5F, 0x00, 0x20, 0xDE, 0x5A, 0x00
    0x28, 0x01, 0x00, 0x00, 0xC4, 0x1D, 0x68, 0x00
};
WatcomTypeInfo g_SfxOptionsTypeInfo = {
    0x00, 0x01, 0x02, 0x00, 0x70, 0xDD, 0x5A, 0x00, 0x9F, 0xEE, 0x5F, 0x00, 0x30, 0xDE, 0x5A, 0x00
    0x70, 0x00, 0x00, 0x00, 0xA4, 0x1D, 0x68, 0x00
};
WatcomTypeInfo g_SfxSampleTypeInfo = {
    0x00, 0x01, 0x02, 0x00, 0xF0, 0x60, 0x5A, 0x00, 0x9F, 0xEE, 0x5F, 0x00, 0x50, 0x61, 0x5A, 0x00
    0x80, 0x01, 0x00, 0x00, 0x84, 0x1D, 0x68, 0x00
};
WatcomTypeInfo g_CMP3DecoderTypeInfo = {
    0x00, 0x01, 0x02, 0x00, 0xF0, 0x44, 0x53, 0x00, 0x9F, 0xEE, 0x5F, 0x00, 0x30, 0x45, 0x53, 0x00
    0x30, 0x86, 0x00, 0x00, 0x64, 0x1D, 0x68, 0x00
};
WatcomDestructorCall WatcomDestructorCall_006632e0 = {0x04, 0x00, 0x00, 0x00, 0x40, 0x2A, 0x4A, 0x00, 0x28, 0xB1, 0xF6, 0x03};
WatcomDestructorCall WatcomDestructorCall_006632ec = {0x04, 0x00, 0x00, 0x00, 0x40, 0x2A, 0x4A, 0x00, 0x50, 0xAF, 0xF6, 0x03};
WatcomTypeInfo g_STrainNoiseTypeInfo = {
    0x00, 0x01, 0x02, 0x00, 0x00, 0x3E, 0x5B, 0x00, 0x9F, 0xEE, 0x5F, 0x00, 0x10, 0x3E, 0x5B, 0x00
    0x10, 0x00, 0x00, 0x00, 0x84, 0x21, 0x68, 0x00
};
CDemonActor_vtable g_CSpikeVTable = {
    0x60, 0x83, 0x5B, 0x00, 0x10, 0x84, 0x5B, 0x00, 0x30, 0x87, 0x5B, 0x00, 0xC0, 0x8A, 0x40, 0x00
    0xE0, 0x8A, 0x40, 0x00, 0xA0, 0x87, 0x5B, 0x00, 0x30, 0xC8, 0x40, 0x00, 0xF0, 0xC8, 0x40, 0x00
    0x10, 0xCA, 0x40, 0x00, 0x60, 0x8F, 0x40, 0x00, 0x80, 0x8F, 0x40, 0x00, 0xA0, 0x8F, 0x40, 0x00
    0xD0, 0x8F, 0x40, 0x00, 0x40, 0x89, 0x5B, 0x00, 0xB0, 0x8D, 0x40, 0x00, 0x90, 0x8D, 0x40, 0x00
    0x80, 0x98, 0x40, 0x00, 0xA0, 0x98, 0x40, 0x00, 0xC0, 0x98, 0x40, 0x00, 0xE0, 0x98, 0x40, 0x00
    0x90, 0x9B, 0x40, 0x00, 0x20, 0x9F, 0x40, 0x00, 0x40, 0x9F, 0x40, 0x00, 0x60, 0x9F, 0x40, 0x00
    0xB0, 0x9F, 0x40, 0x00, 0x10, 0xA0, 0x40, 0x00, 0x20, 0xC7, 0x40, 0x00, 0xF0, 0xA0, 0x40, 0x00
    0x10, 0xA2, 0x40, 0x00, 0xC0, 0xAB, 0x40, 0x00, 0x20, 0xAC, 0x40, 0x00, 0x00, 0x90, 0x40, 0x00
    0x20, 0x90, 0x40, 0x00, 0x40, 0x90, 0x40, 0x00, 0x80, 0x90, 0x40, 0x00, 0x60, 0x90, 0x40, 0x00
    0x30, 0xA0, 0x40, 0x00, 0x90, 0xA0, 0x40, 0x00, 0xB0, 0xA0, 0x40, 0x00, 0xD0, 0xA0, 0x40, 0x00
    0x70, 0x9E, 0x40, 0x00, 0xC0, 0x90, 0x40, 0x00, 0x50, 0x91, 0x40, 0x00, 0x40, 0x98, 0x40, 0x00
    0xC0, 0x8C, 0x40, 0x00, 0x10, 0x8D, 0x40, 0x00, 0x50, 0x8D, 0x40, 0x00, 0xA0, 0x90, 0x40, 0x00
    0xC0, 0x9E, 0x40, 0x00, 0x10, 0x82, 0x5B, 0x00, 0xE0, 0xCF, 0x40, 0x00, 0x00, 0xD0, 0x40, 0x00
    0x20, 0x90, 0x5B, 0x00, 0x90, 0x8E, 0x5B, 0x00, 0x30, 0xC7, 0x40, 0x00, 0x50, 0xD1, 0x40, 0x00
    0x30, 0x90, 0x5B, 0x00, 0x50, 0x90, 0x5B, 0x00, 0xF0, 0x87, 0x5B, 0x00
};
WatcomTypeInfo g_CSpikeTypeInfo = {
    0x00, 0x01, 0x02, 0x00, 0x20, 0x82, 0x5B, 0x00, 0x9F, 0xEE, 0x5F, 0x00, 0x50, 0x90, 0x5B, 0x00
    0x60, 0x05, 0x00, 0x00, 0x60, 0x41, 0x68, 0x00
};
CDemonActor_vtable g_CStairsVTable = {
    0xE0, 0x9B, 0x5B, 0x00, 0x00, 0x9C, 0x5B, 0x00, 0x10, 0x9C, 0x5B, 0x00, 0xC0, 0x8A, 0x40, 0x00
    0xE0, 0x8A, 0x40, 0x00, 0x90, 0xA4, 0x5B, 0x00, 0x30, 0xC8, 0x40, 0x00, 0xF0, 0xC8, 0x40, 0x00
    0x10, 0xCA, 0x40, 0x00, 0x60, 0x8F, 0x40, 0x00, 0x80, 0x8F, 0x40, 0x00, 0xA0, 0x8F, 0x40, 0x00
    0xD0, 0x8F, 0x40, 0x00, 0x70, 0xA5, 0x5B, 0x00, 0xB0, 0x8D, 0x40, 0x00, 0xF0, 0xA6, 0x5B, 0x00
    0x80, 0x98, 0x40, 0x00, 0xA0, 0x98, 0x40, 0x00, 0xC0, 0x98, 0x40, 0x00, 0xE0, 0x98, 0x40, 0x00
    0x90, 0x9B, 0x40, 0x00, 0x20, 0x9F, 0x40, 0x00, 0x40, 0x9F, 0x40, 0x00, 0x60, 0x9F, 0x40, 0x00
    0xB0, 0x9F, 0x40, 0x00, 0x10, 0xA0, 0x40, 0x00, 0x20, 0xC7, 0x40, 0x00, 0xF0, 0xA0, 0x40, 0x00
    0x10, 0xA2, 0x40, 0x00, 0xC0, 0xAB, 0x40, 0x00, 0x20, 0xAC, 0x40, 0x00, 0x00, 0x90, 0x40, 0x00
    0x20, 0x90, 0x40, 0x00, 0x40, 0x90, 0x40, 0x00, 0x80, 0x90, 0x40, 0x00, 0x60, 0x90, 0x40, 0x00
    0x30, 0xA0, 0x40, 0x00, 0x90, 0xA0, 0x40, 0x00, 0xB0, 0xA0, 0x40, 0x00, 0xD0, 0xA0, 0x40, 0x00
    0x70, 0x9E, 0x40, 0x00, 0xC0, 0x90, 0x40, 0x00, 0x50, 0x91, 0x40, 0x00, 0x40, 0x98, 0x40, 0x00
    0x90, 0xA5, 0x5B, 0x00, 0x60, 0xA6, 0x5B, 0x00, 0xA0, 0xA6, 0x5B, 0x00, 0xA0, 0x90, 0x40, 0x00
    0xC0, 0x9E, 0x40, 0x00, 0x60, 0x9B, 0x5B, 0x00, 0xE0, 0xCF, 0x40, 0x00, 0xF0, 0xAB, 0x5B, 0x00
    0x00, 0xA9, 0x5B, 0x00, 0x40, 0xA8, 0x5B, 0x00, 0x30, 0xC7, 0x40, 0x00, 0x90, 0xAB, 0x5B, 0x00
    0xD0, 0xCF, 0x40, 0x00, 0x10, 0xAC, 0x5B, 0x00, 0xF0, 0xA4, 0x5B, 0x00
};
WatcomTypeInfo g_CStairsTypeInfo = {
    0x00, 0x01, 0x02, 0x00, 0x70, 0x9B, 0x5B, 0x00, 0x9F, 0xEE, 0x5F, 0x00, 0x10, 0xAC, 0x5B, 0x00
    0x34, 0x0A, 0x00, 0x00, 0x98, 0x41, 0x68, 0x00
};
CDemonActor_vtable g_CTempleStoneVTable = {
    0x30, 0x18, 0x42, 0x00, 0xE0, 0x19, 0x42, 0x00, 0x00, 0x1E, 0x42, 0x00, 0xF0, 0x1E, 0x42, 0x00
    0xE0, 0x8A, 0x40, 0x00, 0xE0, 0x1F, 0x42, 0x00, 0x30, 0xC8, 0x40, 0x00, 0xF0, 0xC8, 0x40, 0x00
    0x10, 0xCA, 0x40, 0x00, 0x60, 0x8F, 0x40, 0x00, 0x80, 0x8F, 0x40, 0x00, 0xA0, 0x8F, 0x40, 0x00
    0xD0, 0x8F, 0x40, 0x00, 0x40, 0x23, 0x42, 0x00, 0xB0, 0x8D, 0x40, 0x00, 0x60, 0x25, 0x42, 0x00
    0x30, 0x23, 0x42, 0x00, 0xA0, 0x98, 0x40, 0x00, 0xC0, 0x98, 0x40, 0x00, 0xE0, 0x98, 0x40, 0x00
    0x90, 0x9B, 0x40, 0x00, 0x20, 0x9F, 0x40, 0x00, 0x40, 0x9F, 0x40, 0x00, 0x60, 0x9F, 0x40, 0x00
    0x40, 0x26, 0x42, 0x00, 0x70, 0x25, 0x42, 0x00, 0x20, 0xC7, 0x40, 0x00, 0xD0, 0x26, 0x42, 0x00
    0x10, 0xA2, 0x40, 0x00, 0xC0, 0xAB, 0x40, 0x00, 0x20, 0xAC, 0x40, 0x00, 0x70, 0xAD, 0x5B, 0x00
    0xE0, 0x24, 0x42, 0x00, 0xF0, 0x24, 0x42, 0x00, 0x80, 0x90, 0x40, 0x00, 0x50, 0x25, 0x42, 0x00
    0x30, 0xA0, 0x40, 0x00, 0x90, 0xA0, 0x40, 0x00, 0xB0, 0xA0, 0x40, 0x00, 0xD0, 0xA0, 0x40, 0x00
    0x70, 0x9E, 0x40, 0x00, 0xC0, 0x90, 0x40, 0x00, 0x50, 0x91, 0x40, 0x00, 0x40, 0x98, 0x40, 0x00
    0xC0, 0x8C, 0x40, 0x00, 0x10, 0x8D, 0x40, 0x00, 0x50, 0x8D, 0x40, 0x00, 0xA0, 0x90, 0x40, 0x00
    0xC0, 0x9E, 0x40, 0x00, 0x00, 0xAD, 0x5B, 0x00, 0xE0, 0xCF, 0x40, 0x00, 0x00, 0xD0, 0x40, 0x00
    0xE0, 0x28, 0x42, 0x00, 0xD0, 0xAD, 0x5B, 0x00, 0x30, 0xC7, 0x40, 0x00, 0x50, 0xD1, 0x40, 0x00
    0x00, 0x29, 0x42, 0x00, 0x10, 0xAE, 0x5B, 0x00, 0x40, 0xAD, 0x5B, 0x00
};
WatcomTypeInfo g_CTempleStoneTypeInfo = {
    0x00, 0x01, 0x02, 0x00, 0x10, 0xAD, 0x5B, 0x00, 0x9F, 0xEE, 0x5F, 0x00, 0x10, 0xAE, 0x5B, 0x00
    0x70, 0x06, 0x00, 0x00, 0xAC, 0x41, 0x68, 0x00
};
CDemonActor_vtable g_CStrangerVTable = {
    0xB0, 0xB4, 0x5B, 0x00, 0x30, 0xB8, 0x5B, 0x00, 0x50, 0x31, 0x5C, 0x00, 0x10, 0x37, 0x5C, 0x00
    0x90, 0xA3, 0x42, 0x00, 0xA0, 0xB8, 0x42, 0x00, 0x30, 0xC8, 0x40, 0x00, 0xF0, 0xC8, 0x40, 0x00
    0x10, 0xCA, 0x40, 0x00, 0x60, 0x8F, 0x40, 0x00, 0x80, 0x8F, 0x40, 0x00, 0xA0, 0x8F, 0x40, 0x00
    0xD0, 0x8F, 0x40, 0x00, 0x20, 0xBC, 0x42, 0x00, 0xB0, 0x8D, 0x40, 0x00, 0x90, 0x8D, 0x40, 0x00
    0x80, 0x98, 0x40, 0x00, 0xA0, 0x98, 0x40, 0x00, 0xC0, 0x98, 0x40, 0x00, 0xE0, 0x98, 0x40, 0x00
    0x90, 0x9B, 0x40, 0x00, 0xD0, 0x37, 0x4F, 0x00, 0x40, 0x9F, 0x40, 0x00, 0x60, 0x9F, 0x40, 0x00
    0x10, 0xFB, 0x5B, 0x00, 0x10, 0xA0, 0x40, 0x00, 0x20, 0xC7, 0x40, 0x00, 0xF0, 0xA0, 0x40, 0x00
    0x10, 0xA2, 0x40, 0x00, 0xC0, 0xAB, 0x40, 0x00, 0x20, 0xAC, 0x40, 0x00, 0x00, 0x90, 0x40, 0x00
    0x20, 0x90, 0x40, 0x00, 0x40, 0x90, 0x40, 0x00, 0x50, 0x68, 0x5C, 0x00, 0x60, 0x90, 0x40, 0x00
    0x30, 0xA0, 0x40, 0x00, 0x90, 0xA0, 0x40, 0x00, 0xB0, 0xA0, 0x40, 0x00, 0xD0, 0xA0, 0x40, 0x00
    0x90, 0xDF, 0x42, 0x00, 0x80, 0x25, 0x4F, 0x00, 0xC0, 0x25, 0x4F, 0x00, 0x40, 0x98, 0x40, 0x00
    0xC0, 0x8C, 0x40, 0x00, 0x10, 0x8D, 0x40, 0x00, 0x50, 0x8D, 0x40, 0x00, 0x70, 0x28, 0x4F, 0x00
    0xE0, 0xDD, 0x42, 0x00, 0x10, 0xB1, 0x5B, 0x00, 0xE0, 0xCF, 0x40, 0x00, 0xA0, 0x68, 0x5C, 0x00
    0x00, 0xF8, 0x42, 0x00, 0xF0, 0x68, 0x5C, 0x00, 0x30, 0xC7, 0x40, 0x00, 0x50, 0xD1, 0x40, 0x00
    0x10, 0x69, 0x5C, 0x00, 0xC0, 0x69, 0x5C, 0x00, 0xE0, 0x2F, 0x5C, 0x00
};
CCharacter_vtable DAT_00663870 = {
    0xE0, 0x8E, 0x42, 0x00, 0xF0, 0x3A, 0x4F, 0x00, 0xA0, 0x28, 0x4F, 0x00, 0x80, 0x28, 0x4F, 0x00
    0x90, 0x28, 0x4F, 0x00, 0xA0, 0x66, 0x5C, 0x00, 0xB0, 0x29, 0x4F, 0x00, 0x80, 0xBF, 0x42, 0x00
    0x70, 0xBF, 0x42, 0x00, 0x70, 0xBF, 0x42, 0x00, 0x10, 0xC1, 0x42, 0x00, 0x80, 0xC1, 0x42, 0x00
    0xB0, 0x48, 0x5C, 0x00, 0xC0, 0x67, 0x5C, 0x00, 0x10, 0xC0, 0x42, 0x00, 0x30, 0xBF, 0x42, 0x00
    0xF0, 0xA3, 0x42, 0x00, 0x50, 0xCD, 0x42, 0x00, 0x60, 0xCD, 0x42, 0x00, 0x90, 0xCD, 0x42, 0x00
    0xF0, 0x67, 0x5C, 0x00, 0x70, 0x51, 0x5C, 0x00, 0x20, 0xC9, 0x42, 0x00, 0xD0, 0xC9, 0x42, 0x00
    0x20, 0xCA, 0x42, 0x00, 0x30, 0xCA, 0x42, 0x00
};
CHero_vtable DAT_006638D8 = {0x30, 0x2A, 0x4F, 0x00, 0x60, 0x66, 0x5C, 0x00, 0x50, 0x66, 0x5C, 0x00, 0x50, 0x67, 0x5C, 0x00};
WatcomTypeInfo g_CStrangerTypeInfo = {
    0x00, 0x01, 0x02, 0x00, 0x20, 0xB1, 0x5B, 0x00, 0x9F, 0xEE, 0x5F, 0x00, 0xC0, 0x69, 0x5C, 0x00
    0x70, 0xFE, 0x01, 0x00, 0xC4, 0x41, 0x68, 0x00
};
CDemonActor_vtable g_CSuccubusVTable = {
    0x60, 0x6B, 0x5C, 0x00, 0x90, 0x6E, 0x5C, 0x00, 0x90, 0x75, 0x5C, 0x00, 0xE0, 0xB0, 0x42, 0x00
    0xA0, 0x9F, 0x4A, 0x00, 0xA0, 0xB8, 0x42, 0x00, 0x30, 0xC8, 0x40, 0x00, 0xF0, 0xC8, 0x40, 0x00
    0x10, 0xCA, 0x40, 0x00, 0x60, 0x8F, 0x40, 0x00, 0x80, 0x8F, 0x40, 0x00, 0xA0, 0x8F, 0x40, 0x00
    0xD0, 0x8F, 0x40, 0x00, 0x90, 0x77, 0x5C, 0x00, 0xB0, 0x8D, 0x40, 0x00, 0x90, 0x8D, 0x40, 0x00
    0x80, 0x98, 0x40, 0x00, 0xA0, 0x98, 0x40, 0x00, 0xC0, 0x98, 0x40, 0x00, 0x80, 0x77, 0x5C, 0x00
    0x90, 0x9B, 0x40, 0x00, 0x50, 0xDE, 0x42, 0x00, 0x40, 0x9F, 0x40, 0x00, 0x60, 0x9F, 0x40, 0x00
    0xD0, 0x85, 0x42, 0x00, 0x10, 0xA0, 0x40, 0x00, 0x20, 0xC7, 0x40, 0x00, 0xF0, 0xA0, 0x40, 0x00
    0x10, 0xA2, 0x40, 0x00, 0xC0, 0xAB, 0x40, 0x00, 0x20, 0xAC, 0x40, 0x00, 0x00, 0x90, 0x40, 0x00
    0x20, 0x90, 0x40, 0x00, 0x40, 0x90, 0x40, 0x00, 0x90, 0xBF, 0x42, 0x00, 0x60, 0x90, 0x40, 0x00
    0x30, 0xA0, 0x40, 0x00, 0x90, 0xA0, 0x40, 0x00, 0xB0, 0xA0, 0x40, 0x00, 0xD0, 0xA0, 0x40, 0x00
    0x90, 0xDF, 0x42, 0x00, 0xC0, 0x90, 0x40, 0x00, 0x50, 0x91, 0x40, 0x00, 0x40, 0x98, 0x40, 0x00
    0xC0, 0x8C, 0x40, 0x00, 0x10, 0x8D, 0x40, 0x00, 0x50, 0x8D, 0x40, 0x00, 0xA0, 0x90, 0x40, 0x00
    0xE0, 0xDD, 0x42, 0x00, 0x70, 0x6A, 0x5C, 0x00, 0xE0, 0xCF, 0x40, 0x00, 0xA0, 0xF8, 0x42, 0x00
    0x00, 0xF8, 0x42, 0x00, 0xB0, 0x77, 0x5C, 0x00, 0x30, 0xC7, 0x40, 0x00, 0x50, 0xD1, 0x40, 0x00
    0xF0, 0x77, 0x5C, 0x00, 0x20, 0x78, 0x5C, 0x00, 0x10, 0x77, 0x5C, 0x00
};
CCharacter_vtable DAT_00663A30 = {
    0xE0, 0x8E, 0x42, 0x00, 0x30, 0x8E, 0x42, 0x00, 0x60, 0xCA, 0x42, 0x00, 0x30, 0xBF, 0x42, 0x00
    0x30, 0xBF, 0x42, 0x00, 0x30, 0xBF, 0x42, 0x00, 0x40, 0xBF, 0x42, 0x00, 0x80, 0xBF, 0x42, 0x00
    0x30, 0xA0, 0x4A, 0x00, 0xC0, 0xA0, 0x4A, 0x00, 0x10, 0xC1, 0x42, 0x00, 0x80, 0xC1, 0x42, 0x00
    0x60, 0x77, 0x5C, 0x00, 0x80, 0xC5, 0x42, 0x00, 0x10, 0xC0, 0x42, 0x00, 0x30, 0xBF, 0x42, 0x00
    0xF0, 0xA3, 0x42, 0x00, 0x50, 0xCD, 0x42, 0x00, 0x60, 0xCD, 0x42, 0x00, 0x90, 0xCD, 0x42, 0x00
    0xE0, 0xCF, 0x42, 0x00, 0x00, 0xD3, 0x42, 0x00, 0x20, 0xC9, 0x42, 0x00, 0xD0, 0xC9, 0x42, 0x00
    0x20, 0xCA, 0x42, 0x00, 0x30, 0xCA, 0x42, 0x00
};
CEnemy_vtable DAT_00663A98 = {0xD0, 0x99, 0x4A, 0x00, 0x00, 0x9B, 0x4A, 0x00, 0x50, 0xA2, 0x4A, 0x00};
WatcomTypeInfo g_CSuccubusTypeInfo = {
    0x00, 0x01, 0x02, 0x00, 0x80, 0x6A, 0x5C, 0x00, 0x9F, 0xEE, 0x5F, 0x00, 0x20, 0x78, 0x5C, 0x00
    0x68, 0xEF, 0x00, 0x00, 0xDC, 0x41, 0x68, 0x00
};
WatcomTypeInfo g_CVecTypeInfo = {
    0x00, 0x01, 0x02, 0x00, 0x40, 0x81, 0x5D, 0x00, 0x60, 0x81, 0x5D, 0x00, 0x50, 0x81, 0x5D, 0x00
    0x18, 0x00, 0x00, 0x00, 0x2F, 0x42, 0x68, 0x00
};
WatcomTypeInfo g_CP2DTypeInfo = {
    0x00, 0x01, 0x02, 0x00, 0x30, 0x81, 0x5D, 0x00, 0x9F, 0xEE, 0x5F, 0x00, 0xC0, 0x87, 0x5D, 0x00
    0x10, 0x00, 0x00, 0x00, 0x23, 0x42, 0x68, 0x00
};
WatcomTypeInfo g_CP3DTypeInfo = {
    0x00, 0x01, 0x02, 0x00, 0x20, 0x81, 0x5D, 0x00, 0x9F, 0xEE, 0x5F, 0x00, 0xD0, 0x87, 0x5D, 0x00
    0x18, 0x00, 0x00, 0x00, 0x17, 0x42, 0x68, 0x00
};
WatcomTypeInfo g_CPolyTypeInfo = {
    0x00, 0x01, 0x02, 0x00, 0x9F, 0xEE, 0x5F, 0x00, 0x9F, 0xEE, 0x5F, 0x00, 0x60, 0xC6, 0x5C, 0x00
    0x68, 0x00, 0x00, 0x00, 0x0A, 0x42, 0x68, 0x00
};
WatcomTypeInfo g_CObjTypeInfo = {
    0x00, 0x01, 0x02, 0x00, 0x9F, 0xEE, 0x5F, 0x00, 0x9F, 0xEE, 0x5F, 0x00, 0x60, 0x22, 0x5D, 0x00
    0x1C, 0x00, 0x00, 0x00, 0xFE, 0x41, 0x68, 0x00
};
WatcomTypeInfo g_COptimizeTypeInfo = {
    0x00, 0x01, 0x02, 0x00, 0x90, 0x6F, 0x5D, 0x00, 0x9F, 0xEE, 0x5F, 0x00, 0xD0, 0x6F, 0x5D, 0x00
    0x44, 0x00, 0x00, 0x00, 0xED, 0x41, 0x68, 0x00
};
CDemonActor_vtable g_CSvetlanaVTable = {
    0xE0, 0x88, 0x5D, 0x00, 0xA0, 0x8B, 0x5D, 0x00, 0xC0, 0x9B, 0x5D, 0x00, 0xE0, 0xB0, 0x42, 0x00
    0x90, 0xA3, 0x42, 0x00, 0xA0, 0xB8, 0x42, 0x00, 0x30, 0xC8, 0x40, 0x00, 0xF0, 0xC8, 0x40, 0x00
    0x10, 0xCA, 0x40, 0x00, 0x60, 0x8F, 0x40, 0x00, 0x80, 0x8F, 0x40, 0x00, 0xA0, 0x8F, 0x40, 0x00
    0xD0, 0x8F, 0x40, 0x00, 0x20, 0xBC, 0x42, 0x00, 0xB0, 0x8D, 0x40, 0x00, 0x90, 0x8D, 0x40, 0x00
    0x80, 0x98, 0x40, 0x00, 0xA0, 0x98, 0x40, 0x00, 0xC0, 0x98, 0x40, 0x00, 0xE0, 0x98, 0x40, 0x00
    0x90, 0x9B, 0x40, 0x00, 0xD0, 0x37, 0x4F, 0x00, 0x40, 0x9F, 0x40, 0x00, 0x60, 0x9F, 0x40, 0x00
    0xD0, 0x85, 0x42, 0x00, 0x10, 0xA0, 0x40, 0x00, 0x20, 0xC7, 0x40, 0x00, 0xF0, 0xA0, 0x40, 0x00
    0x10, 0xA2, 0x40, 0x00, 0xC0, 0xAB, 0x40, 0x00, 0x20, 0xAC, 0x40, 0x00, 0x00, 0x90, 0x40, 0x00
    0x20, 0x90, 0x40, 0x00, 0x40, 0x90, 0x40, 0x00, 0x90, 0xBF, 0x42, 0x00, 0x60, 0x90, 0x40, 0x00
    0x30, 0xA0, 0x40, 0x00, 0x90, 0xA0, 0x40, 0x00, 0xB0, 0xA0, 0x40, 0x00, 0xD0, 0xA0, 0x40, 0x00
    0x90, 0xDF, 0x42, 0x00, 0x80, 0x25, 0x4F, 0x00, 0xC0, 0x25, 0x4F, 0x00, 0x40, 0x98, 0x40, 0x00
    0xC0, 0x8C, 0x40, 0x00, 0x10, 0x8D, 0x40, 0x00, 0x50, 0x8D, 0x40, 0x00, 0x70, 0x28, 0x4F, 0x00
    0xE0, 0xDD, 0x42, 0x00, 0x40, 0x88, 0x5D, 0x00, 0xE0, 0xCF, 0x40, 0x00, 0xF0, 0x9E, 0x5D, 0x00
    0x00, 0xF8, 0x42, 0x00, 0x10, 0x9F, 0x5D, 0x00, 0x30, 0xC7, 0x40, 0x00, 0x50, 0xD1, 0x40, 0x00
    0x30, 0x9F, 0x5D, 0x00, 0x50, 0x9F, 0x5D, 0x00, 0xB0, 0x9B, 0x5D, 0x00
};
CCharacter_vtable DAT_00663E50 = {
    0xE0, 0x8E, 0x42, 0x00, 0xF0, 0x3A, 0x4F, 0x00, 0xA0, 0x28, 0x4F, 0x00, 0x80, 0x28, 0x4F, 0x00
    0x90, 0x28, 0x4F, 0x00, 0xC0, 0x9E, 0x5D, 0x00, 0xB0, 0x29, 0x4F, 0x00, 0x80, 0xBF, 0x42, 0x00
    0x70, 0xBF, 0x42, 0x00, 0x70, 0xBF, 0x42, 0x00, 0x10, 0xC1, 0x42, 0x00, 0x80, 0xC1, 0x42, 0x00
    0x30, 0x9D, 0x5D, 0x00, 0x80, 0xC5, 0x42, 0x00, 0x10, 0xC0, 0x42, 0x00, 0x30, 0xBF, 0x42, 0x00
    0xF0, 0xA3, 0x42, 0x00, 0x50, 0xCD, 0x42, 0x00, 0x60, 0xCD, 0x42, 0x00, 0x90, 0xCD, 0x42, 0x00
    0xE0, 0xCF, 0x42, 0x00, 0x00, 0xD3, 0x42, 0x00, 0x20, 0xC9, 0x42, 0x00, 0xD0, 0xC9, 0x42, 0x00
    0x20, 0xCA, 0x42, 0x00, 0x30, 0xCA, 0x42, 0x00
};
CHero_vtable DAT_00663EB8 = {0x30, 0x2A, 0x4F, 0x00, 0xE0, 0x9E, 0x5D, 0x00, 0xD0, 0x9E, 0x5D, 0x00, 0x20, 0x3B, 0x4F, 0x00};
WatcomTypeInfo g_CSvetlanaTypeInfo = {
    0x00, 0x01, 0x02, 0x00, 0x50, 0x88, 0x5D, 0x00, 0x9F, 0xEE, 0x5F, 0x00, 0x50, 0x9F, 0x5D, 0x00
    0xD8, 0xF8, 0x09, 0x00, 0x58, 0x42, 0x68, 0x00
};
CDemonActor_vtable g_CBassPlayerVTable = {
    0x90, 0xA0, 0x5D, 0x00, 0xB0, 0x48, 0x54, 0x00, 0xC0, 0xA2, 0x42, 0x00, 0xE0, 0xB0, 0x42, 0x00
    0x70, 0x4B, 0x54, 0x00, 0xA0, 0xB8, 0x42, 0x00, 0x30, 0xC8, 0x40, 0x00, 0xF0, 0xC8, 0x40, 0x00
    0x10, 0xCA, 0x40, 0x00, 0x60, 0x8F, 0x40, 0x00, 0x80, 0x8F, 0x40, 0x00, 0xA0, 0x8F, 0x40, 0x00
    0xD0, 0x8F, 0x40, 0x00, 0x20, 0xBC, 0x42, 0x00, 0xB0, 0x8D, 0x40, 0x00, 0x90, 0x8D, 0x40, 0x00
    0x80, 0x98, 0x40, 0x00, 0xA0, 0x98, 0x40, 0x00, 0xC0, 0x98, 0x40, 0x00, 0xE0, 0x98, 0x40, 0x00
    0x90, 0x9B, 0x40, 0x00, 0x50, 0xDE, 0x42, 0x00, 0x40, 0x9F, 0x40, 0x00, 0x60, 0x9F, 0x40, 0x00
    0xD0, 0x85, 0x42, 0x00, 0x10, 0xA0, 0x40, 0x00, 0x20, 0xC7, 0x40, 0x00, 0xF0, 0xA0, 0x40, 0x00
    0x10, 0xA2, 0x40, 0x00, 0xC0, 0xAB, 0x40, 0x00, 0x20, 0xAC, 0x40, 0x00, 0x00, 0x90, 0x40, 0x00
    0x20, 0x90, 0x40, 0x00, 0x40, 0x90, 0x40, 0x00, 0x90, 0xBF, 0x42, 0x00, 0x60, 0x90, 0x40, 0x00
    0x30, 0xA0, 0x40, 0x00, 0x90, 0xA0, 0x40, 0x00, 0xB0, 0xA0, 0x40, 0x00, 0xD0, 0xA0, 0x40, 0x00
    0x90, 0xDF, 0x42, 0x00, 0xC0, 0x90, 0x40, 0x00, 0x50, 0x91, 0x40, 0x00, 0x40, 0x98, 0x40, 0x00
    0xC0, 0x8C, 0x40, 0x00, 0x10, 0x8D, 0x40, 0x00, 0x50, 0x8D, 0x40, 0x00, 0x30, 0x4E, 0x54, 0x00
    0xE0, 0xDD, 0x42, 0x00, 0x50, 0xA0, 0x5D, 0x00, 0xE0, 0xCF, 0x40, 0x00, 0xA0, 0xF8, 0x42, 0x00
    0x00, 0xF8, 0x42, 0x00, 0x40, 0x4E, 0x54, 0x00, 0x30, 0xC7, 0x40, 0x00, 0x50, 0xD1, 0x40, 0x00
    0xD0, 0xCF, 0x40, 0x00, 0x10, 0xA6, 0x5D, 0x00, 0xA0, 0x4B, 0x54, 0x00
};
CCharacter_vtable DAT_00664000 = {
    0xE0, 0x8E, 0x42, 0x00, 0x30, 0x8E, 0x42, 0x00, 0x10, 0x4E, 0x54, 0x00, 0x30, 0xBF, 0x42, 0x00
    0x30, 0xBF, 0x42, 0x00, 0x30, 0xBF, 0x42, 0x00, 0x40, 0xBF, 0x42, 0x00, 0x80, 0xBF, 0x42, 0x00
    0x70, 0xBF, 0x42, 0x00, 0x70, 0xBF, 0x42, 0x00, 0x10, 0xC1, 0x42, 0x00, 0x80, 0xC1, 0x42, 0x00
    0x40, 0xA2, 0x5D, 0x00, 0x80, 0xC5, 0x42, 0x00, 0x10, 0xC0, 0x42, 0x00, 0x30, 0xBF, 0x42, 0x00
    0xF0, 0xA3, 0x42, 0x00, 0x50, 0xCD, 0x42, 0x00, 0x60, 0xCD, 0x42, 0x00, 0x90, 0xCD, 0x42, 0x00
    0xE0, 0xCF, 0x42, 0x00, 0x20, 0xA1, 0x5D, 0x00, 0x20, 0xC9, 0x42, 0x00, 0xD0, 0xC9, 0x42, 0x00
    0x20, 0xCA, 0x42, 0x00, 0x30, 0xCA, 0x42, 0x00
};
CDemonActor_vtable g_CDrummerVTable = {
    0xF0, 0xA2, 0x5D, 0x00, 0xB0, 0x48, 0x54, 0x00, 0xC0, 0xA2, 0x42, 0x00, 0xE0, 0xB0, 0x42, 0x00
    0x70, 0x4B, 0x54, 0x00, 0xA0, 0xB8, 0x42, 0x00, 0x30, 0xC8, 0x40, 0x00, 0xF0, 0xC8, 0x40, 0x00
    0x10, 0xCA, 0x40, 0x00, 0x60, 0x8F, 0x40, 0x00, 0x80, 0x8F, 0x40, 0x00, 0xA0, 0x8F, 0x40, 0x00
    0xD0, 0x8F, 0x40, 0x00, 0x20, 0xBC, 0x42, 0x00, 0xB0, 0x8D, 0x40, 0x00, 0x90, 0x8D, 0x40, 0x00
    0x80, 0x98, 0x40, 0x00, 0xA0, 0x98, 0x40, 0x00, 0xC0, 0x98, 0x40, 0x00, 0xE0, 0x98, 0x40, 0x00
    0x90, 0x9B, 0x40, 0x00, 0x50, 0xDE, 0x42, 0x00, 0x40, 0x9F, 0x40, 0x00, 0x60, 0x9F, 0x40, 0x00
    0xD0, 0x85, 0x42, 0x00, 0x10, 0xA0, 0x40, 0x00, 0x20, 0xC7, 0x40, 0x00, 0xF0, 0xA0, 0x40, 0x00
    0x10, 0xA2, 0x40, 0x00, 0xC0, 0xAB, 0x40, 0x00, 0x20, 0xAC, 0x40, 0x00, 0x00, 0x90, 0x40, 0x00
    0x20, 0x90, 0x40, 0x00, 0x40, 0x90, 0x40, 0x00, 0x90, 0xBF, 0x42, 0x00, 0x60, 0x90, 0x40, 0x00
    0x30, 0xA0, 0x40, 0x00, 0x90, 0xA0, 0x40, 0x00, 0xB0, 0xA0, 0x40, 0x00, 0xD0, 0xA0, 0x40, 0x00
    0x90, 0xDF, 0x42, 0x00, 0xC0, 0x90, 0x40, 0x00, 0x50, 0x91, 0x40, 0x00, 0x40, 0x98, 0x40, 0x00
    0xC0, 0x8C, 0x40, 0x00, 0x10, 0x8D, 0x40, 0x00, 0x50, 0x8D, 0x40, 0x00, 0x30, 0x4E, 0x54, 0x00
    0xE0, 0xDD, 0x42, 0x00, 0xB0, 0xA2, 0x5D, 0x00, 0xE0, 0xCF, 0x40, 0x00, 0xA0, 0xF8, 0x42, 0x00
    0x00, 0xF8, 0x42, 0x00, 0x40, 0x4E, 0x54, 0x00, 0x30, 0xC7, 0x40, 0x00, 0x50, 0xD1, 0x40, 0x00
    0xD0, 0xCF, 0x40, 0x00, 0x40, 0xA5, 0x5D, 0x00, 0xA0, 0x4B, 0x54, 0x00
};
CCharacter_vtable DAT_00664160 = {
    0xE0, 0x8E, 0x42, 0x00, 0x30, 0x8E, 0x42, 0x00, 0x10, 0x4E, 0x54, 0x00, 0x30, 0xBF, 0x42, 0x00
    0x30, 0xBF, 0x42, 0x00, 0x30, 0xBF, 0x42, 0x00, 0x40, 0xBF, 0x42, 0x00, 0x80, 0xBF, 0x42, 0x00
    0x70, 0xBF, 0x42, 0x00, 0x70, 0xBF, 0x42, 0x00, 0x10, 0xC1, 0x42, 0x00, 0x80, 0xC1, 0x42, 0x00
    0x10, 0xA5, 0x5D, 0x00, 0x80, 0xC5, 0x42, 0x00, 0x10, 0xC0, 0x42, 0x00, 0x30, 0xBF, 0x42, 0x00
    0xF0, 0xA3, 0x42, 0x00, 0x50, 0xCD, 0x42, 0x00, 0x60, 0xCD, 0x42, 0x00, 0x90, 0xCD, 0x42, 0x00
    0xE0, 0xCF, 0x42, 0x00, 0x70, 0xA3, 0x5D, 0x00, 0x20, 0xC9, 0x42, 0x00, 0xD0, 0xC9, 0x42, 0x00
    0x20, 0xCA, 0x42, 0x00, 0x30, 0xCA, 0x42, 0x00
};
WatcomTypeInfo g_CDrummerTypeInfo = {
    0x00, 0x01, 0x02, 0x00, 0xC0, 0xA2, 0x5D, 0x00, 0x9F, 0xEE, 0x5F, 0x00, 0x40, 0xA5, 0x5D, 0x00
    0x10, 0xF7, 0x01, 0x00, 0x88, 0x42, 0x68, 0x00
};
WatcomTypeInfo g_CBassPlayerTypeInfo = {
    0x00, 0x01, 0x02, 0x00, 0x60, 0xA0, 0x5D, 0x00, 0x9F, 0xEE, 0x5F, 0x00, 0x10, 0xA6, 0x5D, 0x00
    0x10, 0xF7, 0x01, 0x00, 0x74, 0x42, 0x68, 0x00
};
CDemonActor_vtable g_CTeleportDestVTable = {
    0xB0, 0x8B, 0x40, 0x00, 0x80, 0x8A, 0x40, 0x00, 0xD0, 0xA7, 0x5D, 0x00, 0xC0, 0x8A, 0x40, 0x00
    0xE0, 0x8A, 0x40, 0x00, 0x90, 0xA7, 0x5D, 0x00, 0x30, 0xC8, 0x40, 0x00, 0xF0, 0xC8, 0x40, 0x00
    0x10, 0xCA, 0x40, 0x00, 0x60, 0x8F, 0x40, 0x00, 0x80, 0x8F, 0x40, 0x00, 0xA0, 0x8F, 0x40, 0x00
    0xD0, 0x8F, 0x40, 0x00, 0xC0, 0xA7, 0x5D, 0x00, 0xB0, 0x8D, 0x40, 0x00, 0x90, 0x8D, 0x40, 0x00
    0x80, 0x98, 0x40, 0x00, 0xA0, 0x98, 0x40, 0x00, 0xC0, 0x98, 0x40, 0x00, 0xE0, 0x98, 0x40, 0x00
    0x90, 0x9B, 0x40, 0x00, 0x20, 0x9F, 0x40, 0x00, 0x40, 0x9F, 0x40, 0x00, 0x60, 0x9F, 0x40, 0x00
    0xB0, 0x9F, 0x40, 0x00, 0x10, 0xA0, 0x40, 0x00, 0x20, 0xC7, 0x40, 0x00, 0xF0, 0xA0, 0x40, 0x00
    0x10, 0xA2, 0x40, 0x00, 0xC0, 0xAB, 0x40, 0x00, 0x20, 0xAC, 0x40, 0x00, 0x00, 0x90, 0x40, 0x00
    0x20, 0x90, 0x40, 0x00, 0x40, 0x90, 0x40, 0x00, 0x80, 0x90, 0x40, 0x00, 0x60, 0x90, 0x40, 0x00
    0x30, 0xA0, 0x40, 0x00, 0x90, 0xA0, 0x40, 0x00, 0xB0, 0xA0, 0x40, 0x00, 0xD0, 0xA0, 0x40, 0x00
    0x70, 0x9E, 0x40, 0x00, 0xC0, 0x90, 0x40, 0x00, 0x50, 0x91, 0x40, 0x00, 0x40, 0x98, 0x40, 0x00
    0xC0, 0x8C, 0x40, 0x00, 0x10, 0x8D, 0x40, 0x00, 0x50, 0x8D, 0x40, 0x00, 0xA0, 0x90, 0x40, 0x00
    0xC0, 0x9E, 0x40, 0x00, 0x60, 0xA7, 0x5D, 0x00, 0xE0, 0xCF, 0x40, 0x00, 0x00, 0xD0, 0x40, 0x00
    0x70, 0xA8, 0x5D, 0x00, 0x90, 0xD2, 0x40, 0x00, 0x30, 0xC7, 0x40, 0x00, 0x70, 0xA9, 0x5D, 0x00
    0xD0, 0xCF, 0x40, 0x00, 0xA0, 0xAE, 0x5D, 0x00, 0xC0, 0xC1, 0x40, 0x00
};
CDemonActor_vtable g_CTeleportVTable = {
    0xB0, 0x8B, 0x40, 0x00, 0x20, 0xAA, 0x5D, 0x00, 0x10, 0xAE, 0x5D, 0x00, 0xC0, 0x8A, 0x40, 0x00
    0xE0, 0x8A, 0x40, 0x00, 0xD0, 0xAA, 0x5D, 0x00, 0x30, 0xC8, 0x40, 0x00, 0xF0, 0xC8, 0x40, 0x00
    0x10, 0xCA, 0x40, 0x00, 0x60, 0x8F, 0x40, 0x00, 0x80, 0x8F, 0x40, 0x00, 0xA0, 0x8F, 0x40, 0x00
    0xD0, 0x8F, 0x40, 0x00, 0xC0, 0xA7, 0x5D, 0x00, 0xB0, 0x8D, 0x40, 0x00, 0x90, 0x8D, 0x40, 0x00
    0x80, 0x98, 0x40, 0x00, 0xA0, 0x98, 0x40, 0x00, 0xC0, 0x98, 0x40, 0x00, 0xE0, 0x98, 0x40, 0x00
    0x90, 0x9B, 0x40, 0x00, 0x20, 0x9F, 0x40, 0x00, 0x40, 0x9F, 0x40, 0x00, 0x60, 0x9F, 0x40, 0x00
    0xB0, 0x9F, 0x40, 0x00, 0x10, 0xA0, 0x40, 0x00, 0x20, 0xC7, 0x40, 0x00, 0xF0, 0xA0, 0x40, 0x00
    0x10, 0xA2, 0x40, 0x00, 0xC0, 0xAB, 0x40, 0x00, 0x20, 0xAC, 0x40, 0x00, 0x00, 0x90, 0x40, 0x00
    0x20, 0x90, 0x40, 0x00, 0x40, 0x90, 0x40, 0x00, 0x80, 0x90, 0x40, 0x00, 0x60, 0x90, 0x40, 0x00
    0x30, 0xA0, 0x40, 0x00, 0x90, 0xA0, 0x40, 0x00, 0xB0, 0xA0, 0x40, 0x00, 0xD0, 0xA0, 0x40, 0x00
    0x70, 0x9E, 0x40, 0x00, 0xC0, 0x90, 0x40, 0x00, 0x50, 0x91, 0x40, 0x00, 0x40, 0x98, 0x40, 0x00
    0xC0, 0x8C, 0x40, 0x00, 0x10, 0x8D, 0x40, 0x00, 0x50, 0x8D, 0x40, 0x00, 0xA0, 0x90, 0x40, 0x00
    0xC0, 0x9E, 0x40, 0x00, 0xD0, 0xA9, 0x5D, 0x00, 0xE0, 0xCF, 0x40, 0x00, 0x70, 0xAB, 0x5D, 0x00
    0xE0, 0xAB, 0x5D, 0x00, 0xA0, 0xAB, 0x5D, 0x00, 0x30, 0xC7, 0x40, 0x00, 0xC0, 0xAD, 0x5D, 0x00
    0xD0, 0xCF, 0x40, 0x00, 0x50, 0xAE, 0x5D, 0x00, 0x30, 0xAB, 0x5D, 0x00
};
WatcomTypeInfo g_CTeleportTypeInfo = {
    0x00, 0x01, 0x02, 0x00, 0xE0, 0xA9, 0x5D, 0x00, 0x9F, 0xEE, 0x5F, 0x00, 0x50, 0xAE, 0x5D, 0x00
    0x68, 0x01, 0x00, 0x00, 0xB8, 0x42, 0x68, 0x00
};
WatcomTypeInfo g_CTeleportDestTypeInfo = {
    0x00, 0x01, 0x02, 0x00, 0x70, 0xA7, 0x5D, 0x00, 0x9F, 0xEE, 0x5F, 0x00, 0xA0, 0xAE, 0x5D, 0x00
    0x58, 0x01, 0x00, 0x00, 0xA0, 0x42, 0x68, 0x00
};
CDemonActor_vtable g_CTentacleVTable = {
    0xC0, 0xAF, 0x5D, 0x00, 0x50, 0xB0, 0x5D, 0x00, 0x40, 0xB8, 0x5D, 0x00, 0xE0, 0xB0, 0x42, 0x00
    0xA0, 0x9F, 0x4A, 0x00, 0xA0, 0xB8, 0x42, 0x00, 0x30, 0xC8, 0x40, 0x00, 0xF0, 0xC8, 0x40, 0x00
    0x10, 0xCA, 0x40, 0x00, 0x60, 0x8F, 0x40, 0x00, 0x80, 0x8F, 0x40, 0x00, 0xA0, 0x8F, 0x40, 0x00
    0xD0, 0x8F, 0x40, 0x00, 0x20, 0xBC, 0x42, 0x00, 0xB0, 0x8D, 0x40, 0x00, 0x90, 0x8D, 0x40, 0x00
    0x80, 0x98, 0x40, 0x00, 0xA0, 0x98, 0x40, 0x00, 0xC0, 0x98, 0x40, 0x00, 0xC0, 0x97, 0x4A, 0x00
    0x90, 0x9B, 0x40, 0x00, 0x50, 0xDE, 0x42, 0x00, 0x40, 0x9F, 0x40, 0x00, 0x60, 0x9F, 0x40, 0x00
    0xD0, 0x85, 0x42, 0x00, 0x10, 0xA0, 0x40, 0x00, 0x30, 0xBB, 0x5D, 0x00, 0xF0, 0xA0, 0x40, 0x00
    0x10, 0xA2, 0x40, 0x00, 0xC0, 0xAB, 0x40, 0x00, 0x20, 0xAC, 0x40, 0x00, 0x00, 0x90, 0x40, 0x00
    0x20, 0x90, 0x40, 0x00, 0x40, 0x90, 0x40, 0x00, 0x90, 0xBF, 0x42, 0x00, 0x60, 0x90, 0x40, 0x00
    0x30, 0xA0, 0x40, 0x00, 0x90, 0xA0, 0x40, 0x00, 0xB0, 0xA0, 0x40, 0x00, 0xD0, 0xA0, 0x40, 0x00
    0x90, 0xDF, 0x42, 0x00, 0xC0, 0x90, 0x40, 0x00, 0x50, 0x91, 0x40, 0x00, 0x40, 0x98, 0x40, 0x00
    0xC0, 0x8C, 0x40, 0x00, 0x10, 0x8D, 0x40, 0x00, 0x50, 0x8D, 0x40, 0x00, 0xA0, 0x90, 0x40, 0x00
    0xE0, 0xDD, 0x42, 0x00, 0x50, 0xAF, 0x5D, 0x00, 0xE0, 0xCF, 0x40, 0x00, 0xA0, 0xF8, 0x42, 0x00
    0x00, 0xF8, 0x42, 0x00, 0x60, 0xBC, 0x5D, 0x00, 0x30, 0xC7, 0x40, 0x00, 0x50, 0xD1, 0x40, 0x00
    0xC0, 0xBC, 0x5D, 0x00, 0xF0, 0xBC, 0x5D, 0x00, 0x80, 0xB8, 0x5D, 0x00
};
CCharacter_vtable DAT_00664560 = {
    0xE0, 0x8E, 0x42, 0x00, 0x30, 0x8E, 0x42, 0x00, 0x60, 0xCA, 0x42, 0x00, 0x30, 0xBF, 0x42, 0x00
    0x30, 0xBF, 0x42, 0x00, 0x30, 0xBF, 0x42, 0x00, 0x40, 0xBF, 0x42, 0x00, 0x80, 0xBF, 0x42, 0x00
    0x30, 0xA0, 0x4A, 0x00, 0xC0, 0xA0, 0x4A, 0x00, 0x10, 0xC1, 0x42, 0x00, 0x80, 0xC1, 0x42, 0x00
    0x10, 0x9F, 0x4A, 0x00, 0x80, 0xC5, 0x42, 0x00, 0xD0, 0xB9, 0x5D, 0x00, 0x30, 0xBF, 0x42, 0x00
    0xF0, 0xA3, 0x42, 0x00, 0x50, 0xCD, 0x42, 0x00, 0x60, 0xCD, 0x42, 0x00, 0x90, 0xCD, 0x42, 0x00
    0xE0, 0xCF, 0x42, 0x00, 0x00, 0xD3, 0x42, 0x00, 0x20, 0xC9, 0x42, 0x00, 0xD0, 0xC9, 0x42, 0x00
    0x20, 0xCA, 0x42, 0x00, 0x30, 0xCA, 0x42, 0x00
};
CEnemy_vtable DAT_006645C8 = {0xD0, 0x99, 0x4A, 0x00, 0x00, 0x9B, 0x4A, 0x00, 0x50, 0xA2, 0x4A, 0x00};
WatcomTypeInfo g_CTentacleTypeInfo = {
    0x00, 0x01, 0x02, 0x00, 0x60, 0xAF, 0x5D, 0x00, 0x9F, 0xEE, 0x5F, 0x00, 0xF0, 0xBC, 0x5D, 0x00
    0x2C, 0xBF, 0x00, 0x00, 0xD0, 0x42, 0x68, 0x00
};
WatcomDestructorCall WatcomDestructorCall_00664600 = {0x04, 0x00, 0x00, 0x00, 0xF0, 0xBD, 0x5D, 0x00, 0x54, 0xCD, 0xF6, 0x03};
WatcomTypeInfo g_CTextureListTypeInfo = {
    0x00, 0x01, 0x02, 0x00, 0xD0, 0xBD, 0x5D, 0x00, 0x9F, 0xEE, 0x5F, 0x00, 0xF0, 0xBD, 0x5D, 0x00
    0xEC, 0xA5, 0x01, 0x00, 0xFC, 0x42, 0x68, 0x00
};
CDemonActor_vtable g_CTommyGunVTable = {
    0xF0, 0xDF, 0x5E, 0x00, 0x60, 0xE3, 0x5D, 0x00, 0x30, 0xE0, 0x5E, 0x00, 0xC0, 0x8A, 0x40, 0x00
    0xE0, 0x8A, 0x40, 0x00, 0xC0, 0xE0, 0x5E, 0x00, 0x30, 0xC8, 0x40, 0x00, 0xF0, 0xC8, 0x40, 0x00
    0x10, 0xCA, 0x40, 0x00, 0x60, 0x8F, 0x40, 0x00, 0x80, 0x8F, 0x40, 0x00, 0xA0, 0x8F, 0x40, 0x00
    0xD0, 0x8F, 0x40, 0x00, 0x30, 0xE3, 0x5E, 0x00, 0xB0, 0x8D, 0x40, 0x00, 0x90, 0x8D, 0x40, 0x00
    0x80, 0x98, 0x40, 0x00, 0xA0, 0x98, 0x40, 0x00, 0xC0, 0x98, 0x40, 0x00, 0xE0, 0x98, 0x40, 0x00
    0x90, 0x9B, 0x40, 0x00, 0x20, 0x9F, 0x40, 0x00, 0x40, 0x9F, 0x40, 0x00, 0x60, 0x9F, 0x40, 0x00
    0xB0, 0x9F, 0x40, 0x00, 0x50, 0xE6, 0x5E, 0x00, 0x20, 0xC7, 0x40, 0x00, 0xF0, 0xA0, 0x40, 0x00
    0x10, 0xA2, 0x40, 0x00, 0xC0, 0xAB, 0x40, 0x00, 0x20, 0xAC, 0x40, 0x00, 0x40, 0xE3, 0x5E, 0x00
    0xE0, 0xE3, 0x5E, 0x00, 0xF0, 0xE3, 0x5E, 0x00, 0x80, 0x90, 0x40, 0x00, 0x90, 0xE4, 0x5E, 0x00
    0x30, 0xA0, 0x40, 0x00, 0x90, 0xA0, 0x40, 0x00, 0xB0, 0xA0, 0x40, 0x00, 0xD0, 0xA0, 0x40, 0x00
    0x70, 0x9E, 0x40, 0x00, 0xC0, 0x90, 0x40, 0x00, 0x50, 0x91, 0x40, 0x00, 0x40, 0x98, 0x40, 0x00
    0xC0, 0x8C, 0x40, 0x00, 0x10, 0x8D, 0x40, 0x00, 0x50, 0x8D, 0x40, 0x00, 0xA0, 0x90, 0x40, 0x00
    0xC0, 0x9E, 0x40, 0x00, 0x80, 0xDA, 0x5D, 0x00, 0xE0, 0xCF, 0x40, 0x00, 0x00, 0xD0, 0x40, 0x00
    0x40, 0xD0, 0x40, 0x00, 0xF0, 0xE9, 0x5E, 0x00, 0x30, 0xC7, 0x40, 0x00, 0x50, 0xD1, 0x40, 0x00
    0x60, 0xEA, 0x5E, 0x00, 0xD0, 0xE5, 0x5D, 0x00, 0x50, 0xE2, 0x5E, 0x00
};
CWeapon_vtable DAT_00664760 = {
    0x60, 0xE8, 0x5E, 0x00, 0xA0, 0xE5, 0x5D, 0x00, 0x70, 0xE6, 0x5E, 0x00, 0x30, 0xDB, 0x5D, 0x00
    0x10, 0xE7, 0x5E, 0x00, 0x30, 0xE3, 0x5D, 0x00, 0x30, 0xE8, 0x5E, 0x00, 0xA0, 0xE4, 0x5E, 0x00
};
WatcomTypeInfo g_CTommyGunTypeInfo = {
    0x00, 0x01, 0x02, 0x00, 0x90, 0xDA, 0x5D, 0x00, 0x9F, 0xEE, 0x5F, 0x00, 0xD0, 0xE5, 0x5D, 0x00
    0x84, 0x05, 0x00, 0x00, 0x14, 0x43, 0x68, 0x00
};
CDemonActor_vtable g_CTrapVTable = {
    0xE0, 0xE6, 0x5D, 0x00, 0x70, 0xE7, 0x5D, 0x00, 0x20, 0xE9, 0x5D, 0x00, 0xC0, 0x8A, 0x40, 0x00
    0xE0, 0x8A, 0x40, 0x00, 0x00, 0xEA, 0x5D, 0x00, 0x30, 0xC8, 0x40, 0x00, 0xF0, 0xC8, 0x40, 0x00
    0x10, 0xCA, 0x40, 0x00, 0x60, 0x8F, 0x40, 0x00, 0x80, 0x8F, 0x40, 0x00, 0xA0, 0x8F, 0x40, 0x00
    0xD0, 0x8F, 0x40, 0x00, 0x20, 0xE7, 0x5D, 0x00, 0xB0, 0x8D, 0x40, 0x00, 0x90, 0x8D, 0x40, 0x00
    0x80, 0x98, 0x40, 0x00, 0xA0, 0x98, 0x40, 0x00, 0xC0, 0x98, 0x40, 0x00, 0xE0, 0x98, 0x40, 0x00
    0x90, 0x9B, 0x40, 0x00, 0x20, 0x9F, 0x40, 0x00, 0x40, 0x9F, 0x40, 0x00, 0x60, 0x9F, 0x40, 0x00
    0xB0, 0x9F, 0x40, 0x00, 0x10, 0xA0, 0x40, 0x00, 0x20, 0xC7, 0x40, 0x00, 0xF0, 0xA0, 0x40, 0x00
    0x10, 0xA2, 0x40, 0x00, 0xC0, 0xAB, 0x40, 0x00, 0x20, 0xAC, 0x40, 0x00, 0x10, 0xE7, 0x5D, 0x00
    0x40, 0xE7, 0x5D, 0x00, 0x50, 0xE7, 0x5D, 0x00, 0x80, 0x90, 0x40, 0x00, 0x60, 0xE7, 0x5D, 0x00
    0x30, 0xA0, 0x40, 0x00, 0x90, 0xA0, 0x40, 0x00, 0xB0, 0xA0, 0x40, 0x00, 0xD0, 0xA0, 0x40, 0x00
    0x70, 0x9E, 0x40, 0x00, 0xC0, 0x90, 0x40, 0x00, 0x50, 0x91, 0x40, 0x00, 0x40, 0x98, 0x40, 0x00
    0xC0, 0x8C, 0x40, 0x00, 0x10, 0x8D, 0x40, 0x00, 0x50, 0x8D, 0x40, 0x00, 0xA0, 0x90, 0x40, 0x00
    0xC0, 0x9E, 0x40, 0x00, 0x80, 0xE6, 0x5D, 0x00, 0xE0, 0xCF, 0x40, 0x00, 0x00, 0xD0, 0x40, 0x00
    0x40, 0xD0, 0x40, 0x00, 0x50, 0xEA, 0x5D, 0x00, 0x30, 0xC7, 0x40, 0x00, 0x50, 0xD1, 0x40, 0x00
    0x90, 0xEA, 0x5D, 0x00, 0xB0, 0xEA, 0x5D, 0x00, 0xC0, 0xE9, 0x5D, 0x00
};
WatcomTypeInfo g_CTrapTypeInfo = {
    0x00, 0x01, 0x02, 0x00, 0x90, 0xE6, 0x5D, 0x00, 0x9F, 0xEE, 0x5F, 0x00, 0xB0, 0xEA, 0x5D, 0x00
    0xDC, 0x02, 0x00, 0x00, 0x2C, 0x43, 0x68, 0x00
};
CDemonActor_vtable g_CTrashVTable = {
    0xC0, 0xEB, 0x5D, 0x00, 0xF0, 0xEC, 0x5D, 0x00, 0x50, 0xF5, 0x5D, 0x00, 0xC0, 0x8A, 0x40, 0x00
    0xE0, 0x8A, 0x40, 0x00, 0x10, 0xF6, 0x5D, 0x00, 0x30, 0xC8, 0x40, 0x00, 0xF0, 0xC8, 0x40, 0x00
    0x10, 0xCA, 0x40, 0x00, 0x60, 0x8F, 0x40, 0x00, 0x80, 0x8F, 0x40, 0x00, 0xA0, 0x8F, 0x40, 0x00
    0xD0, 0x8F, 0x40, 0x00, 0xD0, 0xF6, 0x5D, 0x00, 0xB0, 0x8D, 0x40, 0x00, 0x90, 0x8D, 0x40, 0x00
    0x80, 0x98, 0x40, 0x00, 0xA0, 0x98, 0x40, 0x00, 0xC0, 0x98, 0x40, 0x00, 0xE0, 0x98, 0x40, 0x00
    0x90, 0x9B, 0x40, 0x00, 0x20, 0x9F, 0x40, 0x00, 0x40, 0x9F, 0x40, 0x00, 0x60, 0x9F, 0x40, 0x00
    0xB0, 0x9F, 0x40, 0x00, 0x10, 0xA0, 0x40, 0x00, 0x20, 0xC7, 0x40, 0x00, 0xF0, 0xA0, 0x40, 0x00
    0x10, 0xA2, 0x40, 0x00, 0xC0, 0xAB, 0x40, 0x00, 0x20, 0xAC, 0x40, 0x00, 0x00, 0x90, 0x40, 0x00
    0x20, 0x90, 0x40, 0x00, 0x40, 0x90, 0x40, 0x00, 0x80, 0x90, 0x40, 0x00, 0x60, 0x90, 0x40, 0x00
    0x30, 0xA0, 0x40, 0x00, 0x90, 0xA0, 0x40, 0x00, 0xB0, 0xA0, 0x40, 0x00, 0xD0, 0xA0, 0x40, 0x00
    0x70, 0x9E, 0x40, 0x00, 0xC0, 0x90, 0x40, 0x00, 0x50, 0x91, 0x40, 0x00, 0x40, 0x98, 0x40, 0x00
    0xC0, 0x8C, 0x40, 0x00, 0x10, 0x8D, 0x40, 0x00, 0x50, 0x8D, 0x40, 0x00, 0xA0, 0x90, 0x40, 0x00
    0xC0, 0x9E, 0x40, 0x00, 0x60, 0xEB, 0x5D, 0x00, 0xE0, 0xCF, 0x40, 0x00, 0x00, 0xD0, 0x40, 0x00
    0x50, 0xF7, 0x5D, 0x00, 0xE0, 0xF6, 0x5D, 0x00, 0x30, 0xC7, 0x40, 0x00, 0x50, 0xD1, 0x40, 0x00
    0x20, 0xF7, 0x5D, 0x00, 0x80, 0xF7, 0x5D, 0x00, 0x80, 0xEC, 0x5D, 0x00
};
WatcomTypeInfo g_CTrashTypeInfo = {
    0x00, 0x01, 0x02, 0x00, 0x70, 0xEB, 0x5D, 0x00, 0x9F, 0xEE, 0x5F, 0x00, 0x80, 0xF7, 0x5D, 0x00
    0x28, 0x03, 0x00, 0x00, 0x40, 0x43, 0x68, 0x00
};
CDemonActor_vtable g_CTriggerVTable = {
    0x90, 0xF9, 0x5D, 0x00, 0xC0, 0xFA, 0x5D, 0x00, 0xA0, 0x8A, 0x40, 0x00, 0xD0, 0x00, 0x5E, 0x00
    0xE0, 0x8A, 0x40, 0x00, 0x30, 0x06, 0x5E, 0x00, 0x30, 0xC8, 0x40, 0x00, 0xF0, 0xC8, 0x40, 0x00
    0x10, 0xCA, 0x40, 0x00, 0x60, 0x8F, 0x40, 0x00, 0x80, 0x8F, 0x40, 0x00, 0xA0, 0x8F, 0x40, 0x00
    0xD0, 0x8F, 0x40, 0x00, 0x30, 0x09, 0x5E, 0x00, 0xB0, 0x8D, 0x40, 0x00, 0x90, 0x8D, 0x40, 0x00
    0x80, 0x98, 0x40, 0x00, 0xA0, 0x98, 0x40, 0x00, 0xC0, 0x98, 0x40, 0x00, 0x30, 0x0C, 0x5E, 0x00
    0x90, 0x9B, 0x40, 0x00, 0x20, 0x9F, 0x40, 0x00, 0x80, 0x09, 0x5E, 0x00, 0x20, 0x0A, 0x5E, 0x00
    0xB0, 0x9F, 0x40, 0x00, 0x10, 0xA0, 0x40, 0x00, 0x20, 0xC7, 0x40, 0x00, 0xF0, 0xA0, 0x40, 0x00
    0x10, 0xA2, 0x40, 0x00, 0xC0, 0xAB, 0x40, 0x00, 0x20, 0xAC, 0x40, 0x00, 0x00, 0x90, 0x40, 0x00
    0x20, 0x90, 0x40, 0x00, 0x40, 0x90, 0x40, 0x00, 0x80, 0x90, 0x40, 0x00, 0x60, 0x90, 0x40, 0x00
    0x30, 0xA0, 0x40, 0x00, 0x90, 0xA0, 0x40, 0x00, 0xB0, 0xA0, 0x40, 0x00, 0xD0, 0xA0, 0x40, 0x00
    0x70, 0x9E, 0x40, 0x00, 0xC0, 0x90, 0x40, 0x00, 0x50, 0x91, 0x40, 0x00, 0x50, 0x0A, 0x5E, 0x00
    0xC0, 0x8C, 0x40, 0x00, 0x10, 0x8D, 0x40, 0x00, 0x50, 0x8D, 0x40, 0x00, 0xA0, 0x90, 0x40, 0x00
    0xC0, 0x9E, 0x40, 0x00, 0x30, 0xF8, 0x5D, 0x00, 0xE0, 0xCF, 0x40, 0x00, 0x00, 0xD0, 0x40, 0x00
    0x80, 0x11, 0x5E, 0x00, 0x70, 0x0F, 0x5E, 0x00, 0x30, 0xC7, 0x40, 0x00, 0x50, 0x13, 0x5E, 0x00
    0xD0, 0xCF, 0x40, 0x00, 0x60, 0x16, 0x5E, 0x00, 0x90, 0x06, 0x5E, 0x00
};
WatcomTypeInfo g_CTriggerTypeInfo = {
    0x00, 0x01, 0x02, 0x00, 0x40, 0xF8, 0x5D, 0x00, 0x9F, 0xEE, 0x5F, 0x00, 0x60, 0x16, 0x5E, 0x00
    0x70, 0x03, 0x00, 0x00, 0xEC, 0x43, 0x68, 0x00
};
CDemonActor_vtable g_CTurretVTable = {
    0x40, 0x22, 0x5E, 0x00, 0x30, 0x24, 0x5E, 0x00, 0x20, 0x23, 0x5E, 0x00, 0xC0, 0x8A, 0x40, 0x00
    0xE0, 0x8A, 0x40, 0x00, 0x10, 0x29, 0x5E, 0x00, 0x30, 0xC8, 0x40, 0x00, 0xF0, 0xC8, 0x40, 0x00
    0x10, 0xCA, 0x40, 0x00, 0x60, 0x8F, 0x40, 0x00, 0x80, 0x8F, 0x40, 0x00, 0xA0, 0x8F, 0x40, 0x00
    0xD0, 0x8F, 0x40, 0x00, 0x30, 0xE3, 0x5E, 0x00, 0xB0, 0x8D, 0x40, 0x00, 0x90, 0x8D, 0x40, 0x00
    0x80, 0x98, 0x40, 0x00, 0xA0, 0x98, 0x40, 0x00, 0xC0, 0x98, 0x40, 0x00, 0xE0, 0x98, 0x40, 0x00
    0x90, 0x9B, 0x40, 0x00, 0x20, 0x9F, 0x40, 0x00, 0x40, 0x9F, 0x40, 0x00, 0x60, 0x9F, 0x40, 0x00
    0xB0, 0x9F, 0x40, 0x00, 0x50, 0xE6, 0x5E, 0x00, 0x20, 0xC7, 0x40, 0x00, 0xF0, 0xA0, 0x40, 0x00
    0x10, 0xA2, 0x40, 0x00, 0xC0, 0xAB, 0x40, 0x00, 0x20, 0xAC, 0x40, 0x00, 0x70, 0x3C, 0x5E, 0x00
    0xE0, 0xE3, 0x5E, 0x00, 0xF0, 0xE3, 0x5E, 0x00, 0x80, 0x90, 0x40, 0x00, 0x90, 0xE4, 0x5E, 0x00
    0x40, 0x34, 0x5E, 0x00, 0xB0, 0x34, 0x5E, 0x00, 0xD0, 0x34, 0x5E, 0x00, 0x40, 0x35, 0x5E, 0x00
    0x70, 0x9E, 0x40, 0x00, 0xC0, 0x90, 0x40, 0x00, 0x50, 0x91, 0x40, 0x00, 0x40, 0x98, 0x40, 0x00
    0xC0, 0x8C, 0x40, 0x00, 0x10, 0x8D, 0x40, 0x00, 0x50, 0x8D, 0x40, 0x00, 0xA0, 0x90, 0x40, 0x00
    0xC0, 0x9E, 0x40, 0x00, 0xE0, 0x20, 0x5E, 0x00, 0xE0, 0xCF, 0x40, 0x00, 0x00, 0xD0, 0x40, 0x00
    0xD0, 0x3D, 0x5E, 0x00, 0xA0, 0x3C, 0x5E, 0x00, 0x30, 0xC7, 0x40, 0x00, 0x50, 0xD1, 0x40, 0x00
    0x60, 0xEA, 0x5E, 0x00, 0x00, 0x3E, 0x5E, 0x00, 0x40, 0x2C, 0x5E, 0x00
};
CWeapon_vtable DAT_00664C70 = {
    0x60, 0xE8, 0x5E, 0x00, 0x40, 0xE6, 0x5E, 0x00, 0x20, 0x37, 0x5E, 0x00, 0x50, 0x37, 0x5E, 0x00
    0x10, 0xE7, 0x5E, 0x00, 0xF0, 0x36, 0x5E, 0x00, 0x30, 0xE8, 0x5E, 0x00, 0xA0, 0xE4, 0x5E, 0x00
};
WatcomTypeInfo g_CTurretTypeInfo = {
    0x00, 0x01, 0x02, 0x00, 0xF0, 0x20, 0x5E, 0x00, 0x9F, 0xEE, 0x5F, 0x00, 0x00, 0x3E, 0x5E, 0x00
    0xBC, 0x08, 0x00, 0x00, 0x44, 0x44, 0x68, 0x00
};
CDemonActor_vtable g_CTVBatVTable = {
    0x50, 0x40, 0x5E, 0x00, 0x10, 0x42, 0x5E, 0x00, 0x80, 0x4D, 0x5E, 0x00, 0xE0, 0xB0, 0x42, 0x00
    0xA0, 0x9F, 0x4A, 0x00, 0x50, 0x50, 0x5E, 0x00, 0x30, 0xC8, 0x40, 0x00, 0xF0, 0xC8, 0x40, 0x00
    0x10, 0xCA, 0x40, 0x00, 0x60, 0x8F, 0x40, 0x00, 0x80, 0x8F, 0x40, 0x00, 0xA0, 0x8F, 0x40, 0x00
    0xD0, 0x8F, 0x40, 0x00, 0xD0, 0x50, 0x5E, 0x00, 0xB0, 0x8D, 0x40, 0x00, 0x90, 0x8D, 0x40, 0x00
    0x80, 0x98, 0x40, 0x00, 0xA0, 0x98, 0x40, 0x00, 0xC0, 0x98, 0x40, 0x00, 0xF0, 0x50, 0x5E, 0x00
    0x90, 0x9B, 0x40, 0x00, 0x50, 0xDE, 0x42, 0x00, 0x40, 0x9F, 0x40, 0x00, 0x60, 0x9F, 0x40, 0x00
    0xD0, 0x85, 0x42, 0x00, 0x10, 0xA0, 0x40, 0x00, 0x20, 0xC7, 0x40, 0x00, 0xF0, 0xA0, 0x40, 0x00
    0x10, 0xA2, 0x40, 0x00, 0xC0, 0xAB, 0x40, 0x00, 0x20, 0xAC, 0x40, 0x00, 0x00, 0x90, 0x40, 0x00
    0x20, 0x90, 0x40, 0x00, 0x40, 0x90, 0x40, 0x00, 0x90, 0xBF, 0x42, 0x00, 0x60, 0x90, 0x40, 0x00
    0x30, 0xA0, 0x40, 0x00, 0x90, 0xA0, 0x40, 0x00, 0xB0, 0xA0, 0x40, 0x00, 0xD0, 0xA0, 0x40, 0x00
    0x90, 0xDF, 0x42, 0x00, 0xC0, 0x90, 0x40, 0x00, 0x50, 0x91, 0x40, 0x00, 0x40, 0x98, 0x40, 0x00
    0xC0, 0x8C, 0x40, 0x00, 0x10, 0x8D, 0x40, 0x00, 0x50, 0x8D, 0x40, 0x00, 0xA0, 0x90, 0x40, 0x00
    0xE0, 0xDD, 0x42, 0x00, 0xB0, 0x3E, 0x5E, 0x00, 0xE0, 0xCF, 0x40, 0x00, 0xA0, 0xF8, 0x42, 0x00
    0x60, 0x52, 0x5E, 0x00, 0xA0, 0x51, 0x5E, 0x00, 0x30, 0xC7, 0x40, 0x00, 0x00, 0x54, 0x5E, 0x00
    0x40, 0x54, 0x5E, 0x00, 0x60, 0x54, 0x5E, 0x00, 0xC0, 0x40, 0x5E, 0x00
};
CCharacter_vtable DAT_00664DC0 = {
    0xE0, 0x8E, 0x42, 0x00, 0x30, 0x8E, 0x42, 0x00, 0x60, 0xCA, 0x42, 0x00, 0x30, 0xBF, 0x42, 0x00
    0x30, 0xBF, 0x42, 0x00, 0x30, 0xBF, 0x42, 0x00, 0x40, 0xBF, 0x42, 0x00, 0x80, 0xBF, 0x42, 0x00
    0x30, 0xA0, 0x4A, 0x00, 0xC0, 0xA0, 0x4A, 0x00, 0x10, 0xC1, 0x42, 0x00, 0x80, 0xC1, 0x42, 0x00
    0x30, 0x51, 0x5E, 0x00, 0x00, 0x51, 0x5E, 0x00, 0x10, 0xC0, 0x42, 0x00, 0x30, 0xBF, 0x42, 0x00
    0xF0, 0xA3, 0x42, 0x00, 0x50, 0xCD, 0x42, 0x00, 0x60, 0xCD, 0x42, 0x00, 0x90, 0xCD, 0x42, 0x00
    0xE0, 0xCF, 0x42, 0x00, 0x00, 0xD3, 0x42, 0x00, 0x20, 0xC9, 0x42, 0x00, 0xD0, 0xC9, 0x42, 0x00
    0x20, 0xCA, 0x42, 0x00, 0x30, 0xCA, 0x42, 0x00
};
CEnemy_vtable DAT_00664E28 = {0xD0, 0x99, 0x4A, 0x00, 0x00, 0x9B, 0x4A, 0x00, 0x50, 0xA2, 0x4A, 0x00};
WatcomTypeInfo g_CTVBatTypeInfo = {
    0x00, 0x01, 0x02, 0x00, 0xF0, 0x3E, 0x5E, 0x00, 0x9F, 0xEE, 0x5F, 0x00, 0x60, 0x54, 0x5E, 0x00
    0xF4, 0xC0, 0x00, 0x00, 0x58, 0x44, 0x68, 0x00
};
CDemonActor_vtable g_CVampireBossVTable = {
    0xC0, 0x56, 0x5E, 0x00, 0x70, 0x59, 0x5E, 0x00, 0xA0, 0x6D, 0x5E, 0x00, 0xE0, 0xB0, 0x42, 0x00
    0xA0, 0x9F, 0x4A, 0x00, 0xA0, 0xB8, 0x42, 0x00, 0x30, 0xC8, 0x40, 0x00, 0xF0, 0xC8, 0x40, 0x00
    0x10, 0xCA, 0x40, 0x00, 0x60, 0x8F, 0x40, 0x00, 0x80, 0x8F, 0x40, 0x00, 0xA0, 0x8F, 0x40, 0x00
    0xD0, 0x8F, 0x40, 0x00, 0xF0, 0x75, 0x5E, 0x00, 0xB0, 0x8D, 0x40, 0x00, 0x90, 0x8D, 0x40, 0x00
    0x80, 0x98, 0x40, 0x00, 0xA0, 0x98, 0x40, 0x00, 0xC0, 0x98, 0x40, 0x00, 0x80, 0x72, 0x5E, 0x00
    0x90, 0x9B, 0x40, 0x00, 0x50, 0xDE, 0x42, 0x00, 0x40, 0x9F, 0x40, 0x00, 0x60, 0x9F, 0x40, 0x00
    0xD0, 0x85, 0x42, 0x00, 0x10, 0xA0, 0x40, 0x00, 0x20, 0xC7, 0x40, 0x00, 0xF0, 0xA0, 0x40, 0x00
    0x10, 0xA2, 0x40, 0x00, 0xC0, 0xAB, 0x40, 0x00, 0x20, 0xAC, 0x40, 0x00, 0x00, 0x90, 0x40, 0x00
    0x20, 0x90, 0x40, 0x00, 0x40, 0x90, 0x40, 0x00, 0x90, 0xBF, 0x42, 0x00, 0x60, 0x90, 0x40, 0x00
    0x30, 0xA0, 0x40, 0x00, 0x90, 0xA0, 0x40, 0x00, 0xB0, 0xA0, 0x40, 0x00, 0xD0, 0xA0, 0x40, 0x00
    0x90, 0xDF, 0x42, 0x00, 0xC0, 0x90, 0x40, 0x00, 0x50, 0x91, 0x40, 0x00, 0x40, 0x98, 0x40, 0x00
    0xC0, 0x8C, 0x40, 0x00, 0x10, 0x8D, 0x40, 0x00, 0x50, 0x8D, 0x40, 0x00, 0xA0, 0x90, 0x40, 0x00
    0xE0, 0xDD, 0x42, 0x00, 0x80, 0x55, 0x5E, 0x00, 0xE0, 0xCF, 0x40, 0x00, 0xA0, 0xF8, 0x42, 0x00
    0x00, 0xF8, 0x42, 0x00, 0x50, 0x76, 0x5E, 0x00, 0x30, 0xC7, 0x40, 0x00, 0x50, 0xD1, 0x40, 0x00
    0xD0, 0xCF, 0x40, 0x00, 0x00, 0x77, 0x5E, 0x00, 0x50, 0x6F, 0x5E, 0x00
};
CCharacter_vtable DAT_00664F80 = {
    0xE0, 0x8E, 0x42, 0x00, 0x30, 0x8E, 0x42, 0x00, 0x60, 0xCA, 0x42, 0x00, 0x30, 0xBF, 0x42, 0x00
    0x30, 0xBF, 0x42, 0x00, 0x30, 0xBF, 0x42, 0x00, 0x40, 0xBF, 0x42, 0x00, 0x80, 0xBF, 0x42, 0x00
    0x30, 0xA0, 0x4A, 0x00, 0xC0, 0xA0, 0x4A, 0x00, 0x10, 0xC1, 0x42, 0x00, 0x80, 0xC1, 0x42, 0x00
    0x30, 0x70, 0x5E, 0x00, 0x70, 0x72, 0x5E, 0x00, 0x10, 0xC0, 0x42, 0x00, 0x30, 0xBF, 0x42, 0x00
    0xF0, 0xA3, 0x42, 0x00, 0x50, 0xCD, 0x42, 0x00, 0x60, 0xCD, 0x42, 0x00, 0x90, 0xCD, 0x42, 0x00
    0xE0, 0xCF, 0x42, 0x00, 0x80, 0x6B, 0x5E, 0x00, 0x20, 0xC9, 0x42, 0x00, 0xD0, 0xC9, 0x42, 0x00
    0x20, 0xCA, 0x42, 0x00, 0x30, 0xCA, 0x42, 0x00
};
CEnemy_vtable DAT_00664FE8 = {0xD0, 0x99, 0x4A, 0x00, 0x00, 0x9B, 0x4A, 0x00, 0x50, 0xA2, 0x4A, 0x00};
WatcomTypeInfo g_CVampireBossTypeInfo = {
    0x00, 0x01, 0x02, 0x00, 0x90, 0x55, 0x5E, 0x00, 0x9F, 0xEE, 0x5F, 0x00, 0x00, 0x77, 0x5E, 0x00
    0x20, 0xE9, 0x0C, 0x00, 0x6C, 0x44, 0x68, 0x00
};
WatcomTypeInfo g_CTireTypeInfo = {
    0x00, 0x01, 0x02, 0x00, 0xA0, 0x8D, 0x5E, 0x00, 0x9F, 0xEE, 0x5F, 0x00, 0xC0, 0x8D, 0x5E, 0x00
    0xB4, 0x01, 0x00, 0x00, 0xA4, 0x44, 0x68, 0x00
};
WatcomTypeInfo g_CVehicleTypeInfo = {
    0x00, 0x01, 0x02, 0x00, 0x40, 0x79, 0x5E, 0x00, 0x9F, 0xEE, 0x5F, 0x00, 0x20, 0x8D, 0x5E, 0x00
    0x78, 0x10, 0x00, 0x00, 0x94, 0x44, 0x68, 0x00
};
CDemonActor_vtable g_CCryptVesselVTable = {
    0xC0, 0x8F, 0x5E, 0x00, 0xA0, 0x91, 0x5E, 0x00, 0x50, 0x97, 0x5E, 0x00, 0xB0, 0x98, 0x5E, 0x00
    0x00, 0x9A, 0x5E, 0x00, 0xB0, 0x9B, 0x5E, 0x00, 0x30, 0xC8, 0x40, 0x00, 0xF0, 0xC8, 0x40, 0x00
    0x10, 0xCA, 0x40, 0x00, 0x60, 0x8F, 0x40, 0x00, 0x80, 0x8F, 0x40, 0x00, 0xA0, 0x8F, 0x40, 0x00
    0xD0, 0x8F, 0x40, 0x00, 0x90, 0x9B, 0x5E, 0x00, 0xB0, 0x8D, 0x40, 0x00, 0x90, 0x8D, 0x40, 0x00
    0x80, 0x98, 0x40, 0x00, 0xA0, 0x98, 0x40, 0x00, 0xC0, 0x98, 0x40, 0x00, 0xE0, 0x98, 0x40, 0x00
    0x90, 0x9B, 0x40, 0x00, 0x20, 0x9F, 0x40, 0x00, 0x40, 0x9F, 0x40, 0x00, 0x60, 0x9F, 0x40, 0x00
    0xB0, 0x9F, 0x40, 0x00, 0x10, 0xA0, 0x40, 0x00, 0x20, 0xC7, 0x40, 0x00, 0xF0, 0xA0, 0x40, 0x00
    0x10, 0xA2, 0x40, 0x00, 0xC0, 0xAB, 0x40, 0x00, 0x20, 0xAC, 0x40, 0x00, 0x00, 0x91, 0x5E, 0x00
    0x40, 0x91, 0x5E, 0x00, 0x50, 0x91, 0x5E, 0x00, 0x80, 0x90, 0x40, 0x00, 0x70, 0x91, 0x5E, 0x00
    0x30, 0xA0, 0x40, 0x00, 0x90, 0xA0, 0x40, 0x00, 0xB0, 0xA0, 0x40, 0x00, 0xD0, 0xA0, 0x40, 0x00
    0x70, 0x9E, 0x40, 0x00, 0xC0, 0x90, 0x40, 0x00, 0x50, 0x91, 0x40, 0x00, 0x40, 0x98, 0x40, 0x00
    0xC0, 0x8C, 0x40, 0x00, 0x10, 0x8D, 0x40, 0x00, 0x50, 0x8D, 0x40, 0x00, 0xA0, 0x90, 0x40, 0x00
    0xC0, 0x9E, 0x40, 0x00, 0x50, 0x8E, 0x5E, 0x00, 0xE0, 0xCF, 0x40, 0x00, 0x00, 0xD0, 0x40, 0x00
    0x40, 0xD0, 0x40, 0x00, 0x00, 0x9C, 0x5E, 0x00, 0x30, 0xC7, 0x40, 0x00, 0x50, 0xD1, 0x40, 0x00
    0x10, 0x9D, 0x5E, 0x00, 0x30, 0x9D, 0x5E, 0x00, 0x80, 0x9A, 0x5E, 0x00
};
WatcomTypeInfo g_CCryptVesselTypeInfo = {
    0x00, 0x01, 0x02, 0x00, 0x60, 0x8E, 0x5E, 0x00, 0x9F, 0xEE, 0x5F, 0x00, 0x30, 0x9D, 0x5E, 0x00
    0xF4, 0x07, 0x00, 0x00, 0xD0, 0x44, 0x68, 0x00
};
WatcomDestructorCall WatcomDestructorCall_006652c0 = {0x04, 0x00, 0x00, 0x00, 0x30, 0x9E, 0x5E, 0x00, 0xE0, 0x75, 0xF8, 0x03};
WatcomTypeInfo g_CWaterTypeInfo = {
    0x00, 0x01, 0x02, 0x00, 0x10, 0x9E, 0x5E, 0x00, 0x9F, 0xEE, 0x5F, 0x00, 0x30, 0x9E, 0x5E, 0x00
    0x10, 0x00, 0x00, 0x00, 0xC4, 0x46, 0x68, 0x00
};
WatcomTypeInfo g_SWaterVertexTypeInfo = {
    0x00, 0x01, 0x02, 0x00, 0xD0, 0xBC, 0x5E, 0x00, 0x9F, 0xEE, 0x5F, 0x00, 0xE0, 0xBC, 0x5E, 0x00
    0x20, 0x00, 0x00, 0x00, 0x8C, 0x48, 0x68, 0x00
};
WatcomTypeInfo g_CWaterActorTypeInfo = {
    0x00, 0x01, 0x02, 0x00, 0xA0, 0xA8, 0x5E, 0x00, 0x9F, 0xEE, 0x5F, 0x00, 0x60, 0xBC, 0x5E, 0x00
    0x38, 0xB2, 0x02, 0x00, 0x78, 0x48, 0x68, 0x00
};
CDemonActor_vtable g_CWayPointVTable = {
    0xB0, 0xBE, 0x5E, 0x00, 0xC0, 0xFA, 0x5D, 0x00, 0x70, 0xBF, 0x5E, 0x00, 0xD0, 0x00, 0x5E, 0x00
    0xE0, 0x8A, 0x40, 0x00, 0x30, 0x06, 0x5E, 0x00, 0x30, 0xC8, 0x40, 0x00, 0xF0, 0xC8, 0x40, 0x00
    0x10, 0xCA, 0x40, 0x00, 0x60, 0x8F, 0x40, 0x00, 0x80, 0x8F, 0x40, 0x00, 0xA0, 0x8F, 0x40, 0x00
    0xD0, 0x8F, 0x40, 0x00, 0x30, 0x09, 0x5E, 0x00, 0xB0, 0x8D, 0x40, 0x00, 0x90, 0x8D, 0x40, 0x00
    0x80, 0x98, 0x40, 0x00, 0xA0, 0x98, 0x40, 0x00, 0xC0, 0x98, 0x40, 0x00, 0x30, 0x0C, 0x5E, 0x00
    0x90, 0x9B, 0x40, 0x00, 0x20, 0x9F, 0x40, 0x00, 0x80, 0x09, 0x5E, 0x00, 0x20, 0x0A, 0x5E, 0x00
    0xB0, 0x9F, 0x40, 0x00, 0x10, 0xA0, 0x40, 0x00, 0x20, 0xC7, 0x40, 0x00, 0xF0, 0xA0, 0x40, 0x00
    0x10, 0xA2, 0x40, 0x00, 0xC0, 0xAB, 0x40, 0x00, 0x20, 0xAC, 0x40, 0x00, 0x00, 0x90, 0x40, 0x00
    0x20, 0x90, 0x40, 0x00, 0x40, 0x90, 0x40, 0x00, 0x80, 0x90, 0x40, 0x00, 0x60, 0x90, 0x40, 0x00
    0x30, 0xA0, 0x40, 0x00, 0x90, 0xA0, 0x40, 0x00, 0xB0, 0xA0, 0x40, 0x00, 0xD0, 0xA0, 0x40, 0x00
    0x70, 0x9E, 0x40, 0x00, 0xC0, 0x90, 0x40, 0x00, 0x50, 0x91, 0x40, 0x00, 0x50, 0x0A, 0x5E, 0x00
    0xC0, 0x8C, 0x40, 0x00, 0x10, 0x8D, 0x40, 0x00, 0x50, 0x8D, 0x40, 0x00, 0xA0, 0x90, 0x40, 0x00
    0xC0, 0x9E, 0x40, 0x00, 0x60, 0xBE, 0x5E, 0x00, 0xE0, 0xCF, 0x40, 0x00, 0x10, 0xC6, 0x5E, 0x00
    0xE0, 0xC5, 0x5E, 0x00, 0xD0, 0xC4, 0x5E, 0x00, 0x30, 0xC7, 0x40, 0x00, 0x90, 0xC6, 0x5E, 0x00
    0xD0, 0xCF, 0x40, 0x00, 0xD0, 0xC8, 0x5E, 0x00, 0x80, 0xC2, 0x5E, 0x00
};
WatcomTypeInfo g_CWayPointTypeInfo = {
    0x00, 0x01, 0x02, 0x00, 0x70, 0xBE, 0x5E, 0x00, 0x9F, 0xEE, 0x5F, 0x00, 0xD0, 0xC8, 0x5E, 0x00
    0x58, 0x05, 0x00, 0x00, 0xA4, 0x48, 0x68, 0x00
};
CDemonActor_vtable g_CWeaponVTable = {
    0xF0, 0xDF, 0x5E, 0x00, 0x10, 0xE1, 0x5E, 0x00, 0x30, 0xE0, 0x5E, 0x00, 0xC0, 0x8A, 0x40, 0x00
    0xE0, 0x8A, 0x40, 0x00, 0xC0, 0xE0, 0x5E, 0x00, 0x30, 0xC8, 0x40, 0x00, 0xF0, 0xC8, 0x40, 0x00
    0x10, 0xCA, 0x40, 0x00, 0x60, 0x8F, 0x40, 0x00, 0x80, 0x8F, 0x40, 0x00, 0xA0, 0x8F, 0x40, 0x00
    0xD0, 0x8F, 0x40, 0x00, 0x30, 0xE3, 0x5E, 0x00, 0xB0, 0x8D, 0x40, 0x00, 0x90, 0x8D, 0x40, 0x00
    0x80, 0x98, 0x40, 0x00, 0xA0, 0x98, 0x40, 0x00, 0xC0, 0x98, 0x40, 0x00, 0xE0, 0x98, 0x40, 0x00
    0x90, 0x9B, 0x40, 0x00, 0x20, 0x9F, 0x40, 0x00, 0x40, 0x9F, 0x40, 0x00, 0x60, 0x9F, 0x40, 0x00
    0xB0, 0x9F, 0x40, 0x00, 0x50, 0xE6, 0x5E, 0x00, 0x20, 0xC7, 0x40, 0x00, 0xF0, 0xA0, 0x40, 0x00
    0x10, 0xA2, 0x40, 0x00, 0xC0, 0xAB, 0x40, 0x00, 0x20, 0xAC, 0x40, 0x00, 0x40, 0xE3, 0x5E, 0x00
    0xE0, 0xE3, 0x5E, 0x00, 0xF0, 0xE3, 0x5E, 0x00, 0x80, 0x90, 0x40, 0x00, 0x90, 0xE4, 0x5E, 0x00
    0x30, 0xA0, 0x40, 0x00, 0x90, 0xA0, 0x40, 0x00, 0xB0, 0xA0, 0x40, 0x00, 0xD0, 0xA0, 0x40, 0x00
    0x70, 0x9E, 0x40, 0x00, 0xC0, 0x90, 0x40, 0x00, 0x50, 0x91, 0x40, 0x00, 0x40, 0x98, 0x40, 0x00
    0xC0, 0x8C, 0x40, 0x00, 0x10, 0x8D, 0x40, 0x00, 0x50, 0x8D, 0x40, 0x00, 0xA0, 0x90, 0x40, 0x00
    0xC0, 0x9E, 0x40, 0x00, 0x50, 0x8B, 0x40, 0x00, 0xE0, 0xCF, 0x40, 0x00, 0x00, 0xD0, 0x40, 0x00
    0x40, 0xD0, 0x40, 0x00, 0xF0, 0xE9, 0x5E, 0x00, 0x30, 0xC7, 0x40, 0x00, 0x50, 0xD1, 0x40, 0x00
    0x60, 0xEA, 0x5E, 0x00, 0x80, 0xDF, 0x5E, 0x00, 0x50, 0xE2, 0x5E, 0x00
};
CWeapon_vtable DAT_006656A0 = {
    0x60, 0xE8, 0x5E, 0x00, 0x40, 0xE6, 0x5E, 0x00, 0x70, 0xE6, 0x5E, 0x00, 0xE0, 0xE6, 0x5E, 0x00
    0x10, 0xE7, 0x5E, 0x00, 0x30, 0xE7, 0x5E, 0x00, 0x30, 0xE8, 0x5E, 0x00, 0xA0, 0xE4, 0x5E, 0x00
};
WatcomTypeInfo g_CWeaponTypeInfo = {
    0x00, 0x01, 0x02, 0x00, 0x70, 0xDE, 0x5E, 0x00, 0x9F, 0xEE, 0x5F, 0x00, 0x80, 0xDF, 0x5E, 0x00
    0x78, 0x05, 0x00, 0x00, 0xF0, 0x48, 0x68, 0x00
};
WatcomTypeInfo g_CDemonGlobeTypeInfo = {
    0x00, 0x01, 0x02, 0x00, 0x80, 0xEA, 0x5E, 0x00, 0x9F, 0xEE, 0x5F, 0x00, 0x90, 0xEA, 0x5E, 0x00
    0x40, 0x00, 0x00, 0x00, 0xDC, 0x48, 0x68, 0x00
};
WatcomTypeInfo g_CWeatherTypeInfo = {
    0x00, 0x01, 0x02, 0x00, 0xD0, 0xEA, 0x5E, 0x00, 0x9F, 0xEE, 0x5F, 0x00, 0x40, 0xFB, 0x5E, 0x00
    0x38, 0x00, 0x00, 0x00, 0x4C, 0x49, 0x68, 0x00
};
CCharacter_vtable DAT_00665870 = {
    0xE0, 0x8E, 0x42, 0x00, 0x30, 0x8E, 0x42, 0x00, 0x60, 0xCA, 0x42, 0x00, 0x30, 0xBF, 0x42, 0x00
    0x30, 0xBF, 0x42, 0x00, 0x30, 0xBF, 0x42, 0x00, 0x40, 0xBF, 0x42, 0x00, 0x80, 0xBF, 0x42, 0x00
    0x30, 0xA0, 0x4A, 0x00, 0xC0, 0xA0, 0x4A, 0x00, 0x10, 0xC1, 0x42, 0x00, 0x80, 0xC1, 0x42, 0x00
    0xC0, 0x1A, 0x5F, 0x00, 0xB0, 0x1D, 0x5F, 0x00, 0x10, 0xC0, 0x42, 0x00, 0x30, 0xBF, 0x42, 0x00
    0xF0, 0xA3, 0x42, 0x00, 0x50, 0xCD, 0x42, 0x00, 0x60, 0xCD, 0x42, 0x00, 0x90, 0xCD, 0x42, 0x00
    0xE0, 0xCF, 0x42, 0x00, 0x00, 0xD3, 0x42, 0x00, 0xA0, 0x11, 0x5F, 0x00, 0xD0, 0xC9, 0x42, 0x00
    0x20, 0xCA, 0x42, 0x00, 0x30, 0xCA, 0x42, 0x00
};
CEnemy_vtable DAT_006658D8 = {0xD0, 0x99, 0x4A, 0x00, 0x00, 0x9B, 0x4A, 0x00, 0xE0, 0x21, 0x5F, 0x00};
WatcomTypeInfo g_CWerewolfTypeInfo = {
    0x00, 0x01, 0x02, 0x00, 0x10, 0xFC, 0x5E, 0x00, 0x9F, 0xEE, 0x5F, 0x00, 0x20, 0x22, 0x5F, 0x00
    0x04, 0xBF, 0x00, 0x00, 0x78, 0x49, 0x68, 0x00
};
CFont_vtable g_CWinFontVTable = {
    0x90, 0x23, 0x5F, 0x00, 0xF0, 0x23, 0x5F, 0x00, 0xA0, 0x2A, 0x5F, 0x00, 0x00, 0x2B, 0x5F, 0x00
    0x70, 0x2B, 0x5F, 0x00
};
WatcomTypeInfo g_CWinFontTypeInfo = {
    0x00, 0x01, 0x02, 0x00, 0x00, 0x00, 0x00, 0x00, 0x9F, 0xEE, 0x5F, 0x00, 0x90, 0x23, 0x5F, 0x00
    0x3C, 0x01, 0x00, 0x00, 0x89, 0x49, 0x68, 0x00
};
CCharacter_vtable DAT_00665AD0 = {
    0xE0, 0x8E, 0x42, 0x00, 0x30, 0x8E, 0x42, 0x00, 0x60, 0xCA, 0x42, 0x00, 0x20, 0xC9, 0x5F, 0x00
    0x60, 0xC9, 0x5F, 0x00, 0x70, 0xC9, 0x5F, 0x00, 0x40, 0xBF, 0x42, 0x00, 0x80, 0xBF, 0x42, 0x00
    0x30, 0xA0, 0x4A, 0x00, 0xC0, 0xA0, 0x4A, 0x00, 0x10, 0xC1, 0x42, 0x00, 0x80, 0xC1, 0x42, 0x00
    0xF0, 0xC4, 0x5F, 0x00, 0x80, 0xC5, 0x42, 0x00, 0x10, 0xC0, 0x42, 0x00, 0x20, 0xC1, 0x5F, 0x00
    0xF0, 0xA3, 0x42, 0x00, 0x50, 0xCD, 0x42, 0x00, 0x60, 0xCD, 0x42, 0x00, 0x90, 0xCD, 0x42, 0x00
    0xE0, 0xCF, 0x42, 0x00, 0xF0, 0xB1, 0x5F, 0x00, 0x20, 0xC9, 0x42, 0x00, 0xD0, 0xC9, 0x42, 0x00
    0x20, 0xCA, 0x42, 0x00, 0x30, 0xCA, 0x42, 0x00
};
CEnemy_vtable DAT_00665B38 = {0xD0, 0x99, 0x4A, 0x00, 0x00, 0x9B, 0x4A, 0x00, 0x70, 0xCB, 0x5F, 0x00};
WatcomTypeInfo g_CZombieTypeInfo = {
    0x00, 0x01, 0x02, 0x00, 0xE0, 0x8F, 0x5F, 0x00, 0x9F, 0xEE, 0x5F, 0x00, 0x50, 0xCC, 0x5F, 0x00
    0xAC, 0xBF, 0x00, 0x00, 0xB8, 0x49, 0x68, 0x00
};
WatcomVirtualBaseDescriptor g_IstrstreamLayoutInfo = {0x00, 0x00, 0x00, 0x00, 0x58, 0x00, 0x00, 0x00};
int g_Istrstream_IstreamLastReadLength = 0x48;
int g_DefaultStreamBufferSize = 0x1a4;
WatcomVirtualBaseDescriptor g_IFStream_LayoutInfo = {0x00, 0x00, 0x00, 0x00, 0x54, 0x00, 0x00, 0x00};
WatcomVirtualBaseDescriptor g_IFStream_IStreamSubobjectLayout = {0x44, 0x00, 0x00, 0x00, 0x10, 0x00, 0x00, 0x00};
void* g_IFStream_FStreamBaseDestructor = 0x005FF856;
void* g_IFStream_IStreamDestructor = 0x005FF6E2;
void* g_IFStream_IOSDestructor = 0x005FF6F8;
WatcomVirtualBaseDescriptor g_OFStream_VirtualBaseLayout = {0x00, 0x00, 0x00, 0x00, 0x50, 0x00, 0x00, 0x00};
WatcomVirtualBaseDescriptor g_OFStream_OStreamSubobjectLayout = {0x44, 0x00, 0x00, 0x00, 0x0C, 0x00, 0x00, 0x00};
void* g_OFStream_FStreamBaseDestructor = 0x005FF7BC;
void* g_OFStream_OStream = 0x005FF78E;
void* g_OFStream_IOS = 0x005FF7A4;
strstreambuf_vtable g_StrstreambufVTable = {
    0x32, 0xB9, 0x60, 0x00, 0x80, 0x67, 0x60, 0x00, 0xB7, 0xB9, 0x60, 0x00, 0xBD, 0xB9, 0x60, 0x00
    0x25, 0xBA, 0x60, 0x00, 0x70, 0xBA, 0x60, 0x00, 0x80, 0xBA, 0x60, 0x00, 0x5F, 0xBB, 0x60, 0x00
    0x7C, 0xBB, 0x60, 0x00, 0x7F, 0xBB, 0x60, 0x00, 0x22, 0xBC, 0x60, 0x00
};
void* g_StrStreamBase_Destructor = 0x006062A6;
void* g_StrStreamBase_IOSDestructor = 0x0060618A;
void* g_OStream_Destructor = 0x00606231;
void* g_OStream_IOSDestructor = 0x006061E4;
void* g_IOS_Destructor = 0x0060632C;
WatcomTypeInfo g_OStreamTypeInfo = {
    0x04, 0x01, 0x02, 0x00, 0xA2, 0x61, 0x60, 0x00, 0x9F, 0xEE, 0x5F, 0x00, 0x31, 0x62, 0x60, 0x00
    0x38, 0x00, 0x00, 0x00, 0xD4, 0x4A, 0x68, 0x00
};
WatcomTypeInfo g_StrStreamBaseTypeInfo = {
    0x04, 0x01, 0x02, 0x00, 0x9F, 0xEE, 0x5F, 0x00, 0x9F, 0xEE, 0x5F, 0x00, 0xA6, 0x62, 0x60, 0x00
    0x78, 0x00, 0x00, 0x00, 0xE3, 0x4A, 0x68, 0x00
};
WatcomTypeInfo g_IOSTypeInfo = {
    0x00, 0x01, 0x02, 0x00, 0xFC, 0x61, 0x60, 0x00, 0x9F, 0xEE, 0x5F, 0x00, 0x2C, 0x63, 0x60, 0x00
    0x2C, 0x00, 0x00, 0x00, 0xF8, 0x4A, 0x68, 0x00
};
WatcomTypeInfo g_IStreamTypeInfo = {
    0x04, 0x01, 0x02, 0x00, 0x76, 0x63, 0x60, 0x00, 0x9F, 0xEE, 0x5F, 0x00, 0xE1, 0x63, 0x60, 0x00
    0x3C, 0x00, 0x00, 0x00, 0x03, 0x4B, 0x68, 0x00
};
WatcomVirtualBaseDescriptor g_FStreamBase_VirtualBaseLayout = {0x00, 0x00, 0x00, 0x00, 0x48, 0x00, 0x00, 0x00};
void* g_FStreamBase_Destructor = 0x00606509;
void* g_FStreamBase_IOSDestructor = 0x006064F1;
WatcomTypeInfo g_FStreamBaseTypeInfo = {
    0x04, 0x01, 0x02, 0x00, 0x8F, 0x65, 0x60, 0x00, 0x9F, 0xEE, 0x5F, 0x00, 0x09, 0x65, 0x60, 0x00
    0x74, 0x00, 0x00, 0x00, 0x12, 0x4B, 0x68, 0x00
};
short g_DaysInMonth_Normal = 0x0;
short g_DaysInMonth_Leap = 0x0;
streambuf_vtable g_StreambufVTable = {
    0x32, 0xB9, 0x60, 0x00, 0x80, 0x67, 0x60, 0x00, 0xB7, 0xB9, 0x60, 0x00, 0xF1, 0x15, 0x60, 0x00
    0xF1, 0x15, 0x60, 0x00, 0xFF, 0xD5, 0x60, 0x00, 0xB0, 0x0A, 0x61, 0x00, 0x5F, 0xBB, 0x60, 0x00
    0xB6, 0x0A, 0x61, 0x00, 0x4F, 0xD6, 0x60, 0x00, 0x77, 0xD6, 0x60, 0x00, 0x08, 0x00, 0x00, 0x00
    0x28, 0x00, 0x00, 0x00
};
WatcomTypeInfo g_StrStreamBufTypeInfo = {
    0x00, 0x01, 0x02, 0x00, 0xF8, 0xBB, 0x60, 0x00, 0x9F, 0xEE, 0x5F, 0x00, 0x7F, 0xBB, 0x60, 0x00
    0x40, 0x00, 0x00, 0x00, 0x4D, 0x50, 0x68, 0x00
};
filebuf_vtable g_FilebufVTable = {
    0x32, 0xB9, 0x60, 0x00, 0x80, 0x67, 0x60, 0x00, 0xAE, 0xD7, 0x60, 0x00, 0x81, 0xD8, 0x60, 0x00
    0x87, 0xDA, 0x60, 0x00, 0x8C, 0xDB, 0x60, 0x00, 0xE8, 0xDB, 0x60, 0x00, 0x5F, 0xBB, 0x60, 0x00
    0x5E, 0xDC, 0x60, 0x00, 0xF9, 0xBD, 0x60, 0x00, 0x77, 0xD6, 0x60, 0x00
};
WatcomTypeInfo g_FilebufTypeInfo = {
    0x00, 0x01, 0x02, 0x00, 0xDD, 0xBD, 0x60, 0x00, 0x9F, 0xEE, 0x5F, 0x00, 0xF9, 0xBD, 0x60, 0x00
    0x3C, 0x00, 0x00, 0x00, 0x84, 0x54, 0x68, 0x00
};
SResolutionEntry[9] g_ResolutionTable = {
    0x40, 0x01, 0x00, 0x00, 0xC8, 0x00, 0x00, 0x00, 0x40, 0x01, 0x00, 0x00, 0xF0, 0x00, 0x00, 0x00
    0x40, 0x01, 0x00, 0x00, 0x90, 0x01, 0x00, 0x00, 0x00, 0x02, 0x00, 0x00, 0x80, 0x01, 0x00, 0x00
    0x80, 0x02, 0x00, 0x00, 0xE0, 0x01, 0x00, 0x00, 0x20, 0x03, 0x00, 0x00, 0x58, 0x02, 0x00, 0x00
    0x00, 0x04, 0x00, 0x00, 0x00, 0x03, 0x00, 0x00, 0x00, 0x05, 0x00, 0x00, 0x00, 0x04, 0x00, 0x00
    0x40, 0x06, 0x00, 0x00, 0xB0, 0x04, 0x00, 0x00
};
int g_TextWrapEnabled = 0x1;
int g_CurrentTextColor = 0xf8;
int INT_0066df80 = 0x1;
int g_CurrentRenderColor = 0xffffff;
MRGLBlockHandlerFunc*[67] g_MRGLBlockHandlerTable = /* Base64 encoded data (268 bytes):
   "sDdAAOA3QABAOEAAIDpAAIA6QADQOkAAoDtAAMA8QABgPUAAAD5AADA+QADAPkAA"
   "8D5AAADYXQAgP0AAIEFAANBBQAAgQkAAIERAALA3QABQREAAoERAAHBFQACQRkAA"
   "wEZAAOBKQABgTEAAUE1AAPBNQADAUEAAcFFAAHBSQAAwH1AAsFJAAEBIQABASkAA"
   "kFZAALBXQABQ20EA0FhAAABaQABQW0AA4FxAAIBdQAAgXkAAwF5AAGBfQAAAYEAA"
   "oGBAAFBhQADwYUAAkGJAADBkQACgWkAA0GZAAKBnQABgaEAAQGtAAOBtQAAgb0AA"
   "4GtAAGBtQAAgakAAgGxAAMDYXQCQckAAcHRAAA=="
*/;
int[16] g_ColorLookupTable = {
    0xFF, 0x00, 0x00, 0x00, 0xF8, 0x00, 0x00, 0x00, 0x02, 0x00, 0x00, 0x00, 0x04, 0x00, 0x00, 0x00
    0x01, 0x00, 0x00, 0x00, 0x03, 0x00, 0x00, 0x00, 0x05, 0x00, 0x00, 0x00, 0x06, 0x00, 0x00, 0x00
    0x07, 0x00, 0x00, 0x00, 0xF9, 0x00, 0x00, 0x00, 0xFA, 0x00, 0x00, 0x00, 0xFB, 0x00, 0x00, 0x00
    0xE6, 0x00, 0x00, 0x00, 0xF5, 0x00, 0x00, 0x00, 0x00, 0x00, 0x00, 0x00, 0xFD, 0x00, 0x00, 0x00
};
SMRGLTextureBasic DAT_0066e158 = {
    0x0D, 0x00, 0x00, 0x00, 0x00, 0x00, 0x00, 0x00, 0x68, 0x65, 0x61, 0x64, 0x6C, 0x69, 0x74, 0x65
    0x2E, 0x72, 0x61, 0x77, 0x00, 0x00, 0x00, 0x00
};
int g_CDemonActorClassVersion = 0x7;
int g_CAmmoClassVersion = 0x1;
undefined4 g_CAmmoBoxClassVersion = {0x30, 0x78, 0x34, 0x00};
int g_CAnvilClassVersion = 0x1;
int g_CArmourClassVersion = 0x1;
int g_CBackgroundActorClassVersion = 0x2;
undefined4 g_CBaronClassVersion = {0x30, 0x78, 0x32, 0x00};
SMRGLTextureBasic DAT_0066e460 = {
    0x0D, 0x00, 0x00, 0x00, 0x00, 0x00, 0x00, 0x00, 0x42, 0x4C, 0x55, 0x45, 0x47, 0x4C, 0x4F, 0x57
    0x2E, 0x52, 0x41, 0x57, 0x00, 0x00, 0x00, 0x00
};
int g_CBaronWeaponClassVersion = 0x1;
int g_CBarrierClassVersion = 0x2;
undefined4 g_CBatClassVersion = {0x30, 0x78, 0x34, 0x00};
int g_CBatCreatureClassVersion = 0x1;
undefined4 g_CBatmanClassVersion = {0x30, 0x78, 0x33, 0x00};
int g_CBatteryClassVersion = 0x1;
int g_CBeastClassVersion = 0x1;
int g_CBiggsClassVersion = 0x1;
undefined4 g_CBodyPartClassVersion = {0x30, 0x78, 0x35, 0x00};
undefined4 g_CBoneGuyClassVersion = {0x30, 0x78, 0x35, 0x00};
WatcomStaticDestructorNode DAT_0066e5cc = {0x00, 0x00, 0x00, 0x00, 0x80, 0xB1, 0x65, 0x00, 0x01, 0x00, 0x00, 0x00, 0xEC, 0x29, 0x82, 0x00};
int g_CBoxActorClassVersion = 0xf;
int g_CLightActorClassVersion = 0x2;
int g_CBrideClassVersion = 0x4;
int g_CBugsClassVersion = 0x1;
SMRGLTextureBasic DAT_0066e6b0 = {
    0x0D, 0x00, 0x00, 0x00, 0x00, 0x00, 0x00, 0x00, 0x42, 0x4F, 0x4C, 0x54, 0x31, 0x2E, 0x52, 0x41
    0x57, 0x00, 0x00, 0x00, 0x00, 0x00, 0x00, 0x00
};
SMRGLTextureBasic DAT_0066E6C8 = {
    0x0D, 0x00, 0x00, 0x00, 0x00, 0x00, 0x00, 0x00, 0x42, 0x4F, 0x4C, 0x54, 0x32, 0x2E, 0x52, 0x41
    0x57, 0x00, 0x00, 0x00, 0x00, 0x00, 0x00, 0x00
};
SMRGLTextureBasic DAT_0066E6E0 = {
    0x0D, 0x00, 0x00, 0x00, 0x00, 0x00, 0x00, 0x00, 0x42, 0x4F, 0x4C, 0x54, 0x33, 0x2E, 0x52, 0x41
    0x57, 0x00, 0x00, 0x00, 0x00, 0x00, 0x00, 0x00
};
SMRGLTextureBasic DAT_0066E6F8 = {
    0x0D, 0x00, 0x00, 0x00, 0x00, 0x00, 0x00, 0x00, 0x42, 0x4F, 0x4C, 0x54, 0x34, 0x2E, 0x52, 0x41
    0x57, 0x00, 0x00, 0x00, 0x00, 0x00, 0x00, 0x00
};
SMRGLTextureBasic DAT_0066E710 = {
    0x0D, 0x00, 0x00, 0x00, 0x00, 0x00, 0x00, 0x00, 0x42, 0x4F, 0x4C, 0x54, 0x35, 0x2E, 0x52, 0x41
    0x57, 0x00, 0x00, 0x00, 0x00, 0x00, 0x00, 0x00
};
SMRGLTextureBasic DAT_0066E728 = {
    0x0D, 0x00, 0x00, 0x00, 0x00, 0x00, 0x00, 0x00, 0x42, 0x4F, 0x4C, 0x54, 0x36, 0x2E, 0x52, 0x41
    0x57, 0x00, 0x00, 0x00, 0x00, 0x00, 0x00, 0x00
};
int g_CCharacterClassVersion = 0x6;
SMRGLTextureBasic DAT_0066e784 = {
    0x0D, 0x00, 0x00, 0x00, 0x00, 0x00, 0x00, 0x00, 0x43, 0x48, 0x41, 0x52, 0x32, 0x2E, 0x52, 0x41
    0x57, 0x00, 0x00, 0x00, 0x00, 0x00, 0x00, 0x00
};
int g_CChainClassVersion = 0x4;
int g_LineClippingDisabled = 0x1;
int g_NearPlaneDistance = 0x7fffffff;
WatcomStaticDestructorNode g_CDeformableModelInstanceDestructorNode = {0x00, 0x00, 0x00, 0x00, 0x30, 0xBB, 0x65, 0x00, 0x01, 0x00, 0x00, 0x00, 0x58, 0x8E, 0x83, 0x00};
int g_CColonelClassVersion = 0x1;
WatcomStaticDestructorNode g_ConsoleDestructorNode = {0x00, 0x00, 0x00, 0x00, 0xE0, 0xBE, 0x65, 0x00, 0x01, 0x00, 0x00, 0x00, 0xA4, 0xB1, 0x83, 0x00};
CConsole* g_CConsolePtr = 0x0083B1A4;
int g_CConveyorClassVersion = 0x2;
int g_CZombieCowClassVersion = 0x2;
int g_CCrateClassVersion = 0x2;
int g_CCrossbowClassVersion = 0x1;
int g_CCurtainClassVersion = 0x6;
WatcomStaticDestructorNode g_CLZWDecompressDestructorNode = {0x00, 0x00, 0x00, 0x00, 0x30, 0xC6, 0x65, 0x00, 0x01, 0x00, 0x00, 0x00, 0x28, 0x97, 0x3D, 0x01};
int g_CameraShakePeakValue = 0x10000;
int g_CameraShakeSustainValue = 0xc80000;
int g_CameraShakeState = 0x3;
int g_FogColorIndexR = 0x40;
int g_FogColorIndexG = 0x40;
int g_FogColorIndexB = 0x40;
int[8] g_CameraEdgeOffsetX = {
    0x00, 0x00, 0x00, 0x00, 0x01, 0x00, 0x00, 0x00, 0x01, 0x00, 0x00, 0x00, 0x01, 0x00, 0x00, 0x00
    0x00, 0x00, 0x00, 0x00, 0xFF, 0xFF, 0xFF, 0xFF, 0xFF, 0xFF, 0xFF, 0xFF, 0xFF, 0xFF, 0xFF, 0xFF
};
int[8] g_CameraEdgeOffsetY = {
    0xFF, 0xFF, 0xFF, 0xFF, 0xFF, 0xFF, 0xFF, 0xFF, 0x00, 0x00, 0x00, 0x00, 0x01, 0x00, 0x00, 0x00
    0x01, 0x00, 0x00, 0x00, 0x01, 0x00, 0x00, 0x00, 0x00, 0x00, 0x00, 0x00, 0xFF, 0xFF, 0xFF, 0xFF
};
SMRGLTextureBasic g_CameraBackdropTexture = {
    0x0D, 0x00, 0x00, 0x00, 0x00, 0x00, 0x00, 0x00, 0x42, 0x41, 0x43, 0x4B, 0x47, 0x4E, 0x44, 0x2E
    0x52, 0x41, 0x57, 0x00, 0x00, 0x00, 0x00, 0x00
};
int g_EditorDetailLevel = 0xffff;
int g_MouseReferenceY = 0x64;
int g_EditorColorMode = 0x5;
int g_EditorCurrentTexture = 0x2;
int g_ZBufferEnabled = 0x1;
int[14] g_OctantRotationAngles = {
    0x00, 0x00, 0x00, 0x00, 0x00, 0x00, 0x00, 0x00, 0x00, 0x00, 0x00, 0x00, 0x00, 0x80, 0x00, 0x00
    0x00, 0x00, 0x00, 0x00, 0x00, 0x00, 0x00, 0x00, 0x00, 0x00, 0x00, 0x00, 0x00, 0x40, 0x00, 0x00
    0x00, 0x40, 0x00, 0x00, 0x00, 0x40, 0x00, 0x00, 0x00, 0x40, 0x00, 0x00, 0x00, 0x40, 0x00, 0x00
    0x00, 0x40, 0x00, 0x00, 0x00, 0x40, 0x00, 0x00
};
int g_CActorDestinationClassVersion = 0x4;
WatcomStaticDestructorNode DAT_0066ef5c = {0x00, 0x00, 0x00, 0x00, 0x30, 0xC8, 0x65, 0x00, 0x01, 0x00, 0x00, 0x00, 0x78, 0x48, 0x0A, 0x02};
WatcomStaticDestructorNode DAT_0066ef6c = {0x00, 0x00, 0x00, 0x00, 0x3C, 0xC8, 0x65, 0x00, 0x01, 0x00, 0x00, 0x00, 0xD8, 0x4A, 0x0A, 0x02};
WatcomStaticDestructorNode g_CFilterCacheDestructorNode = {0x00, 0x00, 0x00, 0x00, 0x48, 0xC8, 0x65, 0x00, 0x01, 0x00, 0x00, 0x00, 0x08, 0x4C, 0x0A, 0x02};
WatcomStaticDestructorNode g_CFilterFXDestructorNode = {0x00, 0x00, 0x00, 0x00, 0x54, 0xC8, 0x65, 0x00, 0x01, 0x00, 0x00, 0x00, 0x0C, 0x57, 0x0A, 0x02};
CDemonFilter* g_GlobalFilters = 0x020A4878;
CDemonFilter* g_PlayerFilters = 0x020A4878;
CFilterCache* g_CFilterCachePtr = 0x020A4C08;
CFilterFx* g_CFilterFXPtr = 0x020A570C;
SMRGLTextureBasic g_CoronaHeadliteTexture = {
    0x0D, 0x00, 0x00, 0x00, 0x00, 0x00, 0x00, 0x00, 0x68, 0x65, 0x61, 0x64, 0x6C, 0x69, 0x74, 0x65
    0x2E, 0x72, 0x61, 0x77, 0x00, 0x00, 0x00, 0x00
};
CVector3i[62] g_CoronaVertexPositions = /* Base64 encoded data (744 bytes):
   "AAAAAAABAAAAAAAAkv///90AAADA////gP///90AAAAAAAAAwP///90AAACS////"
   "AAAAAN0AAACA////QAAAAN0AAACS////bgAAAN0AAADA////gAAAAN0AAAAAAAAA"
   "bgAAAN0AAABAAAAAQAAAAN0AAABuAAAAAAAAAN0AAACAAAAAwP///90AAABuAAAA"
   "kv///90AAABAAAAA3QAAAIAAAAAAAAAAwAAAAIAAAABuAAAAbgAAAIAAAADAAAAA"
   "AAAAAIAAAADdAAAAkv///4AAAADAAAAAQP///4AAAABuAAAAI////4AAAAAAAAAA"
   "QP///4AAAACS////kv///4AAAABA////AAAAAIAAAAAj////bgAAAIAAAABA////"
   "wAAAAIAAAACS////AAEAAAAAAAAAAAAA3QAAAAAAAACAAAAAgAAAAAAAAADdAAAA"
   "AAAAAAAAAAAAAQAAgP///wAAAADdAAAAI////wAAAACAAAAAAP///wAAAAAAAAAA"
   "I////wAAAACA////gP///wAAAAAj////AAAAAAAAAAAA////gAAAAAAAAAAj////"
   "3QAAAAAAAACA////3QAAAID///8AAAAAwAAAAID///9uAAAAbgAAAID////AAAAA"
   "AAAAAID////dAAAAkv///4D////AAAAAQP///4D///9uAAAAI////4D///8AAAAA"
   "QP///4D///+S////kv///4D///9A////AAAAAID///8j////bgAAAID///9A////"
   "wAAAAID///+S////gAAAACP///8AAAAAbgAAACP///9AAAAAQAAAACP///9uAAAA"
   "AAAAACP///+AAAAAwP///yP///9uAAAAkv///yP///9AAAAAgP///yP///8AAAAA"
   "kv///yP////A////wP///yP///+S////AAAAACP///+A////QAAAACP///+S////"
   "bgAAACP////A////AAAAAAD///8AAAAA"
*/;
SMRGLLightPrimitive[84] g_CoronaFacePrimitives = /* Base64 encoded data (3024 bytes):
   "AwAAABlCAABSCf//tREAAL5RCf8CAAAAAQAAAAAAAAAAAAAAAwAAAGMwAABSCf//"
   "YzAAAL5RCf8BAAAAAwAAAAAAAAAAAAAAAwAAALURAABSCf//GUIAAL5RCf8DAAAA"
   "BAAAAAAAAAAAAAAAAwAAAEvu//9SCf//GUIAAL5RCf8EAAAABQAAAAAAAAAAAAAA"
   "AwAAAJ3P//9SCf//YzAAAL5RCf8FAAAABgAAAAAAAAAAAAAAAwAAAOe9//9SCf//"
   "tREAAL5RCf8GAAAABwAAAAAAAAAAAAAAAwAAAOe9//9SCf//S+7//75RCf8HAAAA"
   "CAAAAAAAAAAAAAAAAwAAAJ3P//9SCf//nc///75RCf8IAAAACQAAAAAAAAAAAAAA"
   "AwAAAEvu//9SCf//573//75RCf8JAAAACgAAAAAAAAAAAAAAAwAAALURAABSCf//"
   "573//75RCf8KAAAACwAAAAAAAAAAAAAAAwAAAGMwAABSCf//nc///75RCf8LAAAA"
   "DAAAAAAAAAAAAAAAAwAAABlCAABSCf//S+7//75RCf8MAAAAAgAAAAAAAAAAAAAA"
   "AwAAABlCAACu9gAAtREAAEKu9gAAAAAACAAAAAcAAAAAAAAAAwAAAGMwAACu9gAA"
   "YzAAAEKu9gAAAAAACQAAAAgAAAAAAAAAAwAAALURAACu9gAAGUIAAEKu9gAAAAAA"
   "CgAAAAkAAAAAAAAAAwAAAEvu//+u9gAAGUIAAEKu9gAAAAAACwAAAAoAAAAAAAAA"
   "AwAAAJ3P//+u9gAAYzAAAEKu9gAAAAAADAAAAAsAAAAAAAAAAwAAAOe9//+u9gAA"
   "tREAAEKu9gAAAAAAAgAAAAwAAAAAAAAAAwAAAOe9//+u9gAAS+7//0Ku9gAAAAAA"
   "AQAAAAIAAAAAAAAAAwAAAJ3P//+u9gAAnc///0Ku9gAAAAAAAwAAAAEAAAAAAAAA"
   "AwAAAEvu//+u9gAA573//0Ku9gAAAAAABAAAAAMAAAAAAAAAAwAAALURAACu9gAA"
   "573//0Ku9gAAAAAABQAAAAQAAAAAAAAAAwAAAGMwAACu9gAAnc///0Ku9gAAAAAA"
   "BgAAAAUAAAAAAAAAAwAAABlCAACu9gAAS+7//0Ku9gAAAAAABwAAAAYAAAAAAAAA"
   "BAAAANqxAADasQAApy8AAG3z8gAHAAAACAAAAA4AAAANAAAABAAAADKCAADasQAA"
   "MoIAAG/z8gAIAAAACQAAAA8AAAAOAAAABAAAAKcvAADasQAA2rEAAGzz8gAJAAAA"
   "CgAAABAAAAAPAAAABAAAAFnQ///asQAA2rEAAG3z8gAKAAAACwAAABEAAAAQAAAA"
   "BAAAAM59///asQAAMoIAAG/z8gALAAAADAAAABIAAAARAAAABAAAACZO///asQAA"
   "py8AAGzz8gAMAAAAAgAAABMAAAASAAAABAAAACZO///asQAAWdD//23z8gACAAAA"
   "AQAAABQAAAATAAAABAAAAM59///asQAAzn3//2/z8gABAAAAAwAAABUAAAAUAAAA"
   "BAAAAFnQ///asQAAJk7//2zz8gADAAAABAAAABYAAAAVAAAABAAAAKcvAADasQAA"
   "Jk7//23z8gAEAAAABQAAABcAAAAWAAAABAAAADKCAADasQAAzn3//2/z8gAFAAAA"
   "BgAAABgAAAAXAAAABAAAANqxAADasQAAWdD//2zz8gAGAAAABwAAAA0AAAAYAAAA"
   "BAAAAGLvAAAkQAAAJEAAAJxi7wANAAAADgAAABoAAAAZAAAABAAAAD6vAAAkQAAA"
   "Pq8AAKJi7wAOAAAADwAAABsAAAAaAAAABAAAACRAAAAkQAAAYu8AAKRi7wAPAAAA"
   "EAAAABwAAAAbAAAABAAAANy///8kQAAAYu8AAJxi7wAQAAAAEQAAAB0AAAAcAAAA"
   "BAAAAMJQ//8kQAAAPq8AAKJi7wARAAAAEgAAAB4AAAAdAAAABAAAAJ4Q//8kQAAA"
   "JEAAAKRi7wASAAAAEwAAAB8AAAAeAAAABAAAAJ4Q//8kQAAA3L///5xi7wATAAAA"
   "FAAAACAAAAAfAAAABAAAAMJQ//8kQAAAwlD//6Ji7wAUAAAAFQAAACEAAAAgAAAA"
   "BAAAANy///8kQAAAnhD//6Ri7wAVAAAAFgAAACIAAAAhAAAABAAAACRAAAAkQAAA"
   "nhD//5xi7wAWAAAAFwAAACMAAAAiAAAABAAAAD6vAAAkQAAAwlD//6Ji7wAXAAAA"
   "GAAAACQAAAAjAAAABAAAAGLvAAAkQAAA3L///6Ri7wAYAAAADQAAABkAAAAkAAAA"
   "BAAAAGLvAADcv///JEAAAKNi7wAZAAAAGgAAACYAAAAlAAAABAAAAD6vAADcv///"
   "Pq8AAKJi7wAaAAAAGwAAACcAAAAmAAAABAAAACRAAADcv///Yu8AAJ1i7wAbAAAA"
   "HAAAACgAAAAnAAAABAAAANy////cv///Yu8AAKNi7wAcAAAAHQAAACkAAAAoAAAA"
   "BAAAAMJQ///cv///Pq8AAKJi7wAdAAAAHgAAACoAAAApAAAABAAAAJ4Q///cv///"
   "JEAAAJ1i7wAeAAAAHwAAACsAAAAqAAAABAAAAJ4Q///cv///3L///6Ni7wAfAAAA"
   "IAAAACwAAAArAAAABAAAAMJQ///cv///wlD//6Ji7wAgAAAAIQAAAC0AAAAsAAAA"
   "BAAAANy////cv///nhD//51i7wAhAAAAIgAAAC4AAAAtAAAABAAAACRAAADcv///"
   "nhD//6Ni7wAiAAAAIwAAAC8AAAAuAAAABAAAAD6vAADcv///wlD//6Ji7wAjAAAA"
   "JAAAADAAAAAvAAAABAAAAGLvAADcv///3L///51i7wAkAAAAGQAAACUAAAAwAAAA"
   "BAAAANqxAAAmTv//py8AAGzz8gAlAAAAJgAAADIAAAAxAAAABAAAADKCAAAmTv//"
   "MoIAAG/z8gAmAAAAJwAAADMAAAAyAAAABAAAAKcvAAAmTv//2rEAAGzz8gAnAAAA"
   "KAAAADQAAAAzAAAABAAAAFnQ//8mTv//2rEAAGzz8gAoAAAAKQAAADUAAAA0AAAA"
   "BAAAAM59//8mTv//MoIAAG/z8gApAAAAKgAAADYAAAA1AAAABAAAACZO//8mTv//"
   "py8AAGzz8gAqAAAAKwAAADcAAAA2AAAABAAAACZO//8mTv//WdD//2zz8gArAAAA"
   "LAAAADgAAAA3AAAABAAAAM59//8mTv//zn3//2/z8gAsAAAALQAAADkAAAA4AAAA"
   "BAAAAFnQ//8mTv//Jk7//2zz8gAtAAAALgAAADoAAAA5AAAABAAAAKcvAAAmTv//"
   "Jk7//2zz8gAuAAAALwAAADsAAAA6AAAABAAAADKCAAAmTv//zn3//2/z8gAvAAAA"
   "MAAAADwAAAA7AAAABAAAANqxAAAmTv//WdD//2zz8gAwAAAAJQAAADEAAAA8AAAA"
   "AwAAABlCAABSCf//tREAAEKu9gAxAAAAMgAAAD0AAAAAAAAAAwAAAGMwAABSCf//"
   "YzAAAEKu9gAyAAAAMwAAAD0AAAAAAAAAAwAAALURAABSCf//GUIAAEKu9gAzAAAA"
   "NAAAAD0AAAAAAAAAAwAAAEvu//9SCf//GUIAAEKu9gA0AAAANQAAAD0AAAAAAAAA"
   "AwAAAJ3P//9SCf//YzAAAEKu9gA1AAAANgAAAD0AAAAAAAAAAwAAAOe9//9SCf//"
   "tREAAEKu9gA2AAAANwAAAD0AAAAAAAAAAwAAAOe9//9SCf//S+7//0Ku9gA3AAAA"
   "OAAAAD0AAAAAAAAAAwAAAJ3P//9SCf//nc///0Ku9gA4AAAAOQAAAD0AAAAAAAAA"
   "AwAAAEvu//9SCf//573//0Ku9gA5AAAAOgAAAD0AAAAAAAAAAwAAALURAABSCf//"
   "573//0Ku9gA6AAAAOwAAAD0AAAAAAAAAAwAAAGMwAABSCf//nc///0Ku9gA7AAAA"
   "PAAAAD0AAAAAAAAAAwAAABlCAABSCf//S+7//0Ku9gA8AAAAMQAAAD0AAAAAAAAA"
*/;
SMRGLTextureBasic[20] g_LightTextures = /* Base64 encoded data (480 bytes):
   "DQAAAAAAAABMSVRFRlVaWi5SQVcAAAAADQAAAAAAAABIRUFETElURS5SQVcAAAAA"
   "DQAAAAAAAABTVU4wNi5SQVcAAAAAAAAAzcxMPoxHQD0IAAAACAAAAPgAAAD4AAAA"
   "DQAAAAAAAABTVU4wNy5SQVcAAAAAAAAAg8CKvkjARDwIAAAACAAAAPgAAAD4AAAA"
   "DQAAAAAAAABTVU4wOS5SQVcAAAAAAAAA9P3Uvljdsj0IAAAACAAAAPgAAAD4AAAA"
   "DQAAAAAAAABTVU5DUkFNLlJBVwAAAAAAL93kvjrcHz6CAAAAggAAAP4AAAD+AAAA"
   "DQAAAAAAAABTVU4xMS5SQVcAAAAAAAAAMzPzvhRWNz0IAAAACAAAAPgAAAD4AAAA"
   "DQAAAAAAAABTVU4xMi5SQVcAAAAAAAAAppskv2BiiD0IAAAACAAAAPgAAAD4AAAA"
   "DQAAAAAAAABTVU4xMy5SQVcAAAAAAAAARIssvwImhj0IAAAACAAAAPgAAAD4AAAA"
   "DQAAAAAAAABTVU5DUkFNLlJBVwAAAAAAAACAvxEdbj6CAAAAAgAAAP4AAAB+AAAA"
   "DQAAAAAAAABTVU5DUkFNLlJBVwAAAAAAvp+qv5kr5T4CAAAAggAAAH4AAAD+AAAA"
*/;

